solid auto-kdk-case
facet normal 0 0 1
outer loop
vertex 72.08241271972656 53.26445770263672 11.5
vertex 67.47167205810547 49.16415023803711 11.5
vertex 72.88082885742188 52.12606430053711 11.5
endloop
endfacet
facet normal 0 0 -1
outer loop
vertex -53.959503173828125 -56.43305969238281 -5.699999809265137
vertex -52.38465118408203 -56.26951217651367 -5.699999809265137
vertex -53.235504150390625 -57.31260681152344 -5.699999809265137
endloop
endfacet
facet normal -0.7183150361754066 0.6957179807970499 0
outer loop
vertex -72.07733154296875 54.90281295776367 8.5
vertex -73.13764190673828 53.80806350708008 -3.700000047683716
vertex -72.07733154296875 54.90281295776367 9.5
endloop
endfacet
facet normal 0 0 -1
outer loop
vertex -52.341346740722656 -58.01847839355469 -5.699999809265137
vertex -51.223628997802734 -57.10881805419922 -5.699999809265137
vertex -51.3177604675293 -58.518531799316406 -5.699999809265137
endloop
endfacet
facet normal 0 0 -1
outer loop
vertex -55.09418487548828 0.8178645372390747 -5.699999809265137
vertex -53.50367736816406 1.9394155740737915 -5.699999809265137
vertex -54.96730041503906 0.4135260581970215 -5.699999809265137
endloop
endfacet
facet normal 0 0 1
outer loop
vertex -56.678829193115234 2.6609437465667725 11.5
vertex -56.322425842285156 2.4316587448120117 11.5
vertex -49.229347229003906 9.300132751464844 11.5
endloop
endfacet
facet normal 0 0 -1
outer loop
vertex -53.50367736816406 1.9394155740737915 -5.699999809265137
vertex -54.84928512573242 -0.3585110306739807 -5.699999809265137
vertex -54.86348342895508 -0.1962183117866516 -5.699999809265137
endloop
endfacet
facet normal 0 0 -1
outer loop
vertex -54.77863311767578 -54.30332565307617 -5.699999809265137
vertex -54.845279693603516 -53.42275619506836 -5.699999809265137
vertex -53.499977111816406 -53.47221374511719 -5.699999809265137
endloop
endfacet
facet normal 0 0 -1
outer loop
vertex -53.50367736816406 1.9394155740737915 -5.699999809265137
vertex -54.86348342895508 -0.1962183117866516 -5.699999809265137
vertex -54.920536041259766 0.22370125353336334 -5.699999809265137
endloop
endfacet
facet normal 0 0 -1
outer loop
vertex -54.48036575317383 -55.41990661621094 -5.699999809265137
vertex -53.17216491699219 -55.08428955078125 -5.699999809265137
vertex -53.959503173828125 -56.43305969238281 -5.699999809265137
endloop
endfacet
facet normal 0 0 -1
outer loop
vertex -54.920536041259766 0.22370125353336334 -5.699999809265137
vertex -54.96730041503906 0.4135260581970215 -5.699999809265137
vertex -53.50367736816406 1.9394155740737915 -5.699999809265137
endloop
endfacet
facet normal 0 0 -1
outer loop
vertex -52.821807861328125 -55.727134704589844 -5.699999809265137
vertex -53.959503173828125 -56.43305969238281 -5.699999809265137
vertex -53.17216491699219 -55.08428955078125 -5.699999809265137
endloop
endfacet
facet normal 0 0 -1
outer loop
vertex -53.39323425292969 -54.41340637207031 -5.699999809265137
vertex -54.77863311767578 -54.30332565307617 -5.699999809265137
vertex -53.48314666748047 -53.85609436035156 -5.699999809265137
endloop
endfacet
facet normal 0 0 -1
outer loop
vertex -50.571128845214844 -57.35280227661133 -5.699999809265137
vertex -51.3177604675293 -58.518531799316406 -5.699999809265137
vertex -51.223628997802734 -57.10881805419922 -5.699999809265137
endloop
endfacet
facet normal 0 0 -1
outer loop
vertex -53.55747604370117 2.3537981510162354 -5.699999809265137
vertex -55.09418487548828 0.8178645372390747 -5.699999809265137
vertex -55.17256546020508 0.9969436526298523 -5.699999809265137
endloop
endfacet
facet normal 0 0 1
outer loop
vertex 72.88082885742188 52.12606430053711 11.5
vertex 67.47167205810547 49.16415023803711 11.5
vertex 73.45020294189453 50.857513427734375 11.5
endloop
endfacet
facet normal 0 0 -1
outer loop
vertex -53.55747604370117 2.3537981510162354 -5.699999809265137
vertex -55.17256546020508 0.9969436526298523 -5.699999809265137
vertex -55.36857223510742 1.372658610343933 -5.699999809265137
endloop
endfacet
facet normal 0 0 1
outer loop
vertex 67.27725219726562 55.797340393066406 11.5
vertex 66.75672912597656 49.650264739990234 11.5
vertex 68.63420104980469 55.52201461791992 11.5
endloop
endfacet
facet normal 0 0 -1
outer loop
vertex 66.44808197021484 -53.84526443481445 -5.699999809265137
vertex 55.84016036987305 -52.50364685058594 -5.699999809265137
vertex 66.96045684814453 -52.48139572143555 -5.699999809265137
endloop
endfacet
facet normal 0.06393394141789195 -0.9979541327810479 0
outer loop
vertex 49.821983337402344 -59.99042510986328 -3.700000047683716
vertex 49.90272521972656 -59.985252380371094 -3.700000047683716
vertex 49.821983337402344 -59.99042510986328 9.5
endloop
endfacet
facet normal 0 0 -1
outer loop
vertex 55.039154052734375 -54.85853576660156 -5.699999809265137
vertex 53.53071212768555 -54.06294250488281 -5.699999809265137
vertex 55.1864128112793 -54.72999572753906 -5.699999809265137
endloop
endfacet
facet normal 0.002834798402967527 0.9999959819509349 0
outer loop
vertex -49.19997787475586 9.80005168914795 5.300000190734863
vertex -66.75650024414062 9.849821090698242 10.5
vertex -49.19997787475586 9.80005168914795 10.5
endloop
endfacet
facet normal 0.23006791150068065 -0.973174576372459 0
outer loop
vertex 68.87022399902344 -54.63364791870117 9.5
vertex 69.23007202148438 -54.54857635498047 -3.700000047683716
vertex 69.23007202148438 -54.54857635498047 9.5
endloop
endfacet
facet normal 0.3597027916687397 -0.9330669331112889 9.487223679958532e-8
outer loop
vertex 51.17725372314453 -59.77877426147461 9.5
vertex 52.471473693847656 -59.27984619140625 -3.700000047683716
vertex 52.207008361816406 -59.381797790527344 9.5
endloop
endfacet
facet normal 0 0 1
outer loop
vertex -9.776375770568848 -51.58327102661133 11.5
vertex -9.70706844329834 -51.71293640136719 11.5
vertex 49.78533935546875 -58.8357048034668 11.5
endloop
endfacet
facet normal -0.7183194839946913 0.6957133884823552 0
outer loop
vertex -72.01737976074219 54.964717864990234 -3.700000047683716
vertex -72.31228637695312 54.66022872924805 -3.700000047683716
vertex -72.01737976074219 54.964717864990234 4.5
endloop
endfacet
facet normal 0 0 1
outer loop
vertex 50.86962890625 -58.65983200073242 11.5
vertex 51.94049072265625 -58.247013092041016 11.5
vertex -9.869647979736328 -51.46961975097656 11.5
endloop
endfacet
facet normal 0 0 -1
outer loop
vertex -73.45015716552734 8.14258861541748 -5.699999809265137
vertex -73.7735824584961 9.5106840133667 -5.699999809265137
vertex -72.32504272460938 9.063482284545898 -5.699999809265137
endloop
endfacet
facet normal 0.7313201901494265 -0.6820342949440349 0
outer loop
vertex 55.70561599731445 -55.836944580078125 -3.700000047683716
vertex 55.594600677490234 -55.95598220825195 9.5
vertex 55.594600677490234 -55.95598220825195 -3.700000047683716
endloop
endfacet
facet normal -0.3801265048349049 -0.9249345059635298 0
outer loop
vertex -70.46080780029297 2.9803829193115234 9.5
vertex -70.46080780029297 2.9803829193115234 -3.700000047683716
vertex -70.14978790283203 2.8525609970092773 -3.700000047683716
endloop
endfacet
facet normal 0 0 -1
outer loop
vertex -72.48726654052734 48.883995056152344 -5.699999809265137
vertex -72.4999771118164 10.50995922088623 -5.699999809265137
vertex -73.79737091064453 49.27678298950195 -5.699999809265137
endloop
endfacet
facet normal -0.9731759723612712 -0.2300620064649766 -6.060960311800684e-8
outer loop
vertex -74.91905975341797 9.337035179138184 9.5
vertex -74.5486068725586 7.77000093460083 -3.700000047683716
vertex -74.63368225097656 8.129871368408203 9.5
endloop
endfacet
facet normal -0.2382754882035742 -0.9711976069376141 0
outer loop
vertex -51.05897903442383 -59.77096939086914 9.5
vertex -50.366153717041016 -59.940948486328125 -3.700000047683716
vertex -50.366153717041016 -59.940948486328125 9.5
endloop
endfacet
facet normal -0.40948487610585066 0.9123169055983651 0
outer loop
vertex -69.73896789550781 56.320247650146484 4.5
vertex -70.69906616210938 55.88931655883789 -3.700000047683716
vertex -70.69906616210938 55.88931655883789 4.5
endloop
endfacet
facet normal 0.9748181211437377 0.22300141409797156 -3.1337197063008283e-7
outer loop
vertex -48.1313591003418 -46.79990005493164 10.5
vertex -48.19997787475586 -46.49995040893555 5.300000190734863
vertex -48.16497039794922 -46.65297317504883 10.5
endloop
endfacet
facet normal 0.6827495557538268 0.7306524783492847 0
outer loop
vertex -66.75650024414062 9.849821090698242 5.300000190734863
vertex -67.13135528564453 10.20009994506836 5.300000190734863
vertex -66.75650024414062 9.849821090698242 10.5
endloop
endfacet
facet normal 0 0 1
outer loop
vertex 67.65023040771484 -46.75672912597656 11.5
vertex 73.79732513427734 -47.277099609375 11.5
vertex 73.84529876708984 48.44865798950195 11.5
endloop
endfacet
facet normal 0 0 1
outer loop
vertex 67.58326721191406 -47.0064697265625 11.5
vertex 67.51439666748047 -47.096736907958984 11.5
vertex 72.23180389404297 -51.08354568481445 11.5
endloop
endfacet
facet normal 0 0 1
outer loop
vertex -73.45015716552734 8.14258861541748 11.5
vertex -67.47273254394531 9.834772109985352 11.5
vertex -67.61724090576172 10.088944435119629 11.5
endloop
endfacet
facet normal 0.30614400148479126 -0.9519852154077169 5.5973810819602005e-8
outer loop
vertex 56.59654998779297 -55.19341278076172 9.5
vertex 56.79682159423828 -55.12900924682617 -3.700000047683716
vertex 56.99997329711914 -55.06367874145508 -3.700000047683716
endloop
endfacet
facet normal 0 0 1
outer loop
vertex -54.920536041259766 0.22370125353336334 11.5
vertex -54.86348342895508 -0.1962183117866516 11.5
vertex -48.69997787475586 8.766457557678223 11.5
endloop
endfacet
facet normal -0.7306529239092928 0.6827490789322039 -1.684734582201438e-7
outer loop
vertex 67.15025329589844 -46.7564697265625 10.5
vertex 66.79997253417969 -47.13132858276367 5.300000190734863
vertex 66.91554260253906 -47.00764846801758 10.5
endloop
endfacet
facet normal 0.0004408428757447872 -0.9999999028287747 0
outer loop
vertex 57.41950988769531 -55.00394821166992 9.5
vertex 66.48805236816406 -54.99995040893555 -3.700000047683716
vertex 66.48805236816406 -54.99995040893555 9.5
endloop
endfacet
facet normal 0.462551068207984 -0.8865926399983499 6.398953724875187e-7
outer loop
vertex 56.2208366394043 -55.38941955566406 9.5
vertex 56.59654998779297 -55.19341278076172 -3.700000047683716
vertex 56.29821014404297 -55.34905242919922 9.5
endloop
endfacet
facet normal -0.22301241845042497 0.9748156036998827 3.5460796440865274e-7
outer loop
vertex 66.79997253417969 -47.13132858276367 10.5
vertex 66.5000228881836 -47.199947357177734 5.300000190734863
vertex 66.6530532836914 -47.164939880371094 10.5
endloop
endfacet
facet normal 0 0 1
outer loop
vertex -11.092887878417969 -52.28696060180664 11.5
vertex -50.22629165649414 -58.786319732666016 11.5
vertex -11.023580551147461 -52.4166259765625 11.5
endloop
endfacet
facet normal 0 0 -1
outer loop
vertex 53.69060516357422 -56.80619430541992 -5.699999809265137
vertex 52.73423767089844 -55.85259246826172 -5.699999809265137
vertex 53.10889434814453 -55.22359848022461 -5.699999809265137
endloop
endfacet
facet normal 0.973175863271975 0.2300624679187073 0
outer loop
vertex 74.91910552978516 49.66306686401367 9.5
vertex 74.91910552978516 49.66306686401367 -3.700000047683716
vertex 74.63371276855469 50.87029266357422 -3.700000047683716
endloop
endfacet
facet normal 0 0 1
outer loop
vertex -1.5160843133926392 55.8220329284668 11.5
vertex -6.999978065490723 50.57296371459961 11.5
vertex -6.999978065490723 49.67782974243164 11.5
endloop
endfacet
facet normal -0.9249338343462808 0.3801281390287845 0
outer loop
vertex -74.01964569091797 52.46088409423828 -3.700000047683716
vertex -74.14742279052734 52.14997482299805 -3.700000047683716
vertex -74.01964569091797 52.46088409423828 9.5
endloop
endfacet
facet normal -0.0004971311339767712 -0.9999998764094811 -0.0000064543196869037814
outer loop
vertex -50.366153717041016 -59.940948486328125 9.5
vertex -24.974002838134766 -59.953487396240234 -3.564180612564087
vertex -24.399978637695312 -59.953773498535156 -3.450000047683716
endloop
endfacet
facet normal -0.9999999971612715 -0.00007534890131966468 0
outer loop
vertex -56.00397872924805 -0.3585979640483856 9.5
vertex -55.999977111816406 -53.46643829345703 -3.700000047683716
vertex -55.999977111816406 -53.46643829345703 9.5
endloop
endfacet
facet normal 0 0 -1
outer loop
vertex 72.08241271972656 53.26445770263672 -5.699999809265137
vertex 70.34907531738281 53.102210998535156 -5.699999809265137
vertex 71.0836181640625 54.23183059692383 -5.699999809265137
endloop
endfacet
facet normal 0 0 1
outer loop
vertex -47.756717681884766 -47.6501579284668 11.5
vertex 56.06246566772461 -54.169654846191406 11.5
vertex 56.24396514892578 -54.09700393676758 11.5
endloop
endfacet
facet normal 0 0 -1
outer loop
vertex 52.892276763916016 -57.62100601196289 -5.699999809265137
vertex 52.269588470458984 -56.38462448120117 -5.699999809265137
vertex 52.73423767089844 -55.85259246826172 -5.699999809265137
endloop
endfacet
facet normal 0 0 -1
outer loop
vertex -68.7269058227539 4.929067611694336 -5.699999809265137
vertex -67.86032104492188 4.657195091247559 -5.699999809265137
vertex -68.6341552734375 3.4780893325805664 -5.699999809265137
endloop
endfacet
facet normal 0 0 1
outer loop
vertex 53.69060516357422 -56.80619430541992 11.5
vertex -10.399977684020996 -51.24995040893555 11.5
vertex -10.253660202026367 -51.26435852050781 11.5
endloop
endfacet
facet normal 0 0 -1
outer loop
vertex 67.86036682128906 54.3429069519043 -5.699999809265137
vertex 68.63420104980469 55.52201461791992 -5.699999809265137
vertex 68.7269515991211 54.0710334777832 -5.699999809265137
endloop
endfacet
facet normal 0 0 -1
outer loop
vertex -58.4100341796875 3.1468827724456787 -5.699999809265137
vertex -56.205467224121094 4.500051498413086 -5.699999809265137
vertex -58.01995086669922 3.120650291442871 -5.699999809265137
endloop
endfacet
facet normal 0 0 -1
outer loop
vertex -57.909725189208984 3.106642723083496 -5.699999809265137
vertex -58.01995086669922 3.120650291442871 -5.699999809265137
vertex -56.205467224121094 4.500051498413086 -5.699999809265137
endloop
endfacet
facet normal 0 0 1
outer loop
vertex -54.845279693603516 -53.42275619506836 11.5
vertex -54.77863311767578 -54.30332565307617 11.5
vertex -48.47162628173828 -47.16404724121094 11.5
endloop
endfacet
facet normal -0.8366378653816956 0.5477564077302608 0
outer loop
vertex -74.01964569091797 52.46088409423828 -3.700000047683716
vertex -74.01964569091797 52.46088409423828 9.5
vertex -73.7767562866211 52.831871032714844 9.5
endloop
endfacet
facet normal -0.7720701966182173 -0.6355372620813884 0
outer loop
vertex -54.929779052734375 -57.07122802734375 -3.700000047683716
vertex -54.617313385009766 -57.45082092285156 -3.700000047683716
vertex -54.929779052734375 -57.07122802734375 9.5
endloop
endfacet
facet normal 0.99999915345468 -0.0013011878892687024 0
outer loop
vertex -67.19998168945312 10.500051498413086 10.5
vertex -67.19998168945312 10.500051498413086 5.300000190734863
vertex -67.17630004882812 28.70005226135254 9.5
endloop
endfacet
facet normal 0 0 1
outer loop
vertex -48.96357345581055 9.235480308532715 11.5
vertex -55.36857223510742 1.372658610343933 11.5
vertex -48.85658264160156 9.15721607208252 11.5
endloop
endfacet
facet normal 0 0 1
outer loop
vertex -49.229347229003906 9.300132751464844 11.5
vertex -58.4100341796875 3.1468827724456787 11.5
vertex -58.01995086669922 3.120650291442871 11.5
endloop
endfacet
facet normal 0.0003589108662439854 0.9999999355914929 0
outer loop
vertex 67.39342498779297 56.95199966430664 9.5
vertex -1.7558294534683228 56.9768180847168 6.5
vertex -1.7558294534683228 56.9768180847168 9.5
endloop
endfacet
facet normal 0.3596986690703183 -0.933068522386703 -3.69406801176806e-7
outer loop
vertex 51.17725372314453 -59.77877426147461 9.5
vertex 52.207008361816406 -59.381797790527344 -3.700000047683716
vertex 52.471473693847656 -59.27984619140625 -3.700000047683716
endloop
endfacet
facet normal 0.7183154015095101 -0.6957176035966254 0
outer loop
vertex 72.31241607666016 -52.660037994384766 9.5
vertex 73.13768768310547 -51.807960510253906 -3.700000047683716
vertex 73.13768768310547 -51.807960510253906 9.5
endloop
endfacet
facet normal 0 0 -1
outer loop
vertex -53.85215377807617 3.1331629753112793 -5.699999809265137
vertex -55.4733772277832 1.5372893810272217 -5.699999809265137
vertex -55.73002624511719 1.8745015859603882 -5.699999809265137
endloop
endfacet
facet normal -0.8893545540212131 -0.4572181943467789 0
outer loop
vertex -55.563968658447266 -55.83763885498047 -3.700000047683716
vertex -54.929779052734375 -57.07122802734375 -3.700000047683716
vertex -55.563968658447266 -55.83763885498047 9.5
endloop
endfacet
facet normal 0.30614400148479176 -0.9519852154077184 0
outer loop
vertex 56.79682159423828 -55.12900924682617 9.5
vertex 56.99997329711914 -55.06367874145508 -3.700000047683716
vertex 56.99997329711914 -55.06367874145508 9.5
endloop
endfacet
facet normal 0.5477489233846957 0.8366427654207131 2.971682706348636e-7
outer loop
vertex 70.83155059814453 55.77702331542969 -3.700000047683716
vertex 70.46085357666016 56.019718170166016 -3.700000047683716
vertex 71.80803680419922 55.13771438598633 9.5
endloop
endfacet
facet normal -0.19885034081789732 -0.9800298678900589 0
outer loop
vertex -68.97145080566406 2.368297815322876 -3.700000047683716
vertex -67.4772720336914 2.0651254653930664 -3.700000047683716
vertex -68.97145080566406 2.368297815322876 9.5
endloop
endfacet
facet normal 0.8451565723525337 -0.5345188193219359 0
outer loop
vertex 55.475135803222656 -56.144874572753906 9.5
vertex 55.594600677490234 -55.95598220825195 -3.700000047683716
vertex 55.594600677490234 -55.95598220825195 9.5
endloop
endfacet
facet normal -0.7957439528779796 -0.605633190518921 0
outer loop
vertex -56.38945007324219 0.8400776386260986 -3.700000047683716
vertex -56.64609909057617 1.1772898435592651 9.5
vertex -56.64609909057617 1.1772898435592651 -3.700000047683716
endloop
endfacet
facet normal 0 0 -1
outer loop
vertex -54.48036575317383 -55.41990661621094 -5.699999809265137
vertex -54.77863311767578 -54.30332565307617 -5.699999809265137
vertex -53.39323425292969 -54.41340637207031 -5.699999809265137
endloop
endfacet
facet normal 0.06389265851511912 -0.9979567767132353 0
outer loop
vertex 49.900390625 -59.98540496826172 9.5
vertex 50.001800537109375 -59.978912353515625 -3.700000047683716
vertex 50.001800537109375 -59.978912353515625 9.5
endloop
endfacet
facet normal 0 0 1
outer loop
vertex -47.756717681884766 -47.6501579284668 11.5
vertex -50.22629165649414 -58.786319732666016 11.5
vertex -11.149977684020996 -51.99995040893555 11.5
endloop
endfacet
facet normal 0 0 -1
outer loop
vertex 73.52198791503906 -48.634124755859375 -5.699999809265137
vertex 72.34288024902344 -47.860294342041016 -5.699999809265137
vertex 73.79732513427734 -47.277099609375 -5.699999809265137
endloop
endfacet
facet normal 0.9123163068936962 0.40948620999468127 1.9679467683762275e-7
outer loop
vertex 74.54865264892578 51.2301025390625 9.5
vertex 74.32013702392578 51.73923110961914 -3.700000047683716
vertex 73.88928985595703 52.69913864135742 -3.700000047683716
endloop
endfacet
facet normal 0 0 -1
outer loop
vertex -72.34283447265625 49.86039733886719 -5.699999809265137
vertex -73.52194213867188 50.63422775268555 -5.699999809265137
vertex -72.07096099853516 50.72698211669922 -5.699999809265137
endloop
endfacet
facet normal 0 0 1
outer loop
vertex -47.756717681884766 -47.6501579284668 11.5
vertex -10.546295166015625 -51.26435852050781 11.5
vertex -10.399977684020996 -51.24995040893555 11.5
endloop
endfacet
facet normal 0 0 -1
outer loop
vertex -67.9365463256836 54.325111389160156 -5.699999809265137
vertex -68.8574447631836 55.450233459472656 -5.699999809265137
vertex -67.48934173583984 55.773658752441406 -5.699999809265137
endloop
endfacet
facet normal -0.06870060401094108 0.9976373223815015 0
outer loop
vertex -66.48800659179688 57.00004959106445 4.5
vertex -67.66299438476562 56.91913604736328 -3.700000047683716
vertex -67.66299438476562 56.91913604736328 4.5
endloop
endfacet
facet normal 0.3801242023331055 0.9249354522347052 4.2241476243203416e-8
outer loop
vertex 70.14971923828125 56.147586822509766 -3.700000047683716
vertex 68.97149658203125 56.631805419921875 -3.700000047683716
vertex 70.46085357666016 56.019718170166016 9.5
endloop
endfacet
facet normal 0 0 -1
outer loop
vertex 49.867637634277344 -58.83043670654297 -5.699999809265137
vertex 49.6480712890625 -57.49644088745117 -5.699999809265137
vertex 50.86962890625 -58.65983200073242 -5.699999809265137
endloop
endfacet
facet normal 0 0 -1
outer loop
vertex 72.04104614257812 50.799293518066406 -5.699999809265137
vertex 71.5894546508789 51.67695236206055 -5.699999809265137
vertex 72.88082885742188 52.12606430053711 -5.699999809265137
endloop
endfacet
facet normal 0.19887461110360938 0.980024943079703 -1.1494642915736933e-7
outer loop
vertex 67.47758483886719 56.93492126464844 -3.700000047683716
vertex 67.39342498779297 56.95199966430664 -3.700000047683716
vertex 67.47759246826172 56.93492126464844 9.5
endloop
endfacet
facet normal 0 0 -1
outer loop
vertex 55.84016036987305 -52.50364685058594 -5.699999809265137
vertex 56.24396514892578 -54.09700393676758 -5.699999809265137
vertex 55.425777435302734 -52.55744552612305 -5.699999809265137
endloop
endfacet
facet normal -0.2300661790619349 0.9731749859361581 0
outer loop
vertex -67.66299438476562 56.91913604736328 -3.700000047683716
vertex -68.87008666992188 56.63376998901367 -3.700000047683716
vertex -67.66299438476562 56.91913604736328 4.5
endloop
endfacet
facet normal 0.9976371003867293 0.06870382763688672 0
outer loop
vertex 74.91910552978516 49.66306686401367 -3.700000047683716
vertex 75.0000228881836 48.48807907104492 9.5
vertex 75.0000228881836 48.48807907104492 -3.700000047683716
endloop
endfacet
facet normal -0.000491255556370163 -0.9999998793216527 0.000004965729838413893
outer loop
vertex -50.366153717041016 -59.940948486328125 9.5
vertex -25.177270889282227 -59.95338821411133 -3.700000047683716
vertex -24.974002838134766 -59.953487396240234 -3.564180612564087
endloop
endfacet
facet normal -0.23006617906192908 0.9731749859361335 2.2476720725067236e-7
outer loop
vertex -67.66299438476562 56.91913604736328 4.5
vertex -69.23002624511719 56.54867935180664 -3.700000047683716
vertex -68.87008666992188 56.63376998901367 4.5
endloop
endfacet
facet normal -0.0004888700906382809 -0.999999880396839 0.000014571961307535473
outer loop
vertex -12.399977684020996 -59.95969772338867 -3.450000047683716
vertex -11.825952529907227 -59.95998001098633 -3.564180612564087
vertex -50.366153717041016 -59.940948486328125 9.5
endloop
endfacet
facet normal 0 0 1
outer loop
vertex -10.399977684020996 -52.74995040893555 11.5
vertex -50.22629165649414 -58.786319732666016 11.5
vertex 49.78533935546875 -58.8357048034668 11.5
endloop
endfacet
facet normal -0.5477530819516176 -0.8366400427976338 -2.789510004798702e-7
outer loop
vertex -71.80799102783203 3.862387180328369 9.5
vertex -70.46080780029297 2.9803829193115234 -3.700000047683716
vertex -70.83174896240234 3.223235845565796 9.5
endloop
endfacet
facet normal 0 0 1
outer loop
vertex 49.78533935546875 -58.8357048034668 11.5
vertex 49.867637634277344 -58.83043670654297 11.5
vertex -9.869647979736328 -51.46961975097656 11.5
endloop
endfacet
facet normal -0.8866026568866431 -0.4625318678767395 0
outer loop
vertex -56.38945007324219 0.8400776386260986 9.5
vertex -56.193443298339844 0.4643627107143402 -3.700000047683716
vertex -56.193443298339844 0.4643627107143402 9.5
endloop
endfacet
facet normal 0 0 1
outer loop
vertex 54.71004867553711 -55.2137565612793 11.5
vertex 54.75283432006836 -55.17097091674805 11.5
vertex -47.756717681884766 -47.6501579284668 11.5
endloop
endfacet
facet normal 0 0 -1
outer loop
vertex 49.6480712890625 -57.49644088745117 -5.699999809265137
vertex 49.85616683959961 -57.483116149902344 -5.699999809265137
vertex 51.94049072265625 -58.247013092041016 -5.699999809265137
endloop
endfacet
facet normal -0.6957178590529443 -0.7183151540896152 0
outer loop
vertex -71.80799102783203 3.862387180328369 -3.700000047683716
vertex -71.80799102783203 3.862387180328369 9.5
vertex -72.66002655029297 4.687618732452393 9.5
endloop
endfacet
facet normal 0 0 -1
outer loop
vertex -70.34902954101562 5.897892475128174 -5.699999809265137
vertex -72.08236694335938 5.735645294189453 -5.699999809265137
vertex -71.05117797851562 6.591586589813232 -5.699999809265137
endloop
endfacet
facet normal 0 0 -1
outer loop
vertex 68.7269515991211 54.0710334777832 -5.699999809265137
vertex 69.92029571533203 54.993465423583984 -5.699999809265137
vertex 69.61001586914062 53.630104064941406 -5.699999809265137
endloop
endfacet
facet normal 0 0 1
outer loop
vertex -10.253660202026367 -51.26435852050781 11.5
vertex -10.11296558380127 -51.307037353515625 11.5
vertex 53.69060516357422 -56.80619430541992 11.5
endloop
endfacet
facet normal -0.0004938578003347237 -0.999999878052229 0
outer loop
vertex -50.366153717041016 -59.940948486328125 -3.700000047683716
vertex -25.177270889282227 -59.95338821411133 -3.700000047683716
vertex -50.366153717041016 -59.940948486328125 9.5
endloop
endfacet
facet normal 0.5904169007383314 0.8070984347169453 0
outer loop
vertex -48.50690460205078 9.520917892456055 5.300000190734863
vertex -48.72283935546875 9.67888069152832 5.300000190734863
vertex -48.50690460205078 9.520917892456055 10.5
endloop
endfacet
facet normal 0 0 -1
outer loop
vertex 66.88396453857422 54.487342834472656 -5.699999809265137
vertex 67.27725219726562 55.797340393066406 -5.699999809265137
vertex 67.86036682128906 54.3429069519043 -5.699999809265137
endloop
endfacet
facet normal 0 0 1
outer loop
vertex -69.92024993896484 4.006639003753662 11.5
vertex -68.6341552734375 3.4780893325805664 11.5
vertex -66.75791931152344 9.349945068359375 11.5
endloop
endfacet
facet normal -0.7720747148560403 -0.6355317731474676 0
outer loop
vertex -54.617313385009766 -57.45082092285156 9.5
vertex -54.048255920410156 -58.14213943481445 -3.700000047683716
vertex -54.048255920410156 -58.14213943481445 9.5
endloop
endfacet
facet normal 0 0 1
outer loop
vertex -72.88078308105469 6.8740386962890625 11.5
vertex -72.08236694335938 5.735645294189453 11.5
vertex -67.47273254394531 9.834772109985352 11.5
endloop
endfacet
facet normal 0 0 1
outer loop
vertex -52.341346740722656 -58.01847839355469 11.5
vertex -51.3177604675293 -58.518531799316406 11.5
vertex -47.756717681884766 -47.6501579284668 11.5
endloop
endfacet
facet normal 0 0 -1
outer loop
vertex -55.863792419433594 4.478939056396484 -5.699999809265137
vertex -57.8351936340332 3.086672306060791 -5.699999809265137
vertex -56.205467224121094 4.500051498413086 -5.699999809265137
endloop
endfacet
facet normal -0.9999998635242772 0.0005224475352650221 0
outer loop
vertex 67.20001983642578 48.50004959106445 5.300000190734863
vertex 67.15025329589844 -46.7564697265625 5.300000190734863
vertex 67.20001983642578 48.50004959106445 10.5
endloop
endfacet
facet normal 0.9800293736357379 -0.19885277672474957 0
outer loop
vertex 74.63177490234375 -48.9714241027832 9.5
vertex 74.63177490234375 -48.9714241027832 -3.700000047683716
vertex 74.93494415283203 -47.47727966308594 -3.700000047683716
endloop
endfacet
facet normal 0 0 1
outer loop
vertex -48.564369201660156 -47.04990005493164 11.5
vertex -54.845279693603516 -53.42275619506836 11.5
vertex -48.514381408691406 -47.12129211425781 11.5
endloop
endfacet
facet normal 0.5742036672781783 -0.8187124943985473 0
outer loop
vertex 72.01742553710938 -52.96461486816406 -3.700000047683716
vertex 70.69911193847656 -53.88921356201172 9.5
vertex 70.69911193847656 -53.88921356201172 -3.700000047683716
endloop
endfacet
facet normal 0 0 1
outer loop
vertex 71.0836181640625 54.23183059692383 11.5
vertex 67.00654602050781 49.58329391479492 11.5
vertex 67.09791564941406 49.51560974121094 11.5
endloop
endfacet
facet normal 0 0 1
outer loop
vertex -73.84523010253906 10.55102252960205 11.5
vertex -68.76602172851562 28.05726432800293 11.5
vertex -68.86600494384766 28.20005226135254 11.5
endloop
endfacet
facet normal 0 0 1
outer loop
vertex -68.4999771118164 27.834026336669922 11.5
vertex -73.84523010253906 10.55102252960205 11.5
vertex -68.34199523925781 27.760358810424805 11.5
endloop
endfacet
facet normal 0.9200727789443243 0.39174747152428285 0
outer loop
vertex -48.3148193359375 9.250861167907715 10.5
vertex -48.340576171875 9.311354637145996 5.300000190734863
vertex -48.340576171875 9.311354637145996 10.5
endloop
endfacet
facet normal 0 0 1
outer loop
vertex -48.60120391845703 -46.970909118652344 11.5
vertex -54.845279693603516 -53.42275619506836 11.5
vertex -48.564369201660156 -47.04990005493164 11.5
endloop
endfacet
facet normal 0 0 1
outer loop
vertex -55.4733772277832 1.5372893810272217 11.5
vertex -55.36857223510742 1.372658610343933 11.5
vertex -49.229347229003906 9.300132751464844 11.5
endloop
endfacet
facet normal 0 0 1
outer loop
vertex -57.8351936340332 3.086672306060791 11.5
vertex -57.423709869384766 2.985368490219116 11.5
vertex -49.229347229003906 9.300132751464844 11.5
endloop
endfacet
facet normal 0 0 1
outer loop
vertex 69.92029571533203 54.993465423583984 11.5
vertex 67.00654602050781 49.58329391479492 11.5
vertex 71.0836181640625 54.23183059692383 11.5
endloop
endfacet
facet normal 0.6056388095688174 -0.7957396762408705 3.74374753687456e-7
outer loop
vertex 55.88362121582031 -55.64606857299805 9.5
vertex 56.067928314208984 -55.50579833984375 -3.700000047683716
vertex 56.2208366394043 -55.38941955566406 -3.700000047683716
endloop
endfacet
facet normal 0.7142957238992876 -0.6998439960585269 1.5918510462992378e-7
outer loop
vertex 53.630340576171875 -58.51763916015625 9.5
vertex 53.89779281616211 -58.244667053222656 -3.700000047683716
vertex 54.60106658935547 -57.52687072753906 -3.700000047683716
endloop
endfacet
facet normal 1 0 0
outer loop
vertex -48.19997787475586 -46.49995040893555 10.5
vertex -48.19997787475586 -46.49995040893555 5.300000190734863
vertex -48.19997787475586 8.80005168914795 5.300000190734863
endloop
endfacet
facet normal 0 0 -1
outer loop
vertex -56.322425842285156 2.4316587448120117 -5.699999809265137
vertex -56.678829193115234 2.6609437465667725 -5.699999809265137
vertex -54.698726654052734 4.044088840484619 -5.699999809265137
endloop
endfacet
facet normal 0.0003589108662439854 0.9999999355914929 0
outer loop
vertex 67.39342498779297 56.95199966430664 9.5
vertex -1.7558294534683228 56.9768180847168 4.5
vertex -1.7558294534683228 56.9768180847168 6.5
endloop
endfacet
facet normal 0 0 -1
outer loop
vertex -55.45445251464844 4.394979476928711 -5.699999809265137
vertex -57.3038215637207 2.95324444770813 -5.699999809265137
vertex -55.863792419433594 4.478939056396484 -5.699999809265137
endloop
endfacet
facet normal 0 0 -1
outer loop
vertex -54.08597946166992 3.4794766902923584 -5.699999809265137
vertex -55.85856628417969 2.0217578411102295 -5.699999809265137
vertex -54.37044143676758 3.785562515258789 -5.699999809265137
endloop
endfacet
facet normal 0 0 -1
outer loop
vertex -72.4999771118164 10.50995922088623 -5.699999809265137
vertex -73.84523010253906 10.55102252960205 -5.699999809265137
vertex -73.79737091064453 49.27678298950195 -5.699999809265137
endloop
endfacet
facet normal 1 0 0
outer loop
vertex -48.19997787475586 8.80005168914795 5.300000190734863
vertex -48.19997787475586 8.80005168914795 10.5
vertex -48.19997787475586 -46.49995040893555 10.5
endloop
endfacet
facet normal 0 0 -1
outer loop
vertex -57.8351936340332 3.086672306060791 -5.699999809265137
vertex -57.909725189208984 3.106642723083496 -5.699999809265137
vertex -56.205467224121094 4.500051498413086 -5.699999809265137
endloop
endfacet
facet normal 0.140951262701108 -0.9900165359947092 0
outer loop
vertex 56.99997329711914 -55.06367874145508 9.5
vertex 57.41950988769531 -55.00394821166992 -3.700000047683716
vertex 57.41950988769531 -55.00394821166992 9.5
endloop
endfacet
facet normal -0.6957137134204673 -0.7183191692825021 0
outer loop
vertex -72.96464538574219 4.982651233673096 -3.700000047683716
vertex -72.66002655029297 4.687618732452393 -3.700000047683716
vertex -72.96464538574219 4.982651233673096 9.5
endloop
endfacet
facet normal -0.1988539584562219 -0.9800291338558722 -1.7701299449090023e-8
outer loop
vertex -67.4772720336914 2.0651254653930664 -3.700000047683716
vertex -67.39337921142578 2.048103094100952 -3.700000047683716
vertex -67.4772720336914 2.0651252269744873 9.5
endloop
endfacet
facet normal -0.8187121038497324 -0.5742042241310534 0
outer loop
vertex -73.88924407958984 6.300962924957275 -3.700000047683716
vertex -72.96464538574219 4.982651233673096 -3.700000047683716
vertex -73.88924407958984 6.300962924957275 9.5
endloop
endfacet
facet normal -0.23905510295023977 -0.9710060029440859 0
outer loop
vertex -58.110233306884766 1.969484567642212 -3.700000047683716
vertex -57.698753356933594 1.8681809902191162 -3.700000047683716
vertex -58.110233306884766 1.969484567642212 9.5
endloop
endfacet
facet normal 0.7142918758886444 -0.6998479235086049 -4.185844075518976e-7
outer loop
vertex 53.630340576171875 -58.51763916015625 9.5
vertex 54.60106658935547 -57.52687072753906 -3.700000047683716
vertex 53.89779281616211 -58.244667053222656 9.5
endloop
endfacet
facet normal -0.6820203125107663 -0.7313332300140045 0
outer loop
vertex -56.95601272583008 1.4663101434707642 9.5
vertex -56.95601272583008 1.4663101434707642 -3.700000047683716
vertex -56.8193359375 1.3388493061065674 -3.700000047683716
endloop
endfacet
facet normal 0 0 1
outer loop
vertex -72.23175811767578 53.083648681640625 11.5
vertex -72.99339294433594 51.92032241821289 11.5
vertex -68.9999771118164 50.57296371459961 11.5
endloop
endfacet
facet normal 0.16785044005327265 -0.9858124719103136 0
outer loop
vertex 50.5623893737793 -59.88346481323242 9.5
vertex 51.17725372314453 -59.77877426147461 -3.700000047683716
vertex 51.17725372314453 -59.77877426147461 9.5
endloop
endfacet
facet normal 0 0 1
outer loop
vertex -9.98330020904541 -52.62355041503906 11.5
vertex -10.11296558380127 -52.6928596496582 11.5
vertex 49.78533935546875 -58.8357048034668 11.5
endloop
endfacet
facet normal 0.0638956343010721 -0.9979565861886293 2.2955393463763028e-8
outer loop
vertex 49.821983337402344 -59.99042510986328 9.5
vertex 50.001800537109375 -59.978912353515625 -3.700000047683716
vertex 49.900390625 -59.98540496826172 9.5
endloop
endfacet
facet normal 0 0 1
outer loop
vertex -50.22629165649414 -58.786319732666016 11.5
vertex -10.546295166015625 -52.735538482666016 11.5
vertex -10.686990737915039 -52.6928596496582 11.5
endloop
endfacet
facet normal 0 0 1
outer loop
vertex -10.816655158996582 -52.62355041503906 11.5
vertex -50.22629165649414 -58.786319732666016 11.5
vertex -10.686990737915039 -52.6928596496582 11.5
endloop
endfacet
facet normal 0 0 -1
outer loop
vertex 72.23180389404297 -51.08354568481445 -5.699999809265137
vertex 71.63007354736328 -49.60994338989258 -5.699999809265137
vertex 72.9934310913086 -49.92021942138672 -5.699999809265137
endloop
endfacet
facet normal 0.9748078974612351 0.22304610071934006 0.0000010507637441974457
outer loop
vertex -67.13135528564453 10.20009994506836 10.5
vertex -67.19998168945312 10.500051498413086 5.300000190734863
vertex -67.16497039794922 10.347012519836426 10.5
endloop
endfacet
facet normal 0 0 -1
outer loop
vertex 71.2644271850586 -52.082340240478516 -5.699999809265137
vertex 70.12603759765625 -52.88075637817383 -5.699999809265137
vertex 69.67692565917969 -51.589385986328125 -5.699999809265137
endloop
endfacet
facet normal 0 0 1
outer loop
vertex -47.756717681884766 -47.6501579284668 11.5
vertex -11.023580551147461 -51.58327102661133 11.5
vertex -10.93030834197998 -51.46961975097656 11.5
endloop
endfacet
facet normal 0 0 -1
outer loop
vertex -71.10213470458984 52.34910583496094 -5.699999809265137
vertex -72.23175811767578 53.083648681640625 -5.699999809265137
vertex -71.2643814086914 54.08244323730469 -5.699999809265137
endloop
endfacet
facet normal 0.3552825465192106 0.9347589593787401 0
outer loop
vertex -48.72283935546875 9.67888069152832 5.300000190734863
vertex -48.972930908203125 9.773935317993164 5.300000190734863
vertex -48.72283935546875 9.67888069152832 10.5
endloop
endfacet
facet normal 0 0 -1
outer loop
vertex 67.48938751220703 -53.773555755615234 -5.699999809265137
vertex 67.93659210205078 -52.325008392333984 -5.699999809265137
vertex 68.85748291015625 -53.450130462646484 -5.699999809265137
endloop
endfacet
facet normal 0 0 -1
outer loop
vertex -25.899978637695312 -58.79833221435547 -5.699999809265137
vertex -49.8765983581543 -57.481563568115234 -5.699999809265137
vertex -25.899978637695312 -57.485145568847656 -5.699999809265137
endloop
endfacet
facet normal 0 0 -1
outer loop
vertex 66.96045684814453 -52.48139572143555 -5.699999809265137
vertex 67.93659210205078 -52.325008392333984 -5.699999809265137
vertex 67.48938751220703 -53.773555755615234 -5.699999809265137
endloop
endfacet
facet normal 0 0 1
outer loop
vertex 67.68590545654297 48.6112060546875 11.5
vertex 67.70001983642578 48.49979019165039 11.5
vertex 73.84529876708984 48.44865798950195 11.5
endloop
endfacet
facet normal 0 0 1
outer loop
vertex 73.45020294189453 50.857513427734375 11.5
vertex 67.68590545654297 48.6112060546875 11.5
vertex 73.77362823486328 49.489418029785156 11.5
endloop
endfacet
facet normal -0.9900166161589622 -0.14095069964054133 0
outer loop
vertex -56.0637092590332 0.06094033643603325 9.5
vertex -56.00397872924805 -0.3585979640483856 -3.700000047683716
vertex -56.00397872924805 -0.3585979640483856 9.5
endloop
endfacet
facet normal 0 0 -1
outer loop
vertex -51.852622985839844 -56.73416519165039 -5.699999809265137
vertex -53.235504150390625 -57.31260681152344 -5.699999809265137
vertex -52.38465118408203 -56.26951217651367 -5.699999809265137
endloop
endfacet
facet normal 0 0 1
outer loop
vertex 67.65023040771484 -46.75672912597656 11.5
vertex 72.9934310913086 -49.92021942138672 11.5
vertex 73.52198791503906 -48.634124755859375 11.5
endloop
endfacet
facet normal 0 0 -1
outer loop
vertex 56.06246566772461 -54.169654846191406 -5.699999809265137
vertex 54.30009841918945 -53.0859489440918 -5.699999809265137
vertex 56.24396514892578 -54.09700393676758 -5.699999809265137
endloop
endfacet
facet normal 0.5477489233847198 0.83664276542075 0
outer loop
vertex 70.46085357666016 56.019718170166016 -3.700000047683716
vertex 70.46085357666016 56.019718170166016 9.5
vertex 70.83155059814453 55.77702331542969 9.5
endloop
endfacet
facet normal -0.0004938117402872574 -0.9999998778888227 0.00001929520256490612
outer loop
vertex 49.821983337402344 -59.99042510986328 -3.700000047683716
vertex -11.825952529907227 -59.95998001098633 -3.564180612564087
vertex -11.622684478759766 -59.9600830078125 -3.700000047683716
endloop
endfacet
facet normal 0 0 1
outer loop
vertex 68.63420104980469 55.52201461791992 11.5
vertex 66.75672912597656 49.650264739990234 11.5
vertex 69.92029571533203 54.993465423583984 11.5
endloop
endfacet
facet normal 0 0 -1
outer loop
vertex 51.94049072265625 -58.247013092041016 -5.699999809265137
vertex 51.72720718383789 -56.82177734375 -5.699999809265137
vertex 52.892276763916016 -57.62100601196289 -5.699999809265137
endloop
endfacet
facet normal 0 0 -1
outer loop
vertex 73.84529876708984 48.44865798950195 -5.699999809265137
vertex 72.4814682006836 48.96048355102539 -5.699999809265137
vertex 73.77362823486328 49.489418029785156 -5.699999809265137
endloop
endfacet
facet normal 0 0 -1
outer loop
vertex 66.88396453857422 54.487342834472656 -5.699999809265137
vertex -66.49007415771484 54.50004959106445 -5.699999809265137
vertex 67.27725219726562 55.797340393066406 -5.699999809265137
endloop
endfacet
facet normal 0 0 1
outer loop
vertex 66.44808197021484 -53.84526443481445 11.5
vertex 66.49980163574219 -47.699947357177734 11.5
vertex -47.756717681884766 -47.6501579284668 11.5
endloop
endfacet
facet normal 0 0 1
outer loop
vertex 55.141395568847656 -54.76151657104492 11.5
vertex 55.1864128112793 -54.72999572753906 11.5
vertex -47.756717681884766 -47.6501579284668 11.5
endloop
endfacet
facet normal -0.40948487610585066 0.9123169055983651 0
outer loop
vertex -69.73896789550781 56.320247650146484 -3.700000047683716
vertex -70.69906616210938 55.88931655883789 -3.700000047683716
vertex -69.73896789550781 56.320247650146484 4.5
endloop
endfacet
facet normal -0.9800294584123386 0.19885235890986686 0
outer loop
vertex -74.63172912597656 50.97152328491211 -3.700000047683716
vertex -74.93489074707031 49.477413177490234 -3.700000047683716
vertex -74.63172912597656 50.97152328491211 9.5
endloop
endfacet
facet normal -0.07818756099708785 -0.9969386667720972 0
outer loop
vertex -58.499977111816406 2.000051259994507 9.5
vertex -58.110233306884766 1.969484567642212 -3.700000047683716
vertex -58.110233306884766 1.969484567642212 9.5
endloop
endfacet
facet normal 0 0 -1
outer loop
vertex -53.499977111816406 -53.47221374511719 -5.699999809265137
vertex -54.845279693603516 -53.42275619506836 -5.699999809265137
vertex -54.84928512573242 -0.3585110306739807 -5.699999809265137
endloop
endfacet
facet normal 0 0 -1
outer loop
vertex 56.24396514892578 -54.09700393676758 -5.699999809265137
vertex 55.84016036987305 -52.50364685058594 -5.699999809265137
vertex 56.64646911621094 -53.964420318603516 -5.699999809265137
endloop
endfacet
facet normal 0 0 1
outer loop
vertex 55.688255310058594 -54.36854553222656 11.5
vertex 56.06246566772461 -54.169654846191406 11.5
vertex -47.756717681884766 -47.6501579284668 11.5
endloop
endfacet
facet normal 0 0 -1
outer loop
vertex -66.49007415771484 54.50004959106445 -5.699999809265137
vertex -66.44850158691406 55.8453369140625 -5.699999809265137
vertex 67.27725219726562 55.797340393066406 -5.699999809265137
endloop
endfacet
facet normal 0.682741352314163 0.7306601438700677 0
outer loop
vertex -48.1313591003418 -46.79990005493164 5.300000190734863
vertex -48.1313591003418 -46.79990005493164 10.5
vertex -48.00769805908203 -46.91545104980469 10.5
endloop
endfacet
facet normal 0 0 -1
outer loop
vertex 53.73548889160156 -53.69869613647461 -5.699999809265137
vertex 53.994014739990234 -53.37041091918945 -5.699999809265137
vertex 55.688255310058594 -54.36854553222656 -5.699999809265137
endloop
endfacet
facet normal 0.4094808912054702 -0.9123186941730251 0
outer loop
vertex 69.23007202148438 -54.54857635498047 9.5
vertex 69.23007202148438 -54.54857635498047 -3.700000047683716
vertex 69.73907470703125 -54.32011795043945 -3.700000047683716
endloop
endfacet
facet normal -0.8187121038497324 -0.5742042241310534 0
outer loop
vertex -73.88924407958984 6.300962924957275 9.5
vertex -72.96464538574219 4.982651233673096 -3.700000047683716
vertex -72.96464538574219 4.982651233673096 9.5
endloop
endfacet
facet normal 0 0 -1
outer loop
vertex -69.92024993896484 4.006639003753662 -5.699999809265137
vertex -68.7269058227539 4.929067611694336 -5.699999809265137
vertex -68.6341552734375 3.4780893325805664 -5.699999809265137
endloop
endfacet
facet normal -0.19885128340186994 -0.9800296766371054 0
outer loop
vertex -67.4772720336914 2.0651252269744873 9.5
vertex -67.39337921142578 2.048103094100952 -3.700000047683716
vertex -67.39337921142578 2.048103094100952 9.5
endloop
endfacet
facet normal -0.9123161988019759 -0.40948645081788765 2.8816460568581397e-7
outer loop
vertex -74.5486068725586 7.77000093460083 9.5
vertex -73.88924407958984 6.300962924957275 -3.700000047683716
vertex -74.32011413574219 7.260930061340332 9.5
endloop
endfacet
facet normal 0 0 -1
outer loop
vertex 53.10889434814453 -55.22359848022461 -5.699999809265137
vertex 54.6213493347168 -55.34043502807617 -5.699999809265137
vertex 53.69060516357422 -56.80619430541992 -5.699999809265137
endloop
endfacet
facet normal 0 0 1
outer loop
vertex 56.83759307861328 -53.923187255859375 11.5
vertex 57.25674819946289 -53.860774993896484 11.5
vertex -47.756717681884766 -47.6501579284668 11.5
endloop
endfacet
facet normal -0.23905510295023977 -0.9710060029440859 0
outer loop
vertex -57.698753356933594 1.8681809902191162 -3.700000047683716
vertex -57.698753356933594 1.8681809902191162 9.5
vertex -58.110233306884766 1.969484567642212 9.5
endloop
endfacet
facet normal 0 0 1
outer loop
vertex 55.1864128112793 -54.72999572753906 11.5
vertex 55.52151107788086 -54.47057342529297 11.5
vertex -47.756717681884766 -47.6501579284668 11.5
endloop
endfacet
facet normal 0 0 -1
outer loop
vertex 51.94049072265625 -58.247013092041016 -5.699999809265137
vertex 51.0843620300293 -57.17213821411133 -5.699999809265137
vertex 51.72720718383789 -56.82177734375 -5.699999809265137
endloop
endfacet
facet normal -0.9123176790759151 -0.4094831528225985 0
outer loop
vertex -74.32011413574219 7.260930061340332 9.5
vertex -73.88924407958984 6.300962924957275 -3.700000047683716
vertex -73.88924407958984 6.300962924957275 9.5
endloop
endfacet
facet normal 0 0 1
outer loop
vertex 57.419002532958984 -53.849246978759766 11.5
vertex 66.44808197021484 -53.84526443481445 11.5
vertex -47.756717681884766 -47.6501579284668 11.5
endloop
endfacet
facet normal 0 0 -1
outer loop
vertex 69.61001586914062 53.630104064941406 -5.699999809265137
vertex 71.0836181640625 54.23183059692383 -5.699999809265137
vertex 70.34907531738281 53.102210998535156 -5.699999809265137
endloop
endfacet
facet normal 0 0 -1
outer loop
vertex -71.58941650390625 7.323148727416992 -5.699999809265137
vertex -71.05117797851562 6.591586589813232 -5.699999809265137
vertex -72.08236694335938 5.735645294189453 -5.699999809265137
endloop
endfacet
facet normal 0 0 1
outer loop
vertex -55.09418487548828 0.8178645372390747 11.5
vertex -54.96730041503906 0.4135260581970215 11.5
vertex -48.69997787475586 8.766457557678223 11.5
endloop
endfacet
facet normal 0 0 -1
outer loop
vertex -72.32504272460938 9.063482284545898 -5.699999809265137
vertex -73.7735824584961 9.5106840133667 -5.699999809265137
vertex -72.4814224243164 10.039617538452148 -5.699999809265137
endloop
endfacet
facet normal -0.7183150361754066 0.6957179807970498 0
outer loop
vertex -72.07733154296875 54.90281295776367 6.5
vertex -73.13764190673828 53.80806350708008 -3.700000047683716
vertex -72.07733154296875 54.90281295776367 7.902644157409668
endloop
endfacet
facet normal 0 0 1
outer loop
vertex -9.869647979736328 -51.46961975097656 11.5
vertex -9.776375770568848 -51.58327102661133 11.5
vertex 49.78533935546875 -58.8357048034668 11.5
endloop
endfacet
facet normal 0.7832736397732556 0.6216770908086899 0
outer loop
vertex -48.50690460205078 9.520917892456055 5.300000190734863
vertex -48.340576171875 9.311354637145996 10.5
vertex -48.340576171875 9.311354637145996 5.300000190734863
endloop
endfacet
facet normal 0.6827431057398524 0.7306585054346126 8.709578780842863e-7
outer loop
vertex -66.75650024414062 9.849821090698242 10.5
vertex -67.13135528564453 10.20009994506836 5.300000190734863
vertex -67.0075912475586 10.08444595336914 10.5
endloop
endfacet
facet normal 0 0 1
outer loop
vertex -68.9999771118164 50.57296371459961 11.5
vertex -71.93888854980469 53.38602828979492 11.5
vertex -72.23175811767578 53.083648681640625 11.5
endloop
endfacet
facet normal 0 0 1
outer loop
vertex 67.09791564941406 49.51560974121094 11.5
vertex 67.47167205810547 49.16415023803711 11.5
vertex 71.0836181640625 54.23183059692383 11.5
endloop
endfacet
facet normal -0.0004938370844765016 -0.9999998780624596 0
outer loop
vertex -50.366153717041016 -59.940948486328125 9.5
vertex 49.821983337402344 -59.99042510986328 -3.700000047683716
vertex 49.821983337402344 -59.99042510986328 9.5
endloop
endfacet
facet normal 0 0 1
outer loop
vertex -73.79737091064453 49.27678298950195 11.5
vertex -73.84523010253906 10.55102252960205 11.5
vertex -68.9999771118164 50.57296371459961 11.5
endloop
endfacet
facet normal 0 0 1
outer loop
vertex -73.7735824584961 9.5106840133667 11.5
vertex -67.68738555908203 10.38854694366455 11.5
vertex -73.84523010253906 10.55102252960205 11.5
endloop
endfacet
facet normal 0.0004408428757447872 -0.9999999028287747 0
outer loop
vertex 57.41950988769531 -55.00394821166992 9.5
vertex 57.41950988769531 -55.00394821166992 -3.700000047683716
vertex 66.48805236816406 -54.99995040893555 -3.700000047683716
endloop
endfacet
facet normal -0.974823505400738 -0.22297787629766608 0
outer loop
vertex 67.20001983642578 48.50004959106445 5.300000190734863
vertex 67.20001983642578 48.50004959106445 10.5
vertex 67.1650161743164 48.653079986572266 10.5
endloop
endfacet
facet normal 0 0 1
outer loop
vertex -73.84523010253906 10.55102252960205 11.5
vertex -68.86600494384766 28.20005226135254 11.5
vertex -68.93966674804688 28.358030319213867 11.5
endloop
endfacet
facet normal 0 0 -1
outer loop
vertex 73.79732513427734 -47.277099609375 -5.699999809265137
vertex 72.48731231689453 -46.88389205932617 -5.699999809265137
vertex 72.5000228881836 48.490142822265625 -5.699999809265137
endloop
endfacet
facet normal 0 0 1
outer loop
vertex -67.9999771118164 27.70005226135254 11.5
vertex -73.84523010253906 10.55102252960205 11.5
vertex -67.67760467529297 27.70005226135254 11.5
endloop
endfacet
facet normal 0 0 -1
outer loop
vertex -51.3177604675293 -58.518531799316406 -5.699999809265137
vertex -50.571128845214844 -57.35280227661133 -5.699999809265137
vertex -50.22629165649414 -58.786319732666016 -5.699999809265137
endloop
endfacet
facet normal 0.8366369806613364 -0.5477577590406083 -8.328239286926063e-7
outer loop
vertex 73.13768768310547 -51.807960510253906 9.5
vertex 73.77689361572266 -50.831626892089844 -3.700000047683716
vertex 74.01969146728516 -50.46078109741211 -3.700000047683716
endloop
endfacet
facet normal -0.7183121923599197 0.695720916968049 -4.7194686358718033e-7
outer loop
vertex -72.07733154296875 54.90281295776367 9.5
vertex -73.13764190673828 53.80806350708008 -3.700000047683716
vertex -72.31228637695312 54.66022872924805 9.5
endloop
endfacet
facet normal -0.9800294584123386 0.19885235890986686 0
outer loop
vertex -74.63172912597656 50.97152328491211 9.5
vertex -74.93489074707031 49.477413177490234 -3.700000047683716
vertex -74.93489074707031 49.477413177490234 9.5
endloop
endfacet
facet normal 0.9976371003867293 0.06870382763688672 0
outer loop
vertex 75.0000228881836 48.48807907104492 9.5
vertex 74.91910552978516 49.66306686401367 -3.700000047683716
vertex 74.91910552978516 49.66306686401367 9.5
endloop
endfacet
facet normal 0.22300657661529438 -0.9748169401412384 0
outer loop
vertex -66.4999771118164 49.200050354003906 5.300000190734863
vertex -66.7999267578125 49.131431579589844 6.5
vertex -66.7999267578125 49.131431579589844 5.300000190734863
endloop
endfacet
facet normal 0 0 1
outer loop
vertex -73.84523010253906 10.55102252960205 11.5
vertex -68.98478698730469 28.526403427124023 11.5
vertex -68.9999771118164 28.70005226135254 11.5
endloop
endfacet
facet normal 0 0 -1
outer loop
vertex -51.223628997802734 -57.10881805419922 -5.699999809265137
vertex -52.341346740722656 -58.01847839355469 -5.699999809265137
vertex -51.852622985839844 -56.73416519165039 -5.699999809265137
endloop
endfacet
facet normal -0.7306564574336328 0.6827452974649726 0
outer loop
vertex 66.79997253417969 -47.13132858276367 5.300000190734863
vertex 66.79997253417969 -47.13132858276367 10.5
vertex 66.91554260253906 -47.00764846801758 10.5
endloop
endfacet
facet normal 0.9999991532982697 -0.0013013063047923486 -0.000002155166324756044
outer loop
vertex -67.19998168945312 10.500051498413086 10.5
vertex -67.17630004882812 28.70005226135254 9.5
vertex -67.17694854736328 28.20005226135254 10.5
endloop
endfacet
facet normal 0.3061406579906225 -0.9519862906182361 0
outer loop
vertex 56.59654998779297 -55.19341278076172 9.5
vertex 56.59654998779297 -55.19341278076172 -3.700000047683716
vertex 56.79682159423828 -55.12900924682617 -3.700000047683716
endloop
endfacet
facet normal 0 0 1
outer loop
vertex -73.84523010253906 10.55102252960205 11.5
vertex -68.17362976074219 27.71524429321289 11.5
vertex -68.34199523925781 27.760358810424805 11.5
endloop
endfacet
facet normal -0.6196232441490666 -0.7848993790991213 0
outer loop
vertex -52.95955276489258 -59.00159454345703 -3.700000047683716
vertex -54.048255920410156 -58.14213943481445 9.5
vertex -54.048255920410156 -58.14213943481445 -3.700000047683716
endloop
endfacet
facet normal -0.9748113600252615 -0.22303096727359742 0.0000016441665341616395
outer loop
vertex 67.13140106201172 48.80000305175781 10.5
vertex 67.20001983642578 48.50004959106445 5.300000190734863
vertex 67.1650161743164 48.653079986572266 10.5
endloop
endfacet
facet normal 0 0 1
outer loop
vertex -49.229347229003906 9.300132751464844 11.5
vertex -55.36857223510742 1.372658610343933 11.5
vertex -49.09215545654297 9.28435230255127 11.5
endloop
endfacet
facet normal -0.974817556682662 -0.22300388154300116 0
outer loop
vertex 67.13140106201172 48.80000305175781 5.300000190734863
vertex 67.20001983642578 48.50004959106445 5.300000190734863
vertex 67.13140106201172 48.80000305175781 10.5
endloop
endfacet
facet normal 0 0 1
outer loop
vertex -54.845279693603516 -53.42275619506836 11.5
vertex -48.61724090576172 -46.91105651855469 11.5
vertex -48.68738555908203 -46.611454010009766 11.5
endloop
endfacet
facet normal 0 0 1
outer loop
vertex -49.229347229003906 9.300132751464844 11.5
vertex -57.23731231689453 2.9266726970672607 11.5
vertex -56.84885025024414 2.7573258876800537 11.5
endloop
endfacet
facet normal 0 0 -1
outer loop
vertex -53.17216491699219 -55.08428955078125 -5.699999809265137
vertex -54.48036575317383 -55.41990661621094 -5.699999809265137
vertex -53.39323425292969 -54.41340637207031 -5.699999809265137
endloop
endfacet
facet normal 0.9800303375081861 -0.19884802630046558 0
outer loop
vertex 74.93494415283203 -47.47727966308594 9.5
vertex 74.95197296142578 -47.39335250854492 -3.700000047683716
vertex 74.95197296142578 -47.39335250854492 9.5
endloop
endfacet
facet normal 0 0 -1
outer loop
vertex -55.36857223510742 1.372658610343933 -5.699999809265137
vertex -55.4733772277832 1.5372893810272217 -5.699999809265137
vertex -53.85215377807617 3.1331629753112793 -5.699999809265137
endloop
endfacet
facet normal 0 0 1
outer loop
vertex -54.845279693603516 -53.42275619506836 11.5
vertex -48.69997787475586 -46.49995040893555 11.5
vertex -54.84928512573242 -0.3585110306739807 11.5
endloop
endfacet
facet normal 0.6056218313929408 -0.7957525980732081 0
outer loop
vertex 55.88362121582031 -55.64606857299805 -3.700000047683716
vertex 56.067928314208984 -55.50579833984375 -3.700000047683716
vertex 55.88362121582031 -55.64606857299805 9.5
endloop
endfacet
facet normal 0 0 1
outer loop
vertex -48.47162628173828 -47.16404724121094 11.5
vertex -52.341346740722656 -58.01847839355469 11.5
vertex -48.09676742553711 -47.51432418823242 11.5
endloop
endfacet
facet normal 0.8451492541195117 -0.5345303904000529 0
outer loop
vertex 55.475135803222656 -56.144874572753906 -3.700000047683716
vertex 54.60106658935547 -57.52687072753906 9.5
vertex 54.60106658935547 -57.52687072753906 -3.700000047683716
endloop
endfacet
facet normal 0.924935366880964 -0.38012441001963626 0
outer loop
vertex 74.01969146728516 -50.46078109741211 9.5
vertex 74.14752197265625 -50.14973831176758 -3.700000047683716
vertex 74.14752197265625 -50.14973831176758 9.5
endloop
endfacet
facet normal -0.0003735355849120307 -0.9999999302355694 -1.5236051923071685e-7
outer loop
vertex -7.499978065490723 49.178016662597656 10.5
vertex -7.999978065490723 49.17820358276367 9.5
vertex 66.75654602050781 49.1502799987793 5.300000190734863
endloop
endfacet
facet normal 0.8366421407130511 -0.5477498775745944 3.1633772593589485e-7
outer loop
vertex 73.13768768310547 -51.807960510253906 9.5
vertex 74.01969146728516 -50.46078109741211 -3.700000047683716
vertex 73.77689361572266 -50.831626892089844 9.5
endloop
endfacet
facet normal 0 0 1
outer loop
vertex -49.229347229003906 9.300132751464844 11.5
vertex -56.322425842285156 2.4316587448120117 11.5
vertex -56.17100143432617 2.3080766201019287 11.5
endloop
endfacet
facet normal 0 0 -1
outer loop
vertex -56.732940673828125 2.698834180831909 -5.699999809265137
vertex -56.84885025024414 2.7573258876800537 -5.699999809265137
vertex -55.06297302246094 4.2488627433776855 -5.699999809265137
endloop
endfacet
facet normal 0 0 -1
outer loop
vertex -54.37044143676758 3.785562515258789 -5.699999809265137
vertex -56.17100143432617 2.3080766201019287 -5.699999809265137
vertex -54.698726654052734 4.044088840484619 -5.699999809265137
endloop
endfacet
facet normal -0.0003735270249358958 -0.9999999302387784 0
outer loop
vertex -7.999978065490723 49.17820358276367 9.5
vertex -7.999978065490723 49.17820358276367 6.5
vertex 66.75654602050781 49.1502799987793 5.300000190734863
endloop
endfacet
facet normal 0 0 -1
outer loop
vertex -53.55747604370117 2.3537981510162354 -5.699999809265137
vertex -55.36857223510742 1.372658610343933 -5.699999809265137
vertex -53.67456817626953 2.7549166679382324 -5.699999809265137
endloop
endfacet
facet normal 0.4094808912054381 -0.9123186941729536 -3.960485711289444e-7
outer loop
vertex 69.23007202148438 -54.54857635498047 9.5
vertex 70.69911193847656 -53.88921356201172 -3.700000047683716
vertex 69.73907470703125 -54.32011795043945 9.5
endloop
endfacet
facet normal 0 0 1
outer loop
vertex -49.09215545654297 9.28435230255127 11.5
vertex -55.36857223510742 1.372658610343933 11.5
vertex -48.96357345581055 9.235480308532715 11.5
endloop
endfacet
facet normal 0.23006421668292876 -0.9731754498558106 -1.0635465537195127e-7
outer loop
vertex 67.66304016113281 -54.91903305053711 9.5
vertex 69.23007202148438 -54.54857635498047 -3.700000047683716
vertex 68.87022399902344 -54.63364791870117 9.5
endloop
endfacet
facet normal 0 0 1
outer loop
vertex 66.75672912597656 49.650264739990234 11.5
vertex 67.00654602050781 49.58329391479492 11.5
vertex 69.92029571533203 54.993465423583984 11.5
endloop
endfacet
facet normal 0 0 1
outer loop
vertex -54.84928512573242 -0.3585110306739807 11.5
vertex -48.69997787475586 -46.49995040893555 11.5
vertex -48.69997787475586 8.766457557678223 11.5
endloop
endfacet
facet normal 0.06870382763688672 -0.9976371003867293 0
outer loop
vertex 66.48805236816406 -54.99995040893555 9.5
vertex 67.66304016113281 -54.91903305053711 -3.700000047683716
vertex 67.66304016113281 -54.91903305053711 9.5
endloop
endfacet
facet normal 0 0 1
outer loop
vertex -47.756717681884766 -47.6501579284668 11.5
vertex -51.3177604675293 -58.518531799316406 11.5
vertex -50.22629165649414 -58.786319732666016 11.5
endloop
endfacet
facet normal 0 0 1
outer loop
vertex 68.85748291015625 -53.450130462646484 11.5
vertex 66.61117553710938 -47.68583297729492 11.5
vertex 67.48938751220703 -53.773555755615234 11.5
endloop
endfacet
facet normal 0.4625510682080787 -0.8865926399985314 0
outer loop
vertex 56.2208366394043 -55.38941955566406 -3.700000047683716
vertex 56.29821014404297 -55.34905242919922 -3.700000047683716
vertex 56.2208366394043 -55.38941955566406 9.5
endloop
endfacet
facet normal 0.306140657990622 -0.9519862906182346 -5.677883165581038e-8
outer loop
vertex 56.59654998779297 -55.19341278076172 9.5
vertex 56.99997329711914 -55.06367874145508 -3.700000047683716
vertex 56.79682159423828 -55.12900924682617 9.5
endloop
endfacet
facet normal -0.547753081951639 -0.8366400427976664 0
outer loop
vertex -71.80799102783203 3.862387180328369 -3.700000047683716
vertex -70.83174896240234 3.223235845565796 -3.700000047683716
vertex -71.80799102783203 3.862387180328369 9.5
endloop
endfacet
facet normal 0.60563880956886 -0.7957396762409263 0
outer loop
vertex 56.067928314208984 -55.50579833984375 9.5
vertex 56.2208366394043 -55.38941955566406 -3.700000047683716
vertex 56.2208366394043 -55.38941955566406 9.5
endloop
endfacet
facet normal 0.5477517352139643 0.8366409245130739 0
outer loop
vertex 71.80803680419922 55.13771438598633 -3.700000047683716
vertex 70.83155059814453 55.77702331542969 -3.700000047683716
vertex 71.80803680419922 55.13771438598633 9.5
endloop
endfacet
facet normal -0.9123161988020139 -0.4094864508179047 0
outer loop
vertex -74.5486068725586 7.77000093460083 -3.700000047683716
vertex -74.32011413574219 7.260930061340332 -3.700000047683716
vertex -74.5486068725586 7.77000093460083 9.5
endloop
endfacet
facet normal 0.7313201901493702 -0.6820342949439825 -3.918685817974498e-7
outer loop
vertex 55.594600677490234 -55.95598220825195 9.5
vertex 55.88362121582031 -55.64606857299805 -3.700000047683716
vertex 55.70561599731445 -55.836944580078125 9.5
endloop
endfacet
facet normal -0.9731753381121266 -0.23006468935990967 2.7568946061983907e-7
outer loop
vertex -74.63368225097656 8.129870414733887 -3.700000047683716
vertex -74.5486068725586 7.77000093460083 -3.700000047683716
vertex -74.91905975341797 9.337035179138184 9.5
endloop
endfacet
facet normal 0.695716342016276 0.7183166233990097 3.70535275879363e-7
outer loop
vertex 72.96468353271484 54.017452239990234 9.5
vertex 71.80803680419922 55.13771438598633 -3.700000047683716
vertex 72.65999603271484 54.31255340576172 9.5
endloop
endfacet
facet normal -0.005403009128156923 -0.9999854036396537 0
outer loop
vertex -67.39337921142578 2.048103094100952 -3.700000047683716
vertex -58.499977111816406 2.000051259994507 -3.700000047683716
vertex -67.39337921142578 2.048103094100952 9.5
endloop
endfacet
facet normal 0.38012573549311884 0.9249348221446825 0
outer loop
vertex 70.46085357666016 56.019718170166016 -3.700000047683716
vertex 70.14971923828125 56.147586822509766 -3.700000047683716
vertex 70.46085357666016 56.019718170166016 9.5
endloop
endfacet
facet normal -0.5487038276484927 -0.836016811747164 0
outer loop
vertex -56.95601272583008 1.4663101434707642 -3.700000047683716
vertex -57.3102912902832 1.6988341808319092 9.5
vertex -57.3102912902832 1.6988341808319092 -3.700000047683716
endloop
endfacet
facet normal 0.5495131512039048 -0.835485066685189 0
outer loop
vertex 52.471473693847656 -59.27984619140625 9.5
vertex 53.630340576171875 -58.51763916015625 -3.700000047683716
vertex 53.630340576171875 -58.51763916015625 9.5
endloop
endfacet
facet normal 0.35969866907034276 -0.9330685223867666 0
outer loop
vertex 52.207008361816406 -59.381797790527344 9.5
vertex 52.471473693847656 -59.27984619140625 -3.700000047683716
vertex 52.471473693847656 -59.27984619140625 9.5
endloop
endfacet
facet normal 0 0 1
outer loop
vertex 67.16412353515625 -47.471595764160156 11.5
vertex 71.2644271850586 -52.082340240478516 11.5
vertex 72.23180389404297 -51.08354568481445 11.5
endloop
endfacet
facet normal 0.9999998744298644 -0.0005011389581129805 0
outer loop
vertex 75.0000228881836 48.48807907104492 9.5
vertex 74.95197296142578 -47.39335250854492 9.5
vertex 75.0000228881836 48.48807907104492 -3.700000047683716
endloop
endfacet
facet normal 0.16784748030853397 -0.9858129758499105 -1.4186357808500898e-7
outer loop
vertex 50.001800537109375 -59.978912353515625 9.5
vertex 51.17725372314453 -59.77877426147461 -3.700000047683716
vertex 50.5623893737793 -59.88346481323242 9.5
endloop
endfacet
facet normal 0 0 1
outer loop
vertex 73.77362823486328 49.489418029785156 11.5
vertex 67.68590545654297 48.6112060546875 11.5
vertex 73.84529876708984 48.44865798950195 11.5
endloop
endfacet
facet normal 0 0 1
outer loop
vertex 67.27725219726562 55.797340393066406 11.5
vertex -1.5160843133926392 55.8220329284668 11.5
vertex -6.999978065490723 49.67782974243164 11.5
endloop
endfacet
facet normal 0 0 1
outer loop
vertex -9.776375770568848 -52.4166259765625 11.5
vertex -9.869647979736328 -52.530277252197266 11.5
vertex 49.78533935546875 -58.8357048034668 11.5
endloop
endfacet
facet normal -0.9519814980764567 -0.3061555606552087 0
outer loop
vertex -56.193443298339844 0.4643627107143402 -3.700000047683716
vertex -56.15544128417969 0.34619659185409546 -3.700000047683716
vertex -56.193443298339844 0.4643627107143402 9.5
endloop
endfacet
facet normal 0.5904169007383314 0.8070984347169453 0
outer loop
vertex -48.50690460205078 9.520917892456055 10.5
vertex -48.72283935546875 9.67888069152832 5.300000190734863
vertex -48.72283935546875 9.67888069152832 10.5
endloop
endfacet
facet normal 0 0 1
outer loop
vertex -10.93030834197998 -52.530277252197266 11.5
vertex -50.22629165649414 -58.786319732666016 11.5
vertex -10.816655158996582 -52.62355041503906 11.5
endloop
endfacet
facet normal 0 0 -1
outer loop
vertex 72.07100677490234 -48.72687911987305 -5.699999809265137
vertex 73.52198791503906 -48.634124755859375 -5.699999809265137
vertex 72.9934310913086 -49.92021942138672 -5.699999809265137
endloop
endfacet
facet normal 0 0 1
outer loop
vertex -11.149977684020996 -51.99995040893555 11.5
vertex -50.22629165649414 -58.786319732666016 11.5
vertex -11.135566711425781 -52.14626693725586 11.5
endloop
endfacet
facet normal 0 0 -1
outer loop
vertex 71.2644271850586 -52.082340240478516 -5.699999809265137
vertex 71.10218048095703 -50.349002838134766 -5.699999809265137
vertex 72.23180389404297 -51.08354568481445 -5.699999809265137
endloop
endfacet
facet normal 0.11427280380565824 0.9934494080276024 0
outer loop
vertex -48.972930908203125 9.773935317993164 10.5
vertex -49.19997787475586 9.80005168914795 5.300000190734863
vertex -49.19997787475586 9.80005168914795 10.5
endloop
endfacet
facet normal 0 0 -1
outer loop
vertex -72.48726654052734 48.883995056152344 -5.699999809265137
vertex -73.79737091064453 49.27678298950195 -5.699999809265137
vertex -72.34283447265625 49.86039733886719 -5.699999809265137
endloop
endfacet
facet normal -0.9971476261750389 -0.07547590087857362 2.296410658784901e-7
outer loop
vertex -55.97254943847656 -53.82883834838867 -3.700000047683716
vertex -55.921932220458984 -54.49756622314453 -3.700000047683716
vertex -55.999977111816406 -53.46643829345703 9.5
endloop
endfacet
facet normal 0 0 -1
outer loop
vertex -72.34283447265625 49.86039733886719 -5.699999809265137
vertex -73.79737091064453 49.27678298950195 -5.699999809265137
vertex -73.52194213867188 50.63422775268555 -5.699999809265137
endloop
endfacet
facet normal 0.8187102669885755 0.5742068431562755 0
outer loop
vertex 72.96468353271484 54.017452239990234 -3.700000047683716
vertex 73.88928985595703 52.69913864135742 9.5
vertex 73.88928985595703 52.69913864135742 -3.700000047683716
endloop
endfacet
facet normal 0 0 -1
outer loop
vertex -71.63003540039062 51.610042572021484 -5.699999809265137
vertex -72.99339294433594 51.92032241821289 -5.699999809265137
vertex -72.23175811767578 53.083648681640625 -5.699999809265137
endloop
endfacet
facet normal 0 0 1
outer loop
vertex -47.756717681884766 -47.6501579284668 11.5
vertex -10.816655158996582 -51.376346588134766 11.5
vertex -10.686990737915039 -51.307037353515625 11.5
endloop
endfacet
facet normal 0 0 -1
outer loop
vertex 68.79926300048828 -52.040977478027344 -5.699999809265137
vertex 69.67692565917969 -51.589385986328125 -5.699999809265137
vertex 70.12603759765625 -52.88075637817383 -5.699999809265137
endloop
endfacet
facet normal 0 0 1
outer loop
vertex -9.664388656616211 -51.85363006591797 11.5
vertex -9.649977684020996 -51.99995040893555 11.5
vertex 49.78533935546875 -58.8357048034668 11.5
endloop
endfacet
facet normal 0 0 -1
outer loop
vertex -69.6768798828125 53.5894889831543 -5.699999809265137
vertex -71.2643814086914 54.08244323730469 -5.699999809265137
vertex -70.12599182128906 54.880859375 -5.699999809265137
endloop
endfacet
facet normal -0.9971482556513065 -0.07546758411103982 0
outer loop
vertex -55.999977111816406 -53.46643829345703 -3.700000047683716
vertex -55.97254943847656 -53.82883834838867 -3.700000047683716
vertex -55.999977111816406 -53.46643829345703 9.5
endloop
endfacet
facet normal 0 0 -1
outer loop
vertex -68.79922485351562 54.041080474853516 -5.699999809265137
vertex -70.12599182128906 54.880859375 -5.699999809265137
vertex -68.8574447631836 55.450233459472656 -5.699999809265137
endloop
endfacet
facet normal 0.6957193042131588 0.7183137543895134 0
outer loop
vertex 72.65999603271484 54.31255340576172 9.5
vertex 71.80803680419922 55.13771438598633 -3.700000047683716
vertex 71.80803680419922 55.13771438598633 9.5
endloop
endfacet
facet normal 0 0 -1
outer loop
vertex -66.96041107177734 54.48149871826172 -5.699999809265137
vertex -66.44850158691406 55.8453369140625 -5.699999809265137
vertex -66.49007415771484 54.50004959106445 -5.699999809265137
endloop
endfacet
facet normal 0.9200748277226035 0.3917426596519982 0
outer loop
vertex -48.23576736450195 9.065193176269531 5.300000190734863
vertex -48.340576171875 9.311354637145996 5.300000190734863
vertex -48.23576736450195 9.065193176269531 10.5
endloop
endfacet
facet normal 0 0 1
outer loop
vertex -9.70706844329834 -52.28696060180664 11.5
vertex -9.776375770568848 -52.4166259765625 11.5
vertex 49.78533935546875 -58.8357048034668 11.5
endloop
endfacet
facet normal 0 0 -1
outer loop
vertex 57.419002532958984 -53.84929275512695 -5.699999809265137
vertex 57.25674819946289 -53.860774993896484 -5.699999809265137
vertex 55.84016036987305 -52.50364685058594 -5.699999809265137
endloop
endfacet
facet normal -0.6196232441490666 -0.7848993790991213 0
outer loop
vertex -54.048255920410156 -58.14213943481445 9.5
vertex -52.95955276489258 -59.00159454345703 -3.700000047683716
vertex -52.95955276489258 -59.00159454345703 9.5
endloop
endfacet
facet normal -0.0003735249154850701 -0.9999999302395662 0
outer loop
vertex 66.75654602050781 49.1502799987793 5.300000190734863
vertex 66.75654602050781 49.1502799987793 10.5
vertex -7.499978065490723 49.178016662597656 10.5
endloop
endfacet
facet normal -0.00037346814039757785 -0.9999999302570226 0.0000027382199357880675
outer loop
vertex -45.999977111816406 49.1923942565918 6.5
vertex -66.4999771118164 49.200050354003906 6.5
vertex 66.75654602050781 49.1502799987793 5.300000190734863
endloop
endfacet
facet normal 0.23006421668293006 -0.9731754498558162 0
outer loop
vertex 67.66304016113281 -54.91903305053711 9.5
vertex 67.66304016113281 -54.91903305053711 -3.700000047683716
vertex 68.87022399902344 -54.63364791870117 -3.700000047683716
endloop
endfacet
facet normal 0 0 -1
outer loop
vertex 68.7269515991211 54.0710334777832 -5.699999809265137
vertex 68.63420104980469 55.52201461791992 -5.699999809265137
vertex 69.92029571533203 54.993465423583984 -5.699999809265137
endloop
endfacet
facet normal 0 0 1
outer loop
vertex 72.9934310913086 -49.92021942138672 11.5
vertex 67.58326721191406 -47.0064697265625 11.5
vertex 72.23180389404297 -51.08354568481445 11.5
endloop
endfacet
facet normal 0 0 1
outer loop
vertex 56.64646911621094 -53.964420318603516 11.5
vertex 56.83759307861328 -53.923187255859375 11.5
vertex -47.756717681884766 -47.6501579284668 11.5
endloop
endfacet
facet normal -0.9519814980763711 -0.30615556065518124 4.2409752762470937e-7
outer loop
vertex -56.193443298339844 0.4643627107143402 9.5
vertex -56.0637092590332 0.06094033643603325 -3.700000047683716
vertex -56.15544128417969 0.34619659185409546 9.5
endloop
endfacet
facet normal 0 0 1
outer loop
vertex -10.11296558380127 -51.307037353515625 11.5
vertex -9.98330020904541 -51.376346588134766 11.5
vertex 53.69060516357422 -56.80619430541992 11.5
endloop
endfacet
facet normal 0.9123182129826932 0.40948196329011544 -3.710361156351681e-7
outer loop
vertex 74.54865264892578 51.2301025390625 9.5
vertex 73.88928985595703 52.69913864135742 -3.700000047683716
vertex 74.32013702392578 51.73923110961914 9.5
endloop
endfacet
facet normal 0.8187102669885755 0.5742068431562755 0
outer loop
vertex 73.88928985595703 52.69913864135742 9.5
vertex 72.96468353271484 54.017452239990234 -3.700000047683716
vertex 72.96468353271484 54.017452239990234 9.5
endloop
endfacet
facet normal -0.9999998635242772 0.0005224475352650221 0
outer loop
vertex 67.15025329589844 -46.7564697265625 5.300000190734863
vertex 67.15025329589844 -46.7564697265625 10.5
vertex 67.20001983642578 48.50004959106445 10.5
endloop
endfacet
facet normal 0 0 -1
outer loop
vertex -71.58941650390625 7.323148727416992 -5.699999809265137
vertex -72.88078308105469 6.8740386962890625 -5.699999809265137
vertex -72.04100799560547 8.200807571411133 -5.699999809265137
endloop
endfacet
facet normal -0.0004936853050632155 -0.9999998781372988 4.549481658130118e-7
outer loop
vertex -50.366153717041016 -59.940948486328125 9.5
vertex -24.399978637695312 -59.953773498535156 -3.450000047683716
vertex -12.399977684020996 -59.95969772338867 -3.450000047683716
endloop
endfacet
facet normal 0.7832759454330169 0.6216741858128046 0
outer loop
vertex -48.397979736328125 9.383678436279297 10.5
vertex -48.50690460205078 9.520917892456055 5.300000190734863
vertex -48.50690460205078 9.520917892456055 10.5
endloop
endfacet
facet normal -0.9999992363920313 0.0012358055487126792 0
outer loop
vertex -74.9519271850586 49.393455505371094 9.5
vertex -74.9999771118164 10.512022972106934 -3.700000047683716
vertex -74.9999771118164 10.512022972106934 9.5
endloop
endfacet
facet normal 0 0 -1
outer loop
vertex -73.45015716552734 8.14258861541748 -5.699999809265137
vertex -72.04100799560547 8.200807571411133 -5.699999809265137
vertex -72.88078308105469 6.8740386962890625 -5.699999809265137
endloop
endfacet
facet normal 0.5477517352139608 0.8366409245130687 -1.1281178344522401e-7
outer loop
vertex 71.80803680419922 55.13771438598633 9.5
vertex 70.46085357666016 56.019718170166016 -3.700000047683716
vertex 70.83155059814453 55.77702331542969 9.5
endloop
endfacet
facet normal 0.00043560182944681476 0.9999999051255186 0
outer loop
vertex -47.756500244140625 -47.150177001953125 5.300000190734863
vertex -47.756500244140625 -47.150177001953125 10.5
vertex 66.5000228881836 -47.199947357177734 10.5
endloop
endfacet
facet normal 0.38012573549311396 0.9249348221446707 -1.599625123282097e-7
outer loop
vertex 70.46085357666016 56.019718170166016 9.5
vertex 68.97149658203125 56.631805419921875 -3.700000047683716
vertex 70.14971923828125 56.147586822509766 9.5
endloop
endfacet
facet normal 0 0 -1
outer loop
vertex 51.94049072265625 -58.247013092041016 -5.699999809265137
vertex 50.41347885131836 -57.39320373535156 -5.699999809265137
vertex 51.0843620300293 -57.17213821411133 -5.699999809265137
endloop
endfacet
facet normal 0 0 -1
outer loop
vertex 56.24396514892578 -54.09700393676758 -5.699999809265137
vertex 55.024658203125 -52.674537658691406 -5.699999809265137
vertex 55.425777435302734 -52.55744552612305 -5.699999809265137
endloop
endfacet
facet normal 0 0 -1
outer loop
vertex 52.892276763916016 -57.62100601196289 -5.699999809265137
vertex 51.72720718383789 -56.82177734375 -5.699999809265137
vertex 52.269588470458984 -56.38462448120117 -5.699999809265137
endloop
endfacet
facet normal -0.23827917046531571 -0.9711967035170161 -2.0490354288200048e-7
outer loop
vertex -51.71326446533203 -59.610443115234375 9.5
vertex -50.366153717041016 -59.940948486328125 -3.700000047683716
vertex -51.05897903442383 -59.77096939086914 9.5
endloop
endfacet
facet normal -0.9800270676548622 0.1988641412216191 0
outer loop
vertex -74.93489074707031 49.477413177490234 -3.700000047683716
vertex -74.9519271850586 49.393455505371094 -3.700000047683716
vertex -74.93489074707031 49.477413177490234 9.5
endloop
endfacet
facet normal -0.5742036672781783 0.8187124943985472 0
outer loop
vertex -70.69906616210938 55.88931655883789 -3.700000047683716
vertex -72.01737976074219 54.964717864990234 -3.700000047683716
vertex -70.69906616210938 55.88931655883789 4.5
endloop
endfacet
facet normal 0 0 -1
outer loop
vertex 73.84529876708984 48.44865798950195 -5.699999809265137
vertex 72.5000228881836 48.490142822265625 -5.699999809265137
vertex 72.4814682006836 48.96048355102539 -5.699999809265137
endloop
endfacet
facet normal 0.0003588990877695154 0.9999999355957203 0
outer loop
vertex 67.39342498779297 56.95199966430664 -3.700000047683716
vertex -66.48800659179688 57.00004959106445 -3.700000047683716
vertex 67.39342498779297 56.95199966430664 9.5
endloop
endfacet
facet normal -0.06870060401094108 0.9976373223815015 0
outer loop
vertex -66.48800659179688 57.00004959106445 -3.700000047683716
vertex -67.66299438476562 56.91913604736328 -3.700000047683716
vertex -66.48800659179688 57.00004959106445 4.5
endloop
endfacet
facet normal 0.6827438618325188 0.7306577989250637 0
outer loop
vertex -47.756500244140625 -47.150177001953125 5.300000190734863
vertex -48.1313591003418 -46.79990005493164 5.300000190734863
vertex -47.756500244140625 -47.150177001953125 10.5
endloop
endfacet
facet normal -0.8366378653815265 0.5477564077301501 -6.357948244551343e-7
outer loop
vertex -73.7767562866211 52.831871032714844 -3.700000047683716
vertex -74.01964569091797 52.46088409423828 -3.700000047683716
vertex -73.13764190673828 53.80806350708008 9.5
endloop
endfacet
facet normal -0.6820288184386633 -0.7313252975380797 0
outer loop
vertex -56.64609909057617 1.1772898435592651 -3.700000047683716
vertex -56.64609909057617 1.1772898435592651 9.5
vertex -56.8193359375 1.3388493061065674 9.5
endloop
endfacet
facet normal 0.9748169401412384 0.22300657661529436 0
outer loop
vertex -48.19997787475586 -46.49995040893555 5.300000190734863
vertex -48.1313591003418 -46.79990005493164 10.5
vertex -48.1313591003418 -46.79990005493164 5.300000190734863
endloop
endfacet
facet normal -0.9249371980212213 0.38011995437835266 2.2533972108319298e-7
outer loop
vertex -74.14742279052734 52.14997482299805 -3.700000047683716
vertex -74.63172912597656 50.97152328491211 -3.700000047683716
vertex -74.01964569091797 52.46088409423828 9.5
endloop
endfacet
facet normal -0.39961950899005894 -0.9166811048748328 0
outer loop
vertex -57.698753356933594 1.8681809902191162 9.5
vertex -57.3102912902832 1.6988341808319092 -3.700000047683716
vertex -57.3102912902832 1.6988341808319092 9.5
endloop
endfacet
facet normal -0.8366418052355149 0.5477503899882306 0
outer loop
vertex -73.13764190673828 53.80806350708008 -3.700000047683716
vertex -73.7767562866211 52.831871032714844 -3.700000047683716
vertex -73.13764190673828 53.80806350708008 9.5
endloop
endfacet
facet normal 0 0 -1
outer loop
vertex 56.24396514892578 -54.09700393676758 -5.699999809265137
vertex 54.64641189575195 -52.85212707519531 -5.699999809265137
vertex 55.024658203125 -52.674537658691406 -5.699999809265137
endloop
endfacet
facet normal -0.23006132952967273 0.9731761323904689 -7.537795234243985e-7
outer loop
vertex -68.87008666992188 56.63376998901367 -3.700000047683716
vertex -69.23002624511719 56.54867935180664 -3.700000047683716
vertex -67.66299438476562 56.91913604736328 4.5
endloop
endfacet
facet normal 0.912316306893714 0.40948620999468927 0
outer loop
vertex 74.32013702392578 51.73923110961914 9.5
vertex 73.88928985595703 52.69913864135742 -3.700000047683716
vertex 73.88928985595703 52.69913864135742 9.5
endloop
endfacet
facet normal -0.4094819234601151 0.9123182308599365 0
outer loop
vertex -69.23002624511719 56.54867935180664 -3.700000047683716
vertex -69.73896789550781 56.320247650146484 -3.700000047683716
vertex -69.23002624511719 56.54867935180664 4.5
endloop
endfacet
facet normal 0 0 1
outer loop
vertex 53.69060516357422 -56.80619430541992 11.5
vertex -9.869647979736328 -51.46961975097656 11.5
vertex 51.94049072265625 -58.247013092041016 11.5
endloop
endfacet
facet normal -0.0004938545424578256 -0.9999998780538292 -1.3250629138351958e-7
outer loop
vertex -50.366153717041016 -59.940948486328125 9.5
vertex -11.825952529907227 -59.95998001098633 -3.564180612564087
vertex 49.821983337402344 -59.99042510986328 -3.700000047683716
endloop
endfacet
facet normal 0 0 -1
outer loop
vertex 55.52151107788086 -54.47057342529297 -5.699999809265137
vertex 53.73548889160156 -53.69869613647461 -5.699999809265137
vertex 55.688255310058594 -54.36854553222656 -5.699999809265137
endloop
endfacet
facet normal 0 0 -1
outer loop
vertex -72.08236694335938 5.735645294189453 -5.699999809265137
vertex -70.34902954101562 5.897892475128174 -5.699999809265137
vertex -71.08357238769531 4.768270969390869 -5.699999809265137
endloop
endfacet
facet normal -0.3801265048349049 -0.9249345059635298 0
outer loop
vertex -70.46080780029297 2.9803829193115234 9.5
vertex -70.14978790283203 2.8525609970092773 -3.700000047683716
vertex -70.14978790283203 2.8525609970092773 9.5
endloop
endfacet
facet normal 0 0 -1
outer loop
vertex -69.92024993896484 4.006639003753662 -5.699999809265137
vertex -71.08357238769531 4.768270969390869 -5.699999809265137
vertex -69.60997009277344 5.369997501373291 -5.699999809265137
endloop
endfacet
facet normal -0.5477461336660042 -0.836644591839297 0
outer loop
vertex -70.46080780029297 2.9803829193115234 -3.700000047683716
vertex -70.46080780029297 2.9803829193115234 9.5
vertex -70.83174896240234 3.223235845565796 9.5
endloop
endfacet
facet normal 0 0 -1
outer loop
vertex -68.6341552734375 3.4780893325805664 -5.699999809265137
vertex -67.86032104492188 4.657195091247559 -5.699999809265137
vertex -67.27433013916016 3.2021772861480713 -5.699999809265137
endloop
endfacet
facet normal -0.3801225584685851 -0.9249361278181846 0
outer loop
vertex -70.14978790283203 2.8525609970092773 9.5
vertex -70.14978790283203 2.8525609970092773 -3.700000047683716
vertex -68.97145080566406 2.368297815322876 9.5
endloop
endfacet
facet normal 0 0 -1
outer loop
vertex 73.45020294189453 50.857513427734375 -5.699999809265137
vertex 72.04104614257812 50.799293518066406 -5.699999809265137
vertex 72.88082885742188 52.12606430053711 -5.699999809265137
endloop
endfacet
facet normal 0 0 1
outer loop
vertex 57.25674819946289 -53.860774993896484 11.5
vertex 57.419002532958984 -53.849246978759766 11.5
vertex -47.756717681884766 -47.6501579284668 11.5
endloop
endfacet
facet normal -0.9731754746158768 -0.23006411194743664 0
outer loop
vertex -74.5486068725586 7.77000093460083 9.5
vertex -74.63368225097656 8.129871368408203 9.5
vertex -74.5486068725586 7.77000093460083 -3.700000047683716
endloop
endfacet
facet normal 0 0 -1
outer loop
vertex 73.77362823486328 49.489418029785156 -5.699999809265137
vertex 72.32508087158203 49.93661880493164 -5.699999809265137
vertex 73.45020294189453 50.857513427734375 -5.699999809265137
endloop
endfacet
facet normal 0 0 1
outer loop
vertex 56.24396514892578 -54.09700393676758 11.5
vertex 56.64646911621094 -53.964420318603516 11.5
vertex -47.756717681884766 -47.6501579284668 11.5
endloop
endfacet
facet normal 0 0 -1
outer loop
vertex 52.892276763916016 -57.62100601196289 -5.699999809265137
vertex 52.73423767089844 -55.85259246826172 -5.699999809265137
vertex 53.69060516357422 -56.80619430541992 -5.699999809265137
endloop
endfacet
facet normal 0 0 -1
outer loop
vertex -67.86032104492188 4.657195091247559 -5.699999809265137
vertex -66.88391876220703 4.512760162353516 -5.699999809265137
vertex -67.27433013916016 3.2021772861480713 -5.699999809265137
endloop
endfacet
facet normal -0.005403009128156923 -0.9999854036396537 0
outer loop
vertex -67.39337921142578 2.048103094100952 9.5
vertex -58.499977111816406 2.000051259994507 -3.700000047683716
vertex -58.499977111816406 2.000051259994507 9.5
endloop
endfacet
facet normal 0 0 1
outer loop
vertex 55.688255310058594 -54.36854553222656 11.5
vertex -47.756717681884766 -47.6501579284668 11.5
vertex 55.52151107788086 -54.47057342529297 11.5
endloop
endfacet
facet normal 0 0 -1
outer loop
vertex 72.88082885742188 52.12606430053711 -5.699999809265137
vertex 71.5894546508789 51.67695236206055 -5.699999809265137
vertex 72.08241271972656 53.26445770263672 -5.699999809265137
endloop
endfacet
facet normal 0 0 1
outer loop
vertex 55.039154052734375 -54.85853576660156 11.5
vertex 55.141395568847656 -54.76151657104492 11.5
vertex -47.756717681884766 -47.6501579284668 11.5
endloop
endfacet
facet normal -0.5487038276484927 -0.836016811747164 0
outer loop
vertex -57.3102912902832 1.6988341808319092 9.5
vertex -56.95601272583008 1.4663101434707642 -3.700000047683716
vertex -56.95601272583008 1.4663101434707642 9.5
endloop
endfacet
facet normal 0.002834798402967527 0.9999959819509349 0
outer loop
vertex -49.19997787475586 9.80005168914795 5.300000190734863
vertex -66.75650024414062 9.849821090698242 5.300000190734863
vertex -66.75650024414062 9.849821090698242 10.5
endloop
endfacet
facet normal 0 0 1
outer loop
vertex -47.756717681884766 -47.6501579284668 11.5
vertex 53.69060516357422 -56.80619430541992 11.5
vertex 54.6213493347168 -55.34043502807617 11.5
endloop
endfacet
facet normal 0 0 -1
outer loop
vertex 51.94049072265625 -58.247013092041016 -5.699999809265137
vertex 49.85616683959961 -57.483116149902344 -5.699999809265137
vertex 50.41347885131836 -57.39320373535156 -5.699999809265137
endloop
endfacet
facet normal -0.6827401729705163 -0.7306612458671868 0
outer loop
vertex 67.00762939453125 48.91565704345703 10.5
vertex 67.13140106201172 48.80000305175781 5.300000190734863
vertex 67.13140106201172 48.80000305175781 10.5
endloop
endfacet
facet normal 0.682745097223126 0.7306566445449986 -1.6681728206571355e-7
outer loop
vertex -47.756500244140625 -47.150177001953125 10.5
vertex -48.1313591003418 -46.79990005493164 5.300000190734863
vertex -48.00769805908203 -46.91545104980469 10.5
endloop
endfacet
facet normal -0.19885049101288788 -0.9800298374151335 -1.77013121567869e-8
outer loop
vertex -68.97145080566406 2.368297815322876 9.5
vertex -67.4772720336914 2.0651254653930664 -3.700000047683716
vertex -67.4772720336914 2.0651252269744873 9.5
endloop
endfacet
facet normal 0 0 -1
outer loop
vertex 49.78533935546875 -58.8357048034668 -5.699999809265137
vertex -10.899977684020996 -58.80573654174805 -5.699999809265137
vertex 49.6480712890625 -57.49644088745117 -5.699999809265137
endloop
endfacet
facet normal 0 0 -1
outer loop
vertex 54.75283432006836 -55.17097091674805 -5.699999809265137
vertex 53.53071212768555 -54.06294250488281 -5.699999809265137
vertex 55.039154052734375 -54.85853576660156 -5.699999809265137
endloop
endfacet
facet normal 0 0 -1
outer loop
vertex -72.88078308105469 6.8740386962890625 -5.699999809265137
vertex -71.58941650390625 7.323148727416992 -5.699999809265137
vertex -72.08236694335938 5.735645294189453 -5.699999809265137
endloop
endfacet
facet normal -0.6957137134203737 -0.7183191692824055 5.186128762745946e-7
outer loop
vertex -72.96464538574219 4.982651233673096 9.5
vertex -71.80799102783203 3.862387180328369 -3.700000047683716
vertex -72.66002655029297 4.687618732452393 9.5
endloop
endfacet
facet normal 0.38012420233310584 0.924935452234706 0
outer loop
vertex 68.97149658203125 56.631805419921875 -3.700000047683716
vertex 68.97149658203125 56.631805419921875 9.5
vertex 70.14971923828125 56.147586822509766 9.5
endloop
endfacet
facet normal 0 0 -1
outer loop
vertex -72.04100799560547 8.200807571411133 -5.699999809265137
vertex -73.45015716552734 8.14258861541748 -5.699999809265137
vertex -72.32504272460938 9.063482284545898 -5.699999809265137
endloop
endfacet
facet normal 0 0 1
outer loop
vertex 53.69060516357422 -56.80619430541992 11.5
vertex -9.98330020904541 -51.376346588134766 11.5
vertex -9.869647979736328 -51.46961975097656 11.5
endloop
endfacet
facet normal -0.9519872176697821 -0.3061377751819378 0
outer loop
vertex -56.15544128417969 0.34619659185409546 9.5
vertex -56.0637092590332 0.06094033643603325 -3.700000047683716
vertex -56.0637092590332 0.06094033643603325 9.5
endloop
endfacet
facet normal 0 0 1
outer loop
vertex -73.84523010253906 10.55102252960205 11.5
vertex -68.4999771118164 27.834026336669922 11.5
vertex -68.64276885986328 27.93400764465332 11.5
endloop
endfacet
facet normal 0 0 -1
outer loop
vertex -73.84523010253906 10.55102252960205 -5.699999809265137
vertex -72.4814224243164 10.039617538452148 -5.699999809265137
vertex -73.7735824584961 9.5106840133667 -5.699999809265137
endloop
endfacet
facet normal 0 0 -1
outer loop
vertex -72.4814224243164 10.039617538452148 -5.699999809265137
vertex -73.84523010253906 10.55102252960205 -5.699999809265137
vertex -72.4999771118164 10.50995922088623 -5.699999809265137
endloop
endfacet
facet normal -0.00037336346882004483 -0.9999999302208106 0.00001257355618936978
outer loop
vertex -29.999977111816406 49.18642044067383 6.5
vertex -45.999977111816406 49.1923942565918 6.5
vertex 66.75654602050781 49.1502799987793 5.300000190734863
endloop
endfacet
facet normal 0 0 1
outer loop
vertex 67.65023040771484 -46.75672912597656 11.5
vertex 67.58326721191406 -47.0064697265625 11.5
vertex 72.9934310913086 -49.92021942138672 11.5
endloop
endfacet
facet normal 0.00035894326473915537 0.9999999355797639 -4.480664154235758e-7
outer loop
vertex -66.48800659179688 57.00004959106445 -3.700000047683716
vertex -1.7558294534683228 56.9768180847168 4.5
vertex 67.39342498779297 56.95199966430664 9.5
endloop
endfacet
facet normal 0 0 1
outer loop
vertex 49.867637634277344 -58.83043670654297 11.5
vertex 50.86962890625 -58.65983200073242 11.5
vertex -9.869647979736328 -51.46961975097656 11.5
endloop
endfacet
facet normal -0.000373492798576042 -0.9999999302515623 0
outer loop
vertex -66.4999771118164 49.200050354003906 6.5
vertex -66.4999771118164 49.200050354003906 5.300000190734863
vertex 66.75654602050781 49.1502799987793 5.300000190734863
endloop
endfacet
facet normal 0 0 1
outer loop
vertex -9.664388656616211 -52.14626693725586 11.5
vertex -9.70706844329834 -52.28696060180664 11.5
vertex 49.78533935546875 -58.8357048034668 11.5
endloop
endfacet
facet normal 0.11427280380565824 0.9934494080276024 0
outer loop
vertex -48.972930908203125 9.773935317993164 5.300000190734863
vertex -49.19997787475586 9.80005168914795 5.300000190734863
vertex -48.972930908203125 9.773935317993164 10.5
endloop
endfacet
facet normal 0 0 -1
outer loop
vertex -69.60997009277344 5.369997501373291 -5.699999809265137
vertex -68.7269058227539 4.929067611694336 -5.699999809265137
vertex -69.92024993896484 4.006639003753662 -5.699999809265137
endloop
endfacet
facet normal 0.6827626409742833 0.730640250800503 0
outer loop
vertex -67.13135528564453 10.20009994506836 5.300000190734863
vertex -67.13135528564453 10.20009994506836 10.5
vertex -67.0075912475586 10.08444595336914 10.5
endloop
endfacet
facet normal 0.9748156597622473 0.22301217339484913 0
outer loop
vertex -67.16497039794922 10.347012519836426 10.5
vertex -67.19998168945312 10.500051498413086 5.300000190734863
vertex -67.19998168945312 10.500051498413086 10.5
endloop
endfacet
facet normal 0 0 -1
outer loop
vertex 54.6213493347168 -55.34043502807617 -5.699999809265137
vertex 53.53071212768555 -54.06294250488281 -5.699999809265137
vertex 54.75283432006836 -55.17097091674805 -5.699999809265137
endloop
endfacet
facet normal 0 0 1
outer loop
vertex 67.12136840820312 -47.51435089111328 11.5
vertex 70.12603759765625 -52.88075637817383 11.5
vertex 71.2644271850586 -52.082340240478516 11.5
endloop
endfacet
facet normal 0 0 1
outer loop
vertex -72.99339294433594 51.92032241821289 11.5
vertex -73.52194213867188 50.63422775268555 11.5
vertex -68.9999771118164 50.57296371459961 11.5
endloop
endfacet
facet normal 0.9748158061626243 0.22301153345850333 0
outer loop
vertex -48.16497039794922 -46.65297317504883 10.5
vertex -48.19997787475586 -46.49995040893555 5.300000190734863
vertex -48.19997787475586 -46.49995040893555 10.5
endloop
endfacet
facet normal 0 0 -1
outer loop
vertex -67.27433013916016 3.2021772861480713 -5.699999809265137
vertex -66.88391876220703 4.512760162353516 -5.699999809265137
vertex -56.205467224121094 4.500051498413086 -5.699999809265137
endloop
endfacet
facet normal 0 0 1
outer loop
vertex 66.97098541259766 -47.601173400878906 11.5
vertex 70.12603759765625 -52.88075637817383 11.5
vertex 67.04997253417969 -47.5643424987793 11.5
endloop
endfacet
facet normal 0 0 1
outer loop
vertex -10.11296558380127 -52.6928596496582 11.5
vertex -10.253660202026367 -52.735538482666016 11.5
vertex 49.78533935546875 -58.8357048034668 11.5
endloop
endfacet
facet normal -0.8893545540212131 -0.4572181943467789 0
outer loop
vertex -55.563968658447266 -55.83763885498047 9.5
vertex -54.929779052734375 -57.07122802734375 -3.700000047683716
vertex -54.929779052734375 -57.07122802734375 9.5
endloop
endfacet
facet normal -0.22300096804650277 0.9748182231833393 0
outer loop
vertex 66.5000228881836 -47.199947357177734 5.300000190734863
vertex 66.5000228881836 -47.199947357177734 10.5
vertex 66.6530532836914 -47.164939880371094 10.5
endloop
endfacet
facet normal 0 0 -1
outer loop
vertex -58.49374008178711 3.1542062759399414 -5.699999809265137
vertex -67.27433013916016 3.2021772861480713 -5.699999809265137
vertex -56.205467224121094 4.500051498413086 -5.699999809265137
endloop
endfacet
facet normal 0 0 -1
outer loop
vertex -52.38465118408203 -56.26951217651367 -5.699999809265137
vertex -53.959503173828125 -56.43305969238281 -5.699999809265137
vertex -52.821807861328125 -55.727134704589844 -5.699999809265137
endloop
endfacet
facet normal 0 0 1
outer loop
vertex 66.61117553710938 -47.68583297729492 11.5
vertex 68.85748291015625 -53.450130462646484 11.5
vertex 66.9111328125 -47.61721420288086 11.5
endloop
endfacet
facet normal 0 0 -1
outer loop
vertex -58.4100341796875 3.1468827724456787 -5.699999809265137
vertex -58.49374008178711 3.1542062759399414 -5.699999809265137
vertex -56.205467224121094 4.500051498413086 -5.699999809265137
endloop
endfacet
facet normal 0 0 1
outer loop
vertex -55.73002624511719 1.8745015859603882 11.5
vertex -55.4733772277832 1.5372893810272217 11.5
vertex -49.229347229003906 9.300132751464844 11.5
endloop
endfacet
facet normal 0 0 1
outer loop
vertex -55.17256546020508 0.9969436526298523 11.5
vertex -55.09418487548828 0.8178645372390747 11.5
vertex -48.69997787475586 8.766457557678223 11.5
endloop
endfacet
facet normal 0 0 1
outer loop
vertex -54.48036575317383 -55.41990661621094 11.5
vertex -53.959503173828125 -56.43305969238281 11.5
vertex -48.47162628173828 -47.16404724121094 11.5
endloop
endfacet
facet normal 0 0 1
outer loop
vertex -73.45015716552734 8.14258861541748 11.5
vertex -72.88078308105469 6.8740386962890625 11.5
vertex -67.47273254394531 9.834772109985352 11.5
endloop
endfacet
facet normal 0 0 -1
outer loop
vertex -57.3038215637207 2.95324444770813 -5.699999809265137
vertex -57.423709869384766 2.985368490219116 -5.699999809265137
vertex -55.863792419433594 4.478939056396484 -5.699999809265137
endloop
endfacet
facet normal 0 0 1
outer loop
vertex -72.08236694335938 5.735645294189453 11.5
vertex -71.08357238769531 4.768270969390869 11.5
vertex -67.47273254394531 9.834772109985352 11.5
endloop
endfacet
facet normal 0.06870382763688672 -0.9976371003867293 0
outer loop
vertex 67.66304016113281 -54.91903305053711 -3.700000047683716
vertex 66.48805236816406 -54.99995040893555 9.5
vertex 66.48805236816406 -54.99995040893555 -3.700000047683716
endloop
endfacet
facet normal 0.7832692646305982 0.6216826031705496 3.620959951547343e-7
outer loop
vertex -48.340576171875 9.311354637145996 10.5
vertex -48.50690460205078 9.520917892456055 5.300000190734863
vertex -48.397979736328125 9.383678436279297 10.5
endloop
endfacet
facet normal 0.9999998744298644 -0.0005011389581129805 0
outer loop
vertex 74.95197296142578 -47.39335250854492 -3.700000047683716
vertex 75.0000228881836 48.48807907104492 -3.700000047683716
vertex 74.95197296142578 -47.39335250854492 9.5
endloop
endfacet
facet normal 0.9999991536159311 -0.0013010625692049525 -0.0000019006911975631113
outer loop
vertex -67.17630004882812 28.70005226135254 6.5
vertex -67.19998168945312 10.500051498413086 5.300000190734863
vertex -67.15020751953125 48.75657272338867 5.300000190734863
endloop
endfacet
facet normal 0 0 1
outer loop
vertex -54.77863311767578 -54.30332565307617 11.5
vertex -54.48036575317383 -55.41990661621094 11.5
vertex -48.47162628173828 -47.16404724121094 11.5
endloop
endfacet
facet normal 0.9999991537656876 -0.001300948849321619 0
outer loop
vertex -67.15020751953125 48.75657272338867 5.300000190734863
vertex -67.15020751953125 48.75657272338867 6.5
vertex -67.17630004882812 28.70005226135254 6.5
endloop
endfacet
facet normal -0.6827512178235414 -0.7306509252442158 -4.924348487196066e-7
outer loop
vertex 66.75654602050781 49.1502799987793 10.5
vertex 67.13140106201172 48.80000305175781 5.300000190734863
vertex 67.00762939453125 48.91565704345703 10.5
endloop
endfacet
facet normal 0.9800303375081861 -0.19884802630046558 0
outer loop
vertex 74.93494415283203 -47.47727966308594 -3.700000047683716
vertex 74.95197296142578 -47.39335250854492 -3.700000047683716
vertex 74.93494415283203 -47.47727966308594 9.5
endloop
endfacet
facet normal 0.9249363611922494 -0.38012199060885793 0
outer loop
vertex 74.14752197265625 -50.14973831176758 -3.700000047683716
vertex 74.63177490234375 -48.9714241027832 -3.700000047683716
vertex 74.63177490234375 -48.9714241027832 9.5
endloop
endfacet
facet normal -0.924937198021245 0.3801199543783624 0
outer loop
vertex -74.63172912597656 50.97152328491211 -3.700000047683716
vertex -74.63172912597656 50.97152328491211 9.5
vertex -74.14742279052734 52.14997482299805 9.5
endloop
endfacet
facet normal 0 0 1
outer loop
vertex -54.845279693603516 -53.42275619506836 11.5
vertex -48.60120391845703 -46.970909118652344 11.5
vertex -48.61724090576172 -46.91105651855469 11.5
endloop
endfacet
facet normal 0 0 1
outer loop
vertex 67.61881256103516 48.91150665283203 11.5
vertex 67.68590545654297 48.6112060546875 11.5
vertex 73.45020294189453 50.857513427734375 11.5
endloop
endfacet
facet normal 0.7183154015094885 -0.6957176035966044 -2.458240716729402e-7
outer loop
vertex 72.01742553710938 -52.96461486816406 9.5
vertex 72.31241607666016 -52.660037994384766 -3.700000047683716
vertex 73.13768768310547 -51.807960510253906 -3.700000047683716
endloop
endfacet
facet normal 0 0 1
outer loop
vertex -48.514381408691406 -47.12129211425781 11.5
vertex -54.845279693603516 -53.42275619506836 11.5
vertex -48.47162628173828 -47.16404724121094 11.5
endloop
endfacet
facet normal -0.9249338343459433 0.3801281390286458 -8.54110828290477e-7
outer loop
vertex -74.01964569091797 52.46088409423828 9.5
vertex -74.63172912597656 50.97152328491211 -3.700000047683716
vertex -74.14742279052734 52.14997482299805 9.5
endloop
endfacet
facet normal 0.7183207256694053 -0.695712106459115 0
outer loop
vertex 72.01742553710938 -52.96461486816406 9.5
vertex 72.01742553710938 -52.96461486816406 -3.700000047683716
vertex 72.31241607666016 -52.660037994384766 -3.700000047683716
endloop
endfacet
facet normal 0 0 1
outer loop
vertex -66.75791931152344 9.349945068359375 11.5
vertex -67.27433013916016 3.2021772861480713 11.5
vertex -58.49374008178711 3.1542062759399414 11.5
endloop
endfacet
facet normal 0.22300657661529438 -0.9748169401412384 0
outer loop
vertex -66.7999267578125 49.131431579589844 6.5
vertex -66.4999771118164 49.200050354003906 5.300000190734863
vertex -66.4999771118164 49.200050354003906 6.5
endloop
endfacet
facet normal 0.40948542358221196 -0.9123166598685197 2.0998074887122886e-7
outer loop
vertex 69.23007202148438 -54.54857635498047 9.5
vertex 69.73907470703125 -54.32011795043945 -3.700000047683716
vertex 70.69911193847656 -53.88921356201172 -3.700000047683716
endloop
endfacet
facet normal -0.9800270676548622 0.1988641412216191 0
outer loop
vertex -74.93489074707031 49.477413177490234 9.5
vertex -74.9519271850586 49.393455505371094 -3.700000047683716
vertex -74.9519271850586 49.393455505371094 9.5
endloop
endfacet
facet normal -0.8366418052354905 0.5477503899882146 2.416251839393383e-7
outer loop
vertex -73.13764190673828 53.80806350708008 9.5
vertex -74.01964569091797 52.46088409423828 -3.700000047683716
vertex -73.7767562866211 52.831871032714844 9.5
endloop
endfacet
facet normal 0.230067911500666 -0.9731745763723969 3.5678813776443127e-7
outer loop
vertex 67.66304016113281 -54.91903305053711 9.5
vertex 68.87022399902344 -54.63364791870117 -3.700000047683716
vertex 69.23007202148438 -54.54857635498047 -3.700000047683716
endloop
endfacet
facet normal -0.7183150361754066 0.6957179807970499 0
outer loop
vertex -72.07733154296875 54.90281295776367 7.902644157409668
vertex -73.13764190673828 53.80806350708008 -3.700000047683716
vertex -72.07733154296875 54.90281295776367 8.5
endloop
endfacet
facet normal 0 0 1
outer loop
vertex -49.229347229003906 9.300132751464844 11.5
vertex -58.49374008178711 3.1542062759399414 11.5
vertex -58.4100341796875 3.1468827724456787 11.5
endloop
endfacet
facet normal 0 0 1
outer loop
vertex -66.75791931152344 9.349945068359375 11.5
vertex -58.49374008178711 3.1542062759399414 11.5
vertex -49.229347229003906 9.300132751464844 11.5
endloop
endfacet
facet normal 0 0 1
outer loop
vertex 67.48938751220703 -53.773555755615234 11.5
vertex 66.61117553710938 -47.68583297729492 11.5
vertex 66.44808197021484 -53.84526443481445 11.5
endloop
endfacet
facet normal 0.140951262701108 -0.9900165359947092 0
outer loop
vertex 57.41950988769531 -55.00394821166992 -3.700000047683716
vertex 56.99997329711914 -55.06367874145508 9.5
vertex 56.99997329711914 -55.06367874145508 -3.700000047683716
endloop
endfacet
facet normal 0 0 1
outer loop
vertex -73.84523010253906 10.55102252960205 11.5
vertex -68.64276885986328 27.93400764465332 11.5
vertex -68.76602172851562 28.05726432800293 11.5
endloop
endfacet
facet normal 0 0 1
outer loop
vertex -68.98478698730469 28.526403427124023 11.5
vertex -73.84523010253906 10.55102252960205 11.5
vertex -68.93966674804688 28.358030319213867 11.5
endloop
endfacet
facet normal 0.4625288131660419 -0.8866042504923971 -1.6595703519319205e-7
outer loop
vertex 56.2208366394043 -55.38941955566406 9.5
vertex 56.29821014404297 -55.34905242919922 -3.700000047683716
vertex 56.59654998779297 -55.19341278076172 -3.700000047683716
endloop
endfacet
facet normal 0 0 1
outer loop
vertex -68.17362976074219 27.71524429321289 11.5
vertex -73.84523010253906 10.55102252960205 11.5
vertex -67.9999771118164 27.70005226135254 11.5
endloop
endfacet
facet normal 0 0 1
outer loop
vertex -67.68738555908203 10.38854694366455 11.5
vertex -73.45015716552734 8.14258861541748 11.5
vertex -67.61724090576172 10.088944435119629 11.5
endloop
endfacet
facet normal 0.9910126575543694 0.13376812986291448 -6.855086120142577e-8
outer loop
vertex -48.19997787475586 8.80005168914795 10.5
vertex -48.23576736450195 9.065193176269531 5.300000190734863
vertex -48.22593307495117 8.992339134216309 10.5
endloop
endfacet
facet normal 0 0 1
outer loop
vertex -54.845279693603516 -53.42275619506836 11.5
vertex -48.68738555908203 -46.611454010009766 11.5
vertex -48.69997787475586 -46.49995040893555 11.5
endloop
endfacet
facet normal 0.9910120089170049 0.13377293516359032 0
outer loop
vertex -48.22593307495117 8.992339134216309 10.5
vertex -48.23576736450195 9.065193176269531 5.300000190734863
vertex -48.23576736450195 9.065193176269531 10.5
endloop
endfacet
facet normal 0.836642140713093 -0.5477498775746218 0
outer loop
vertex 73.13768768310547 -51.807960510253906 -3.700000047683716
vertex 73.77689361572266 -50.831626892089844 -3.700000047683716
vertex 73.13768768310547 -51.807960510253906 9.5
endloop
endfacet
facet normal -0.71834805809158 0.6956838847034306 0
outer loop
vertex -72.01737976074219 54.964717864990234 6.5
vertex -72.01737976074219 54.964717864990234 4.5
vertex -72.07733154296875 54.90281295776367 6.5
endloop
endfacet
facet normal 0 0 1
outer loop
vertex -55.36857223510742 1.372658610343933 11.5
vertex -48.774173736572266 9.053384780883789 11.5
vertex -48.85658264160156 9.15721607208252 11.5
endloop
endfacet
facet normal -0.22300657661529436 0.9748169401412384 0
outer loop
vertex 66.79997253417969 -47.13132858276367 5.300000190734863
vertex 66.5000228881836 -47.199947357177734 5.300000190734863
vertex 66.79997253417969 -47.13132858276367 10.5
endloop
endfacet
facet normal 0 0 1
outer loop
vertex -55.76154708862305 1.9195170402526855 11.5
vertex -55.73002624511719 1.8745015859603882 11.5
vertex -49.229347229003906 9.300132751464844 11.5
endloop
endfacet
facet normal 0.924935366880964 -0.38012441001963626 0
outer loop
vertex 74.01969146728516 -50.46078109741211 9.5
vertex 74.01969146728516 -50.46078109741211 -3.700000047683716
vertex 74.14752197265625 -50.14973831176758 -3.700000047683716
endloop
endfacet
facet normal 0 0 1
outer loop
vertex -55.36857223510742 1.372658610343933 11.5
vertex -55.17256546020508 0.9969436526298523 11.5
vertex -48.69997787475586 8.766457557678223 11.5
endloop
endfacet
facet normal 0 0 1
outer loop
vertex -54.96730041503906 0.4135260581970215 11.5
vertex -54.920536041259766 0.22370125353336334 11.5
vertex -48.69997787475586 8.766457557678223 11.5
endloop
endfacet
facet normal 0 0 -1
outer loop
vertex -54.77863311767578 -54.30332565307617 -5.699999809265137
vertex -53.499977111816406 -53.47221374511719 -5.699999809265137
vertex -53.48314666748047 -53.85609436035156 -5.699999809265137
endloop
endfacet
facet normal -0.7306540897510115 0.6827478312892108 0
outer loop
vertex 67.15025329589844 -46.7564697265625 5.300000190734863
vertex 66.79997253417969 -47.13132858276367 5.300000190734863
vertex 67.15025329589844 -46.7564697265625 10.5
endloop
endfacet
facet normal 0 0 -1
outer loop
vertex -50.571128845214844 -57.35280227661133 -5.699999809265137
vertex -49.8765983581543 -57.481563568115234 -5.699999809265137
vertex -50.22629165649414 -58.786319732666016 -5.699999809265137
endloop
endfacet
facet normal 0 0 1
outer loop
vertex -48.72224426269531 8.931419372558594 11.5
vertex -55.36857223510742 1.372658610343933 11.5
vertex -48.69997787475586 8.766457557678223 11.5
endloop
endfacet
facet normal 0 0 1
outer loop
vertex 71.0836181640625 54.23183059692383 11.5
vertex 67.47167205810547 49.16415023803711 11.5
vertex 72.08241271972656 53.26445770263672 11.5
endloop
endfacet
facet normal 0.9800293736357379 -0.19885277672474957 0
outer loop
vertex 74.63177490234375 -48.9714241027832 9.5
vertex 74.93494415283203 -47.47727966308594 -3.700000047683716
vertex 74.93494415283203 -47.47727966308594 9.5
endloop
endfacet
facet normal 0 0 -1
outer loop
vertex -53.50367736816406 1.9394155740737915 -5.699999809265137
vertex -55.09418487548828 0.8178645372390747 -5.699999809265137
vertex -53.55747604370117 2.3537981510162354 -5.699999809265137
endloop
endfacet
facet normal 0 0 1
outer loop
vertex -48.09676742553711 -47.51432418823242 11.5
vertex -52.341346740722656 -58.01847839355469 11.5
vertex -48.006500244140625 -47.58319091796875 11.5
endloop
endfacet
facet normal 0.7313337071466514 -0.6820198008790334 2.4438885444782966e-7
outer loop
vertex 55.594600677490234 -55.95598220825195 9.5
vertex 55.70561599731445 -55.836944580078125 -3.700000047683716
vertex 55.88362121582031 -55.64606857299805 -3.700000047683716
endloop
endfacet
facet normal 0.8451565723525337 -0.5345188193219359 0
outer loop
vertex 55.475135803222656 -56.144874572753906 -3.700000047683716
vertex 55.594600677490234 -55.95598220825195 -3.700000047683716
vertex 55.475135803222656 -56.144874572753906 9.5
endloop
endfacet
facet normal 0.9249363611922494 -0.38012199060885793 0
outer loop
vertex 74.14752197265625 -50.14973831176758 9.5
vertex 74.14752197265625 -50.14973831176758 -3.700000047683716
vertex 74.63177490234375 -48.9714241027832 9.5
endloop
endfacet
facet normal -0.4389474895847313 -0.898512716319175 0
outer loop
vertex -52.95955276489258 -59.00159454345703 9.5
vertex -52.95955276489258 -59.00159454345703 -3.700000047683716
vertex -52.00614929199219 -59.46735763549805 -3.700000047683716
endloop
endfacet
facet normal 0.714291875888707 -0.6998479235086662 0
outer loop
vertex 53.630340576171875 -58.51763916015625 -3.700000047683716
vertex 53.89779281616211 -58.244667053222656 -3.700000047683716
vertex 53.630340576171875 -58.51763916015625 9.5
endloop
endfacet
facet normal 0.5495131512039048 -0.835485066685189 0
outer loop
vertex 53.630340576171875 -58.51763916015625 -3.700000047683716
vertex 52.471473693847656 -59.27984619140625 9.5
vertex 52.471473693847656 -59.27984619140625 -3.700000047683716
endloop
endfacet
facet normal 0.3597027916687413 -0.933066933111293 0
outer loop
vertex 51.17725372314453 -59.77877426147461 -3.700000047683716
vertex 52.207008361816406 -59.381797790527344 -3.700000047683716
vertex 51.17725372314453 -59.77877426147461 9.5
endloop
endfacet
facet normal 0.8366369806616265 -0.5477577590407983 0
outer loop
vertex 73.77689361572266 -50.831626892089844 9.5
vertex 74.01969146728516 -50.46078109741211 -3.700000047683716
vertex 74.01969146728516 -50.46078109741211 9.5
endloop
endfacet
facet normal 0.16785044005327124 -0.9858124719103053 1.293408824775421e-7
outer loop
vertex 50.001800537109375 -59.978912353515625 9.5
vertex 50.5623893737793 -59.88346481323242 -3.700000047683716
vertex 51.17725372314453 -59.77877426147461 -3.700000047683716
endloop
endfacet
facet normal 0 0 1
outer loop
vertex -48.006500244140625 -47.58319091796875 11.5
vertex -52.341346740722656 -58.01847839355469 11.5
vertex -47.756717681884766 -47.6501579284668 11.5
endloop
endfacet
facet normal 0 0 -1
outer loop
vertex -56.17100143432617 2.3080766201019287 -5.699999809265137
vertex -56.322425842285156 2.4316587448120117 -5.699999809265137
vertex -54.698726654052734 4.044088840484619 -5.699999809265137
endloop
endfacet
facet normal 0 0 -1
outer loop
vertex -55.73002624511719 1.8745015859603882 -5.699999809265137
vertex -55.85856628417969 2.0217578411102295 -5.699999809265137
vertex -54.08597946166992 3.4794766902923584 -5.699999809265137
endloop
endfacet
facet normal 0 0 1
outer loop
vertex -73.84523010253906 10.55102252960205 11.5
vertex -67.68738555908203 10.38854694366455 11.5
vertex -67.69992065429688 10.500701904296875 11.5
endloop
endfacet
facet normal 0 0 -1
outer loop
vertex -56.17100143432617 2.3080766201019287 -5.699999809265137
vertex -54.37044143676758 3.785562515258789 -5.699999809265137
vertex -55.85856628417969 2.0217578411102295 -5.699999809265137
endloop
endfacet
facet normal 0.7183207256692354 -0.6957121064589504 6.877170497504791e-7
outer loop
vertex 72.01742553710938 -52.96461486816406 9.5
vertex 73.13768768310547 -51.807960510253906 -3.700000047683716
vertex 72.31241607666016 -52.660037994384766 9.5
endloop
endfacet
facet normal 0 0 -1
outer loop
vertex -56.678829193115234 2.6609437465667725 -5.699999809265137
vertex -56.732940673828125 2.698834180831909 -5.699999809265137
vertex -55.06297302246094 4.2488627433776855 -5.699999809265137
endloop
endfacet
facet normal -0.4389559343909477 -0.8985085907560367 -7.555183774498709e-7
outer loop
vertex -52.00614929199219 -59.46735763549805 -3.700000047683716
vertex -51.71326446533203 -59.610443115234375 -3.700000047683716
vertex -52.95955276489258 -59.00159454345703 9.5
endloop
endfacet
facet normal 0 0 -1
outer loop
vertex -55.06297302246094 4.2488627433776855 -5.699999809265137
vertex -57.23731231689453 2.9266726970672607 -5.699999809265137
vertex -55.45445251464844 4.394979476928711 -5.699999809265137
endloop
endfacet
facet normal 0.5742036672781783 -0.8187124943985473 0
outer loop
vertex 70.69911193847656 -53.88921356201172 9.5
vertex 72.01742553710938 -52.96461486816406 -3.700000047683716
vertex 72.01742553710938 -52.96461486816406 9.5
endloop
endfacet
facet normal 0 0 -1
outer loop
vertex -54.698726654052734 4.044088840484619 -5.699999809265137
vertex -56.678829193115234 2.6609437465667725 -5.699999809265137
vertex -55.06297302246094 4.2488627433776855 -5.699999809265137
endloop
endfacet
facet normal 0 0 -1
outer loop
vertex -53.85215377807617 3.1331629753112793 -5.699999809265137
vertex -55.73002624511719 1.8745015859603882 -5.699999809265137
vertex -54.08597946166992 3.4794766902923584 -5.699999809265137
endloop
endfacet
facet normal 0.409485423582221 -0.9123166598685398 0
outer loop
vertex 69.73907470703125 -54.32011795043945 9.5
vertex 70.69911193847656 -53.88921356201172 -3.700000047683716
vertex 70.69911193847656 -53.88921356201172 9.5
endloop
endfacet
facet normal 0 0 -1
outer loop
vertex -53.67456817626953 2.7549166679382324 -5.699999809265137
vertex -55.36857223510742 1.372658610343933 -5.699999809265137
vertex -53.85215377807617 3.1331629753112793 -5.699999809265137
endloop
endfacet
facet normal -0.6827475710259714 -0.7306543329496761 0
outer loop
vertex 67.13140106201172 48.80000305175781 5.300000190734863
vertex 66.75654602050781 49.1502799987793 10.5
vertex 66.75654602050781 49.1502799987793 5.300000190734863
endloop
endfacet
facet normal 0.16784748030853566 -0.9858129758499203 0
outer loop
vertex 50.001800537109375 -59.978912353515625 9.5
vertex 50.001800537109375 -59.978912353515625 -3.700000047683716
vertex 50.5623893737793 -59.88346481323242 -3.700000047683716
endloop
endfacet
facet normal 0 0 -1
outer loop
vertex 53.994014739990234 -53.37041091918945 -5.699999809265137
vertex 54.30009841918945 -53.0859489440918 -5.699999809265137
vertex 55.688255310058594 -54.36854553222656 -5.699999809265137
endloop
endfacet
facet normal 0.06386136960718751 -0.997958779445171 -4.4572882691275634e-7
outer loop
vertex 50.001800537109375 -59.978912353515625 -3.700000047683716
vertex 49.821983337402344 -59.99042510986328 9.5
vertex 49.90272521972656 -59.985252380371094 -3.700000047683716
endloop
endfacet
facet normal -0.0003734935315097409 -0.9999999302491117 0.000002086544004658243
outer loop
vertex -7.999978065490723 49.17820358276367 6.5
vertex -29.999977111816406 49.18642044067383 6.5
vertex 66.75654602050781 49.1502799987793 5.300000190734863
endloop
endfacet
facet normal 0 0 1
outer loop
vertex 67.47167205810547 49.16415023803711 11.5
vertex 67.61881256103516 48.91150665283203 11.5
vertex 73.45020294189453 50.857513427734375 11.5
endloop
endfacet
facet normal 0.9200754952424104 0.3917410918635239 -8.767136014508924e-8
outer loop
vertex -48.23576736450195 9.065193176269531 10.5
vertex -48.340576171875 9.311354637145996 5.300000190734863
vertex -48.3148193359375 9.250861167907715 10.5
endloop
endfacet
facet normal 0 0 -1
outer loop
vertex -57.23731231689453 2.9266726970672607 -5.699999809265137
vertex -57.3038215637207 2.95324444770813 -5.699999809265137
vertex -55.45445251464844 4.394979476928711 -5.699999809265137
endloop
endfacet
facet normal 0 0 1
outer loop
vertex -48.47162628173828 -47.16404724121094 11.5
vertex -53.235504150390625 -57.31260681152344 11.5
vertex -52.341346740722656 -58.01847839355469 11.5
endloop
endfacet
facet normal 0 0 1
outer loop
vertex -49.229347229003906 9.300132751464844 11.5
vertex -57.423709869384766 2.985368490219116 11.5
vertex -57.23731231689453 2.9266726970672607 11.5
endloop
endfacet
facet normal 0 0 1
outer loop
vertex -67.47273254394531 9.834772109985352 11.5
vertex -71.08357238769531 4.768270969390869 11.5
vertex -67.09786987304688 9.484493255615234 11.5
endloop
endfacet
facet normal 0 0 -1
outer loop
vertex -55.06297302246094 4.2488627433776855 -5.699999809265137
vertex -56.84885025024414 2.7573258876800537 -5.699999809265137
vertex -57.23731231689453 2.9266726970672607 -5.699999809265137
endloop
endfacet
facet normal -0.7720747148560132 -0.6355317731474452 -2.6479958378279525e-7
outer loop
vertex -54.048255920410156 -58.14213943481445 -3.700000047683716
vertex -54.929779052734375 -57.07122802734375 9.5
vertex -54.617313385009766 -57.45082092285156 -3.700000047683716
endloop
endfacet
facet normal 0 0 1
outer loop
vertex -67.00650024414062 9.416808128356934 11.5
vertex -69.92024993896484 4.006639003753662 11.5
vertex -66.75791931152344 9.349945068359375 11.5
endloop
endfacet
facet normal 0 0 1
outer loop
vertex 66.49980163574219 -47.699947357177734 11.5
vertex 66.44808197021484 -53.84526443481445 11.5
vertex 66.61117553710938 -47.68583297729492 11.5
endloop
endfacet
facet normal 0 0 -1
outer loop
vertex -53.499977111816406 -53.47221374511719 -5.699999809265137
vertex -54.84928512573242 -0.3585110306739807 -5.699999809265137
vertex -53.50367736816406 1.9394155740737915 -5.699999809265137
endloop
endfacet
facet normal 0 0 1
outer loop
vertex -69.92024993896484 4.006639003753662 11.5
vertex -67.00650024414062 9.416808128356934 11.5
vertex -67.09786987304688 9.484493255615234 11.5
endloop
endfacet
facet normal 0 0 1
outer loop
vertex -73.7735824584961 9.5106840133667 11.5
vertex -73.45015716552734 8.14258861541748 11.5
vertex -67.68738555908203 10.38854694366455 11.5
endloop
endfacet
facet normal 0 0 1
outer loop
vertex -71.08357238769531 4.768270969390869 11.5
vertex -69.92024993896484 4.006639003753662 11.5
vertex -67.09786987304688 9.484493255615234 11.5
endloop
endfacet
facet normal 0 0 -1
outer loop
vertex -57.423709869384766 2.985368490219116 -5.699999809265137
vertex -57.8351936340332 3.086672306060791 -5.699999809265137
vertex -55.863792419433594 4.478939056396484 -5.699999809265137
endloop
endfacet
facet normal 0 0 1
outer loop
vertex -73.84523010253906 10.55102252960205 11.5
vertex -68.9999771118164 28.70005226135254 11.5
vertex -68.9999771118164 50.57296371459961 11.5
endloop
endfacet
facet normal 0 0 1
outer loop
vertex 53.69060516357422 -56.80619430541992 11.5
vertex 51.94049072265625 -58.247013092041016 11.5
vertex 52.892276763916016 -57.62100601196289 11.5
endloop
endfacet
facet normal 0.6957163420163237 0.718316623399059 0
outer loop
vertex 72.96468353271484 54.017452239990234 -3.700000047683716
vertex 72.65999603271484 54.31255340576172 -3.700000047683716
vertex 72.96468353271484 54.017452239990234 9.5
endloop
endfacet
facet normal 0 0 1
outer loop
vertex -53.959503173828125 -56.43305969238281 11.5
vertex -53.235504150390625 -57.31260681152344 11.5
vertex -48.47162628173828 -47.16404724121094 11.5
endloop
endfacet
facet normal 0 0 1
outer loop
vertex -55.85856628417969 2.0217578411102295 11.5
vertex -55.76154708862305 1.9195170402526855 11.5
vertex -49.229347229003906 9.300132751464844 11.5
endloop
endfacet
facet normal 0.19885729693333712 0.9800284564523453 0
outer loop
vertex 67.47759246826172 56.93492126464844 9.5
vertex 67.39342498779297 56.95199966430664 -3.700000047683716
vertex 67.39342498779297 56.95199966430664 9.5
endloop
endfacet
facet normal 0.46252881316604827 -0.8866042504924094 0
outer loop
vertex 56.29821014404297 -55.34905242919922 9.5
vertex 56.59654998779297 -55.19341278076172 -3.700000047683716
vertex 56.59654998779297 -55.19341278076172 9.5
endloop
endfacet
facet normal -0.5477461336658567 -0.8366445918390716 7.341465692624324e-7
outer loop
vertex -70.83174896240234 3.223235845565796 -3.700000047683716
vertex -70.46080780029297 2.9803829193115234 -3.700000047683716
vertex -71.80799102783203 3.862387180328369 9.5
endloop
endfacet
facet normal -0.6957178590529323 -0.7183151540896028 -1.8541288854474074e-7
outer loop
vertex -72.96464538574219 4.982651233673096 9.5
vertex -72.66002655029297 4.687618732452393 -3.700000047683716
vertex -71.80799102783203 3.862387180328369 -3.700000047683716
endloop
endfacet
facet normal -0.3801225584685851 -0.9249361278181846 0
outer loop
vertex -70.14978790283203 2.8525609970092773 -3.700000047683716
vertex -68.97145080566406 2.368297815322876 -3.700000047683716
vertex -68.97145080566406 2.368297815322876 9.5
endloop
endfacet
facet normal 0.6056218313929115 -0.7957525980731696 -3.1060087577093915e-7
outer loop
vertex 55.88362121582031 -55.64606857299805 9.5
vertex 56.2208366394043 -55.38941955566406 -3.700000047683716
vertex 56.067928314208984 -55.50579833984375 9.5
endloop
endfacet
facet normal 0.19884985161500554 0.9800299671503302 -1.149321185584096e-7
outer loop
vertex 68.97149658203125 56.631805419921875 9.5
vertex 67.47758483886719 56.93492126464844 -3.700000047683716
vertex 67.47759246826172 56.93492126464844 9.5
endloop
endfacet
facet normal 0.7313337071466732 -0.6820198008790537 0
outer loop
vertex 55.70561599731445 -55.836944580078125 9.5
vertex 55.88362121582031 -55.64606857299805 -3.700000047683716
vertex 55.88362121582031 -55.64606857299805 9.5
endloop
endfacet
facet normal -0.9123176790759044 -0.40948315282259373 -1.5281402864803953e-7
outer loop
vertex -74.32011413574219 7.260930061340332 -3.700000047683716
vertex -73.88924407958984 6.300962924957275 -3.700000047683716
vertex -74.5486068725586 7.77000093460083 9.5
endloop
endfacet
facet normal -0.7720701966181275 -0.6355372620813144 4.822529217747053e-7
outer loop
vertex -54.929779052734375 -57.07122802734375 9.5
vertex -54.048255920410156 -58.14213943481445 -3.700000047683716
vertex -54.617313385009766 -57.45082092285156 9.5
endloop
endfacet
facet normal -0.9731760130537919 -0.23006183433313268 0
outer loop
vertex -74.91905975341797 9.337035179138184 -3.700000047683716
vertex -74.63368225097656 8.129870414733887 -3.700000047683716
vertex -74.91905975341797 9.337035179138184 9.5
endloop
endfacet
facet normal 0 0 1
outer loop
vertex 66.9111328125 -47.61721420288086 11.5
vertex 68.85748291015625 -53.450130462646484 11.5
vertex 66.97098541259766 -47.601173400878906 11.5
endloop
endfacet
facet normal -0.9976371003867293 -0.06870382763688672 0
outer loop
vertex -74.9999771118164 10.512022972106934 -3.700000047683716
vertex -74.91905975341797 9.337035179138184 -3.700000047683716
vertex -74.9999771118164 10.512022972106934 9.5
endloop
endfacet
facet normal 0.8451492541195117 -0.5345303904000529 0
outer loop
vertex 54.60106658935547 -57.52687072753906 9.5
vertex 55.475135803222656 -56.144874572753906 -3.700000047683716
vertex 55.475135803222656 -56.144874572753906 9.5
endloop
endfacet
facet normal -0.07818756099708785 -0.9969386667720972 0
outer loop
vertex -58.110233306884766 1.969484567642212 -3.700000047683716
vertex -58.499977111816406 2.000051259994507 9.5
vertex -58.499977111816406 2.000051259994507 -3.700000047683716
endloop
endfacet
facet normal -0.9661252090709972 -0.25807378866812863 0
outer loop
vertex -55.921932220458984 -54.49756622314453 -3.700000047683716
vertex -55.563968658447266 -55.83763885498047 -3.700000047683716
vertex -55.921932220458984 -54.49756622314453 9.5
endloop
endfacet
facet normal -0.39961950899005894 -0.9166811048748328 0
outer loop
vertex -57.698753356933594 1.8681809902191162 -3.700000047683716
vertex -57.3102912902832 1.6988341808319092 -3.700000047683716
vertex -57.698753356933594 1.8681809902191162 9.5
endloop
endfacet
facet normal 0.7142957238992967 -0.6998439960585358 0
outer loop
vertex 53.89779281616211 -58.244667053222656 9.5
vertex 54.60106658935547 -57.52687072753906 -3.700000047683716
vertex 54.60106658935547 -57.52687072753906 9.5
endloop
endfacet
facet normal -0.8866026568866431 -0.4625318678767395 0
outer loop
vertex -56.193443298339844 0.4643627107143402 -3.700000047683716
vertex -56.38945007324219 0.8400776386260986 9.5
vertex -56.38945007324219 0.8400776386260986 -3.700000047683716
endloop
endfacet
facet normal 0 0 1
outer loop
vertex -66.75791931152344 9.349945068359375 11.5
vertex -68.6341552734375 3.4780893325805664 11.5
vertex -67.27433013916016 3.2021772861480713 11.5
endloop
endfacet
facet normal -0.6820288184386539 -0.7313252975380699 -1.646699183792319e-7
outer loop
vertex -56.8193359375 1.3388493061065674 -3.700000047683716
vertex -56.64609909057617 1.1772898435592651 -3.700000047683716
vertex -56.95601272583008 1.4663101434707642 9.5
endloop
endfacet
facet normal 0 0 1
outer loop
vertex -49.229347229003906 9.300132751464844 11.5
vertex -58.01995086669922 3.120650291442871 11.5
vertex -57.8351936340332 3.086672306060791 11.5
endloop
endfacet
facet normal 0 0 1
outer loop
vertex -47.756717681884766 -47.6501579284668 11.5
vertex -10.399977684020996 -51.24995040893555 11.5
vertex 53.69060516357422 -56.80619430541992 11.5
endloop
endfacet
facet normal -0.9999999971612715 -0.00007534890131966468 0
outer loop
vertex -56.00397872924805 -0.3585979640483856 -3.700000047683716
vertex -55.999977111816406 -53.46643829345703 -3.700000047683716
vertex -56.00397872924805 -0.3585979640483856 9.5
endloop
endfacet
facet normal 0 0 1
outer loop
vertex 67.27725219726562 55.797340393066406 11.5
vertex -6.999978065490723 49.67782974243164 11.5
vertex 66.75672912597656 49.650264739990234 11.5
endloop
endfacet
facet normal 0 0 1
outer loop
vertex -56.84885025024414 2.7573258876800537 11.5
vertex -56.678829193115234 2.6609437465667725 11.5
vertex -49.229347229003906 9.300132751464844 11.5
endloop
endfacet
facet normal 0.00043560182944681476 0.9999999051255186 0
outer loop
vertex 66.5000228881836 -47.199947357177734 5.300000190734863
vertex -47.756500244140625 -47.150177001953125 5.300000190734863
vertex 66.5000228881836 -47.199947357177734 10.5
endloop
endfacet
facet normal 0.7306540897510115 -0.6827478312892109 0
outer loop
vertex -67.15020751953125 48.75657272338867 6.5
vertex -66.7999267578125 49.131431579589844 5.300000190734863
vertex -66.7999267578125 49.131431579589844 6.5
endloop
endfacet
facet normal 0 0 1
outer loop
vertex 66.97098541259766 -47.601173400878906 11.5
vertex 68.85748291015625 -53.450130462646484 11.5
vertex 70.12603759765625 -52.88075637817383 11.5
endloop
endfacet
facet normal 0 0 1
outer loop
vertex 67.12136840820312 -47.51435089111328 11.5
vertex 71.2644271850586 -52.082340240478516 11.5
vertex 67.16412353515625 -47.471595764160156 11.5
endloop
endfacet
facet normal 0.6957193042131526 0.7183137543895071 -1.325145760148598e-7
outer loop
vertex 72.65999603271484 54.31255340576172 -3.700000047683716
vertex 71.80803680419922 55.13771438598633 -3.700000047683716
vertex 72.96468353271484 54.017452239990234 9.5
endloop
endfacet
facet normal 0 0 1
outer loop
vertex -54.84928512573242 -0.3585110306739807 11.5
vertex -48.69997787475586 8.766457557678223 11.5
vertex -54.86348342895508 -0.1962183117866516 11.5
endloop
endfacet
facet normal 0 0 1
outer loop
vertex -73.52194213867188 50.63422775268555 11.5
vertex -73.79737091064453 49.27678298950195 11.5
vertex -68.9999771118164 50.57296371459961 11.5
endloop
endfacet
facet normal 0 0 1
outer loop
vertex 67.04997253417969 -47.5643424987793 11.5
vertex 70.12603759765625 -52.88075637817383 11.5
vertex 67.12136840820312 -47.51435089111328 11.5
endloop
endfacet
facet normal -0.9900166161589622 -0.14095069964054133 0
outer loop
vertex -56.0637092590332 0.06094033643603325 -3.700000047683716
vertex -56.00397872924805 -0.3585979640483856 -3.700000047683716
vertex -56.0637092590332 0.06094033643603325 9.5
endloop
endfacet
facet normal -0.9519872176697675 -0.3061377751819331 -1.7568154596125536e-7
outer loop
vertex -56.15544128417969 0.34619659185409546 -3.700000047683716
vertex -56.0637092590332 0.06094033643603325 -3.700000047683716
vertex -56.193443298339844 0.4643627107143402 9.5
endloop
endfacet
facet normal 0 0 1
outer loop
vertex -50.22629165649414 -58.786319732666016 11.5
vertex -10.93030834197998 -52.530277252197266 11.5
vertex -11.023580551147461 -52.4166259765625 11.5
endloop
endfacet
facet normal 0 0 1
outer loop
vertex -9.869647979736328 -52.530277252197266 11.5
vertex -9.98330020904541 -52.62355041503906 11.5
vertex 49.78533935546875 -58.8357048034668 11.5
endloop
endfacet
facet normal 0 0 -1
outer loop
vertex 73.79732513427734 -47.277099609375 -5.699999809265137
vertex 72.34288024902344 -47.860294342041016 -5.699999809265137
vertex 72.48731231689453 -46.88389205932617 -5.699999809265137
endloop
endfacet
facet normal 0 0 -1
outer loop
vertex 73.52198791503906 -48.634124755859375 -5.699999809265137
vertex 72.07100677490234 -48.72687911987305 -5.699999809265137
vertex 72.34288024902344 -47.860294342041016 -5.699999809265137
endloop
endfacet
facet normal 0 0 1
outer loop
vertex -10.546295166015625 -52.735538482666016 11.5
vertex -50.22629165649414 -58.786319732666016 11.5
vertex -10.399977684020996 -52.74995040893555 11.5
endloop
endfacet
facet normal 0 0 -1
outer loop
vertex 72.9934310913086 -49.92021942138672 -5.699999809265137
vertex 71.63007354736328 -49.60994338989258 -5.699999809265137
vertex 72.07100677490234 -48.72687911987305 -5.699999809265137
endloop
endfacet
facet normal 0 0 -1
outer loop
vertex 71.10218048095703 -50.349002838134766 -5.699999809265137
vertex 71.63007354736328 -49.60994338989258 -5.699999809265137
vertex 72.23180389404297 -51.08354568481445 -5.699999809265137
endloop
endfacet
facet normal 0 0 1
outer loop
vertex -11.135566711425781 -52.14626693725586 11.5
vertex -50.22629165649414 -58.786319732666016 11.5
vertex -11.092887878417969 -52.28696060180664 11.5
endloop
endfacet
facet normal 0 0 -1
outer loop
vertex 55.1864128112793 -54.72999572753906 -5.699999809265137
vertex 53.53071212768555 -54.06294250488281 -5.699999809265137
vertex 55.52151107788086 -54.47057342529297 -5.699999809265137
endloop
endfacet
facet normal 0 0 -1
outer loop
vertex 71.2644271850586 -52.082340240478516 -5.699999809265137
vertex 70.40848541259766 -51.0511474609375 -5.699999809265137
vertex 71.10218048095703 -50.349002838134766 -5.699999809265137
endloop
endfacet
facet normal 0 0 1
outer loop
vertex -47.756717681884766 -47.6501579284668 11.5
vertex -11.149977684020996 -51.99995040893555 11.5
vertex -11.135566711425781 -51.85363006591797 11.5
endloop
endfacet
facet normal 0 0 -1
outer loop
vertex 71.2644271850586 -52.082340240478516 -5.699999809265137
vertex 69.67692565917969 -51.589385986328125 -5.699999809265137
vertex 70.40848541259766 -51.0511474609375 -5.699999809265137
endloop
endfacet
facet normal 0 0 -1
outer loop
vertex -50.22629165649414 -58.786319732666016 -5.699999809265137
vertex -49.8765983581543 -57.481563568115234 -5.699999809265137
vertex -25.899978637695312 -58.79833221435547 -5.699999809265137
endloop
endfacet
facet normal 0 0 1
outer loop
vertex -47.756717681884766 -47.6501579284668 11.5
vertex -11.135566711425781 -51.85363006591797 11.5
vertex -11.092887878417969 -51.71293640136719 11.5
endloop
endfacet
facet normal 0 0 1
outer loop
vertex -47.756717681884766 -47.6501579284668 11.5
vertex -11.092887878417969 -51.71293640136719 11.5
vertex -11.023580551147461 -51.58327102661133 11.5
endloop
endfacet
facet normal 0 0 -1
outer loop
vertex -73.52194213867188 50.63422775268555 -5.699999809265137
vertex -72.99339294433594 51.92032241821289 -5.699999809265137
vertex -72.07096099853516 50.72698211669922 -5.699999809265137
endloop
endfacet
facet normal 0 0 -1
outer loop
vertex -72.07096099853516 50.72698211669922 -5.699999809265137
vertex -72.99339294433594 51.92032241821289 -5.699999809265137
vertex -71.63003540039062 51.610042572021484 -5.699999809265137
endloop
endfacet
facet normal 0 0 1
outer loop
vertex -47.756717681884766 -47.6501579284668 11.5
vertex -10.93030834197998 -51.46961975097656 11.5
vertex -10.816655158996582 -51.376346588134766 11.5
endloop
endfacet
facet normal 0 0 -1
outer loop
vertex -71.63003540039062 51.610042572021484 -5.699999809265137
vertex -72.23175811767578 53.083648681640625 -5.699999809265137
vertex -71.10213470458984 52.34910583496094 -5.699999809265137
endloop
endfacet
facet normal 0 0 -1
outer loop
vertex 67.86036682128906 54.3429069519043 -5.699999809265137
vertex 67.27725219726562 55.797340393066406 -5.699999809265137
vertex 68.63420104980469 55.52201461791992 -5.699999809265137
endloop
endfacet
facet normal 0 0 -1
outer loop
vertex -71.10213470458984 52.34910583496094 -5.699999809265137
vertex -71.2643814086914 54.08244323730469 -5.699999809265137
vertex -70.40843963623047 53.05125045776367 -5.699999809265137
endloop
endfacet
facet normal 0 0 1
outer loop
vertex -47.756717681884766 -47.6501579284668 11.5
vertex -10.686990737915039 -51.307037353515625 11.5
vertex -10.546295166015625 -51.26435852050781 11.5
endloop
endfacet
facet normal 0 0 -1
outer loop
vertex 68.79926300048828 -52.040977478027344 -5.699999809265137
vertex 68.85748291015625 -53.450130462646484 -5.699999809265137
vertex 67.93659210205078 -52.325008392333984 -5.699999809265137
endloop
endfacet
facet normal 0 0 -1
outer loop
vertex -70.40843963623047 53.05125045776367 -5.699999809265137
vertex -71.2643814086914 54.08244323730469 -5.699999809265137
vertex -69.6768798828125 53.5894889831543 -5.699999809265137
endloop
endfacet
facet normal 0.9123182129827561 0.40948196329014364 0
outer loop
vertex 74.54865264892578 51.2301025390625 9.5
vertex 74.54865264892578 51.2301025390625 -3.700000047683716
vertex 74.32013702392578 51.73923110961914 -3.700000047683716
endloop
endfacet
facet normal 0 0 -1
outer loop
vertex 68.85748291015625 -53.450130462646484 -5.699999809265137
vertex 68.79926300048828 -52.040977478027344 -5.699999809265137
vertex 70.12603759765625 -52.88075637817383 -5.699999809265137
endloop
endfacet
facet normal 0 0 1
outer loop
vertex -9.649977684020996 -51.99995040893555 11.5
vertex -9.664388656616211 -52.14626693725586 11.5
vertex 49.78533935546875 -58.8357048034668 11.5
endloop
endfacet
facet normal 0 0 -1
outer loop
vertex -69.6768798828125 53.5894889831543 -5.699999809265137
vertex -70.12599182128906 54.880859375 -5.699999809265137
vertex -68.79922485351562 54.041080474853516 -5.699999809265137
endloop
endfacet
facet normal 0.99101247932779 0.1337694502365408 0
outer loop
vertex -48.23576736450195 9.065193176269531 5.300000190734863
vertex -48.19997787475586 8.80005168914795 10.5
vertex -48.19997787475586 8.80005168914795 5.300000190734863
endloop
endfacet
facet normal 0 0 -1
outer loop
vertex -68.79922485351562 54.041080474853516 -5.699999809265137
vertex -68.8574447631836 55.450233459472656 -5.699999809265137
vertex -67.9365463256836 54.325111389160156 -5.699999809265137
endloop
endfacet
facet normal 0 0 -1
outer loop
vertex 53.53071212768555 -54.06294250488281 -5.699999809265137
vertex 53.73548889160156 -53.69869613647461 -5.699999809265137
vertex 55.52151107788086 -54.47057342529297 -5.699999809265137
endloop
endfacet
facet normal 0 0 -1
outer loop
vertex -67.9365463256836 54.325111389160156 -5.699999809265137
vertex -67.48934173583984 55.773658752441406 -5.699999809265137
vertex -66.96041107177734 54.48149871826172 -5.699999809265137
endloop
endfacet
facet normal 0 0 1
outer loop
vertex 67.51439666748047 -47.096736907958984 11.5
vertex 67.16412353515625 -47.471595764160156 11.5
vertex 72.23180389404297 -51.08354568481445 11.5
endloop
endfacet
facet normal 0 0 -1
outer loop
vertex -66.44850158691406 55.8453369140625 -5.699999809265137
vertex -66.96041107177734 54.48149871826172 -5.699999809265137
vertex -67.48934173583984 55.773658752441406 -5.699999809265137
endloop
endfacet
facet normal 0 0 -1
outer loop
vertex -71.08357238769531 4.768270969390869 -5.699999809265137
vertex -70.34902954101562 5.897892475128174 -5.699999809265137
vertex -69.60997009277344 5.369997501373291 -5.699999809265137
endloop
endfacet
facet normal 0 0 -1
outer loop
vertex 66.44808197021484 -53.84526443481445 -5.699999809265137
vertex 66.96045684814453 -52.48139572143555 -5.699999809265137
vertex 67.48938751220703 -53.773555755615234 -5.699999809265137
endloop
endfacet
facet normal 0 0 1
outer loop
vertex -9.70706844329834 -51.71293640136719 11.5
vertex -9.664388656616211 -51.85363006591797 11.5
vertex 49.78533935546875 -58.8357048034668 11.5
endloop
endfacet
facet normal -0.7183158457207445 0.6957171449564964 -2.703361719849384e-7
outer loop
vertex -72.31228637695312 54.66022872924805 -3.700000047683716
vertex -73.13764190673828 53.80806350708008 -3.700000047683716
vertex -72.01737976074219 54.964717864990234 4.5
endloop
endfacet
facet normal 0 0 -1
outer loop
vertex 57.419002532958984 -53.84929275512695 -5.699999809265137
vertex 55.84016036987305 -52.50364685058594 -5.699999809265137
vertex 66.44808197021484 -53.84526443481445 -5.699999809265137
endloop
endfacet
facet normal 0 0 -1
outer loop
vertex 56.83759307861328 -53.923187255859375 -5.699999809265137
vertex 55.84016036987305 -52.50364685058594 -5.699999809265137
vertex 57.25674819946289 -53.860774993896484 -5.699999809265137
endloop
endfacet
facet normal -0.7957439528779796 -0.605633190518921 0
outer loop
vertex -56.64609909057617 1.1772898435592651 9.5
vertex -56.38945007324219 0.8400776386260986 -3.700000047683716
vertex -56.38945007324219 0.8400776386260986 9.5
endloop
endfacet
facet normal 0 0 -1
outer loop
vertex 56.64646911621094 -53.964420318603516 -5.699999809265137
vertex 55.84016036987305 -52.50364685058594 -5.699999809265137
vertex 56.83759307861328 -53.923187255859375 -5.699999809265137
endloop
endfacet
facet normal 0 0 -1
outer loop
vertex 69.61001586914062 53.630104064941406 -5.699999809265137
vertex 69.92029571533203 54.993465423583984 -5.699999809265137
vertex 71.0836181640625 54.23183059692383 -5.699999809265137
endloop
endfacet
facet normal 0 0 -1
outer loop
vertex 54.30009841918945 -53.0859489440918 -5.699999809265137
vertex 54.64641189575195 -52.85212707519531 -5.699999809265137
vertex 56.24396514892578 -54.09700393676758 -5.699999809265137
endloop
endfacet
facet normal -0.4389474895847194 -0.8985127163191506 2.3209574050147013e-7
outer loop
vertex -52.95955276489258 -59.00159454345703 9.5
vertex -51.71326446533203 -59.610443115234375 -3.700000047683716
vertex -52.00614929199219 -59.46735763549805 9.5
endloop
endfacet
facet normal 0 0 -1
outer loop
vertex -53.235504150390625 -57.31260681152344 -5.699999809265137
vertex -51.852622985839844 -56.73416519165039 -5.699999809265137
vertex -52.341346740722656 -58.01847839355469 -5.699999809265137
endloop
endfacet
facet normal 0.9731760453332685 0.2300616977888639 -7.436966573174824e-8
outer loop
vertex 74.91910552978516 49.66306686401367 9.5
vertex 74.63371276855469 50.87029266357422 -3.700000047683716
vertex 74.54865264892578 51.2301025390625 -3.700000047683716
endloop
endfacet
facet normal 0.9731760453332712 0.2300616977888645 0
outer loop
vertex 74.63371276855469 50.87029266357422 9.5
vertex 74.54865264892578 51.2301025390625 -3.700000047683716
vertex 74.54865264892578 51.2301025390625 9.5
endloop
endfacet
facet normal 0 0 -1
outer loop
vertex 73.79732513427734 -47.277099609375 -5.699999809265137
vertex 72.5000228881836 48.490142822265625 -5.699999809265137
vertex 73.84529876708984 48.44865798950195 -5.699999809265137
endloop
endfacet
facet normal 0.7306540897510115 -0.6827478312892109 0
outer loop
vertex -67.15020751953125 48.75657272338867 6.5
vertex -67.15020751953125 48.75657272338867 5.300000190734863
vertex -66.7999267578125 49.131431579589844 5.300000190734863
endloop
endfacet
facet normal 0 0 -1
outer loop
vertex 72.08241271972656 53.26445770263672 -5.699999809265137
vertex 71.5894546508789 51.67695236206055 -5.699999809265137
vertex 71.05122375488281 52.40851593017578 -5.699999809265137
endloop
endfacet
facet normal -0.438955934391073 -0.8985085907562932 0
outer loop
vertex -52.00614929199219 -59.46735763549805 9.5
vertex -51.71326446533203 -59.610443115234375 -3.700000047683716
vertex -51.71326446533203 -59.610443115234375 9.5
endloop
endfacet
facet normal 0 0 1
outer loop
vertex 67.70001983642578 48.49979019165039 11.5
vertex 67.65023040771484 -46.75672912597656 11.5
vertex 73.84529876708984 48.44865798950195 11.5
endloop
endfacet
facet normal -0.2382791704653207 -0.9711967035170366 0
outer loop
vertex -51.71326446533203 -59.610443115234375 9.5
vertex -51.71326446533203 -59.610443115234375 -3.700000047683716
vertex -51.05897903442383 -59.77096939086914 -3.700000047683716
endloop
endfacet
facet normal 0.0003588865055767933 0.999999935600236 0
outer loop
vertex -66.48800659179688 57.00004959106445 -3.700000047683716
vertex -66.48800659179688 57.00004959106445 4.5
vertex -1.7558294534683228 56.9768180847168 4.5
endloop
endfacet
facet normal 0.3552825465192106 0.9347589593787401 0
outer loop
vertex -48.72283935546875 9.67888069152832 10.5
vertex -48.972930908203125 9.773935317993164 5.300000190734863
vertex -48.972930908203125 9.773935317993164 10.5
endloop
endfacet
facet normal -0.718322427598856 0.6957103492157971 0.0000015874384504965665
outer loop
vertex -72.01737976074219 54.964717864990234 4.5
vertex -73.13764190673828 53.80806350708008 -3.700000047683716
vertex -72.07733154296875 54.90281295776367 6.5
endloop
endfacet
facet normal -0.9661252090709972 -0.25807378866812863 0
outer loop
vertex -55.921932220458984 -54.49756622314453 9.5
vertex -55.563968658447266 -55.83763885498047 -3.700000047683716
vertex -55.563968658447266 -55.83763885498047 9.5
endloop
endfacet
facet normal 0 0 1
outer loop
vertex 73.79732513427734 -47.277099609375 11.5
vertex 67.65023040771484 -46.75672912597656 11.5
vertex 73.52198791503906 -48.634124755859375 11.5
endloop
endfacet
facet normal 0 0 -1
outer loop
vertex 55.688255310058594 -54.36854553222656 -5.699999809265137
vertex 54.30009841918945 -53.0859489440918 -5.699999809265137
vertex 56.06246566772461 -54.169654846191406 -5.699999809265137
endloop
endfacet
facet normal -0.23827548820356975 -0.9711976069375959 1.9350552613333435e-7
outer loop
vertex -51.71326446533203 -59.610443115234375 9.5
vertex -51.05897903442383 -59.77096939086914 -3.700000047683716
vertex -50.366153717041016 -59.940948486328125 -3.700000047683716
endloop
endfacet
facet normal 0.9748118580152167 0.22302879068165343 0
outer loop
vertex -67.19998168945312 10.500051498413086 5.300000190734863
vertex -67.13135528564453 10.20009994506836 10.5
vertex -67.13135528564453 10.20009994506836 5.300000190734863
endloop
endfacet
facet normal -0.9971476261750651 -0.0754759008785756 0
outer loop
vertex -55.921932220458984 -54.49756622314453 9.5
vertex -55.97254943847656 -53.82883834838867 9.5
vertex -55.921932220458984 -54.49756622314453 -3.700000047683716
endloop
endfacet
facet normal 0.9731758632719748 0.23006246791870724 2.2165642227607206e-8
outer loop
vertex 74.54865264892578 51.2301025390625 -3.700000047683716
vertex 74.63371276855469 50.87029266357422 9.5
vertex 74.91910552978516 49.66306686401367 9.5
endloop
endfacet
facet normal 0 0 -1
outer loop
vertex -10.899977684020996 -58.80573654174805 -5.699999809265137
vertex -10.899977684020996 -57.487388610839844 -5.699999809265137
vertex 49.6480712890625 -57.49644088745117 -5.699999809265137
endloop
endfacet
facet normal -0.4094819234601151 0.9123182308599365 0
outer loop
vertex -69.23002624511719 56.54867935180664 4.5
vertex -69.73896789550781 56.320247650146484 -3.700000047683716
vertex -69.73896789550781 56.320247650146484 4.5
endloop
endfacet
facet normal -0.9971482556512169 -0.07546758411103303 -4.2375125719583066e-7
outer loop
vertex -55.999977111816406 -53.46643829345703 9.5
vertex -55.921932220458984 -54.49756622314453 -3.700000047683716
vertex -55.97254943847656 -53.82883834838867 9.5
endloop
endfacet
facet normal 0 0 -1
outer loop
vertex 49.78533935546875 -58.8357048034668 -5.699999809265137
vertex 49.6480712890625 -57.49644088745117 -5.699999809265137
vertex 49.867637634277344 -58.83043670654297 -5.699999809265137
endloop
endfacet
facet normal 0 0 -1
outer loop
vertex 72.32508087158203 49.93661880493164 -5.699999809265137
vertex 72.04104614257812 50.799293518066406 -5.699999809265137
vertex 73.45020294189453 50.857513427734375 -5.699999809265137
endloop
endfacet
facet normal -0.9976371003867293 -0.06870382763688672 0
outer loop
vertex -74.9999771118164 10.512022972106934 9.5
vertex -74.91905975341797 9.337035179138184 -3.700000047683716
vertex -74.91905975341797 9.337035179138184 9.5
endloop
endfacet
facet normal -0.23006132952973807 0.9731761323907453 0
outer loop
vertex -69.23002624511719 56.54867935180664 4.5
vertex -68.87008666992188 56.63376998901367 4.5
vertex -69.23002624511719 56.54867935180664 -3.700000047683716
endloop
endfacet
facet normal 0.9999991534546802 -0.0013011878892687026 0
outer loop
vertex -67.19998168945312 10.500051498413086 5.300000190734863
vertex -67.17630004882812 28.70005226135254 6.5
vertex -67.17630004882812 28.70005226135254 9.5
endloop
endfacet
facet normal -0.5742036672781783 0.8187124943985472 0
outer loop
vertex -70.69906616210938 55.88931655883789 4.5
vertex -72.01737976074219 54.964717864990234 -3.700000047683716
vertex -72.01737976074219 54.964717864990234 4.5
endloop
endfacet
facet normal 0.19884887624533681 0.9800301650541002 0
outer loop
vertex 68.97149658203125 56.631805419921875 -3.700000047683716
vertex 67.47758483886719 56.93492126464844 -3.700000047683716
vertex 68.97149658203125 56.631805419921875 9.5
endloop
endfacet
facet normal 0 0 -1
outer loop
vertex 49.6480712890625 -57.49644088745117 -5.699999809265137
vertex 51.94049072265625 -58.247013092041016 -5.699999809265137
vertex 50.86962890625 -58.65983200073242 -5.699999809265137
endloop
endfacet
facet normal 0 0 -1
outer loop
vertex 70.34907531738281 53.102210998535156 -5.699999809265137
vertex 72.08241271972656 53.26445770263672 -5.699999809265137
vertex 71.05122375488281 52.40851593017578 -5.699999809265137
endloop
endfacet
facet normal -0.9999992363920313 0.0012358055487126792 0
outer loop
vertex -74.9519271850586 49.393455505371094 -3.700000047683716
vertex -74.9999771118164 10.512022972106934 -3.700000047683716
vertex -74.9519271850586 49.393455505371094 9.5
endloop
endfacet
facet normal 0 0 -1
outer loop
vertex 72.4814682006836 48.96048355102539 -5.699999809265137
vertex 72.32508087158203 49.93661880493164 -5.699999809265137
vertex 73.77362823486328 49.489418029785156 -5.699999809265137
endloop
endfacet
facet normal 0 0 1
outer loop
vertex -47.756717681884766 -47.6501579284668 11.5
vertex 54.75283432006836 -55.17097091674805 11.5
vertex 55.039154052734375 -54.85853576660156 11.5
endloop
endfacet
facet normal 0 0 1
outer loop
vertex 54.6213493347168 -55.34043502807617 11.5
vertex 54.71004867553711 -55.2137565612793 11.5
vertex -47.756717681884766 -47.6501579284668 11.5
endloop
endfacet
facet normal -0.6820203125107515 -0.7313332300139885 2.0872020198052655e-7
outer loop
vertex -56.95601272583008 1.4663101434707642 9.5
vertex -56.64609909057617 1.1772898435592651 -3.700000047683716
vertex -56.8193359375 1.3388493061065674 9.5
endloop
endfacet
facet normal 0 0 -1
outer loop
vertex 54.6213493347168 -55.34043502807617 -5.699999809265137
vertex 53.10889434814453 -55.22359848022461 -5.699999809265137
vertex 53.53071212768555 -54.06294250488281 -5.699999809265137
endloop
endfacet
facet normal -0.7183158457207708 0.6957171449565218 0
outer loop
vertex -73.13764190673828 53.80806350708008 9.5
vertex -72.31228637695312 54.66022872924805 9.5
vertex -73.13764190673828 53.80806350708008 -3.700000047683716
endloop
endfacet
facet normal 0 0 1
outer loop
vertex -67.69992065429688 10.500701904296875 11.5
vertex -67.67760467529297 27.70005226135254 11.5
vertex -73.84523010253906 10.55102252960205 11.5
endloop
endfacet
facet normal 0 0 1
outer loop
vertex -55.36857223510742 1.372658610343933 11.5
vertex -48.72224426269531 8.931419372558594 11.5
vertex -48.774173736572266 9.053384780883789 11.5
endloop
endfacet
facet normal 0 0 1
outer loop
vertex -56.17100143432617 2.3080766201019287 11.5
vertex -55.85856628417969 2.0217578411102295 11.5
vertex -49.229347229003906 9.300132751464844 11.5
endloop
endfacet
facet normal 0 0 1
outer loop
vertex -10.253660202026367 -52.735538482666016 11.5
vertex -10.399977684020996 -52.74995040893555 11.5
vertex 49.78533935546875 -58.8357048034668 11.5
endloop
endfacet
facet normal -0.6343981153460406 -0.7730064884885455 0
outer loop
vertex -9.98330020904541 -51.376346588134766 11.5
vertex -9.869647979736328 -51.46961975097656 5.300000190734863
vertex -9.869647979736328 -51.46961975097656 11.5
endloop
endfacet
facet normal -0.7730070588633648 -0.6343974203505326 0
outer loop
vertex -9.869647979736328 -51.46961975097656 11.5
vertex -9.776375770568848 -51.58327102661133 5.300000190734863
vertex -9.776375770568848 -51.58327102661133 11.5
endloop
endfacet
facet normal -0.8819219980712056 -0.4713953641245241 0
outer loop
vertex -9.776375770568848 -51.58327102661133 11.5
vertex -9.70706844329834 -51.71293640136719 5.300000190734863
vertex -9.70706844329834 -51.71293640136719 11.5
endloop
endfacet
facet normal -0.29028210596386006 -0.9569411157209133 0
outer loop
vertex -10.253660202026367 -51.26435852050781 11.5
vertex -10.11296558380127 -51.307037353515625 5.300000190734863
vertex -10.11296558380127 -51.307037353515625 11.5
endloop
endfacet
facet normal -0.09799758801780858 -0.9951866522128859 0
outer loop
vertex -10.399977684020996 -51.24995040893555 11.5
vertex -10.253660202026367 -51.26435852050781 5.300000190734863
vertex -10.253660202026367 -51.26435852050781 11.5
endloop
endfacet
facet normal 0.09799758801780858 -0.9951866522128859 0
outer loop
vertex -10.399977684020996 -51.24995040893555 11.5
vertex -10.546295166015625 -51.26435852050781 11.5
vertex -10.399977684020996 -51.24995040893555 5.300000190734863
endloop
endfacet
facet normal -0.471405454157962 -0.881916604781952 0
outer loop
vertex -10.11296558380127 -51.307037353515625 11.5
vertex -9.98330020904541 -51.376346588134766 5.300000190734863
vertex -9.98330020904541 -51.376346588134766 11.5
endloop
endfacet
facet normal -0.9951849411802953 -0.0980149623678562 0
outer loop
vertex -9.664388656616211 -51.85363006591797 11.5
vertex -9.649977684020996 -51.99995040893555 5.300000190734863
vertex -9.649977684020996 -51.99995040893555 11.5
endloop
endfacet
facet normal -0.9951846919156185 0.09801749321838116 0
outer loop
vertex -9.649977684020996 -51.99995040893555 11.5
vertex -9.664388656616211 -52.14626693725586 5.300000190734863
vertex -9.664388656616211 -52.14626693725586 11.5
endloop
endfacet
facet normal -0.9569387672783725 -0.2902898477035478 0
outer loop
vertex -9.70706844329834 -51.71293640136719 11.5
vertex -9.664388656616211 -51.85363006591797 5.300000190734863
vertex -9.664388656616211 -51.85363006591797 11.5
endloop
endfacet
facet normal -0.9569387672783725 0.2902898477035478 0
outer loop
vertex -9.664388656616211 -52.14626693725586 11.5
vertex -9.70706844329834 -52.28696060180664 5.300000190734863
vertex -9.70706844329834 -52.28696060180664 11.5
endloop
endfacet
facet normal -0.8819219980712056 0.4713953641245241 0
outer loop
vertex -9.70706844329834 -52.28696060180664 11.5
vertex -9.776375770568848 -52.4166259765625 5.300000190734863
vertex -9.776375770568848 -52.4166259765625 11.5
endloop
endfacet
facet normal -0.7730070588633648 0.6343974203505326 0
outer loop
vertex -9.776375770568848 -52.4166259765625 11.5
vertex -9.869647979736328 -52.530277252197266 5.300000190734863
vertex -9.869647979736328 -52.530277252197266 11.5
endloop
endfacet
facet normal -0.6343981153460406 0.7730064884885455 0
outer loop
vertex -9.869647979736328 -52.530277252197266 11.5
vertex -9.98330020904541 -52.62355041503906 5.300000190734863
vertex -9.98330020904541 -52.62355041503906 11.5
endloop
endfacet
facet normal -0.471405454157962 0.881916604781952 0
outer loop
vertex -9.98330020904541 -52.62355041503906 11.5
vertex -10.11296558380127 -52.6928596496582 5.300000190734863
vertex -10.11296558380127 -52.6928596496582 11.5
endloop
endfacet
facet normal 0.2902803041466764 -0.9569416622890411 0
outer loop
vertex -10.546295166015625 -51.26435852050781 11.5
vertex -10.686990737915039 -51.307037353515625 11.5
vertex -10.546295166015625 -51.26435852050781 5.300000190734863
endloop
endfacet
facet normal 0.4714081508281799 -0.8819151633421187 0
outer loop
vertex -10.686990737915039 -51.307037353515625 11.5
vertex -10.816655158996582 -51.376346588134766 11.5
vertex -10.686990737915039 -51.307037353515625 5.300000190734863
endloop
endfacet
facet normal 0.6343949344546084 -0.7730090990009969 0
outer loop
vertex -10.816655158996582 -51.376346588134766 11.5
vertex -10.93030834197998 -51.46961975097656 11.5
vertex -10.816655158996582 -51.376346588134766 5.300000190734863
endloop
endfacet
facet normal 0.7730070588633648 -0.6343974203505326 0
outer loop
vertex -10.93030834197998 -51.46961975097656 11.5
vertex -11.023580551147461 -51.58327102661133 11.5
vertex -10.93030834197998 -51.46961975097656 5.300000190734863
endloop
endfacet
facet normal 0.8819219980712056 -0.4713953641245241 0
outer loop
vertex -11.023580551147461 -51.58327102661133 11.5
vertex -11.092887878417969 -51.71293640136719 11.5
vertex -11.023580551147461 -51.58327102661133 5.300000190734863
endloop
endfacet
facet normal 0.9569405691426075 -0.29028390780238306 0
outer loop
vertex -11.092887878417969 -51.71293640136719 11.5
vertex -11.135566711425781 -51.85363006591797 11.5
vertex -11.092887878417969 -51.71293640136719 5.300000190734863
endloop
endfacet
facet normal 0.9569405691426075 0.29028390780238306 0
outer loop
vertex -11.092887878417969 -52.28696060180664 11.5
vertex -11.135566711425781 -52.14626693725586 5.300000190734863
vertex -11.135566711425781 -52.14626693725586 11.5
endloop
endfacet
facet normal 0.4714081508281799 0.8819151633421187 0
outer loop
vertex -10.816655158996582 -52.62355041503906 11.5
vertex -10.686990737915039 -52.6928596496582 11.5
vertex -10.816655158996582 -52.62355041503906 5.300000190734863
endloop
endfacet
facet normal 0.8819219980712056 0.4713953641245241 0
outer loop
vertex -11.092887878417969 -52.28696060180664 11.5
vertex -11.023580551147461 -52.4166259765625 11.5
vertex -11.092887878417969 -52.28696060180664 5.300000190734863
endloop
endfacet
facet normal 0.6343949344546084 0.7730090990009969 0
outer loop
vertex -10.816655158996582 -52.62355041503906 11.5
vertex -10.93030834197998 -52.530277252197266 5.300000190734863
vertex -10.93030834197998 -52.530277252197266 11.5
endloop
endfacet
facet normal 0.7730070588633648 0.6343974203505326 0
outer loop
vertex -11.023580551147461 -52.4166259765625 11.5
vertex -10.93030834197998 -52.530277252197266 11.5
vertex -11.023580551147461 -52.4166259765625 5.300000190734863
endloop
endfacet
facet normal 0.9951849411802953 -0.0980149623678562 0
outer loop
vertex -11.135566711425781 -51.85363006591797 11.5
vertex -11.149977684020996 -51.99995040893555 11.5
vertex -11.135566711425781 -51.85363006591797 5.300000190734863
endloop
endfacet
facet normal 0.9951846919156185 0.09801749321838116 0
outer loop
vertex -11.149977684020996 -51.99995040893555 11.5
vertex -11.135566711425781 -52.14626693725586 11.5
vertex -11.149977684020996 -51.99995040893555 5.300000190734863
endloop
endfacet
facet normal -0.29028210596386006 0.9569411157209133 0
outer loop
vertex -10.11296558380127 -52.6928596496582 11.5
vertex -10.253660202026367 -52.735538482666016 5.300000190734863
vertex -10.253660202026367 -52.735538482666016 11.5
endloop
endfacet
facet normal -0.09802328462763397 0.9951841214925055 0
outer loop
vertex -10.253660202026367 -52.735538482666016 11.5
vertex -10.399977684020996 -52.74995040893555 5.300000190734863
vertex -10.399977684020996 -52.74995040893555 11.5
endloop
endfacet
facet normal 0.09802328462763397 0.9951841214925055 0
outer loop
vertex -10.399977684020996 -52.74995040893555 11.5
vertex -10.546295166015625 -52.735538482666016 5.300000190734863
vertex -10.546295166015625 -52.735538482666016 11.5
endloop
endfacet
facet normal 0.2902803041466764 0.9569416622890411 0
outer loop
vertex -10.546295166015625 -52.735538482666016 11.5
vertex -10.686990737915039 -52.6928596496582 5.300000190734863
vertex -10.686990737915039 -52.6928596496582 11.5
endloop
endfacet
facet normal -0.6343981153460406 -0.7730064884885455 0
outer loop
vertex -9.98330020904541 -51.376346588134766 5.300000190734863
vertex -9.869647979736328 -51.46961975097656 5.300000190734863
vertex -9.98330020904541 -51.376346588134766 11.5
endloop
endfacet
facet normal -0.7730070588633648 -0.6343974203505326 0
outer loop
vertex -9.776375770568848 -51.58327102661133 5.300000190734863
vertex -9.869647979736328 -51.46961975097656 11.5
vertex -9.869647979736328 -51.46961975097656 5.300000190734863
endloop
endfacet
facet normal -0.8819219980712056 -0.4713953641245241 0
outer loop
vertex -9.70706844329834 -51.71293640136719 5.300000190734863
vertex -9.776375770568848 -51.58327102661133 11.5
vertex -9.776375770568848 -51.58327102661133 5.300000190734863
endloop
endfacet
facet normal -0.9569387672783725 -0.2902898477035478 0
outer loop
vertex -9.664388656616211 -51.85363006591797 5.300000190734863
vertex -9.70706844329834 -51.71293640136719 11.5
vertex -9.70706844329834 -51.71293640136719 5.300000190734863
endloop
endfacet
facet normal -0.29028210596386006 -0.9569411157209133 0
outer loop
vertex -10.253660202026367 -51.26435852050781 5.300000190734863
vertex -10.11296558380127 -51.307037353515625 5.300000190734863
vertex -10.253660202026367 -51.26435852050781 11.5
endloop
endfacet
facet normal -0.09799758801780858 -0.9951866522128859 0
outer loop
vertex -10.399977684020996 -51.24995040893555 5.300000190734863
vertex -10.253660202026367 -51.26435852050781 5.300000190734863
vertex -10.399977684020996 -51.24995040893555 11.5
endloop
endfacet
facet normal 0.09799758801780858 -0.9951866522128859 0
outer loop
vertex -10.546295166015625 -51.26435852050781 5.300000190734863
vertex -10.399977684020996 -51.24995040893555 5.300000190734863
vertex -10.546295166015625 -51.26435852050781 11.5
endloop
endfacet
facet normal -0.471405454157962 -0.881916604781952 0
outer loop
vertex -9.98330020904541 -51.376346588134766 5.300000190734863
vertex -10.11296558380127 -51.307037353515625 11.5
vertex -10.11296558380127 -51.307037353515625 5.300000190734863
endloop
endfacet
facet normal -0.9951849411802953 -0.0980149623678562 0
outer loop
vertex -9.649977684020996 -51.99995040893555 5.300000190734863
vertex -9.664388656616211 -51.85363006591797 11.5
vertex -9.664388656616211 -51.85363006591797 5.300000190734863
endloop
endfacet
facet normal -0.9951846919156185 0.09801749321838116 0
outer loop
vertex -9.664388656616211 -52.14626693725586 5.300000190734863
vertex -9.649977684020996 -51.99995040893555 11.5
vertex -9.649977684020996 -51.99995040893555 5.300000190734863
endloop
endfacet
facet normal -0.9569387672783725 0.2902898477035478 0
outer loop
vertex -9.70706844329834 -52.28696060180664 5.300000190734863
vertex -9.664388656616211 -52.14626693725586 11.5
vertex -9.664388656616211 -52.14626693725586 5.300000190734863
endloop
endfacet
facet normal -0.8819219980712056 0.4713953641245241 0
outer loop
vertex -9.776375770568848 -52.4166259765625 5.300000190734863
vertex -9.70706844329834 -52.28696060180664 11.5
vertex -9.70706844329834 -52.28696060180664 5.300000190734863
endloop
endfacet
facet normal -0.7730070588633648 0.6343974203505326 0
outer loop
vertex -9.869647979736328 -52.530277252197266 5.300000190734863
vertex -9.776375770568848 -52.4166259765625 11.5
vertex -9.776375770568848 -52.4166259765625 5.300000190734863
endloop
endfacet
facet normal -0.6343981153460406 0.7730064884885455 0
outer loop
vertex -9.98330020904541 -52.62355041503906 5.300000190734863
vertex -9.869647979736328 -52.530277252197266 11.5
vertex -9.869647979736328 -52.530277252197266 5.300000190734863
endloop
endfacet
facet normal -0.471405454157962 0.881916604781952 0
outer loop
vertex -10.11296558380127 -52.6928596496582 5.300000190734863
vertex -9.98330020904541 -52.62355041503906 11.5
vertex -9.98330020904541 -52.62355041503906 5.300000190734863
endloop
endfacet
facet normal 0.2902803041466764 -0.9569416622890411 0
outer loop
vertex -10.686990737915039 -51.307037353515625 5.300000190734863
vertex -10.546295166015625 -51.26435852050781 5.300000190734863
vertex -10.686990737915039 -51.307037353515625 11.5
endloop
endfacet
facet normal 0.4714081508281799 -0.8819151633421187 0
outer loop
vertex -10.816655158996582 -51.376346588134766 5.300000190734863
vertex -10.686990737915039 -51.307037353515625 5.300000190734863
vertex -10.816655158996582 -51.376346588134766 11.5
endloop
endfacet
facet normal 0.6343949344546084 -0.7730090990009969 0
outer loop
vertex -10.93030834197998 -51.46961975097656 5.300000190734863
vertex -10.816655158996582 -51.376346588134766 5.300000190734863
vertex -10.93030834197998 -51.46961975097656 11.5
endloop
endfacet
facet normal 0.7730070588633648 -0.6343974203505326 0
outer loop
vertex -11.023580551147461 -51.58327102661133 5.300000190734863
vertex -10.93030834197998 -51.46961975097656 5.300000190734863
vertex -11.023580551147461 -51.58327102661133 11.5
endloop
endfacet
facet normal 0.8819219980712056 -0.4713953641245241 0
outer loop
vertex -11.092887878417969 -51.71293640136719 5.300000190734863
vertex -11.023580551147461 -51.58327102661133 5.300000190734863
vertex -11.092887878417969 -51.71293640136719 11.5
endloop
endfacet
facet normal 0.9569405691426075 -0.29028390780238306 0
outer loop
vertex -11.135566711425781 -51.85363006591797 5.300000190734863
vertex -11.092887878417969 -51.71293640136719 5.300000190734863
vertex -11.135566711425781 -51.85363006591797 11.5
endloop
endfacet
facet normal 0.4714081508281799 0.8819151633421187 0
outer loop
vertex -10.686990737915039 -52.6928596496582 5.300000190734863
vertex -10.816655158996582 -52.62355041503906 5.300000190734863
vertex -10.686990737915039 -52.6928596496582 11.5
endloop
endfacet
facet normal 0.9569405691426075 0.29028390780238306 0
outer loop
vertex -11.092887878417969 -52.28696060180664 5.300000190734863
vertex -11.135566711425781 -52.14626693725586 5.300000190734863
vertex -11.092887878417969 -52.28696060180664 11.5
endloop
endfacet
facet normal 0.8819219980712056 0.4713953641245241 0
outer loop
vertex -11.023580551147461 -52.4166259765625 5.300000190734863
vertex -11.092887878417969 -52.28696060180664 5.300000190734863
vertex -11.023580551147461 -52.4166259765625 11.5
endloop
endfacet
facet normal 0.7730070588633648 0.6343974203505326 0
outer loop
vertex -10.93030834197998 -52.530277252197266 5.300000190734863
vertex -11.023580551147461 -52.4166259765625 5.300000190734863
vertex -10.93030834197998 -52.530277252197266 11.5
endloop
endfacet
facet normal 0.6343949344546084 0.7730090990009969 0
outer loop
vertex -10.816655158996582 -52.62355041503906 5.300000190734863
vertex -10.93030834197998 -52.530277252197266 5.300000190734863
vertex -10.816655158996582 -52.62355041503906 11.5
endloop
endfacet
facet normal 0.9951849411802953 -0.0980149623678562 0
outer loop
vertex -11.149977684020996 -51.99995040893555 5.300000190734863
vertex -11.135566711425781 -51.85363006591797 5.300000190734863
vertex -11.149977684020996 -51.99995040893555 11.5
endloop
endfacet
facet normal 0.9951846919156185 0.09801749321838116 0
outer loop
vertex -11.135566711425781 -52.14626693725586 5.300000190734863
vertex -11.149977684020996 -51.99995040893555 5.300000190734863
vertex -11.135566711425781 -52.14626693725586 11.5
endloop
endfacet
facet normal -0.29028210596386006 0.9569411157209133 0
outer loop
vertex -10.253660202026367 -52.735538482666016 5.300000190734863
vertex -10.11296558380127 -52.6928596496582 11.5
vertex -10.11296558380127 -52.6928596496582 5.300000190734863
endloop
endfacet
facet normal -0.09802328462763397 0.9951841214925055 0
outer loop
vertex -10.399977684020996 -52.74995040893555 5.300000190734863
vertex -10.253660202026367 -52.735538482666016 11.5
vertex -10.253660202026367 -52.735538482666016 5.300000190734863
endloop
endfacet
facet normal 0.09802328462763397 0.9951841214925055 0
outer loop
vertex -10.399977684020996 -52.74995040893555 5.300000190734863
vertex -10.546295166015625 -52.735538482666016 5.300000190734863
vertex -10.399977684020996 -52.74995040893555 11.5
endloop
endfacet
facet normal 0.2902803041466764 0.9569416622890411 0
outer loop
vertex -10.546295166015625 -52.735538482666016 5.300000190734863
vertex -10.686990737915039 -52.6928596496582 5.300000190734863
vertex -10.546295166015625 -52.735538482666016 11.5
endloop
endfacet
facet normal 0.9992227802762828 0.03941871861103017 0
outer loop
vertex -72.4814224243164 10.039617538452148 -5.699999809265137
vertex -72.4999771118164 10.50995922088623 -5.699999809265137
vertex -72.4999771118164 10.50995922088623 0
endloop
endfacet
facet normal 0.9874093572723701 0.15818584377549375 0
outer loop
vertex -72.32504272460938 9.063482284545898 -5.699999809265137
vertex -72.4814224243164 10.039617538452148 -5.699999809265137
vertex -72.4814224243164 10.039617538452148 0
endloop
endfacet
facet normal 0.949840731632363 0.3127340476061044 0
outer loop
vertex -72.04100799560547 8.200807571411133 -5.699999809265137
vertex -72.32504272460938 9.063482284545898 -5.699999809265137
vertex -72.32504272460938 9.063482284545898 0
endloop
endfacet
facet normal 0.8891954471908634 0.45752754747123214 0
outer loop
vertex -71.58941650390625 7.323148727416992 -5.699999809265137
vertex -72.04100799560547 8.200807571411133 -5.699999809265137
vertex -72.04100799560547 8.200807571411133 0
endloop
endfacet
facet normal 0.8054800979104465 0.5926228242906086 0
outer loop
vertex -71.05117797851562 6.591586589813232 -5.699999809265137
vertex -71.58941650390625 7.323148727416992 -5.699999809265137
vertex -71.58941650390625 7.323148727416992 0
endloop
endfacet
facet normal 0.7028110940361203 0.7113765290616157 0
outer loop
vertex -70.34902954101562 5.897892475128174 -5.699999809265137
vertex -71.05117797851562 6.591586589813232 -5.699999809265137
vertex -71.05117797851562 6.591586589813232 0
endloop
endfacet
facet normal 0.00014950566803868942 0.9999999888240275 0
outer loop
vertex 49.6480712890625 -57.49644088745117 -5.699999809265137
vertex -10.899977684020996 -57.487388610839844 -5.699999809265137
vertex -10.899977684020996 -57.487388610839844 -4.949999809265137
endloop
endfacet
facet normal 0.00014954486247667007 0.9999999888131609 0.0000031641957982580498
outer loop
vertex 49.6480712890625 -57.49644088745117 -5.699999809265137
vertex -10.899977684020996 -57.487388610839844 -4.949999809265137
vertex -11.014158248901367 -57.48737335205078 -4.375974655151367
endloop
endfacet
facet normal 0.00014943084714799854 0.9999999888330899 -0.0000020595903193522305
outer loop
vertex 49.6480712890625 -57.49644088745117 -5.699999809265137
vertex -11.014158248901367 -57.48737335205078 -4.375974655151367
vertex -11.339317321777344 -57.48732376098633 -3.8893399238586426
endloop
endfacet
facet normal 0.00014951768083006003 0.9999999888218571 8.651774172543976e-7
outer loop
vertex -11.339317321777344 -57.48732376098633 -3.8893399238586426
vertex -11.825952529907227 -57.48725128173828 -3.564180612564087
vertex 49.6480712890625 -57.49644088745117 -5.699999809265137
endloop
endfacet
facet normal 0.00014877666271886 0.9999999887233828 -0.00002046310925776903
outer loop
vertex 49.6480712890625 -57.49644088745117 -5.699999809265137
vertex -11.825952529907227 -57.48725128173828 -3.564180612564087
vertex -12.399977684020996 -57.48716354370117 -3.450000047683716
endloop
endfacet
facet normal 0.00014941520709328942 0.9999999888371032 -9.430347874357093e-7
outer loop
vertex 49.6480712890625 -57.49644088745117 -5.699999809265137
vertex -36.45988082885742 -57.48357009887695 -0.44999998807907104
vertex 36.4722900390625 -57.494468688964844 -1.9500000476837158
endloop
endfacet
facet normal 0.14633326830510943 0.9892353484318809 0
outer loop
vertex -66.88391876220703 4.512760162353516 -5.699999809265137
vertex -67.86032104492188 4.657195091247559 -5.699999809265137
vertex -67.86032104492188 4.657195091247559 0
endloop
endfacet
facet normal 0.00014943460254242786 0.9999999888346497 0
outer loop
vertex 36.4722900390625 -57.494468688964844 -1.9500000476837158
vertex -36.45988082885742 -57.48357009887695 -0.44999998807907104
vertex 36.4722900390625 -57.494468688964844 -0.44999998807907104
endloop
endfacet
facet normal 0.00014943460254242786 0.9999999888346497 0
outer loop
vertex 36.4722900390625 -57.494468688964844 -0.44999998807907104
vertex -36.45988082885742 -57.48357009887695 -0.44999998807907104
vertex 36.4722900390625 -57.494468688964844 0
endloop
endfacet
facet normal -0.00009527158852153473 -0.9999999954615663 4.3787836834625014e-7
outer loop
vertex 42.272315979003906 54.489688873291016 -2.8499999046325684
vertex -66.49007415771484 54.50004959106445 -5.699999809265137
vertex 66.88396453857422 54.487342834472656 -5.699999809265137
endloop
endfacet
facet normal 0.44672539998560906 0.8946711222609667 0
outer loop
vertex -68.7269058227539 4.929067611694336 -5.699999809265137
vertex -69.60997009277344 5.369997501373291 -5.699999809265137
vertex -69.60997009277344 5.369997501373291 0
endloop
endfacet
facet normal -0.00009525644271763637 -0.9999999954631051 0
outer loop
vertex 38.67231369018555 54.49003219604492 -1.0499999523162842
vertex -66.49007415771484 54.50004959106445 -5.699999809265137
vertex 38.67231369018555 54.49003219604492 -2.8499999046325684
endloop
endfacet
facet normal 0.5812348165713427 0.8137358834445472 0
outer loop
vertex -69.60997009277344 5.369997501373291 -5.699999809265137
vertex -70.34902954101562 5.897892475128174 -5.699999809265137
vertex -70.34902954101562 5.897892475128174 0
endloop
endfacet
facet normal -0.00009536737056811776 -0.999999995390817 -0.000011109941799391676
outer loop
vertex 38.67231369018555 54.49003219604492 -1.0499999523162842
vertex 42.272315979003906 54.489688873291016 -1.0499999523162842
vertex -66.49007415771484 54.50004959106445 0
endloop
endfacet
facet normal -0.00009527158852147659 -0.999999995460956 -0.0000011885270140000954
outer loop
vertex -66.49007415771484 54.50004959106445 0
vertex 42.272315979003906 54.489688873291016 -1.0499999523162842
vertex 66.88396453857422 54.487342834472656 0
endloop
endfacet
facet normal -0.9999999910505634 0.00013365987227641533 0.0000058233657569307265
outer loop
vertex 72.5000228881836 48.490142822265625 -5.699999809265137
vertex 72.4898452758789 -27.86023712158203 -1
vertex 72.49070739746094 -21.41012191772461 -1
endloop
endfacet
facet normal -0.999999991113511 0.00013331362957188882 6.739065485774009e-7
outer loop
vertex 72.5000228881836 48.490142822265625 -5.699999809265137
vertex 72.49070739746094 -21.41012191772461 -1
vertex 72.49324035644531 -2.4101219177246094 -1
endloop
endfacet
facet normal -0.00009525376724653958 -0.9999999954633241 2.679608991680232e-7
outer loop
vertex -38.659854888916016 54.497398376464844 -1.0499999523162842
vertex 38.67231369018555 54.49003219604492 -1.0499999523162842
vertex -66.49007415771484 54.50004959106445 0
endloop
endfacet
facet normal -0.000095253767246543 -0.99999999546336 0
outer loop
vertex -38.659854888916016 54.497398376464844 -1.0499999523162842
vertex -38.659854888916016 54.497398376464844 -2.8499999046325684
vertex 38.67231369018555 54.49003219604492 -1.0499999523162842
endloop
endfacet
facet normal -0.00009525079343985417 -0.9999999954636349 -1.2776162683358997e-7
outer loop
vertex -38.659854888916016 54.497398376464844 -2.8499999046325684
vertex -66.49007415771484 54.50004959106445 -5.699999809265137
vertex 38.67231369018555 54.49003219604492 -1.0499999523162842
endloop
endfacet
facet normal -0.00009536747162858796 -0.9999999954487531 -0.0000027457705928001603
outer loop
vertex -66.49007415771484 54.50004959106445 0
vertex -42.25985336303711 54.49774169921875 -1.0499999523162842
vertex -38.659854888916016 54.497398376464844 -1.0499999523162842
endloop
endfacet
facet normal -0.9999999910577331 0.00013365988215843718 0.000004423768126399201
outer loop
vertex 72.5000228881836 48.490142822265625 -5.699999809265137
vertex 72.49324035644531 -2.4101219177246094 -1
vertex 72.49410247802734 4.039992809295654 -1
endloop
endfacet
facet normal -0.00009524848554996037 -0.999999995463863 0
outer loop
vertex -66.49007415771484 54.50004959106445 0
vertex -42.25985336303711 54.49774169921875 -2.8499999046325684
vertex -42.25985336303711 54.49774169921875 -1.0499999523162842
endloop
endfacet
facet normal -0.9999999911636821 0.00013291207916587983 -0.000002648563187542102
outer loop
vertex 72.5000228881836 48.490142822265625 -5.699999809265137
vertex 72.49410247802734 4.039992809295654 -1
vertex 72.49662780761719 23.039993286132812 -1
endloop
endfacet
facet normal -0.9999999910675179 0.00013365988215974502 0
outer loop
vertex 72.49410247802734 4.039992809295654 -1
vertex 72.49324035644531 -2.4101219177246094 -1
vertex 72.49324035644531 -2.4101219177246094 0
endloop
endfacet
facet normal -0.9999999910675179 0.00013365988215974502 0
outer loop
vertex 72.49410247802734 4.039992809295654 -1
vertex 72.49324035644531 -2.4101219177246094 0
vertex 72.49410247802734 4.039992809295654 6.4328433869325664e-15
endloop
endfacet
facet normal -0.9999999910675139 0.00013365991180294397 0
outer loop
vertex 72.49662780761719 23.039993286132812 -1
vertex 72.49662780761719 23.039993286132812 0
vertex 72.49748992919922 29.4901065826416 5.32208207286943e-15
endloop
endfacet
facet normal -0.06390095809189225 0.9979562453108544 0
outer loop
vertex 49.85616683959961 -57.483116149902344 -5.699999809265137
vertex 49.6480712890625 -57.49644088745117 -5.699999809265137
vertex 49.6480712890625 -57.49644088745117 0
endloop
endfacet
facet normal -0.15927280512933273 0.9872346091716162 0
outer loop
vertex 50.41347885131836 -57.39320373535156 -5.699999809265137
vertex 49.85616683959961 -57.483116149902344 -5.699999809265137
vertex 49.85616683959961 -57.483116149902344 0
endloop
endfacet
facet normal -0.3129613232818352 0.9497658712175767 0
outer loop
vertex 51.0843620300293 -57.17213821411133 -5.699999809265137
vertex 50.41347885131836 -57.39320373535156 -5.699999809265137
vertex 50.41347885131836 -57.39320373535156 0
endloop
endfacet
facet normal -0.47855530584421374 0.8780574122734521 0
outer loop
vertex 51.72720718383789 -56.82177734375 -5.699999809265137
vertex 51.0843620300293 -57.17213821411133 -5.699999809265137
vertex 51.0843620300293 -57.17213821411133 0
endloop
endfacet
facet normal -0.6275337556568629 0.7785893561507201 0
outer loop
vertex 52.269588470458984 -56.38462448120117 -5.699999809265137
vertex 51.72720718383789 -56.82177734375 -5.699999809265137
vertex 51.72720718383789 -56.82177734375 0
endloop
endfacet
facet normal -0.7531929221751124 0.6577996822630088 0
outer loop
vertex 52.73423767089844 -55.85259246826172 -5.699999809265137
vertex 52.269588470458984 -56.38462448120117 -5.699999809265137
vertex 52.269588470458984 -56.38462448120117 0
endloop
endfacet
facet normal -0.9999999910675139 0.00013365991180294397 0
outer loop
vertex 72.49662780761719 23.039993286132812 -1
vertex 72.49748992919922 29.4901065826416 5.32208207286943e-15
vertex 72.49748992919922 29.4901065826416 -1
endloop
endfacet
facet normal -0.9999999910665327 0.00013365991180281283 0.0000014008950124894054
outer loop
vertex 72.5000228881836 48.490142822265625 -5.699999809265137
vertex 72.49662780761719 23.039993286132812 -1
vertex 72.49748992919922 29.4901065826416 -1
endloop
endfacet
facet normal -0.9999999911137397 0.000133313616188996 9.73821270226034e-10
outer loop
vertex 72.49748992919922 29.4901065826416 -1
vertex 72.5000228881836 48.490108489990234 -1
vertex 72.5000228881836 48.490142822265625 -5.699999809265137
endloop
endfacet
facet normal 0.9892298942779099 -0.14632956288590404 0.003446054633279924
outer loop
vertex -72.48727416992188 48.86039352416992 -1
vertex -72.34283447265625 49.86039733886719 0
vertex -72.48726654052734 48.883995056152344 0
endloop
endfacet
facet normal -0.8591394650286885 0.5117415164223232 0
outer loop
vertex 53.10889434814453 -55.22359848022461 -5.699999809265137
vertex 52.73423767089844 -55.85259246826172 -5.699999809265137
vertex 52.73423767089844 -55.85259246826172 0
endloop
endfacet
facet normal -0.9398555486777613 0.3415721704407785 0
outer loop
vertex 53.53071212768555 -54.06294250488281 -5.699999809265137
vertex 53.10889434814453 -55.22359848022461 -5.699999809265137
vertex 53.10889434814453 -55.22359848022461 0
endloop
endfacet
facet normal -0.8716898571325213 0.4900579485859651 0
outer loop
vertex 53.73548889160156 -53.69869613647461 -5.699999809265137
vertex 53.53071212768555 -54.06294250488281 -5.699999809265137
vertex 53.53071212768555 -54.06294250488281 0
endloop
endfacet
facet normal -0.7856348725389973 0.6186904290924771 0
outer loop
vertex 53.994014739990234 -53.37041091918945 -5.699999809265137
vertex 53.73548889160156 -53.69869613647461 -5.699999809265137
vertex 53.73548889160156 -53.69869613647461 0
endloop
endfacet
facet normal -0.6807612796739902 0.7325053447563581 0
outer loop
vertex 54.30009841918945 -53.0859489440918 -5.699999809265137
vertex 53.994014739990234 -53.37041091918945 -5.699999809265137
vertex 53.994014739990234 -53.37041091918945 0
endloop
endfacet
facet normal -0.5595719429727546 0.8287817810724946 0
outer loop
vertex 54.64641189575195 -52.85212707519531 -5.699999809265137
vertex 54.30009841918945 -53.0859489440918 -5.699999809265137
vertex 54.30009841918945 -53.0859489440918 0
endloop
endfacet
facet normal -0.42499583673980323 0.9051953042044764 0
outer loop
vertex 55.024658203125 -52.674537658691406 -5.699999809265137
vertex 54.64641189575195 -52.85212707519531 -5.699999809265137
vertex 54.64641189575195 -52.85212707519531 0
endloop
endfacet
facet normal -0.9992227771280925 -0.039418798413189626 -2.8794406332130415e-7
outer loop
vertex 72.4814682006836 48.96048355102539 -5.699999809265137
vertex 72.5000228881836 48.490142822265625 -5.699999809265137
vertex 72.5000228881836 48.490108489990234 -1
endloop
endfacet
facet normal -0.2802183905585061 0.9599362757979305 0
outer loop
vertex 55.425777435302734 -52.55744552612305 -5.699999809265137
vertex 55.024658203125 -52.674537658691406 -5.699999809265137
vertex 55.024658203125 -52.674537658691406 0
endloop
endfacet
facet normal -0.1287478897640512 0.9916773572494755 0
outer loop
vertex 55.84016036987305 -52.50364685058594 -5.699999809265137
vertex 55.425777435302734 -52.55744552612305 -5.699999809265137
vertex 55.425777435302734 -52.55744552612305 0
endloop
endfacet
facet normal 0.2993428674007103 0.9541456113907985 0
outer loop
vertex -67.86032104492188 4.657195091247559 -5.699999809265137
vertex -68.7269058227539 4.929067611694336 -5.699999809265137
vertex -68.7269058227539 4.929067611694336 0
endloop
endfacet
facet normal -0.00009536737057320451 -0.9999999954441554 0.000004093136403709501
outer loop
vertex -66.49007415771484 54.50004959106445 -5.699999809265137
vertex 42.272315979003906 54.489688873291016 -2.8499999046325684
vertex 38.67231369018555 54.49003219604492 -2.8499999046325684
endloop
endfacet
facet normal 0.00014972686599748098 0.9999999887909212 1.5199185213693926e-7
outer loop
vertex 49.6480712890625 -57.49644088745117 -5.699999809265137
vertex 36.4722900390625 -57.494468688964844 -1.9500000476837158
vertex 44.4722900390625 -57.49566650390625 -1.9500000476837158
endloop
endfacet
facet normal 0.00014961674360842073 0.999999988807415 0
outer loop
vertex 49.6480712890625 -57.49644088745117 0
vertex 49.6480712890625 -57.49644088745117 -5.699999809265137
vertex 44.4722900390625 -57.49566650390625 -1.9500000476837158
endloop
endfacet
facet normal -0.06390095809189225 0.9979562453108544 0
outer loop
vertex 49.85616683959961 -57.483116149902344 0
vertex 49.85616683959961 -57.483116149902344 -5.699999809265137
vertex 49.6480712890625 -57.49644088745117 0
endloop
endfacet
facet normal -0.00009536747162889868 -0.9999999954520111 0.0000010115996799981334
outer loop
vertex -42.25985336303711 54.49774169921875 -2.8499999046325684
vertex -66.49007415771484 54.50004959106445 -5.699999809265137
vertex -38.659854888916016 54.497398376464844 -2.8499999046325684
endloop
endfacet
facet normal -0.00009524848554996037 -0.9999999954638631 0
outer loop
vertex -66.49007415771484 54.50004959106445 0
vertex -66.49007415771484 54.50004959106445 -5.699999809265137
vertex -42.25985336303711 54.49774169921875 -2.8499999046325684
endloop
endfacet
facet normal 0.0394110259547468 -0.9992230837171419 0
outer loop
vertex -66.96041107177734 54.48149871826172 0
vertex -66.96041107177734 54.48149871826172 -5.699999809265137
vertex -66.49007415771484 54.50004959106445 0
endloop
endfacet
facet normal 0.15819336816027005 -0.9874081518146938 0
outer loop
vertex -67.9365463256836 54.325111389160156 0
vertex -67.9365463256836 54.325111389160156 -5.699999809265137
vertex -66.96041107177734 54.48149871826172 0
endloop
endfacet
facet normal 0.3127290106181147 -0.949842390040482 0
outer loop
vertex -68.79922485351562 54.041080474853516 0
vertex -68.79922485351562 54.041080474853516 -5.699999809265137
vertex -67.9365463256836 54.325111389160156 0
endloop
endfacet
facet normal 0.4575291198144367 -0.8891946381540021 0
outer loop
vertex -69.6768798828125 53.5894889831543 0
vertex -69.6768798828125 53.5894889831543 -5.699999809265137
vertex -68.79922485351562 54.041080474853516 0
endloop
endfacet
facet normal 0.5926240773669984 -0.805479175972237 0
outer loop
vertex -70.40843963623047 53.05125045776367 0
vertex -70.40843963623047 53.05125045776367 -5.699999809265137
vertex -69.6768798828125 53.5894889831543 0
endloop
endfacet
facet normal 0.7113741369752885 -0.7028135152675022 0
outer loop
vertex -71.10213470458984 52.34910583496094 0
vertex -71.10213470458984 52.34910583496094 -5.699999809265137
vertex -70.40843963623047 53.05125045776367 0
endloop
endfacet
facet normal 0.8137343225803593 -0.5812370017941768 0
outer loop
vertex -71.63003540039062 51.610042572021484 0
vertex -71.63003540039062 51.610042572021484 -5.699999809265137
vertex -71.10213470458984 52.34910583496094 0
endloop
endfacet
facet normal 0.8946720887352726 -0.4467234643916351 0
outer loop
vertex -72.07096099853516 50.72698211669922 0
vertex -72.07096099853516 50.72698211669922 -5.699999809265137
vertex -71.63003540039062 51.610042572021484 0
endloop
endfacet
facet normal 0.9541453114829604 -0.29934382334547077 0
outer loop
vertex -72.34283447265625 49.86039733886719 0
vertex -72.34283447265625 49.86039733886719 -5.699999809265137
vertex -72.07096099853516 50.72698211669922 0
endloop
endfacet
facet normal 0.9898294462979967 -0.14225736966579017 -0.0007127532332946366
outer loop
vertex -72.48727416992188 48.86039352416992 -1
vertex -72.48726654052734 48.883995056152344 -5.699999809265137
vertex -72.34283447265625 49.86039733886719 0
endloop
endfacet
facet normal 0.9999999451279854 -0.00033127635656645006 -4.0262855232562185e-8
outer loop
vertex -72.49356842041016 29.860395431518555 -1
vertex -72.48726654052734 48.883995056152344 -5.699999809265137
vertex -72.48727416992188 48.86039352416992 -1
endloop
endfacet
facet normal 0.0394110259547468 -0.9992230837171419 0
outer loop
vertex -66.96041107177734 54.48149871826172 -5.699999809265137
vertex -66.49007415771484 54.50004959106445 -5.699999809265137
vertex -66.49007415771484 54.50004959106445 0
endloop
endfacet
facet normal 0.15819336816027005 -0.9874081518146938 0
outer loop
vertex -67.9365463256836 54.325111389160156 -5.699999809265137
vertex -66.96041107177734 54.48149871826172 -5.699999809265137
vertex -66.96041107177734 54.48149871826172 0
endloop
endfacet
facet normal -0.15927280512933273 0.9872346091716162 0
outer loop
vertex 50.41347885131836 -57.39320373535156 0
vertex 50.41347885131836 -57.39320373535156 -5.699999809265137
vertex 49.85616683959961 -57.483116149902344 0
endloop
endfacet
facet normal 0.3127290106181147 -0.949842390040482 0
outer loop
vertex -68.79922485351562 54.041080474853516 -5.699999809265137
vertex -67.9365463256836 54.325111389160156 -5.699999809265137
vertex -67.9365463256836 54.325111389160156 0
endloop
endfacet
facet normal 0.4575291198144367 -0.8891946381540021 0
outer loop
vertex -69.6768798828125 53.5894889831543 -5.699999809265137
vertex -68.79922485351562 54.041080474853516 -5.699999809265137
vertex -68.79922485351562 54.041080474853516 0
endloop
endfacet
facet normal 0.5926240773669984 -0.805479175972237 0
outer loop
vertex -70.40843963623047 53.05125045776367 -5.699999809265137
vertex -69.6768798828125 53.5894889831543 -5.699999809265137
vertex -69.6768798828125 53.5894889831543 0
endloop
endfacet
facet normal -0.3129613232818352 0.9497658712175767 0
outer loop
vertex 51.0843620300293 -57.17213821411133 0
vertex 51.0843620300293 -57.17213821411133 -5.699999809265137
vertex 50.41347885131836 -57.39320373535156 0
endloop
endfacet
facet normal -0.47855530584421374 0.8780574122734521 0
outer loop
vertex 51.72720718383789 -56.82177734375 0
vertex 51.72720718383789 -56.82177734375 -5.699999809265137
vertex 51.0843620300293 -57.17213821411133 0
endloop
endfacet
facet normal -0.6275337556568629 0.7785893561507201 0
outer loop
vertex 52.269588470458984 -56.38462448120117 0
vertex 52.269588470458984 -56.38462448120117 -5.699999809265137
vertex 51.72720718383789 -56.82177734375 0
endloop
endfacet
facet normal -0.7531929221751124 0.6577996822630088 0
outer loop
vertex 52.73423767089844 -55.85259246826172 0
vertex 52.73423767089844 -55.85259246826172 -5.699999809265137
vertex 52.269588470458984 -56.38462448120117 0
endloop
endfacet
facet normal -0.8591394650286885 0.5117415164223232 0
outer loop
vertex 53.10889434814453 -55.22359848022461 0
vertex 53.10889434814453 -55.22359848022461 -5.699999809265137
vertex 52.73423767089844 -55.85259246826172 0
endloop
endfacet
facet normal -0.9398555486777613 0.3415721704407785 0
outer loop
vertex 53.53071212768555 -54.06294250488281 0
vertex 53.53071212768555 -54.06294250488281 -5.699999809265137
vertex 53.10889434814453 -55.22359848022461 0
endloop
endfacet
facet normal -0.8716898571325213 0.4900579485859651 0
outer loop
vertex 53.73548889160156 -53.69869613647461 0
vertex 53.73548889160156 -53.69869613647461 -5.699999809265137
vertex 53.53071212768555 -54.06294250488281 0
endloop
endfacet
facet normal -0.7856348725389973 0.6186904290924771 0
outer loop
vertex 53.994014739990234 -53.37041091918945 0
vertex 53.994014739990234 -53.37041091918945 -5.699999809265137
vertex 53.73548889160156 -53.69869613647461 0
endloop
endfacet
facet normal -0.6807612796739902 0.7325053447563581 0
outer loop
vertex 54.30009841918945 -53.0859489440918 0
vertex 54.30009841918945 -53.0859489440918 -5.699999809265137
vertex 53.994014739990234 -53.37041091918945 0
endloop
endfacet
facet normal -0.5595719429727546 0.8287817810724946 0
outer loop
vertex 54.64641189575195 -52.85212707519531 0
vertex 54.64641189575195 -52.85212707519531 -5.699999809265137
vertex 54.30009841918945 -53.0859489440918 0
endloop
endfacet
facet normal -0.42499583673980323 0.9051953042044764 0
outer loop
vertex 55.024658203125 -52.674537658691406 0
vertex 55.024658203125 -52.674537658691406 -5.699999809265137
vertex 54.64641189575195 -52.85212707519531 0
endloop
endfacet
facet normal -0.2802183905585061 0.9599362757979305 0
outer loop
vertex 55.425777435302734 -52.55744552612305 0
vertex 55.425777435302734 -52.55744552612305 -5.699999809265137
vertex 55.024658203125 -52.674537658691406 0
endloop
endfacet
facet normal -0.1287478897640512 0.9916773572494755 0
outer loop
vertex 55.84016036987305 -52.50364685058594 -5.699999809265137
vertex 55.425777435302734 -52.55744552612305 0
vertex 55.84016036987305 -52.50364685058594 0
endloop
endfacet
facet normal 0.7113741369752885 -0.7028135152675022 0
outer loop
vertex -71.10213470458984 52.34910583496094 -5.699999809265137
vertex -70.40843963623047 53.05125045776367 -5.699999809265137
vertex -70.40843963623047 53.05125045776367 0
endloop
endfacet
facet normal 0.8137343225803593 -0.5812370017941768 0
outer loop
vertex -71.63003540039062 51.610042572021484 -5.699999809265137
vertex -71.10213470458984 52.34910583496094 -5.699999809265137
vertex -71.10213470458984 52.34910583496094 0
endloop
endfacet
facet normal 0.8946720887352726 -0.4467234643916351 0
outer loop
vertex -72.07096099853516 50.72698211669922 -5.699999809265137
vertex -71.63003540039062 51.610042572021484 -5.699999809265137
vertex -71.63003540039062 51.610042572021484 0
endloop
endfacet
facet normal 0.9541453114829604 -0.29934382334547077 0
outer loop
vertex -72.34283447265625 49.86039733886719 -5.699999809265137
vertex -72.07096099853516 50.72698211669922 -5.699999809265137
vertex -72.07096099853516 50.72698211669922 0
endloop
endfacet
facet normal -0.9874081518146938 -0.15819336816027005 0
outer loop
vertex 72.32508087158203 49.93661880493164 -5.699999809265137
vertex 72.4814682006836 48.96048355102539 -5.699999809265137
vertex 72.4814682006836 48.96048355102539 0
endloop
endfacet
facet normal -0.5812334259723616 -0.8137368767190234 0
outer loop
vertex 69.61001586914062 53.630104064941406 -5.699999809265137
vertex 70.34907531738281 53.102210998535156 -5.699999809265137
vertex 70.34907531738281 53.102210998535156 0
endloop
endfacet
facet normal -0.0020009434685099347 0.9999979981106142 0
outer loop
vertex 66.96045684814453 -52.48139572143555 -5.699999809265137
vertex 55.84016036987305 -52.50364685058594 -5.699999809265137
vertex 66.96045684814453 -52.48139572143555 0
endloop
endfacet
facet normal 0.00014943460254242786 0.9999999888346497 0
outer loop
vertex -36.45988082885742 -57.48357009887695 0
vertex 36.4722900390625 -57.494468688964844 0
vertex -36.45988082885742 -57.48357009887695 -0.44999998807907104
endloop
endfacet
facet normal -0.1463342138237353 -0.9892352085649747 0
outer loop
vertex 66.88396453857422 54.487342834472656 -5.699999809265137
vertex 67.86036682128906 54.3429069519043 -5.699999809265137
vertex 67.86036682128906 54.3429069519043 0
endloop
endfacet
facet normal -0.29934382334547077 -0.9541453114829604 0
outer loop
vertex 67.86036682128906 54.3429069519043 -5.699999809265137
vertex 68.7269515991211 54.0710334777832 -5.699999809265137
vertex 68.7269515991211 54.0710334777832 0
endloop
endfacet
facet normal -0.4467250132909466 -0.8946713153444698 0
outer loop
vertex 68.7269515991211 54.0710334777832 -5.699999809265137
vertex 69.61001586914062 53.630104064941406 -5.699999809265137
vertex 69.61001586914062 53.630104064941406 0
endloop
endfacet
facet normal -0.949840731632363 -0.3127340476061044 0
outer loop
vertex 72.04104614257812 50.799293518066406 -5.699999809265137
vertex 72.32508087158203 49.93661880493164 -5.699999809265137
vertex 72.32508087158203 49.93661880493164 0
endloop
endfacet
facet normal 0.000149472703900945 0.9999999888289552 0
outer loop
vertex 49.6480712890625 -57.49644088745117 -5.699999809265137
vertex -36.45988082885742 -57.48357009887695 -1.9500000476837158
vertex -36.45988082885742 -57.48357009887695 -0.44999998807907104
endloop
endfacet
facet normal 0.989235768027414 -0.14633043174682545 0
outer loop
vertex -72.48726654052734 48.883995056152344 -5.699999809265137
vertex -72.34283447265625 49.86039733886719 -5.699999809265137
vertex -72.34283447265625 49.86039733886719 0
endloop
endfacet
facet normal 0.00014972686599493286 0.9999999887739027 0.00000583610120514708
outer loop
vertex 49.6480712890625 -57.49644088745117 -5.699999809265137
vertex -44.45988082885742 -57.48237228393555 -1.9500000476837158
vertex -36.45988082885742 -57.48357009887695 -1.9500000476837158
endloop
endfacet
facet normal -0.8891954471908634 -0.45752754747123214 0
outer loop
vertex 71.5894546508789 51.67695236206055 -5.699999809265137
vertex 72.04104614257812 50.799293518066406 -5.699999809265137
vertex 72.04104614257812 50.799293518066406 0
endloop
endfacet
facet normal 0.9999999451438594 -0.00033122840262030703 1.5383433815111672e-7
outer loop
vertex -72.49356842041016 29.860395431518555 -1
vertex -72.4999771118164 10.50995922088623 -5.699999809265137
vertex -72.48726654052734 48.883995056152344 -5.699999809265137
endloop
endfacet
facet normal -0.805484660902931 -0.592616622320105 0
outer loop
vertex 71.05122375488281 52.40851593017578 -5.699999809265137
vertex 71.5894546508789 51.67695236206055 -5.699999809265137
vertex 71.5894546508789 51.67695236206055 0
endloop
endfacet
facet normal -0.15819336816027005 0.9874081518146938 0
outer loop
vertex 67.93659210205078 -52.325008392333984 -5.699999809265137
vertex 66.96045684814453 -52.48139572143555 -5.699999809265137
vertex 66.96045684814453 -52.48139572143555 0
endloop
endfacet
facet normal -0.7028115829915879 -0.7113760459931571 0
outer loop
vertex 70.34907531738281 53.102210998535156 -5.699999809265137
vertex 71.05122375488281 52.40851593017578 -5.699999809265137
vertex 71.05122375488281 52.40851593017578 0
endloop
endfacet
facet normal -0.3127315058771028 0.9498415684901559 0
outer loop
vertex 68.79926300048828 -52.040977478027344 -5.699999809265137
vertex 67.93659210205078 -52.325008392333984 -5.699999809265137
vertex 67.93659210205078 -52.325008392333984 0
endloop
endfacet
facet normal -0.4575259751374039 0.8891962562193836 0
outer loop
vertex 69.67692565917969 -51.589385986328125 -5.699999809265137
vertex 68.79926300048828 -52.040977478027344 -5.699999809265137
vertex 68.79926300048828 -52.040977478027344 0
endloop
endfacet
facet normal 0.00014976536635999968 0.9999999887620318 0.000006802285447705569
outer loop
vertex -12.399977684020996 -57.48716354370117 -3.450000047683716
vertex -44.45988082885742 -57.48237228393555 -1.9500000476837158
vertex 49.6480712890625 -57.49644088745117 -5.699999809265137
endloop
endfacet
facet normal -0.00009532229432020951 -0.99999999545683 0
outer loop
vertex 66.88396453857422 54.487342834472656 -5.699999809265137
vertex 66.88396453857422 54.487342834472656 0
vertex 42.272315979003906 54.489688873291016 -2.8499999046325684
endloop
endfacet
facet normal 0.991676782765287 0.12875231462378875 -0.0000018184474357087034
outer loop
vertex -53.50568389892578 1.95488440990448 1.514908600582128e-14
vertex -53.50367736816406 1.9394155740737915 -1
vertex -53.55747604370117 2.3537981510162354 0
endloop
endfacet
facet normal -0.5926240773669984 0.805479175972237 0
outer loop
vertex 70.40848541259766 -51.0511474609375 -5.699999809265137
vertex 69.67692565917969 -51.589385986328125 -5.699999809265137
vertex 69.67692565917969 -51.589385986328125 0
endloop
endfacet
facet normal -0.7113741369752885 0.7028135152675022 0
outer loop
vertex 71.10218048095703 -50.349002838134766 -5.699999809265137
vertex 70.40848541259766 -51.0511474609375 -5.699999809265137
vertex 70.40848541259766 -51.0511474609375 0
endloop
endfacet
facet normal -0.8137368767190234 0.5812334259723616 0
outer loop
vertex 71.63007354736328 -49.60994338989258 -5.699999809265137
vertex 71.10218048095703 -50.349002838134766 -5.699999809265137
vertex 71.10218048095703 -50.349002838134766 0
endloop
endfacet
facet normal -0.9992228904494507 -0.039415925738780985 0
outer loop
vertex 72.4814682006836 48.96048355102539 -5.699999809265137
vertex 72.5000228881836 48.490108489990234 -1
vertex 72.5000228881836 48.490108489990234 0
endloop
endfacet
facet normal 0.9999999451562467 -0.00033119103802176715 0
outer loop
vertex -72.4999771118164 10.50995922088623 0
vertex -72.49356842041016 29.860395431518555 -1
vertex -72.49356842041016 29.860395431518555 0
endloop
endfacet
facet normal -0.894669770674099 0.4467281068412362 0
outer loop
vertex 72.07100677490234 -48.72687911987305 -5.699999809265137
vertex 71.63007354736328 -49.60994338989258 -5.699999809265137
vertex 71.63007354736328 -49.60994338989258 0
endloop
endfacet
facet normal -0.9541453114829604 0.29934382334547077 0
outer loop
vertex 72.34288024902344 -47.860294342041016 -5.699999809265137
vertex 72.07100677490234 -48.72687911987305 -5.699999809265137
vertex 72.07100677490234 -48.72687911987305 0
endloop
endfacet
facet normal -0.989235768027414 0.14633043174682545 0
outer loop
vertex 72.48731231689453 -46.88389205932617 -5.699999809265137
vertex 72.34288024902344 -47.860294342041016 -5.699999809265137
vertex 72.34288024902344 -47.860294342041016 0
endloop
endfacet
facet normal -0.9992228904494508 -0.039415925738780985 0
outer loop
vertex 72.4814682006836 48.96048355102539 0
vertex 72.4814682006836 48.96048355102539 -5.699999809265137
vertex 72.5000228881836 48.490108489990234 0
endloop
endfacet
facet normal -0.0020009434685099347 0.9999979981106142 0
outer loop
vertex 66.96045684814453 -52.48139572143555 0
vertex 55.84016036987305 -52.50364685058594 -5.699999809265137
vertex 55.84016036987305 -52.50364685058594 0
endloop
endfacet
facet normal -0.15819336816027005 0.9874081518146938 0
outer loop
vertex 67.93659210205078 -52.325008392333984 0
vertex 67.93659210205078 -52.325008392333984 -5.699999809265137
vertex 66.96045684814453 -52.48139572143555 0
endloop
endfacet
facet normal -0.3127315058771028 0.9498415684901559 0
outer loop
vertex 68.79926300048828 -52.040977478027344 0
vertex 68.79926300048828 -52.040977478027344 -5.699999809265137
vertex 67.93659210205078 -52.325008392333984 0
endloop
endfacet
facet normal -0.4575259751374039 0.8891962562193836 0
outer loop
vertex 69.67692565917969 -51.589385986328125 0
vertex 69.67692565917969 -51.589385986328125 -5.699999809265137
vertex 68.79926300048828 -52.040977478027344 0
endloop
endfacet
facet normal -0.9874081518146938 -0.15819336816027005 0
outer loop
vertex 72.32508087158203 49.93661880493164 0
vertex 72.32508087158203 49.93661880493164 -5.699999809265137
vertex 72.4814682006836 48.96048355102539 0
endloop
endfacet
facet normal -0.5926240773669984 0.805479175972237 0
outer loop
vertex 70.40848541259766 -51.0511474609375 0
vertex 70.40848541259766 -51.0511474609375 -5.699999809265137
vertex 69.67692565917969 -51.589385986328125 0
endloop
endfacet
facet normal -0.7113741369752885 0.7028135152675022 0
outer loop
vertex 71.10218048095703 -50.349002838134766 0
vertex 71.10218048095703 -50.349002838134766 -5.699999809265137
vertex 70.40848541259766 -51.0511474609375 0
endloop
endfacet
facet normal -0.1463342138237353 -0.9892352085649747 0
outer loop
vertex 66.88396453857422 54.487342834472656 0
vertex 66.88396453857422 54.487342834472656 -5.699999809265137
vertex 67.86036682128906 54.3429069519043 0
endloop
endfacet
facet normal -0.8137368767190234 0.5812334259723616 0
outer loop
vertex 71.63007354736328 -49.60994338989258 0
vertex 71.63007354736328 -49.60994338989258 -5.699999809265137
vertex 71.10218048095703 -50.349002838134766 0
endloop
endfacet
facet normal -0.9898307359826606 0.1422483878451796 -0.0007143244863244058
outer loop
vertex 72.48731994628906 -46.86023712158203 -1
vertex 72.48731231689453 -46.88389205932617 -5.699999809265137
vertex 72.34288024902344 -47.860294342041016 0
endloop
endfacet
facet normal -0.29934382334547077 -0.9541453114829604 0
outer loop
vertex 67.86036682128906 54.3429069519043 0
vertex 67.86036682128906 54.3429069519043 -5.699999809265137
vertex 68.7269515991211 54.0710334777832 0
endloop
endfacet
facet normal -0.4467250132909466 -0.8946713153444698 0
outer loop
vertex 68.7269515991211 54.0710334777832 0
vertex 68.7269515991211 54.0710334777832 -5.699999809265137
vertex 69.61001586914062 53.630104064941406 0
endloop
endfacet
facet normal -0.5812334259723616 -0.8137368767190234 0
outer loop
vertex 69.61001586914062 53.630104064941406 0
vertex 69.61001586914062 53.630104064941406 -5.699999809265137
vertex 70.34907531738281 53.102210998535156 0
endloop
endfacet
facet normal -0.949840731632363 -0.3127340476061044 0
outer loop
vertex 72.04104614257812 50.799293518066406 0
vertex 72.04104614257812 50.799293518066406 -5.699999809265137
vertex 72.32508087158203 49.93661880493164 0
endloop
endfacet
facet normal -0.8891954471908634 -0.45752754747123214 0
outer loop
vertex 71.5894546508789 51.67695236206055 0
vertex 71.5894546508789 51.67695236206055 -5.699999809265137
vertex 72.04104614257812 50.799293518066406 0
endloop
endfacet
facet normal 0.00014940896269534083 0.9999999888381486 -8.152261083761817e-7
outer loop
vertex -24.399978637695312 -57.48537063598633 -3.450000047683716
vertex -44.45988082885742 -57.48237228393555 -1.9500000476837158
vertex -12.399977684020996 -57.48716354370117 -3.450000047683716
endloop
endfacet
facet normal -0.805484660902931 -0.592616622320105 0
outer loop
vertex 71.05122375488281 52.40851593017578 0
vertex 71.05122375488281 52.40851593017578 -5.699999809265137
vertex 71.5894546508789 51.67695236206055 0
endloop
endfacet
facet normal -0.7028115829915879 -0.7113760459931571 0
outer loop
vertex 70.34907531738281 53.102210998535156 0
vertex 70.34907531738281 53.102210998535156 -5.699999809265137
vertex 71.05122375488281 52.40851593017578 0
endloop
endfacet
facet normal 0.9051988161882814 0.4249883565126626 0
outer loop
vertex -53.67456817626953 2.7549166679382324 0
vertex -53.67456817626953 2.7549166679382324 -5.699999809265137
vertex -53.85215377807617 3.1331629753112793 0
endloop
endfacet
facet normal 0.9599361413900886 0.2802188509952671 0
outer loop
vertex -53.55747604370117 2.3537981510162354 0
vertex -53.55747604370117 2.3537981510162354 -5.699999809265137
vertex -53.67456817626953 2.7549166679382324 0
endloop
endfacet
facet normal -0.00009532229432020953 -0.9999999954568302 0
outer loop
vertex 66.88396453857422 54.487342834472656 0
vertex 42.272315979003906 54.489688873291016 -1.0499999523162842
vertex 42.272315979003906 54.489688873291016 -2.8499999046325684
endloop
endfacet
facet normal 0.49005274605978155 0.871692781935968 0
outer loop
vertex -54.698726654052734 4.044088840484619 0
vertex -54.698726654052734 4.044088840484619 -5.699999809265137
vertex -55.06297302246094 4.2488627433776855 0
endloop
endfacet
facet normal 0.34967936866992994 0.9368694354746552 0
outer loop
vertex -55.06297302246094 4.2488627433776855 0
vertex -55.06297302246094 4.2488627433776855 -5.699999809265137
vertex -55.45445251464844 4.394979476928711 0
endloop
endfacet
facet normal 0.2009267350596534 0.9796062714878196 0
outer loop
vertex -55.45445251464844 4.394979476928711 0
vertex -55.45445251464844 4.394979476928711 -5.699999809265137
vertex -55.863792419433594 4.478939056396484 0
endloop
endfacet
facet normal 0.06167341497040187 0.9980963830642253 0
outer loop
vertex -55.863792419433594 4.478939056396484 0
vertex -55.863792419433594 4.478939056396484 -5.699999809265137
vertex -56.205467224121094 4.500051498413086 0
endloop
endfacet
facet normal 0.00014857700386036073 0.9999999888911403 -0.000011941234785484165
outer loop
vertex -24.974002838134766 -57.485286712646484 -3.564180612564087
vertex -44.45988082885742 -57.48237228393555 -1.9500000476837158
vertex -24.399978637695312 -57.48537063598633 -3.450000047683716
endloop
endfacet
facet normal 0.7325077245564187 0.6807587189784481 0
outer loop
vertex -54.08597946166992 3.4794766902923584 0
vertex -54.08597946166992 3.4794766902923584 -5.699999809265137
vertex -54.37044143676758 3.785562515258789 0
endloop
endfacet
facet normal 0.6186911334295723 0.7856343178703633 0
outer loop
vertex -54.37044143676758 3.785562515258789 0
vertex -54.37044143676758 3.785562515258789 -5.699999809265137
vertex -54.698726654052734 4.044088840484619 0
endloop
endfacet
facet normal 0.8287777259639575 0.5595779489454632 0
outer loop
vertex -53.85215377807617 3.1331629753112793 0
vertex -53.85215377807617 3.1331629753112793 -5.699999809265137
vertex -54.08597946166992 3.4794766902923584 0
endloop
endfacet
facet normal 0.9916773430627984 0.12874799903652426 0
outer loop
vertex -53.50367736816406 1.9394155740737915 -1
vertex -53.50367736816406 1.9394155740737915 -5.699999809265137
vertex -53.55747604370117 2.3537981510162354 0
endloop
endfacet
facet normal 0.00014949708147286403 0.9999999888249631 -8.343483056363515e-7
outer loop
vertex -24.974002838134766 -57.485286712646484 -3.564180612564087
vertex -25.46063804626465 -57.48521423339844 -3.8893399238586426
vertex -44.45988082885742 -57.48237228393555 -1.9500000476837158
endloop
endfacet
facet normal 0.9051988161882814 0.4249883565126626 0
outer loop
vertex -53.67456817626953 2.7549166679382324 -5.699999809265137
vertex -53.85215377807617 3.1331629753112793 -5.699999809265137
vertex -53.85215377807617 3.1331629753112793 0
endloop
endfacet
facet normal 0.9599361413900886 0.2802188509952671 0
outer loop
vertex -53.55747604370117 2.3537981510162354 -5.699999809265137
vertex -53.67456817626953 2.7549166679382324 -5.699999809265137
vertex -53.67456817626953 2.7549166679382324 0
endloop
endfacet
facet normal 0.9916773430627983 0.12874799903652423 0
outer loop
vertex -53.50367736816406 1.9394155740737915 -5.699999809265137
vertex -53.55747604370117 2.3537981510162354 -5.699999809265137
vertex -53.55747604370117 2.3537981510162354 0
endloop
endfacet
facet normal 0.00014976938911227109 0.9999999887828844 0.000001833383707609176
outer loop
vertex -25.785797119140625 -57.485164642333984 -4.375974655151367
vertex -44.45988082885742 -57.48237228393555 -1.9500000476837158
vertex -25.46063804626465 -57.48521423339844 -3.8893399238586426
endloop
endfacet
facet normal 0.49005274605978155 0.871692781935968 0
outer loop
vertex -54.698726654052734 4.044088840484619 -5.699999809265137
vertex -55.06297302246094 4.2488627433776855 -5.699999809265137
vertex -55.06297302246094 4.2488627433776855 0
endloop
endfacet
facet normal 0.34967936866992994 0.9368694354746552 0
outer loop
vertex -55.06297302246094 4.2488627433776855 -5.699999809265137
vertex -55.45445251464844 4.394979476928711 -5.699999809265137
vertex -55.45445251464844 4.394979476928711 0
endloop
endfacet
facet normal 0.2009267350596534 0.9796062714878196 0
outer loop
vertex -55.45445251464844 4.394979476928711 -5.699999809265137
vertex -55.863792419433594 4.478939056396484 -5.699999809265137
vertex -55.863792419433594 4.478939056396484 0
endloop
endfacet
facet normal 0.06167341497040187 0.9980963830642253 0
outer loop
vertex -55.863792419433594 4.478939056396484 -5.699999809265137
vertex -56.205467224121094 4.500051498413086 -5.699999809265137
vertex -56.205467224121094 4.500051498413086 0
endloop
endfacet
facet normal 0.7325077245564187 0.6807587189784481 0
outer loop
vertex -54.08597946166992 3.4794766902923584 -5.699999809265137
vertex -54.37044143676758 3.785562515258789 -5.699999809265137
vertex -54.37044143676758 3.785562515258789 0
endloop
endfacet
facet normal 0.8287777259639575 0.5595779489454632 0
outer loop
vertex -53.85215377807617 3.1331629753112793 -5.699999809265137
vertex -54.08597946166992 3.4794766902923584 -5.699999809265137
vertex -54.08597946166992 3.4794766902923584 0
endloop
endfacet
facet normal 0.6186911334295723 0.7856343178703633 0
outer loop
vertex -54.37044143676758 3.785562515258789 -5.699999809265137
vertex -54.698726654052734 4.044088840484619 -5.699999809265137
vertex -54.698726654052734 4.044088840484619 0
endloop
endfacet
facet normal -0.894669770674099 0.4467281068412362 0
outer loop
vertex 72.07100677490234 -48.72687911987305 0
vertex 72.07100677490234 -48.72687911987305 -5.699999809265137
vertex 71.63007354736328 -49.60994338989258 0
endloop
endfacet
facet normal 0.00014997239534902325 0.9999999887483738 0.0000033960363188116816
outer loop
vertex -25.899978637695312 -57.485145568847656 -4.949999809265137
vertex -44.45988082885742 -57.48237228393555 -1.9500000476837158
vertex -25.785797119140625 -57.485164642333984 -4.375974655151367
endloop
endfacet
facet normal -0.9541453114829604 0.29934382334547077 0
outer loop
vertex 72.34288024902344 -47.860294342041016 0
vertex 72.34288024902344 -47.860294342041016 -5.699999809265137
vertex 72.07100677490234 -48.72687911987305 0
endloop
endfacet
facet normal -0.9999999911667338 0.00013291208250193901 9.543335337988837e-7
outer loop
vertex 72.48731231689453 -46.88389205932617 -5.699999809265137
vertex 72.48731994628906 -46.86023712158203 -1
vertex 72.4898452758789 -27.86023712158203 -1
endloop
endfacet
facet normal 0.0001494234642287006 0.999999988836314 0
outer loop
vertex -25.899978637695312 -57.485145568847656 -5.699999809265137
vertex -44.45988082885742 -57.48237228393555 -1.9500000476837158
vertex -25.899978637695312 -57.485145568847656 -4.949999809265137
endloop
endfacet
facet normal 0.00014961674360842073 0.999999988807415 0
outer loop
vertex 49.6480712890625 -57.49644088745117 0
vertex 44.4722900390625 -57.49566650390625 -1.9500000476837158
vertex 44.4722900390625 -57.49566650390625 -0.44999998807907104
endloop
endfacet
facet normal 0.00014961674360842073 0.999999988807415 0
outer loop
vertex 49.6480712890625 -57.49644088745117 0
vertex 44.4722900390625 -57.49566650390625 -0.44999998807907104
vertex 44.4722900390625 -57.49566650390625 0
endloop
endfacet
facet normal 0.9999999977748125 0.00006671113181519758 0
outer loop
vertex -53.50367736816406 1.9394155740737915 -5.699999809265137
vertex -53.50367736816406 1.9394155740737915 -1
vertex -53.502410888671875 -17.045114517211914 -1
endloop
endfacet
facet normal 0.9999999977703392 0.00006677761301857994 2.685349921280064e-7
outer loop
vertex -53.502410888671875 -17.045114517211914 -1
vertex -53.499977111816406 -53.47221374511719 -5.699999809265137
vertex -53.50367736816406 1.9394155740737915 -5.699999809265137
endloop
endfacet
facet normal 0.0001492999786171503 0.9999999888547582 0
outer loop
vertex -44.45988082885742 -57.48237228393555 -0.44999998807907104
vertex -49.8765983581543 -57.481563568115234 0
vertex -44.45988082885742 -57.48237228393555 0
endloop
endfacet
facet normal 0.0001492999786171503 0.9999999888547582 0
outer loop
vertex -44.45988082885742 -57.48237228393555 -0.44999998807907104
vertex -44.45988082885742 -57.48237228393555 -1.9500000476837158
vertex -49.8765983581543 -57.481563568115234 0
endloop
endfacet
facet normal 0.9999999977712937 0.00006676275380823933 3.8370051421628466e-7
outer loop
vertex -53.50124740600586 -34.47223663330078 -1
vertex -53.499977111816406 -53.47221374511719 -5.699999809265137
vertex -53.502410888671875 -17.045114517211914 -1
endloop
endfacet
facet normal 0.999999997765026 0.00006685766930866634 0
outer loop
vertex -53.499977111816406 -53.47221374511719 -1
vertex -53.499977111816406 -53.47221374511719 -5.699999809265137
vertex -53.50124740600586 -34.47223663330078 -1
endloop
endfacet
facet normal 0.1822870894876559 0.9832453493437533 0
outer loop
vertex -49.8765983581543 -57.481563568115234 0
vertex -49.8765983581543 -57.481563568115234 -5.699999809265137
vertex -50.571128845214844 -57.35280227661133 0
endloop
endfacet
facet normal 0.5117376704484669 0.8591417558493921 0
outer loop
vertex -51.223628997802734 -57.10881805419922 0
vertex -51.223628997802734 -57.10881805419922 -5.699999809265137
vertex -51.852622985839844 -56.73416519165039 0
endloop
endfacet
facet normal 0.3502381264784332 0.9366606935069267 0
outer loop
vertex -50.571128845214844 -57.35280227661133 0
vertex -50.571128845214844 -57.35280227661133 -5.699999809265137
vertex -51.223628997802734 -57.10881805419922 0
endloop
endfacet
facet normal 0.9990401685662396 0.043803442685928576 0
outer loop
vertex -53.48314666748047 -53.85609436035156 0
vertex -53.48314666748047 -53.85609436035156 -5.699999809265137
vertex -53.499977111816406 -53.47223663330078 0
endloop
endfacet
facet normal 0.9872346091716162 0.15927280512933273 0
outer loop
vertex -53.39323425292969 -54.41340637207031 0
vertex -53.39323425292969 -54.41340637207031 -5.699999809265137
vertex -53.48314666748047 -53.85609436035156 0
endloop
endfacet
facet normal 0.7785845241530565 0.6275397507324605 0
outer loop
vertex -52.38465118408203 -56.26951217651367 0
vertex -52.38465118408203 -56.26951217651367 -5.699999809265137
vertex -52.821807861328125 -55.727134704589844 0
endloop
endfacet
facet normal 0.9497642659789189 0.3129661947711369 0
outer loop
vertex -53.17216491699219 -55.08428955078125 0
vertex -53.17216491699219 -55.08428955078125 -5.699999809265137
vertex -53.39323425292969 -54.41340637207031 0
endloop
endfacet
facet normal 0.9999999451562466 -0.0003311910380217671 0
outer loop
vertex -72.4999771118164 10.50995922088623 0
vertex -72.4999771118164 10.50995922088623 -5.699999809265137
vertex -72.49356842041016 29.860395431518555 -1
endloop
endfacet
facet normal 0.0011901215166723637 0.999999291805137 0
outer loop
vertex -56.205467224121094 4.500051498413086 -5.699999809265137
vertex -66.88391876220703 4.512760162353516 0
vertex -56.205467224121094 4.500051498413086 0
endloop
endfacet
facet normal 0.8780596017027555 0.47855128863853047 0
outer loop
vertex -52.821807861328125 -55.727134704589844 0
vertex -52.821807861328125 -55.727134704589844 -5.699999809265137
vertex -53.17216491699219 -55.08428955078125 0
endloop
endfacet
facet normal 0.9992227802762828 0.03941871861103017 0
outer loop
vertex -72.4814224243164 10.039617538452148 0
vertex -72.4814224243164 10.039617538452148 -5.699999809265137
vertex -72.4999771118164 10.50995922088623 0
endloop
endfacet
facet normal 0.9874093572723701 0.15818584377549375 0
outer loop
vertex -72.32504272460938 9.063482284545898 0
vertex -72.32504272460938 9.063482284545898 -5.699999809265137
vertex -72.4814224243164 10.039617538452148 0
endloop
endfacet
facet normal 0.949840731632363 0.3127340476061044 0
outer loop
vertex -72.04100799560547 8.200807571411133 0
vertex -72.04100799560547 8.200807571411133 -5.699999809265137
vertex -72.32504272460938 9.063482284545898 0
endloop
endfacet
facet normal 0.8054800979104465 0.5926228242906086 0
outer loop
vertex -71.05117797851562 6.591586589813232 0
vertex -71.05117797851562 6.591586589813232 -5.699999809265137
vertex -71.58941650390625 7.323148727416992 0
endloop
endfacet
facet normal 0.9990408197357372 0.04378858870461399 0.0000010022412575824124
outer loop
vertex -53.499977111816406 -53.47221374511719 -1
vertex -53.499977111816406 -53.47223663330078 0
vertex -53.48314666748047 -53.85609436035156 -5.699999809265137
endloop
endfacet
facet normal 0.7028110940361203 0.7113765290616157 0
outer loop
vertex -70.34902954101562 5.897892475128174 0
vertex -70.34902954101562 5.897892475128174 -5.699999809265137
vertex -71.05117797851562 6.591586589813232 0
endloop
endfacet
facet normal 0.8891954471908634 0.45752754747123214 0
outer loop
vertex -71.58941650390625 7.323148727416992 0
vertex -71.58941650390625 7.323148727416992 -5.699999809265137
vertex -72.04100799560547 8.200807571411133 0
endloop
endfacet
facet normal 0.14633326830510943 0.9892353484318809 0
outer loop
vertex -66.88391876220703 4.512760162353516 0
vertex -66.88391876220703 4.512760162353516 -5.699999809265137
vertex -67.86032104492188 4.657195091247559 0
endloop
endfacet
facet normal 0.44672539998560906 0.8946711222609667 0
outer loop
vertex -68.7269058227539 4.929067611694336 0
vertex -68.7269058227539 4.929067611694336 -5.699999809265137
vertex -69.60997009277344 5.369997501373291 0
endloop
endfacet
facet normal 0.6578054215545929 0.7531879097365972 0
outer loop
vertex -51.852622985839844 -56.73416519165039 0
vertex -51.852622985839844 -56.73416519165039 -5.699999809265137
vertex -52.38465118408203 -56.26951217651367 0
endloop
endfacet
facet normal 0.2993428674007103 0.9541456113907985 0
outer loop
vertex -67.86032104492188 4.657195091247559 0
vertex -67.86032104492188 4.657195091247559 -5.699999809265137
vertex -68.7269058227539 4.929067611694336 0
endloop
endfacet
facet normal 0.5812348165713427 0.8137358834445472 0
outer loop
vertex -69.60997009277344 5.369997501373291 0
vertex -69.60997009277344 5.369997501373291 -5.699999809265137
vertex -70.34902954101562 5.897892475128174 0
endloop
endfacet
facet normal 0.0001492999786171503 0.9999999888547582 0
outer loop
vertex -44.45988082885742 -57.48237228393555 -1.9500000476837158
vertex -49.8765983581543 -57.481563568115234 -5.699999809265137
vertex -49.8765983581543 -57.481563568115234 0
endloop
endfacet
facet normal 0.00014939556677340794 0.9999999888404727 -1.3807308961762215e-7
outer loop
vertex -49.8765983581543 -57.481563568115234 -5.699999809265137
vertex -44.45988082885742 -57.48237228393555 -1.9500000476837158
vertex -25.899978637695312 -57.485145568847656 -5.699999809265137
endloop
endfacet
facet normal 0.1822870894876559 0.9832453493437533 0
outer loop
vertex -49.8765983581543 -57.481563568115234 -5.699999809265137
vertex -50.571128845214844 -57.35280227661133 -5.699999809265137
vertex -50.571128845214844 -57.35280227661133 0
endloop
endfacet
facet normal 0.3502381264784332 0.9366606935069267 0
outer loop
vertex -50.571128845214844 -57.35280227661133 -5.699999809265137
vertex -51.223628997802734 -57.10881805419922 -5.699999809265137
vertex -51.223628997802734 -57.10881805419922 0
endloop
endfacet
facet normal 0.9872346091716162 0.15927280512933273 0
outer loop
vertex -53.39323425292969 -54.41340637207031 -5.699999809265137
vertex -53.48314666748047 -53.85609436035156 -5.699999809265137
vertex -53.48314666748047 -53.85609436035156 0
endloop
endfacet
facet normal 0.0011901215166723637 0.999999291805137 0
outer loop
vertex -56.205467224121094 4.500051498413086 -5.699999809265137
vertex -66.88391876220703 4.512760162353516 -5.699999809265137
vertex -66.88391876220703 4.512760162353516 0
endloop
endfacet
facet normal -0.9897301788995134 0.14294814785626728 0
outer loop
vertex 72.34288024902344 -47.860294342041016 0
vertex 72.48731994628906 -46.86023712158203 8.640818570100454e-15
vertex 72.48731994628906 -46.86023712158203 -1
endloop
endfacet
facet normal 0.7785845241530565 0.6275397507324605 0
outer loop
vertex -52.38465118408203 -56.26951217651367 -5.699999809265137
vertex -52.821807861328125 -55.727134704589844 -5.699999809265137
vertex -52.821807861328125 -55.727134704589844 0
endloop
endfacet
facet normal 0.9497642659789189 0.3129661947711369 0
outer loop
vertex -53.17216491699219 -55.08428955078125 -5.699999809265137
vertex -53.39323425292969 -54.41340637207031 -5.699999809265137
vertex -53.39323425292969 -54.41340637207031 0
endloop
endfacet
facet normal 0.8780596017027555 0.47855128863853047 0
outer loop
vertex -52.821807861328125 -55.727134704589844 -5.699999809265137
vertex -53.17216491699219 -55.08428955078125 -5.699999809265137
vertex -53.17216491699219 -55.08428955078125 0
endloop
endfacet
facet normal 0.9990402828545241 0.04380083599604659 0
outer loop
vertex -53.499977111816406 -53.47221374511719 -5.699999809265137
vertex -53.499977111816406 -53.47221374511719 -1
vertex -53.48314666748047 -53.85609436035156 -5.699999809265137
endloop
endfacet
facet normal -0.999999991119327 0.0001332707711481896 -4.974897498926757e-7
outer loop
vertex 72.5000228881836 48.490142822265625 -5.699999809265137
vertex 72.48731231689453 -46.88389205932617 -5.699999809265137
vertex 72.4898452758789 -27.86023712158203 -1
endloop
endfacet
facet normal -0.9999999910675192 0.00013365987227868163 0
outer loop
vertex 72.4898452758789 -27.86023712158203 0
vertex 72.49070739746094 -21.41012191772461 7.536063143149824e-15
vertex 72.4898452758789 -27.86023712158203 -1
endloop
endfacet
facet normal -0.9999999910675191 0.0001336598722786816 0
outer loop
vertex 72.4898452758789 -27.86023712158203 -1
vertex 72.49070739746094 -21.41012191772461 7.536063143149824e-15
vertex 72.49070739746094 -21.41012191772461 -1
endloop
endfacet
facet normal 0.5117376704484669 0.8591417558493921 0
outer loop
vertex -51.223628997802734 -57.10881805419922 -5.699999809265137
vertex -51.852622985839844 -56.73416519165039 -5.699999809265137
vertex -51.852622985839844 -56.73416519165039 0
endloop
endfacet
facet normal 0.6578054215545929 0.7531879097365972 0
outer loop
vertex -51.852622985839844 -56.73416519165039 -5.699999809265137
vertex -52.38465118408203 -56.26951217651367 -5.699999809265137
vertex -52.38465118408203 -56.26951217651367 0
endloop
endfacet
facet normal -0.6914708473325057 0.7224043654970992 0
outer loop
vertex -1.7558294534683228 56.9768180847168 4.5
vertex -2.8001747131347656 55.97719192504883 6.5
vertex -1.7558294534683228 56.9768180847168 6.5
endloop
endfacet
facet normal 0 0 1
outer loop
vertex -29.999977111816406 51.00004959106445 6.5
vertex -29.999977111816406 49.18642044067383 6.5
vertex -7.999978065490723 51.00004959106445 6.5
endloop
endfacet
facet normal 0 0 1
outer loop
vertex -2.8001747131347656 55.97719192504883 6.5
vertex -35.21193313598633 55.988826751708984 6.5
vertex -29.999977111816406 51.00004959106445 6.5
endloop
endfacet
facet normal 0 0 1
outer loop
vertex -7.999978065490723 51.00004959106445 6.5
vertex -29.999977111816406 49.18642044067383 6.5
vertex -7.999978065490723 49.17820358276367 6.5
endloop
endfacet
facet normal 0 0 1
outer loop
vertex -2.8001747131347656 55.97719192504883 6.5
vertex -29.999977111816406 51.00004959106445 6.5
vertex -7.999978065490723 51.00004959106445 6.5
endloop
endfacet
facet normal -1 0 0
outer loop
vertex -7.999978065490723 51.00004959106445 6.5
vertex -7.999978065490723 49.17820358276367 6.5
vertex -7.999978065490723 51.00004959106445 9.5
endloop
endfacet
facet normal -0.6914705381895272 0.7224046614023494 -2.062155443399828e-7
outer loop
vertex -2.8001747131347656 55.97719192504883 6.5
vertex -7.999978065490723 51.00004959106445 6.5
vertex -1.7558294534683228 56.9768180847168 9.5
endloop
endfacet
facet normal -0.6914708473325059 0.7224043654970993 0
outer loop
vertex -1.7558294534683228 56.9768180847168 6.5
vertex -2.8001747131347656 55.97719192504883 6.5
vertex -1.7558294534683228 56.9768180847168 9.5
endloop
endfacet
facet normal -1 0 0
outer loop
vertex -7.999978065490723 51.00004959106445 9.5
vertex -7.999978065490723 49.17820358276367 6.5
vertex -7.999978065490723 49.17820358276367 9.5
endloop
endfacet
facet normal -0.6914705898942937 0.7224046119116609 0
outer loop
vertex -1.7558294534683228 56.9768180847168 9.5
vertex -7.999978065490723 51.00004959106445 6.5
vertex -7.999978065490723 51.00004959106445 9.5
endloop
endfacet
facet normal 0 0 1
outer loop
vertex -29.999977111816406 51.00004959106445 6.5
vertex -45.999977111816406 49.1923942565918 6.5
vertex -29.999977111816406 49.18642044067383 6.5
endloop
endfacet
facet normal 0 0 1
outer loop
vertex -35.21193313598633 55.988826751708984 6.5
vertex -40.78593063354492 55.99082565307617 6.5
vertex -29.999977111816406 51.00004959106445 6.5
endloop
endfacet
facet normal 0 0 1
outer loop
vertex -45.999977111816406 51.00004959106445 6.5
vertex -45.999977111816406 49.1923942565918 6.5
vertex -29.999977111816406 51.00004959106445 6.5
endloop
endfacet
facet normal 0 0 1
outer loop
vertex -40.78593063354492 55.99082565307617 6.5
vertex -45.999977111816406 51.00004959106445 6.5
vertex -29.999977111816406 51.00004959106445 6.5
endloop
endfacet
facet normal 0.6914707607728964 0.7224044483501966 0
outer loop
vertex -71.76282501220703 54.601768493652344 5.386634826660156
vertex -71.76282501220703 54.601768493652344 6.5
vertex -71.35285186767578 54.2093505859375 6.5
endloop
endfacet
facet normal 0.6914712062299674 0.7224040219476886 -0.000005355101908534279
outer loop
vertex -72.07733154296875 54.90281295776367 8.5
vertex -71.76282501220703 54.601768493652344 7.842409133911133
vertex -71.98269653320312 54.812225341796875 7.851317882537842
endloop
endfacet
facet normal 0.6914903616568585 0.7223856862754598 0
outer loop
vertex -72.07733154296875 54.90281295776367 8.5
vertex -71.98269653320312 54.812225341796875 7.851317882537842
vertex -72.07733154296875 54.90281295776367 7.902644157409668
endloop
endfacet
facet normal 0.6914725043498867 0.7224027794179263 -0.0000041654200879541975
outer loop
vertex -71.76282501220703 54.601768493652344 7.842409133911133
vertex -72.07733154296875 54.90281295776367 8.5
vertex -70.74263763427734 53.62527084350586 9.5
endloop
endfacet
facet normal 0.6914689723690313 0.7224061601531517 0.00000486772487306701
outer loop
vertex -70.74263763427734 53.62527084350586 9.5
vertex -72.07733154296875 54.90281295776367 8.5
vertex -71.76282501220703 54.601768493652344 9.5
endloop
endfacet
facet normal 0.6914711323186459 0.7224040927095312 -0.000002547315659985305
outer loop
vertex -67.9999771118164 51.00004959106445 9.5
vertex -71.76282501220703 54.601768493652344 7.842409133911133
vertex -70.74263763427734 53.62527084350586 9.5
endloop
endfacet
facet normal 0 0 1
outer loop
vertex -67.9999771118164 28.70005226135254 6.5
vertex -67.17630004882812 28.70005226135254 6.5
vertex -67.9999771118164 51.00004959106445 6.5
endloop
endfacet
facet normal 0 0 1
outer loop
vertex -67.9999771118164 51.00004959106445 6.5
vertex -67.17630004882812 28.70005226135254 6.5
vertex -67.15020751953125 48.75657272338867 6.5
endloop
endfacet
facet normal 0 0 1
outer loop
vertex -67.9999771118164 51.00004959106445 6.5
vertex -67.15020751953125 48.75657272338867 6.5
vertex -66.7999267578125 49.131431579589844 6.5
endloop
endfacet
facet normal 0.6914705205426734 0.7224046782935618 -1.405844383894741e-7
outer loop
vertex -71.35285186767578 54.2093505859375 6.5
vertex -71.76282501220703 54.601768493652344 7.842409133911133
vertex -67.9999771118164 51.00004959106445 6.5
endloop
endfacet
facet normal 0 0 1
outer loop
vertex -72.01737976074219 54.964717864990234 6.5
vertex -72.07733154296875 54.90281295776367 6.5
vertex -71.76282501220703 54.601768493652344 6.5
endloop
endfacet
facet normal 0.6914770494178096 0.7223984289354731 0
outer loop
vertex -71.76282501220703 54.601768493652344 6.5
vertex -72.07733154296875 54.90281295776367 6.5
vertex -71.76282501220703 54.601768493652344 7.842409133911133
endloop
endfacet
facet normal 0.6914707607728964 0.7224044483501966 0
outer loop
vertex -71.76282501220703 54.601768493652344 7.842409133911133
vertex -71.35285186767578 54.2093505859375 6.5
vertex -71.76282501220703 54.601768493652344 6.5
endloop
endfacet
facet normal 0 0 1
outer loop
vertex -67.9999771118164 51.00004959106445 6.5
vertex -66.7999267578125 49.131431579589844 6.5
vertex -66.4999771118164 49.200050354003906 6.5
endloop
endfacet
facet normal 0 0 1
outer loop
vertex -70.20276641845703 55.01596450805664 6.5
vertex -71.35285186767578 54.2093505859375 6.5
vertex -67.9999771118164 51.00004959106445 6.5
endloop
endfacet
facet normal 0 0 1
outer loop
vertex -68.90735626220703 55.59739685058594 6.5
vertex -70.20276641845703 55.01596450805664 6.5
vertex -67.9999771118164 51.00004959106445 6.5
endloop
endfacet
facet normal 0 0 1
outer loop
vertex -67.51261138916016 55.9271240234375 6.5
vertex -68.90735626220703 55.59739685058594 6.5
vertex -67.9999771118164 51.00004959106445 6.5
endloop
endfacet
facet normal 0 0 1
outer loop
vertex -66.45379638671875 56.000038146972656 6.5
vertex -67.51261138916016 55.9271240234375 6.5
vertex -67.9999771118164 51.00004959106445 6.5
endloop
endfacet
facet normal 0 0 1
outer loop
vertex -67.9999771118164 51.00004959106445 6.5
vertex -66.4999771118164 49.200050354003906 6.5
vertex -45.999977111816406 51.00004959106445 6.5
endloop
endfacet
facet normal 0 0 1
outer loop
vertex -66.45379638671875 56.000038146972656 6.5
vertex -67.9999771118164 51.00004959106445 6.5
vertex -40.78593063354492 55.99082565307617 6.5
endloop
endfacet
facet normal 0 0 1
outer loop
vertex -45.999977111816406 51.00004959106445 6.5
vertex -66.4999771118164 49.200050354003906 6.5
vertex -45.999977111816406 49.1923942565918 6.5
endloop
endfacet
facet normal 0 0 1
outer loop
vertex -40.78593063354492 55.99082565307617 6.5
vertex -67.9999771118164 51.00004959106445 6.5
vertex -45.999977111816406 51.00004959106445 6.5
endloop
endfacet
facet normal 0 1 0
outer loop
vertex -67.17630004882812 28.70005226135254 9.5
vertex -67.17630004882812 28.70005226135254 6.5
vertex -67.9999771118164 28.70005226135254 6.5
endloop
endfacet
facet normal 0 1 0
outer loop
vertex -67.17630004882812 28.70005226135254 9.5
vertex -67.9999771118164 28.70005226135254 6.5
vertex -67.9999771118164 28.70005226135254 9.5
endloop
endfacet
facet normal 1 0 0
outer loop
vertex -67.9999771118164 28.70005226135254 9.5
vertex -67.9999771118164 28.70005226135254 6.5
vertex -67.9999771118164 51.00004959106445 6.5
endloop
endfacet
facet normal 1 0 0
outer loop
vertex -67.9999771118164 28.70005226135254 9.5
vertex -67.9999771118164 51.00004959106445 6.5
vertex -67.9999771118164 51.00004959106445 9.5
endloop
endfacet
facet normal 0.6914713733534398 0.7224038619956393 0.000002548218656386973
outer loop
vertex -71.76282501220703 54.601768493652344 7.842409133911133
vertex -72.07733154296875 54.90281295776367 6.5
vertex -71.98269653320312 54.812225341796875 7.851317882537842
endloop
endfacet
facet normal 0.6914903616568584 0.7223856862754598 0
outer loop
vertex -71.98269653320312 54.812225341796875 7.851317882537842
vertex -72.07733154296875 54.90281295776367 6.5
vertex -72.07733154296875 54.90281295776367 7.902644157409668
endloop
endfacet
facet normal 0.6914705467164671 0.7224046532405712 0
outer loop
vertex -67.9999771118164 51.00004959106445 9.5
vertex -67.9999771118164 51.00004959106445 6.5
vertex -71.76282501220703 54.601768493652344 7.842409133911133
endloop
endfacet
facet normal 0.6914770494178096 0.7223984289354732 0
outer loop
vertex -71.76282501220703 54.601768493652344 9.5
vertex -72.07733154296875 54.90281295776367 8.5
vertex -72.07733154296875 54.90281295776367 9.5
endloop
endfacet
facet normal -0.8944271909999159 0 0.4472135954999579
outer loop
vertex -7.999978065490723 49.17820358276367 9.5
vertex -7.499978065490723 49.178016662597656 10.5
vertex -6.999978065490723 50.57296371459961 11.5
endloop
endfacet
facet normal -0.894427190999916 0 0.447213595499958
outer loop
vertex -7.999978065490723 51.00004959106445 9.5
vertex -7.999978065490723 49.17820358276367 9.5
vertex -6.999978065490723 50.57296371459961 11.5
endloop
endfacet
facet normal -0.894427190999916 0 0.447213595499958
outer loop
vertex -6.999978065490723 50.57296371459961 11.5
vertex -7.499978065490723 49.178016662597656 10.5
vertex -6.999978065490723 49.67782974243164 11.5
endloop
endfacet
facet normal -0.6184701719984925 0.6461384057560715 0.4472133796692106
outer loop
vertex -1.7558294534683228 56.9768180847168 9.5
vertex -7.999978065490723 51.00004959106445 9.5
vertex -6.999978065490723 50.57296371459961 11.5
endloop
endfacet
facet normal -0.6184702947831828 0.6461384384987024 0.4472131625581493
outer loop
vertex -1.5160843133926392 55.8220329284668 11.5
vertex -1.7558294534683228 56.9768180847168 9.5
vertex -6.999978065490723 50.57296371459961 11.5
endloop
endfacet
facet normal 0.8944271909999159 0 0.4472135954999579
outer loop
vertex -68.9999771118164 50.57296371459961 11.5
vertex -67.9999771118164 28.70005226135254 9.5
vertex -67.9999771118164 51.00004959106445 9.5
endloop
endfacet
facet normal 0.894427190999916 0 0.447213595499958
outer loop
vertex -68.9999771118164 50.57296371459961 11.5
vertex -68.9999771118164 28.70005226135254 11.5
vertex -67.9999771118164 28.70005226135254 9.5
endloop
endfacet
facet normal 0.8112517681238944 0.37826942367064453 0.44585066090758846
outer loop
vertex -68.93966674804688 28.358030319213867 11.5
vertex -68.86600494384766 28.20005226135254 11.5
vertex -67.9999771118164 28.70005226135254 9.5
endloop
endfacet
facet normal 0.8646011930506549 0.23169384456484537 0.44585057964092156
outer loop
vertex -68.98478698730469 28.526403427124023 11.5
vertex -68.93966674804688 28.358030319213867 11.5
vertex -67.9999771118164 28.70005226135254 9.5
endloop
endfacet
facet normal 0.8917020088853294 0.0780026229516351 0.4458510044426647
outer loop
vertex -68.9999771118164 28.70005226135254 11.5
vertex -68.98478698730469 28.526403427124023 11.5
vertex -67.9999771118164 28.70005226135254 9.5
endloop
endfacet
facet normal 0.5134035650255018 0.7332349814393476 0.4458511426617017
outer loop
vertex -67.9999771118164 28.70005226135254 9.5
vertex -68.64276885986328 27.93400764465332 11.5
vertex -68.4999771118164 27.834026336669922 11.5
endloop
endfacet
facet normal 0.3782860521051683 0.8112440028937907 0.4458506819009535
outer loop
vertex -67.9999771118164 28.70005226135254 9.5
vertex -68.4999771118164 27.834026336669922 11.5
vertex -68.34199523925781 27.760358810424805 11.5
endloop
endfacet
facet normal 0.23167618200607332 0.8646057556352303 0.44585091007367134
outer loop
vertex -68.34199523925781 27.760358810424805 11.5
vertex -68.17362976074219 27.71524429321289 11.5
vertex -67.9999771118164 28.70005226135254 9.5
endloop
endfacet
facet normal 0.0780106544505968 0.8917014468047877 0.44585072340239384
outer loop
vertex -67.9999771118164 28.70005226135254 9.5
vertex -68.17362976074219 27.71524429321289 11.5
vertex -67.9999771118164 27.70005226135254 11.5
endloop
endfacet
facet normal 0.6329460809447116 0.6329264917620511 0.4458512247852558
outer loop
vertex -68.76602172851562 28.05726432800293 11.5
vertex -68.64276885986328 27.93400764465332 11.5
vertex -67.9999771118164 28.70005226135254 9.5
endloop
endfacet
facet normal 0.7332239809774006 0.5134193727503318 0.4458510305071733
outer loop
vertex -68.76602172851562 28.05726432800293 11.5
vertex -67.9999771118164 28.70005226135254 9.5
vertex -68.86600494384766 28.20005226135254 11.5
endloop
endfacet
facet normal 0 0.8944271909999159 0.4472135954999579
outer loop
vertex -67.17694854736328 28.20005226135254 10.5
vertex -67.17630004882812 28.70005226135254 9.5
vertex -67.9999771118164 28.70005226135254 9.5
endloop
endfacet
facet normal 0 0.894427190999916 0.447213595499958
outer loop
vertex -67.17694854736328 28.20005226135254 10.5
vertex -67.9999771118164 28.70005226135254 9.5
vertex -67.9999771118164 27.70005226135254 11.5
endloop
endfacet
facet normal 0 0.8944271909999159 0.4472135954999579
outer loop
vertex -67.17694854736328 28.20005226135254 10.5
vertex -67.9999771118164 27.70005226135254 11.5
vertex -67.67760467529297 27.70005226135254 11.5
endloop
endfacet
facet normal 0.6184674394206575 0.6461384471972863 0.4472170987674053
outer loop
vertex -70.74263763427734 53.62527084350586 9.5
vertex -71.76282501220703 54.601768493652344 9.5
vertex -68.9999771118164 50.57296371459961 11.5
endloop
endfacet
facet normal 0.6184812768307333 0.6461384410150744 0.44719797098425557
outer loop
vertex -68.9999771118164 50.57296371459961 11.5
vertex -71.76282501220703 54.601768493652344 9.5
vertex -72.07733154296875 54.90281295776367 9.5
endloop
endfacet
facet normal 0.6184706174929674 0.6461378999284405 0.44721349440052943
outer loop
vertex -67.9999771118164 51.00004959106445 9.5
vertex -70.74263763427734 53.62527084350586 9.5
vertex -68.9999771118164 50.57296371459961 11.5
endloop
endfacet
facet normal 0.618469728042125 0.6461379428754507 0.4472146624074181
outer loop
vertex -68.9999771118164 50.57296371459961 11.5
vertex -72.07733154296875 54.90281295776367 9.5
vertex -71.93888854980469 53.38602828979492 11.5
endloop
endfacet
facet normal 0.00032107217474178527 0.8944279161173659 0.44721203000657844
outer loop
vertex -35.21193313598633 55.988826751708984 6.5
vertex -2.8001747131347656 55.97719192504883 6.5
vertex -66.48800659179688 57.00004959106445 4.5
endloop
endfacet
facet normal 0.0003209977915022189 0.8944269729900749 0.4472139163177167
outer loop
vertex -1.7558294534683228 56.9768180847168 4.5
vertex -66.48800659179688 57.00004959106445 4.5
vertex -2.8001747131347656 55.97719192504883 6.5
endloop
endfacet
facet normal 0.00032102030093120035 0.8944272941651539 0.4472132739514424
outer loop
vertex -66.48800659179688 57.00004959106445 4.5
vertex -66.45379638671875 56.000038146972656 6.5
vertex -40.78593063354492 55.99082565307617 6.5
endloop
endfacet
facet normal 0.0003207517023948703 0.8944259160732072 0.4472160303197433
outer loop
vertex -66.48800659179688 57.00004959106445 4.5
vertex -40.78593063354492 55.99082565307617 6.5
vertex -35.21193313598633 55.988826751708984 6.5
endloop
endfacet
facet normal -0.061447700540453516 0.8923141261453175 0.44721323815357844
outer loop
vertex -66.48800659179688 57.00004959106445 4.5
vertex -67.66299438476562 56.91913604736328 4.5
vertex -66.45379638671875 56.000038146972656 6.5
endloop
endfacet
facet normal -0.061448214234318184 0.8923139708750562 0.44721347737808925
outer loop
vertex -66.45379638671875 56.000038146972656 6.5
vertex -67.66299438476562 56.91913604736328 4.5
vertex -67.51261138916016 55.9271240234375 6.5
endloop
endfacet
facet normal -0.2057731371002985 0.8704353144551136 0.44721334885860614
outer loop
vertex -68.87008666992188 56.63376998901367 4.5
vertex -69.23002624511719 56.54867935180664 4.5
vertex -68.90735626220703 55.59739685058594 6.5
endloop
endfacet
facet normal -0.2057774739131179 0.8704342858993908 0.4472133553023138
outer loop
vertex -67.66299438476562 56.91913604736328 4.5
vertex -68.87008666992188 56.63376998901367 4.5
vertex -67.51261138916016 55.9271240234375 6.5
endloop
endfacet
facet normal -0.20577667772721053 0.8704346801949838 0.4472129542146648
outer loop
vertex -67.51261138916016 55.9271240234375 6.5
vertex -68.87008666992188 56.63376998901367 4.5
vertex -68.90735626220703 55.59739685058594 6.5
endloop
endfacet
facet normal -0.3662543055787103 0.8160008201164255 0.4472140932644874
outer loop
vertex -69.73896789550781 56.320247650146484 4.5
vertex -70.69906616210938 55.88931655883789 4.5
vertex -68.90735626220703 55.59739685058594 6.5
endloop
endfacet
facet normal -0.36625177434437867 0.8160022498568789 0.447213557507044
outer loop
vertex -69.23002624511719 56.54867935180664 4.5
vertex -69.73896789550781 56.320247650146484 4.5
vertex -68.90735626220703 55.59739685058594 6.5
endloop
endfacet
facet normal -0.3662541507688944 0.8160009548330867 0.44721397424057174
outer loop
vertex -68.90735626220703 55.59739685058594 6.5
vertex -70.69906616210938 55.88931655883789 4.5
vertex -70.20276641845703 55.01596450805664 6.5
endloop
endfacet
facet normal -0.5135836483712433 0.7322773197326513 0.4472155667358275
outer loop
vertex -70.20276641845703 55.01596450805664 6.5
vertex -71.76282501220703 54.601768493652344 5.386634826660156
vertex -71.35285186767578 54.2093505859375 6.5
endloop
endfacet
facet normal -0.513583363465581 0.7322787027425889 0.4472136293551575
outer loop
vertex -70.69906616210938 55.88931655883789 4.5
vertex -72.01737976074219 54.964717864990234 4.5
vertex -71.76282501220703 54.601768493652344 5.386634826660156
endloop
endfacet
facet normal 0.8187121147942449 0.5742042085261438 0
outer loop
vertex -71.76282501220703 54.601768493652344 5.386634826660156
vertex -72.01737976074219 54.964717864990234 4.5
vertex -71.76282501220703 54.601768493652344 6.5
endloop
endfacet
facet normal -0.513582965256285 0.7322786961223124 0.4472140975013731
outer loop
vertex -70.69906616210938 55.88931655883789 4.5
vertex -71.76282501220703 54.601768493652344 5.386634826660156
vertex -70.20276641845703 55.01596450805664 6.5
endloop
endfacet
facet normal 0.8187121147942449 0.5742042085261438 0
outer loop
vertex -71.76282501220703 54.601768493652344 6.5
vertex -72.01737976074219 54.964717864990234 4.5
vertex -72.01737976074219 54.964717864990234 6.5
endloop
endfacet
facet normal 0.8714243696768477 0.20402285882959897 0.4460877055112665
outer loop
vertex -48.61724090576172 -46.91105651855469 11.5
vertex -48.1313591003418 -46.79990005493164 10.5
vertex -48.68738555908203 -46.611454010009766 11.5
endloop
endfacet
facet normal 0.8719035083253884 0.19945845393745448 0.44721426332660685
outer loop
vertex -48.1313591003418 -46.79990005493164 10.5
vertex -48.16497039794922 -46.65297317504883 10.5
vertex -48.68738555908203 -46.611454010009766 11.5
endloop
endfacet
facet normal 0.8719020060596813 0.19946763498054781 0.447213097330982
outer loop
vertex -48.16497039794922 -46.65297317504883 10.5
vertex -48.19997787475586 -46.49995040893555 10.5
vertex -48.68738555908203 -46.611454010009766 11.5
endloop
endfacet
facet normal 0.8646097289088589 0.23166471002758718 0.4458491659787908
outer loop
vertex -48.60120391845703 -46.970909118652344 11.5
vertex -48.1313591003418 -46.79990005493164 10.5
vertex -48.61724090576172 -46.91105651855469 11.5
endloop
endfacet
facet normal 0.6329367974285491 0.6329367974285491 0.4458497739393655
outer loop
vertex -48.514381408691406 -47.12129211425781 11.5
vertex -48.47162628173828 -47.16404724121094 11.5
vertex -48.1313591003418 -46.79990005493164 10.5
endloop
endfacet
facet normal 0.7332365613755949 0.5134027197577236 0.44584951767100267
outer loop
vertex -48.564369201660156 -47.04990005493164 11.5
vertex -48.514381408691406 -47.12129211425781 11.5
vertex -48.1313591003418 -46.79990005493164 10.5
endloop
endfacet
facet normal 0.8112409510190903 0.3782944232887592 0.4458491322165683
outer loop
vertex -48.60120391845703 -46.970909118652344 11.5
vertex -48.564369201660156 -47.04990005493164 11.5
vertex -48.1313591003418 -46.79990005493164 10.5
endloop
endfacet
facet normal 0.6110573181494546 0.6539449038477063 0.44605494803623735
outer loop
vertex -48.00769805908203 -46.91545104980469 10.5
vertex -48.1313591003418 -46.79990005493164 10.5
vertex -48.47162628173828 -47.16404724121094 11.5
endloop
endfacet
facet normal 0.6110604582505132 0.653941545468964 0.4460555699375758
outer loop
vertex -48.00769805908203 -46.91545104980469 10.5
vertex -48.47162628173828 -47.16404724121094 11.5
vertex -47.756500244140625 -47.150177001953125 10.5
endloop
endfacet
facet normal 0.611059564181986 0.6539428051084284 0.4460549480373933
outer loop
vertex -48.47162628173828 -47.16404724121094 11.5
vertex -48.09676742553711 -47.51432418823242 11.5
vertex -47.756500244140625 -47.150177001953125 10.5
endloop
endfacet
facet normal 0.23318285823904747 0.8697567857951917 0.43491250635810097
outer loop
vertex -48.006500244140625 -47.58319091796875 11.5
vertex -47.756717681884766 -47.6501579284668 11.5
vertex -47.756500244140625 -47.150177001953125 10.5
endloop
endfacet
facet normal 0.5434063002353947 0.7122707185769759 0.4442747081731282
outer loop
vertex -48.006500244140625 -47.58319091796875 11.5
vertex -47.756500244140625 -47.150177001953125 10.5
vertex -48.09676742553711 -47.51432418823242 11.5
endloop
endfacet
facet normal 0.0003897634378264868 0.8944270885667721 0.44721363051949825
outer loop
vertex 66.5000228881836 -47.199947357177734 10.5
vertex -47.756717681884766 -47.6501579284668 11.5
vertex 66.49980163574219 -47.699947357177734 11.5
endloop
endfacet
facet normal 0.00038961708583529924 0.8944339131113567 0.44719998130012545
outer loop
vertex 66.5000228881836 -47.199947357177734 10.5
vertex -47.756500244140625 -47.150177001953125 10.5
vertex -47.756717681884766 -47.6501579284668 11.5
endloop
endfacet
facet normal -0.1126304873185451 0.8887458669600655 0.44434801370973676
outer loop
vertex 66.61117553710938 -47.68583297729492 11.5
vertex 66.5000228881836 -47.199947357177734 10.5
vertex 66.49980163574219 -47.699947357177734 11.5
endloop
endfacet
facet normal -0.1995827881108018 0.8724479538986305 0.4460955933743482
outer loop
vertex 66.79997253417969 -47.13132858276367 10.5
vertex 66.61117553710938 -47.68583297729492 11.5
vertex 66.9111328125 -47.61721420288086 11.5
endloop
endfacet
facet normal -0.19959312302992352 0.8724468891583786 0.4460930517695043
outer loop
vertex 66.6530532836914 -47.164939880371094 10.5
vertex 66.61117553710938 -47.68583297729492 11.5
vertex 66.79997253417969 -47.13132858276367 10.5
endloop
endfacet
facet normal -0.19958272813753716 0.8724485912569947 0.44609437369559285
outer loop
vertex 66.6530532836914 -47.164939880371094 10.5
vertex 66.5000228881836 -47.199947357177734 10.5
vertex 66.61117553710938 -47.68583297729492 11.5
endloop
endfacet
facet normal -0.5134100570581702 0.7332302653873112 0.44585142282107815
outer loop
vertex 66.79997253417969 -47.13132858276367 10.5
vertex 67.04997253417969 -47.5643424987793 11.5
vertex 67.12136840820312 -47.51435089111328 11.5
endloop
endfacet
facet normal -0.6329361160792807 0.6329361160792807 0.4458517084468227
outer loop
vertex 66.79997253417969 -47.13132858276367 10.5
vertex 67.12136840820312 -47.51435089111328 11.5
vertex 67.16412353515625 -47.471595764160156 11.5
endloop
endfacet
facet normal -0.3782768657850394 0.8112481390932186 0.44585095001540287
outer loop
vertex 66.79997253417969 -47.13132858276367 10.5
vertex 66.97098541259766 -47.601173400878906 11.5
vertex 67.04997253417969 -47.5643424987793 11.5
endloop
endfacet
facet normal -0.23171579250821528 0.8645947168736974 0.44585173214464563
outer loop
vertex 66.79997253417969 -47.13132858276367 10.5
vertex 66.9111328125 -47.61721420288086 11.5
vertex 66.97098541259766 -47.601173400878906 11.5
endloop
endfacet
facet normal -0.6539408768093067 0.6110601691386945 0.44605694628608256
outer loop
vertex 66.79997253417969 -47.13132858276367 10.5
vertex 67.16412353515625 -47.471595764160156 11.5
vertex 66.91554260253906 -47.00764846801758 10.5
endloop
endfacet
facet normal -0.6539468525213463 0.6110566913838325 0.44605294976321846
outer loop
vertex 67.51439666748047 -47.096736907958984 11.5
vertex 67.15025329589844 -46.7564697265625 10.5
vertex 67.16412353515625 -47.471595764160156 11.5
endloop
endfacet
facet normal -0.6539374855850186 0.6110633398598986 0.4460575743399158
outer loop
vertex 67.15025329589844 -46.7564697265625 10.5
vertex 66.91554260253906 -47.00764846801758 10.5
vertex 67.16412353515625 -47.471595764160156 11.5
endloop
endfacet
facet normal -0.7122566868475275 0.5434256951504569 0.44427348096777686
outer loop
vertex 67.15025329589844 -46.7564697265625 10.5
vertex 67.51439666748047 -47.096736907958984 11.5
vertex 67.58326721191406 -47.0064697265625 11.5
endloop
endfacet
facet normal -0.869749085126186 0.23320668785215784 0.43491512926453646
outer loop
vertex 67.15025329589844 -46.7564697265625 10.5
vertex 67.58326721191406 -47.0064697265625 11.5
vertex 67.65023040771484 -46.75672912597656 11.5
endloop
endfacet
facet normal -0.8944352335085426 0.00046729554697523003 0.4471972659726251
outer loop
vertex 67.20001983642578 48.50004959106445 10.5
vertex 67.15025329589844 -46.7564697265625 10.5
vertex 67.65023040771484 -46.75672912597656 11.5
endloop
endfacet
facet normal -0.8944270447476624 0.0004675061812106075 0.4472136436446607
outer loop
vertex 67.20001983642578 48.50004959106445 10.5
vertex 67.65023040771484 -46.75672912597656 11.5
vertex 67.70001983642578 48.49979019165039 11.5
endloop
endfacet
facet normal -0.888751804761816 -0.11258882040670797 0.44434669690686457
outer loop
vertex 67.68590545654297 48.6112060546875 11.5
vertex 67.20001983642578 48.50004959106445 10.5
vertex 67.70001983642578 48.49979019165039 11.5
endloop
endfacet
facet normal -0.8729076390746898 -0.1950242569554336 0.4472111278177589
outer loop
vertex 67.13140106201172 48.80000305175781 10.5
vertex 67.68590545654297 48.6112060546875 11.5
vertex 67.61881256103516 48.91150665283203 11.5
endloop
endfacet
facet normal -0.872445130573643 -0.1996101905910669 0.4460888543222491
outer loop
vertex 67.13140106201172 48.80000305175781 10.5
vertex 67.1650161743164 48.653079986572266 10.5
vertex 67.68590545654297 48.6112060546875 11.5
endloop
endfacet
facet normal -0.872453022538135 -0.19956199358884052 0.4460949833599569
outer loop
vertex 67.1650161743164 48.653079986572266 10.5
vertex 67.20001983642578 48.50004959106445 10.5
vertex 67.68590545654297 48.6112060546875 11.5
endloop
endfacet
facet normal -0.7798504180007333 -0.45418759641734413 0.43075161381556953
outer loop
vertex 67.13140106201172 48.80000305175781 10.5
vertex 67.61881256103516 48.91150665283203 11.5
vertex 67.47167205810547 49.16415023803711 11.5
endloop
endfacet
facet normal -0.6110648877967406 -0.6539353046871225 0.4460586510602805
outer loop
vertex 67.00762939453125 48.91565704345703 10.5
vertex 67.47167205810547 49.16415023803711 11.5
vertex 66.75654602050781 49.1502799987793 10.5
endloop
endfacet
facet normal -0.6110556272835369 -0.6539452101999352 0.4460568152395901
outer loop
vertex 67.47167205810547 49.16415023803711 11.5
vertex 67.00762939453125 48.91565704345703 10.5
vertex 67.13140106201172 48.80000305175781 10.5
endloop
endfacet
facet normal -0.6127218829207353 -0.6515935076987377 0.44721113013309927
outer loop
vertex 67.09791564941406 49.51560974121094 11.5
vertex 66.75654602050781 49.1502799987793 10.5
vertex 67.47167205810547 49.16415023803711 11.5
endloop
endfacet
facet normal -0.23316558908822996 -0.86976236604067 0.43491060539434345
outer loop
vertex 66.75654602050781 49.1502799987793 10.5
vertex 67.00654602050781 49.58329391479492 11.5
vertex 66.75672912597656 49.650264739990234 11.5
endloop
endfacet
facet normal -0.5330924765145152 -0.7196432958054256 0.44488868077972693
outer loop
vertex 67.00654602050781 49.58329391479492 11.5
vertex 66.75654602050781 49.1502799987793 10.5
vertex 67.09791564941406 49.51560974121094 11.5
endloop
endfacet
facet normal -0.0003342731504037677 -0.8944271609882074 0.44721353059588476
outer loop
vertex -6.999978065490723 49.67782974243164 11.5
vertex -7.499978065490723 49.178016662597656 10.5
vertex 66.75672912597656 49.650264739990234 11.5
endloop
endfacet
facet normal -0.0003340928755632062 -0.894432575730269 0.4472027010813634
outer loop
vertex -7.499978065490723 49.178016662597656 10.5
vertex 66.75654602050781 49.1502799987793 10.5
vertex 66.75672912597656 49.650264739990234 11.5
endloop
endfacet
facet normal 0.8944246266319048 -0.0011639213912918959 0.4472172095988399
outer loop
vertex -67.67760467529297 27.70005226135254 11.5
vertex -67.19998168945312 10.500051498413086 10.5
vertex -67.17694854736328 28.20005226135254 10.5
endloop
endfacet
facet normal 0.8944481228189096 -0.001160537178122067 0.44717022344873003
outer loop
vertex -67.69992065429688 10.500701904296875 11.5
vertex -67.19998168945312 10.500051498413086 10.5
vertex -67.67760467529297 27.70005226135254 11.5
endloop
endfacet
facet normal 0.8900384106254932 0.09947590511518824 0.4449001819653034
outer loop
vertex -67.68738555908203 10.38854694366455 11.5
vertex -67.19998168945312 10.500051498413086 10.5
vertex -67.69992065429688 10.500701904296875 11.5
endloop
endfacet
facet normal 0.8714231530814368 0.20402257399332127 0.44609021237272894
outer loop
vertex -67.68738555908203 10.38854694366455 11.5
vertex -67.61724090576172 10.088944435119629 11.5
vertex -67.13135528564453 10.20009994506836 10.5
endloop
endfacet
facet normal 0.8719030978491751 0.19946848708654363 0.4472105886720678
outer loop
vertex -67.68738555908203 10.38854694366455 11.5
vertex -67.16497039794922 10.347012519836426 10.5
vertex -67.19998168945312 10.500051498413086 10.5
endloop
endfacet
facet normal 0.8718980607303571 0.199499268704267 0.44720667870807224
outer loop
vertex -67.13135528564453 10.20009994506836 10.5
vertex -67.16497039794922 10.347012519836426 10.5
vertex -67.68738555908203 10.38854694366455 11.5
endloop
endfacet
facet normal 0.7845285536130453 0.44603965447820804 0.43077090802279544
outer loop
vertex -67.61724090576172 10.088944435119629 11.5
vertex -67.47273254394531 9.834772109985352 11.5
vertex -67.13135528564453 10.20009994506836 10.5
endloop
endfacet
facet normal 0.6106637060083279 0.6535222580496972 0.4472119144184329
outer loop
vertex -67.09786987304688 9.484493255615234 11.5
vertex -66.75650024414062 9.849821090698242 10.5
vertex -67.47273254394531 9.834772109985352 11.5
endloop
endfacet
facet normal 0.610680772589157 0.6535037596768457 0.44721564158483756
outer loop
vertex -67.0075912475586 10.08444595336914 10.5
vertex -67.13135528564453 10.20009994506836 10.5
vertex -67.47273254394531 9.834772109985352 11.5
endloop
endfacet
facet normal 0.610664406029145 0.6535212710025995 0.4472124009418999
outer loop
vertex -66.75650024414062 9.849821090698242 10.5
vertex -67.0075912475586 10.08444595336914 10.5
vertex -67.47273254394531 9.834772109985352 11.5
endloop
endfacet
facet normal 0.23388530872859659 0.8695298745127166 0.4349890339891669
outer loop
vertex -66.75650024414062 9.849821090698242 10.5
vertex -67.00650024414062 9.416808128356934 11.5
vertex -66.75791931152344 9.349945068359375 11.5
endloop
endfacet
facet normal 0.5330975705788884 0.7196400327169789 0.4448878550308974
outer loop
vertex -67.09786987304688 9.484493255615234 11.5
vertex -67.00650024414062 9.416808128356934 11.5
vertex -66.75650024414062 9.849821090698242 10.5
endloop
endfacet
facet normal 0.0025418775706099917 0.8944672121097119 0.4471263191974902
outer loop
vertex -66.75650024414062 9.849821090698242 10.5
vertex -66.75791931152344 9.349945068359375 11.5
vertex -49.229347229003906 9.300132751464844 11.5
endloop
endfacet
facet normal 0.0025355205848033406 0.8944235308948245 0.44721372800597126
outer loop
vertex -49.19997787475586 9.80005168914795 10.5
vertex -66.75650024414062 9.849821090698242 10.5
vertex -49.229347229003906 9.300132751464844 11.5
endloop
endfacet
facet normal 0.10220733246587642 0.8885682008346599 0.4472138343741897
outer loop
vertex -49.229347229003906 9.300132751464844 11.5
vertex -49.09215545654297 9.28435230255127 11.5
vertex -49.19997787475586 9.80005168914795 10.5
endloop
endfacet
facet normal 0.10220869963294746 0.8885681348845572 0.4472136529525025
outer loop
vertex -49.19997787475586 9.80005168914795 10.5
vertex -49.09215545654297 9.28435230255127 11.5
vertex -48.972930908203125 9.773935317993164 10.5
endloop
endfacet
facet normal 0.3177743051177689 0.8360736593434837 0.44721396127459573
outer loop
vertex -48.72283935546875 9.67888069152832 10.5
vertex -48.972930908203125 9.773935317993164 10.5
vertex -49.09215545654297 9.28435230255127 11.5
endloop
endfacet
facet normal 0.3177778006483628 0.8360719920738684 0.44721459444513056
outer loop
vertex -49.09215545654297 9.28435230255127 11.5
vertex -48.96357345581055 9.235480308532715 11.5
vertex -48.72283935546875 9.67888069152832 10.5
endloop
endfacet
facet normal 0.5280846688564921 0.7218904287785407 0.44721448026273014
outer loop
vertex -48.72283935546875 9.67888069152832 10.5
vertex -48.96357345581055 9.235480308532715 11.5
vertex -48.50690460205078 9.520917892456055 10.5
endloop
endfacet
facet normal 0.5280731731116628 0.7219003380821684 0.44721205900180167
outer loop
vertex -48.96357345581055 9.235480308532715 11.5
vertex -48.85658264160156 9.15721607208252 11.5
vertex -48.50690460205078 9.520917892456055 10.5
endloop
endfacet
facet normal 0.700583743593492 0.5560426449089981 0.4472124721596373
outer loop
vertex -48.397979736328125 9.383678436279297 10.5
vertex -48.50690460205078 9.520917892456055 10.5
vertex -48.85658264160156 9.15721607208252 11.5
endloop
endfacet
facet normal 0.7005846740557435 0.5560406232331105 0.4472135281861916
outer loop
vertex -48.774173736572266 9.053384780883789 11.5
vertex -48.340576171875 9.311354637145996 10.5
vertex -48.85658264160156 9.15721607208252 11.5
endloop
endfacet
facet normal 0.700578092498994 0.5560504311048624 0.44721164383160616
outer loop
vertex -48.340576171875 9.311354637145996 10.5
vertex -48.397979736328125 9.383678436279297 10.5
vertex -48.85658264160156 9.15721607208252 11.5
endloop
endfacet
facet normal 0.8229404851006659 0.3503838607147082 0.44721371639624025
outer loop
vertex -48.72224426269531 8.931419372558594 11.5
vertex -48.23576736450195 9.065193176269531 10.5
vertex -48.3148193359375 9.250861167907715 10.5
endloop
endfacet
facet normal 0.8229379942587538 0.35038954075136247 0.4472138496708577
outer loop
vertex -48.3148193359375 9.250861167907715 10.5
vertex -48.340576171875 9.311354637145996 10.5
vertex -48.774173736572266 9.053384780883789 11.5
endloop
endfacet
facet normal 0.8229399666514895 0.3503849172265768 0.44721384266117065
outer loop
vertex -48.72224426269531 8.931419372558594 11.5
vertex -48.3148193359375 9.250861167907715 10.5
vertex -48.774173736572266 9.053384780883789 11.5
endloop
endfacet
facet normal 0.8863881715752416 0.11965016199499812 0.4472134255879075
outer loop
vertex -48.22593307495117 8.992339134216309 10.5
vertex -48.23576736450195 9.065193176269531 10.5
vertex -48.72224426269531 8.931419372558594 11.5
endloop
endfacet
facet normal 0.886388741385357 0.11964586260610567 0.44721344647329603
outer loop
vertex -48.19997787475586 8.80005168914795 10.5
vertex -48.22593307495117 8.992339134216309 10.5
vertex -48.72224426269531 8.931419372558594 11.5
endloop
endfacet
facet normal 0.8863888470928617 0.11964391849645402 0.44721375707395394
outer loop
vertex -48.69997787475586 8.766457557678223 11.5
vertex -48.19997787475586 8.80005168914795 10.5
vertex -48.72224426269531 8.931419372558594 11.5
endloop
endfacet
facet normal 0.894427190999916 0 0.447213595499958
outer loop
vertex -48.69997787475586 -46.49995040893555 11.5
vertex -48.19997787475586 -46.49995040893555 10.5
vertex -48.69997787475586 8.766457557678223 11.5
endloop
endfacet
facet normal 0.8944271909999159 0 0.4472135954999579
outer loop
vertex -48.69997787475586 8.766457557678223 11.5
vertex -48.19997787475586 -46.49995040893555 10.5
vertex -48.19997787475586 8.80005168914795 10.5
endloop
endfacet
facet normal 0.8898989394152572 0.10049799517652289 0.4449494697076286
outer loop
vertex -48.68738555908203 -46.611454010009766 11.5
vertex -48.19997787475586 -46.49995040893555 10.5
vertex -48.69997787475586 -46.49995040893555 11.5
endloop
endfacet
facet normal 0.14536269292643847 -0.8537383374858669 0.5000005386117521
outer loop
vertex 50.86962890625 -58.65983200073242 11.5
vertex 50.5623893737793 -59.88346481323242 9.5
vertex 51.17725372314453 -59.77877426147461 9.5
endloop
endfacet
facet normal 0.14536008168823178 -0.8537384918466129 0.5000010341899919
outer loop
vertex 50.001800537109375 -59.978912353515625 9.5
vertex 50.5623893737793 -59.88346481323242 9.5
vertex 50.86962890625 -58.65983200073242 11.5
endloop
endfacet
facet normal 0.1453623718598286 -0.8537386303900395 0.5000001318270069
outer loop
vertex 50.86962890625 -58.65983200073242 11.5
vertex 49.867637634277344 -58.83043670654297 11.5
vertex 50.001800537109375 -59.978912353515625 9.5
endloop
endfacet
facet normal 0.3115086234772618 -0.8080605886501039 0.5000004625695351
outer loop
vertex 51.94049072265625 -58.247013092041016 11.5
vertex 50.86962890625 -58.65983200073242 11.5
vertex 51.17725372314453 -59.77877426147461 9.5
endloop
endfacet
facet normal 0.31151197939221575 -0.8080602485470839 0.4999989214120053
outer loop
vertex 51.17725372314453 -59.77877426147461 9.5
vertex 52.207008361816406 -59.381797790527344 9.5
vertex 51.94049072265625 -58.247013092041016 11.5
endloop
endfacet
facet normal 0.31150836158458384 -0.8080615016065266 0.4999991502835717
outer loop
vertex 51.94049072265625 -58.247013092041016 11.5
vertex 52.207008361816406 -59.381797790527344 9.5
vertex 52.471473693847656 -59.27984619140625 9.5
endloop
endfacet
facet normal 0.4758924683305352 -0.723551474185885 0.49999962278956095
outer loop
vertex 52.471473693847656 -59.27984619140625 9.5
vertex 53.630340576171875 -58.51763916015625 9.5
vertex 52.892276763916016 -57.62100601196289 11.5
endloop
endfacet
facet normal 0.47589293312649394 -0.7235513228180049 0.4999993994482171
outer loop
vertex 51.94049072265625 -58.247013092041016 11.5
vertex 52.471473693847656 -59.27984619140625 9.5
vertex 52.892276763916016 -57.62100601196289 11.5
endloop
endfacet
facet normal 0.6185974049937149 -0.6060834330137439 0.5000001227613016
outer loop
vertex 52.892276763916016 -57.62100601196289 11.5
vertex 53.89779281616211 -58.244667053222656 9.5
vertex 53.69060516357422 -56.80619430541992 11.5
endloop
endfacet
facet normal 0.618598345576313 -0.606082780056458 0.49999975056922125
outer loop
vertex 54.60106658935547 -57.52687072753906 9.5
vertex 53.69060516357422 -56.80619430541992 11.5
vertex 53.89779281616211 -58.244667053222656 9.5
endloop
endfacet
facet normal 0.6185950048558353 -0.6060861732503349 0.49999977056212164
outer loop
vertex 52.892276763916016 -57.62100601196289 11.5
vertex 53.630340576171875 -58.51763916015625 9.5
vertex 53.89779281616211 -58.244667053222656 9.5
endloop
endfacet
facet normal 0.7310520442450931 -0.46421157928200085 0.5000705132934565
outer loop
vertex 54.6213493347168 -55.34043502807617 11.5
vertex 53.69060516357422 -56.80619430541992 11.5
vertex 54.60106658935547 -57.52687072753906 9.5
endloop
endfacet
facet normal 0.7324159436753133 -0.46323010805453174 0.49898371961616866
outer loop
vertex 54.6213493347168 -55.34043502807617 11.5
vertex 54.60106658935547 -57.52687072753906 9.5
vertex 55.475135803222656 -56.144874572753906 9.5
endloop
endfacet
facet normal 0.7324227703209384 -0.4632203869002732 0.49898272382454595
outer loop
vertex 54.6213493347168 -55.34043502807617 11.5
vertex 55.475135803222656 -56.144874572753906 9.5
vertex 55.594600677490234 -55.95598220825195 9.5
endloop
endfacet
facet normal 0.6129548609471972 -0.6129548609471972 0.4985706337946553
outer loop
vertex 54.71004867553711 -55.2137565612793 11.5
vertex 55.594600677490234 -55.95598220825195 9.5
vertex 54.75283432006836 -55.17097091674805 11.5
endloop
endfacet
facet normal 0.7100862566228473 -0.4971972307574815 0.4985703780635624
outer loop
vertex 54.6213493347168 -55.34043502807617 11.5
vertex 55.594600677490234 -55.95598220825195 9.5
vertex 54.71004867553711 -55.2137565612793 11.5
endloop
endfacet
facet normal 0.6389914096991443 -0.5855802380595176 0.49878428516229223
outer loop
vertex 55.039154052734375 -54.85853576660156 11.5
vertex 54.75283432006836 -55.17097091674805 11.5
vertex 55.594600677490234 -55.95598220825195 9.5
endloop
endfacet
facet normal 0.6333411906680149 -0.5906583986803579 0.5000015922690413
outer loop
vertex 55.594600677490234 -55.95598220825195 9.5
vertex 55.70561599731445 -55.836944580078125 9.5
vertex 55.039154052734375 -54.85853576660156 11.5
endloop
endfacet
facet normal 0.6333536060061363 -0.590646507925422 0.49999991243452074
outer loop
vertex 55.039154052734375 -54.85853576660156 11.5
vertex 55.70561599731445 -55.836944580078125 9.5
vertex 55.88362121582031 -55.64606857299805 9.5
endloop
endfacet
facet normal 0.4971982508955441 -0.7100855087520653 0.49857042588458045
outer loop
vertex 55.141395568847656 -54.76151657104492 11.5
vertex 55.88362121582031 -55.64606857299805 9.5
vertex 55.1864128112793 -54.72999572753906 11.5
endloop
endfacet
facet normal 0.5963962187336143 -0.6284988579600649 0.4993002461677154
outer loop
vertex 55.039154052734375 -54.85853576660156 11.5
vertex 55.88362121582031 -55.64606857299805 9.5
vertex 55.141395568847656 -54.76151657104492 11.5
endloop
endfacet
facet normal 0.5244985395859406 -0.6891307021359264 0.5000001573458358
outer loop
vertex 55.52151107788086 -54.47057342529297 11.5
vertex 56.067928314208984 -55.50579833984375 9.5
vertex 56.2208366394043 -55.38941955566406 9.5
endloop
endfacet
facet normal 0.530551270258364 -0.6853181452309461 0.4988530740052147
outer loop
vertex 55.52151107788086 -54.47057342529297 11.5
vertex 55.1864128112793 -54.72999572753906 11.5
vertex 55.88362121582031 -55.64606857299805 9.5
endloop
endfacet
facet normal 0.5244833705025528 -0.6891412810592815 0.5000014888040378
outer loop
vertex 55.52151107788086 -54.47057342529297 11.5
vertex 55.88362121582031 -55.64606857299805 9.5
vertex 56.067928314208984 -55.50579833984375 9.5
endloop
endfacet
facet normal 0.4525844178424471 -0.7396589205231139 0.49806829453077545
outer loop
vertex 55.52151107788086 -54.47057342529297 11.5
vertex 56.2208366394043 -55.38941955566406 9.5
vertex 55.688255310058594 -54.36854553222656 11.5
endloop
endfacet
facet normal 0.4005819697213035 -0.7678136544941597 0.4999962774926666
outer loop
vertex 56.2208366394043 -55.38941955566406 9.5
vertex 56.29821014404297 -55.34905242919922 9.5
vertex 56.06246566772461 -54.169654846191406 11.5
endloop
endfacet
facet normal 0.40673538143421717 -0.7652675728365569 0.4989307281120365
outer loop
vertex 56.06246566772461 -54.169654846191406 11.5
vertex 55.688255310058594 -54.36854553222656 11.5
vertex 56.2208366394043 -55.38941955566406 9.5
endloop
endfacet
facet normal 0.40056196369390196 -0.7678223053081541 0.4999990207119981
outer loop
vertex 56.29821014404297 -55.34905242919922 9.5
vertex 56.59654998779297 -55.19341278076172 9.5
vertex 56.06246566772461 -54.169654846191406 11.5
endloop
endfacet
facet normal 0.3222316616347157 -0.8050123512164946 0.4981183299468322
outer loop
vertex 56.24396514892578 -54.09700393676758 11.5
vertex 56.06246566772461 -54.169654846191406 11.5
vertex 56.59654998779297 -55.19341278076172 9.5
endloop
endfacet
facet normal 0.265125520247985 -0.8244441043072448 0.5000003773861177
outer loop
vertex 56.59654998779297 -55.19341278076172 9.5
vertex 56.79682159423828 -55.12900924682617 9.5
vertex 56.64646911621094 -53.964420318603516 11.5
endloop
endfacet
facet normal 0.271122791951199 -0.8230881076631031 0.4990174332707816
outer loop
vertex 56.64646911621094 -53.964420318603516 11.5
vertex 56.24396514892578 -54.09700393676758 11.5
vertex 56.59654998779297 -55.19341278076172 9.5
endloop
endfacet
facet normal 0.26512845881955227 -0.8244433069272016 0.5000001339868912
outer loop
vertex 56.64646911621094 -53.964420318603516 11.5
vertex 56.79682159423828 -55.12900924682617 9.5
vertex 56.99997329711914 -55.06367874145508 9.5
endloop
endfacet
facet normal 0.1828561898687872 -0.847577095458042 0.498173344410938
outer loop
vertex 56.64646911621094 -53.964420318603516 11.5
vertex 56.99997329711914 -55.06367874145508 9.5
vertex 56.83759307861328 -53.923187255859375 11.5
endloop
endfacet
facet normal 0.12206733940967963 -0.8573792260146351 0.5000004274478046
outer loop
vertex 56.99997329711914 -55.06367874145508 9.5
vertex 57.41950988769531 -55.00394821166992 9.5
vertex 57.25674819946289 -53.860774993896484 11.5
endloop
endfacet
facet normal 0.12762053903950418 -0.8570880269617799 0.4991123240855003
outer loop
vertex 57.25674819946289 -53.860774993896484 11.5
vertex 56.83759307861328 -53.923187255859375 11.5
vertex 56.99997329711914 -55.06367874145508 9.5
endloop
endfacet
facet normal 0.061413643210214655 -0.8643838187634911 0.49906810986827504
outer loop
vertex 57.25674819946289 -53.860774993896484 11.5
vertex 57.41950988769531 -55.00394821166992 9.5
vertex 57.419002532958984 -53.849246978759766 11.5
endloop
endfacet
facet normal 0.0003819859722464427 -0.8660247657505535 0.5000009591924959
outer loop
vertex 66.44808197021484 -53.84526443481445 11.5
vertex 57.419002532958984 -53.849246978759766 11.5
vertex 66.48805236816406 -54.99995040893555 9.5
endloop
endfacet
facet normal 0.00038178106285073995 -0.8660251685083983 0.5000002617531519
outer loop
vertex 57.41950988769531 -55.00394821166992 9.5
vertex 66.48805236816406 -54.99995040893555 9.5
vertex 57.419002532958984 -53.849246978759766 11.5
endloop
endfacet
facet normal 0.05949723597731382 -0.8639791200765671 0.5000001589827554
outer loop
vertex 66.44808197021484 -53.84526443481445 11.5
vertex 67.66304016113281 -54.91903305053711 9.5
vertex 67.48938751220703 -53.773555755615234 11.5
endloop
endfacet
facet normal 0.05949921951791842 -0.8639784838313765 0.5000010223521489
outer loop
vertex 66.44808197021484 -53.84526443481445 11.5
vertex 66.48805236816406 -54.99995040893555 9.5
vertex 67.66304016113281 -54.91903305053711 9.5
endloop
endfacet
facet normal 0.19924133575570913 -0.8427947982255615 0.49999981821018274
outer loop
vertex 67.48938751220703 -53.773555755615234 11.5
vertex 69.23007202148438 -54.54857635498047 9.5
vertex 68.85748291015625 -53.450130462646484 11.5
endloop
endfacet
facet normal 0.19924442065086798 -0.8427929101312801 0.5000017714688098
outer loop
vertex 67.48938751220703 -53.773555755615234 11.5
vertex 68.87022399902344 -54.63364791870117 9.5
vertex 69.23007202148438 -54.54857635498047 9.5
endloop
endfacet
facet normal 0.19924140852347114 -0.8427944604569264 0.5000003585525729
outer loop
vertex 67.66304016113281 -54.91903305053711 9.5
vertex 68.87022399902344 -54.63364791870117 9.5
vertex 67.48938751220703 -53.773555755615234 11.5
endloop
endfacet
facet normal 0.354621816919408 -0.7900906985598602 0.5000000550139669
outer loop
vertex 68.85748291015625 -53.450130462646484 11.5
vertex 69.23007202148438 -54.54857635498047 9.5
vertex 70.12603759765625 -52.88075637817383 11.5
endloop
endfacet
facet normal 0.3546249835020978 -0.7900898586921445 0.499999136267218
outer loop
vertex 70.12603759765625 -52.88075637817383 11.5
vertex 69.73907470703125 -54.32011795043945 9.5
vertex 70.69911193847656 -53.88921356201172 9.5
endloop
endfacet
facet normal 0.3546206988763898 -0.790090819557422 0.5000006567790708
outer loop
vertex 69.23007202148438 -54.54857635498047 9.5
vertex 69.73907470703125 -54.32011795043945 9.5
vertex 70.12603759765625 -52.88075637817383 11.5
endloop
endfacet
facet normal 0.4972782511379612 -0.7090242248499411 0.4999989895200899
outer loop
vertex 70.12603759765625 -52.88075637817383 11.5
vertex 70.69911193847656 -53.88921356201172 9.5
vertex 71.2644271850586 -52.082340240478516 11.5
endloop
endfacet
facet normal 0.49727462496192293 -0.709025336834783 0.500001019094263
outer loop
vertex 70.69911193847656 -53.88921356201172 9.5
vertex 72.01742553710938 -52.96461486816406 9.5
vertex 71.2644271850586 -52.082340240478516 11.5
endloop
endfacet
facet normal 0.6220796704066355 -0.6025093943857934 0.4999993133431646
outer loop
vertex 72.23180389404297 -51.08354568481445 11.5
vertex 72.31241607666016 -52.660037994384766 9.5
vertex 73.13768768310547 -51.807960510253906 9.5
endloop
endfacet
facet normal 0.6220853906668231 -0.6025057082056715 0.4999966382871871
outer loop
vertex 72.01742553710938 -52.96461486816406 9.5
vertex 72.31241607666016 -52.660037994384766 9.5
vertex 72.23180389404297 -51.08354568481445 11.5
endloop
endfacet
facet normal 0.6220777090188266 -0.6025097788834742 0.5000012902900102
outer loop
vertex 71.2644271850586 -52.082340240478516 11.5
vertex 72.01742553710938 -52.96461486816406 9.5
vertex 72.23180389404297 -51.08354568481445 11.5
endloop
endfacet
facet normal 0.7245541732436438 -0.47436405553904937 0.4999999928477654
outer loop
vertex 72.23180389404297 -51.08354568481445 11.5
vertex 73.77689361572266 -50.831626892089844 9.5
vertex 72.9934310913086 -49.92021942138672 11.5
endloop
endfacet
facet normal 0.7245482991721977 -0.4743717548291111 0.5000012003855842
outer loop
vertex 73.77689361572266 -50.831626892089844 9.5
vertex 74.01969146728516 -50.46078109741211 9.5
vertex 72.9934310913086 -49.92021942138672 11.5
endloop
endfacet
facet normal 0.7245536385581535 -0.4743654993020177 0.49999939792372566
outer loop
vertex 72.23180389404297 -51.08354568481445 11.5
vertex 73.13768768310547 -51.807960510253906 9.5
vertex 73.77689361572266 -50.831626892089844 9.5
endloop
endfacet
facet normal 0.8010189582336918 -0.3291955357087934 0.49999892781846195
outer loop
vertex 74.14752197265625 -50.14973831176758 9.5
vertex 74.63177490234375 -48.9714241027832 9.5
vertex 73.52198791503906 -48.634124755859375 11.5
endloop
endfacet
facet normal 0.8010167151717258 -0.3291970630307897 0.5000015157051031
outer loop
vertex 72.9934310913086 -49.92021942138672 11.5
vertex 74.01969146728516 -50.46078109741211 9.5
vertex 74.14752197265625 -50.14973831176758 9.5
endloop
endfacet
facet normal 0.8010156885074294 -0.3291999566005197 0.5000012553376086
outer loop
vertex 72.9934310913086 -49.92021942138672 11.5
vertex 74.14752197265625 -50.14973831176758 9.5
vertex 73.52198791503906 -48.634124755859375 11.5
endloop
endfacet
facet normal 0.8487300623832839 -0.17220721778459974 0.5000019553459312
outer loop
vertex 73.79732513427734 -47.277099609375 11.5
vertex 74.93494415283203 -47.47727966308594 9.5
vertex 74.95197296142578 -47.39335250854492 9.5
endloop
endfacet
facet normal 0.8487292543974041 -0.1722113371952668 0.5000019080678038
outer loop
vertex 74.63177490234375 -48.9714241027832 9.5
vertex 74.93494415283203 -47.47727966308594 9.5
vertex 73.79732513427734 -47.277099609375 11.5
endloop
endfacet
facet normal 0.8487323704250738 -0.172205807206864 0.49999852335468725
outer loop
vertex 73.52198791503906 -48.634124755859375 11.5
vertex 74.63177490234375 -48.9714241027832 9.5
vertex 73.79732513427734 -47.277099609375 11.5
endloop
endfacet
facet normal 0.8660246047375789 -0.00043401428660783434 0.5000011956192899
outer loop
vertex 73.84529876708984 48.44865798950195 11.5
vertex 73.79732513427734 -47.277099609375 11.5
vertex 75.0000228881836 48.48807907104492 9.5
endloop
endfacet
facet normal 0.8660242820426706 -0.000433998560900664 0.5000017545546477
outer loop
vertex 73.79732513427734 -47.277099609375 11.5
vertex 74.95197296142578 -47.39335250854492 9.5
vertex 75.0000228881836 48.48807907104492 9.5
endloop
endfacet
facet normal 0.8639784245912387 0.059499215438254364 0.5000011252018075
outer loop
vertex 73.84529876708984 48.44865798950195 11.5
vertex 75.0000228881836 48.48807907104492 9.5
vertex 74.91910552978516 49.66306686401367 9.5
endloop
endfacet
facet normal 0.8639792120145134 0.05949675963819344 0.5000000567993322
outer loop
vertex 73.84529876708984 48.44865798950195 11.5
vertex 74.91910552978516 49.66306686401367 9.5
vertex 73.77362823486328 49.489418029785156 11.5
endloop
endfacet
facet normal 0.842794120827739 0.19924117561513008 0.500001023836651
outer loop
vertex 73.45020294189453 50.857513427734375 11.5
vertex 73.77362823486328 49.489418029785156 11.5
vertex 74.54865264892578 51.2301025390625 9.5
endloop
endfacet
facet normal 0.842794947626934 0.19923992457906017 0.5000001287082274
outer loop
vertex 73.77362823486328 49.489418029785156 11.5
vertex 74.91910552978516 49.66306686401367 9.5
vertex 74.63371276855469 50.87029266357422 9.5
endloop
endfacet
facet normal 0.8427952707726816 0.19923929674613827 0.49999983419527916
outer loop
vertex 74.63371276855469 50.87029266357422 9.5
vertex 74.54865264892578 51.2301025390625 9.5
vertex 73.77362823486328 49.489418029785156 11.5
endloop
endfacet
facet normal 0.7900889414830087 0.3546253900778787 0.500000297258283
outer loop
vertex 74.32013702392578 51.73923110961914 9.5
vertex 73.88928985595703 52.69913864135742 9.5
vertex 72.88082885742188 52.12606430053711 11.5
endloop
endfacet
facet normal 0.7900896130090386 0.3546223960766069 0.5000013596142653
outer loop
vertex 73.45020294189453 50.857513427734375 11.5
vertex 74.32013702392578 51.73923110961914 9.5
vertex 72.88082885742188 52.12606430053711 11.5
endloop
endfacet
facet normal 0.7900901233500192 0.35462150188558456 0.5000011873837539
outer loop
vertex 74.54865264892578 51.2301025390625 9.5
vertex 74.32013702392578 51.73923110961914 9.5
vertex 73.45020294189453 50.857513427734375 11.5
endloop
endfacet
facet normal 0.7090241580851504 0.49727790153789697 0.4999994318933866
outer loop
vertex 73.88928985595703 52.69913864135742 9.5
vertex 72.96468353271484 54.017452239990234 9.5
vertex 72.08241271972656 53.26445770263672 11.5
endloop
endfacet
facet normal 0.7090245022192956 0.49727677931827835 0.5000000600035167
outer loop
vertex 72.88082885742188 52.12606430053711 11.5
vertex 73.88928985595703 52.69913864135742 9.5
vertex 72.08241271972656 53.26445770263672 11.5
endloop
endfacet
facet normal 0.6025092848647825 0.6220796520285667 0.4999994681834631
outer loop
vertex 72.08241271972656 53.26445770263672 11.5
vertex 72.96468353271484 54.017452239990234 9.5
vertex 71.0836181640625 54.23183059692383 11.5
endloop
endfacet
facet normal 0.6025085684755472 0.6220810039074821 0.49999864948918227
outer loop
vertex 72.96468353271484 54.017452239990234 9.5
vertex 72.65999603271484 54.31255340576172 9.5
vertex 71.0836181640625 54.23183059692383 11.5
endloop
endfacet
facet normal 0.6025105548972947 0.6220779215506479 0.5000000907565718
outer loop
vertex 72.65999603271484 54.31255340576172 9.5
vertex 71.80803680419922 55.13771438598633 9.5
vertex 71.0836181640625 54.23183059692383 11.5
endloop
endfacet
facet normal 0.47436865132872796 0.7245515590254646 0.4999994209499971
outer loop
vertex 71.0836181640625 54.23183059692383 11.5
vertex 70.83155059814453 55.77702331542969 9.5
vertex 69.92029571533203 54.993465423583984 11.5
endloop
endfacet
facet normal 0.4743648539089265 0.724554455972931 0.49999882570435383
outer loop
vertex 70.83155059814453 55.77702331542969 9.5
vertex 70.46085357666016 56.019718170166016 9.5
vertex 69.92029571533203 54.993465423583984 11.5
endloop
endfacet
facet normal 0.47436686840986886 0.7245522192454144 0.5000001557415351
outer loop
vertex 71.80803680419922 55.13771438598633 9.5
vertex 70.83155059814453 55.77702331542969 9.5
vertex 71.0836181640625 54.23183059692383 11.5
endloop
endfacet
facet normal 0.32919626256076906 0.8010182623073905 0.49999956416587976
outer loop
vertex 69.92029571533203 54.993465423583984 11.5
vertex 68.97149658203125 56.631805419921875 9.5
vertex 68.63420104980469 55.52201461791992 11.5
endloop
endfacet
facet normal 0.32919880600774826 0.8010176913962996 0.49999880419178555
outer loop
vertex 70.46085357666016 56.019718170166016 9.5
vertex 70.14971923828125 56.147586822509766 9.5
vertex 69.92029571533203 54.993465423583984 11.5
endloop
endfacet
facet normal 0.32919745149110674 0.8010181719569006 0.49999892612543223
outer loop
vertex 70.14971923828125 56.147586822509766 9.5
vertex 68.97149658203125 56.631805419921875 9.5
vertex 69.92029571533203 54.993465423583984 11.5
endloop
endfacet
facet normal 0.17220900666997196 0.8487307673556643 0.5000001425655866
outer loop
vertex 68.97149658203125 56.631805419921875 9.5
vertex 67.47759246826172 56.93492126464844 9.5
vertex 67.27725219726562 55.797340393066406 11.5
endloop
endfacet
facet normal 0.17221546296595042 0.848729500755133 0.5000000688633613
outer loop
vertex 67.47759246826172 56.93492126464844 9.5
vertex 67.39342498779297 56.95199966430664 9.5
vertex 67.27725219726562 55.797340393066406 11.5
endloop
endfacet
facet normal 0.1722081088457136 0.8487312732408987 0.49999959307050024
outer loop
vertex 68.97149658203125 56.631805419921875 9.5
vertex 67.27725219726562 55.797340393066406 11.5
vertex 68.63420104980469 55.52201461791992 11.5
endloop
endfacet
facet normal 0.00031082602905040287 0.8660256299380603 0.4999995116773269
outer loop
vertex 67.39342498779297 56.95199966430664 9.5
vertex -1.7558294534683228 56.9768180847168 9.5
vertex -1.5160843133926392 55.8220329284668 11.5
endloop
endfacet
facet normal 0.0003108492914209981 0.8660252810039956 0.5000001160346552
outer loop
vertex 67.39342498779297 56.95199966430664 9.5
vertex -1.5160843133926392 55.8220329284668 11.5
vertex 67.27725219726562 55.797340393066406 11.5
endloop
endfacet
facet normal -0.6220797528991611 0.6025087044933448 0.5000000420426683
outer loop
vertex -72.31228637695312 54.66022872924805 9.5
vertex -73.13764190673828 53.80806350708008 9.5
vertex -71.93888854980469 53.38602828979492 11.5
endloop
endfacet
facet normal -0.6220770109617861 0.6025122742071753 0.499999151861828
outer loop
vertex -71.93888854980469 53.38602828979492 11.5
vertex -73.13764190673828 53.80806350708008 9.5
vertex -72.23175811767578 53.083648681640625 11.5
endloop
endfacet
facet normal -0.6220761253959883 0.6025115221315529 0.5000011599096884
outer loop
vertex -72.31228637695312 54.66022872924805 9.5
vertex -71.93888854980469 53.38602828979492 11.5
vertex -72.07733154296875 54.90281295776367 9.5
endloop
endfacet
facet normal -0.7245522337429385 0.4743675375530731 0.499999499893702
outer loop
vertex -73.13764190673828 53.80806350708008 9.5
vertex -72.99339294433594 51.92032241821289 11.5
vertex -72.23175811767578 53.083648681640625 11.5
endloop
endfacet
facet normal -0.7245538271914864 0.4743662567756597 0.49999840593227735
outer loop
vertex -73.7767562866211 52.831871032714844 9.5
vertex -72.99339294433594 51.92032241821289 11.5
vertex -73.13764190673828 53.80806350708008 9.5
endloop
endfacet
facet normal -0.7245500388245202 0.4743712218981085 0.49999918507361757
outer loop
vertex -73.7767562866211 52.831871032714844 9.5
vertex -74.01964569091797 52.46088409423828 9.5
vertex -72.99339294433594 51.92032241821289 11.5
endloop
endfacet
facet normal -0.8010151928281324 0.3292002122495015 0.5000018811098547
outer loop
vertex -74.01964569091797 52.46088409423828 9.5
vertex -74.14742279052734 52.14997482299805 9.5
vertex -73.52194213867188 50.63422775268555 11.5
endloop
endfacet
facet normal -0.8010184732043315 0.32919634923355545 0.4999991692360105
outer loop
vertex -72.99339294433594 51.92032241821289 11.5
vertex -74.01964569091797 52.46088409423828 9.5
vertex -73.52194213867188 50.63422775268555 11.5
endloop
endfacet
facet normal -0.8010198924751967 0.32919385838868465 0.4999985354560501
outer loop
vertex -74.14742279052734 52.14997482299805 9.5
vertex -74.63172912597656 50.97152328491211 9.5
vertex -73.52194213867188 50.63422775268555 11.5
endloop
endfacet
facet normal -0.8487287336483246 0.17222147868932788 0.4999992989572811
outer loop
vertex -74.93489074707031 49.477413177490234 9.5
vertex -74.9519271850586 49.393455505371094 9.5
vertex -73.79737091064453 49.27678298950195 11.5
endloop
endfacet
facet normal -0.8487316367306328 0.1722096683262567 0.49999843894506496
outer loop
vertex -74.63172912597656 50.97152328491211 9.5
vertex -73.79737091064453 49.27678298950195 11.5
vertex -73.52194213867188 50.63422775268555 11.5
endloop
endfacet
facet normal -0.8487307387539961 0.17221126164305228 0.49999941445706136
outer loop
vertex -74.63172912597656 50.97152328491211 9.5
vertex -74.93489074707031 49.477413177490234 9.5
vertex -73.79737091064453 49.27678298950195 11.5
endloop
endfacet
facet normal -0.8660252312448048 0.0010702396033410004 0.4999991534338572
outer loop
vertex -74.9519271850586 49.393455505371094 9.5
vertex -74.9999771118164 10.512022972106934 9.5
vertex -73.84523010253906 10.55102252960205 11.5
endloop
endfacet
facet normal -0.8660249217136984 0.0010702760235440816 0.4999996894799195
outer loop
vertex -74.9519271850586 49.393455505371094 9.5
vertex -73.84523010253906 10.55102252960205 11.5
vertex -73.79737091064453 49.27678298950195 11.5
endloop
endfacet
facet normal -0.863978758669717 -0.05950182714166668 0.500000237134282
outer loop
vertex -73.84523010253906 10.55102252960205 11.5
vertex -74.91905975341797 9.337035179138184 9.5
vertex -73.7735824584961 9.5106840133667 11.5
endloop
endfacet
facet normal -0.8639795705423605 -0.05949929435595733 0.49999913565583437
outer loop
vertex -74.9999771118164 10.512022972106934 9.5
vertex -74.91905975341797 9.337035179138184 9.5
vertex -73.84523010253906 10.55102252960205 11.5
endloop
endfacet
facet normal -0.8427941808804782 -0.19924118981192865 0.5000009169554901
outer loop
vertex -73.7735824584961 9.5106840133667 11.5
vertex -74.5486068725586 7.77000093460083 9.5
vertex -73.45015716552734 8.14258861541748 11.5
endloop
endfacet
facet normal -0.8427941504864528 -0.19924123947193922 0.5000009483986042
outer loop
vertex -74.63368225097656 8.129871368408203 9.5
vertex -74.5486068725586 7.77000093460083 9.5
vertex -73.7735824584961 9.5106840133667 11.5
endloop
endfacet
facet normal -0.8427950339211658 -0.19923952301469475 0.5000001432666771
outer loop
vertex -74.91905975341797 9.337035179138184 9.5
vertex -74.63368225097656 8.129871368408203 9.5
vertex -73.7735824584961 9.5106840133667 11.5
endloop
endfacet
facet normal -0.7900900616054769 -0.3546228640230776 0.5000003188642219
outer loop
vertex -73.45015716552734 8.14258861541748 11.5
vertex -74.32011413574219 7.260930061340332 9.5
vertex -72.88078308105469 6.8740386962890625 11.5
endloop
endfacet
facet normal -0.790090092609005 -0.3546227257846584 0.5000003679180176
outer loop
vertex -74.32011413574219 7.260930061340332 9.5
vertex -73.88924407958984 6.300962924957275 9.5
vertex -72.88078308105469 6.8740386962890625 11.5
endloop
endfacet
facet normal -0.7900885716749044 -0.3546254746674242 0.5000008216249384
outer loop
vertex -74.5486068725586 7.77000093460083 9.5
vertex -74.32011413574219 7.260930061340332 9.5
vertex -73.45015716552734 8.14258861541748 11.5
endloop
endfacet
facet normal -0.7090248859867306 -0.4972750282220618 0.5000012573566702
outer loop
vertex -73.88924407958984 6.300962924957275 9.5
vertex -72.96464538574219 4.982651233673096 9.5
vertex -72.08236694335938 5.735645294189453 11.5
endloop
endfacet
facet normal -0.7090243761263272 -0.4972766908825402 0.5000003267634763
outer loop
vertex -73.88924407958984 6.300962924957275 9.5
vertex -72.08236694335938 5.735645294189453 11.5
vertex -72.88078308105469 6.8740386962890625 11.5
endloop
endfacet
facet normal -0.6025053920211856 -0.6220822794437588 0.5000008901866624
outer loop
vertex -72.96464538574219 4.982651233673096 9.5
vertex -72.66002655029297 4.687618732452393 9.5
vertex -72.08236694335938 5.735645294189453 11.5
endloop
endfacet
facet normal -0.6025094700789856 -0.6220789233539218 0.5000001515839425
outer loop
vertex -72.08236694335938 5.735645294189453 11.5
vertex -71.80799102783203 3.862387180328369 9.5
vertex -71.08357238769531 4.768270969390869 11.5
endloop
endfacet
facet normal -0.6025092187772645 -0.6220790464047422 0.5000003013124863
outer loop
vertex -72.66002655029297 4.687618732452393 9.5
vertex -71.80799102783203 3.862387180328369 9.5
vertex -72.08236694335938 5.735645294189453 11.5
endloop
endfacet
facet normal -0.4743671669393401 -0.7245520134905559 0.5000001706766964
outer loop
vertex -71.08357238769531 4.768270969390869 11.5
vertex -71.80799102783203 3.862387180328369 9.5
vertex -69.92024993896484 4.006639003753662 11.5
endloop
endfacet
facet normal -0.4743621135065856 -0.7245555421496449 0.49999985160977733
outer loop
vertex -70.83174896240234 3.223235845565796 9.5
vertex -70.46080780029297 2.9803829193115234 9.5
vertex -69.92024993896484 4.006639003753662 11.5
endloop
endfacet
facet normal -0.4743678464485622 -0.7245511680929291 0.5000007510703612
outer loop
vertex -71.80799102783203 3.862387180328369 9.5
vertex -70.83174896240234 3.223235845565796 9.5
vertex -69.92024993896484 4.006639003753662 11.5
endloop
endfacet
facet normal -0.32919647196852847 -0.8010180492014598 0.49999976769690746
outer loop
vertex -69.92024993896484 4.006639003753662 11.5
vertex -68.97145080566406 2.368297815322876 9.5
vertex -68.6341552734375 3.4780893325805664 11.5
endloop
endfacet
facet normal -0.3291992457205706 -0.8010168663097212 0.49999983650433505
outer loop
vertex -70.46080780029297 2.9803829193115234 9.5
vertex -70.14978790283203 2.8525609970092773 9.5
vertex -69.92024993896484 4.006639003753662 11.5
endloop
endfacet
facet normal -0.3291957592237213 -0.8010181033644708 0.5000001501914809
outer loop
vertex -69.92024993896484 4.006639003753662 11.5
vertex -70.14978790283203 2.8525609970092773 9.5
vertex -68.97145080566406 2.368297815322876 9.5
endloop
endfacet
facet normal -0.1722095953517721 -0.8487308272373579 0.4999998381657429
outer loop
vertex -68.97145080566406 2.368297815322876 9.5
vertex -67.4772720336914 2.0651252269744873 9.5
vertex -67.27433013916016 3.2021772861480713 11.5
endloop
endfacet
facet normal -0.1722102824012473 -0.8487306920428553 0.49999983101971013
outer loop
vertex -67.4772720336914 2.0651252269744873 9.5
vertex -67.39337921142578 2.048103094100952 9.5
vertex -67.27433013916016 3.2021772861480713 11.5
endloop
endfacet
facet normal -0.1722096767047253 -0.8487307813367058 0.49999988806082624
outer loop
vertex -68.6341552734375 3.4780893325805664 11.5
vertex -68.97145080566406 2.368297815322876 9.5
vertex -67.27433013916016 3.2021772861480713 11.5
endloop
endfacet
facet normal -0.0046791431298409125 -0.8660127570389292 0.500000010265403
outer loop
vertex -67.27433013916016 3.2021772861480713 11.5
vertex -67.39337921142578 2.048103094100952 9.5
vertex -58.499977111816406 2.000051259994507 9.5
endloop
endfacet
facet normal -0.004731828733981296 -0.8661115985367945 0.49982827918883366
outer loop
vertex -58.499977111816406 2.000051259994507 9.5
vertex -58.49374008178711 3.1542062759399414 11.5
vertex -67.27433013916016 3.2021772861480713 11.5
endloop
endfacet
facet normal -0.07555276329805462 -0.8635501045280268 0.4985709547573564
outer loop
vertex -58.49374008178711 3.1542062759399414 11.5
vertex -58.499977111816406 2.000051259994507 9.5
vertex -58.4100341796875 3.1468827724456787 11.5
endloop
endfacet
facet normal -0.06771241338942154 -0.8633742025906816 0.5000000153738843
outer loop
vertex -58.110233306884766 1.969484567642212 9.5
vertex -58.01995086669922 3.120650291442871 11.5
vertex -58.499977111816406 2.000051259994507 9.5
endloop
endfacet
facet normal -0.05816314645443837 -0.8649000016560239 0.498562970476077
outer loop
vertex -58.4100341796875 3.1468827724456787 11.5
vertex -58.499977111816406 2.000051259994507 9.5
vertex -58.01995086669922 3.120650291442871 11.5
endloop
endfacet
facet normal -0.15685034056539268 -0.8528826691669494 0.4979850633293936
outer loop
vertex -58.01995086669922 3.120650291442871 11.5
vertex -58.110233306884766 1.969484567642212 9.5
vertex -57.8351936340332 3.086672306060791 11.5
endloop
endfacet
facet normal -0.2072125907680716 -0.841672312374295 0.4986488351632748
outer loop
vertex -57.8351936340332 3.086672306060791 11.5
vertex -58.110233306884766 1.969484567642212 9.5
vertex -57.423709869384766 2.985368490219116 11.5
endloop
endfacet
facet normal -0.20721391170887463 -0.8416718559014608 0.4986490567299785
outer loop
vertex -58.110233306884766 1.969484567642212 9.5
vertex -57.698753356933594 1.8681809902191162 9.5
vertex -57.423709869384766 2.985368490219116 11.5
endloop
endfacet
facet normal -0.2604810066547384 -0.8271976491572608 0.497889239089213
outer loop
vertex -57.423709869384766 2.985368490219116 11.5
vertex -57.698753356933594 1.8681809902191162 9.5
vertex -57.23731231689453 2.9266726970672607 11.5
endloop
endfacet
facet normal -0.3460806727980846 -0.7938691840098967 0.49999988659507294
outer loop
vertex -57.23731231689453 2.9266726970672607 11.5
vertex -57.698753356933594 1.8681809902191162 9.5
vertex -56.84885025024414 2.7573258876800537 11.5
endloop
endfacet
facet normal -0.3460806727980846 -0.7938691840098967 0.49999988659507294
outer loop
vertex -57.698753356933594 1.8681809902191162 9.5
vertex -57.3102912902832 1.6988341808319092 9.5
vertex -56.84885025024414 2.7573258876800537 11.5
endloop
endfacet
facet normal -0.42766841235129954 -0.7544202144580631 0.49794564873484837
outer loop
vertex -57.3102912902832 1.6988341808319092 9.5
vertex -56.678829193115234 2.6609437465667725 11.5
vertex -56.84885025024414 2.7573258876800537 11.5
endloop
endfacet
facet normal -0.46895133661631494 -0.728943570086037 0.4987242880750791
outer loop
vertex -56.678829193115234 2.6609437465667725 11.5
vertex -57.3102912902832 1.6988341808319092 9.5
vertex -56.322425842285156 2.4316587448120117 11.5
endloop
endfacet
facet normal -0.47519159076248846 -0.7240120054945457 0.4999995679681951
outer loop
vertex -57.3102912902832 1.6988341808319092 9.5
vertex -56.95601272583008 1.4663101434707642 9.5
vertex -56.322425842285156 2.4316587448120117 11.5
endloop
endfacet
facet normal -0.5483101795015356 -0.6718410490488218 0.4979814774346256
outer loop
vertex -56.95601272583008 1.4663101434707642 9.5
vertex -56.17100143432617 2.3080766201019287 11.5
vertex -56.322425842285156 2.4316587448120117 11.5
endloop
endfacet
facet normal -0.590647225289834 -0.6333534869068945 0.4999992158796834
outer loop
vertex -56.95601272583008 1.4663101434707642 9.5
vertex -56.8193359375 1.3388493061065674 9.5
vertex -55.85856628417969 2.0217578411102295 11.5
endloop
endfacet
facet normal -0.5855791689036935 -0.6389923713819105 0.49878430835560794
outer loop
vertex -56.17100143432617 2.3080766201019287 11.5
vertex -56.95601272583008 1.4663101434707642 9.5
vertex -55.85856628417969 2.0217578411102295 11.5
endloop
endfacet
facet normal -0.5906542393224226 -0.6333462393912703 0.5000001106193739
outer loop
vertex -56.8193359375 1.3388493061065674 9.5
vertex -56.64609909057617 1.1772898435592651 9.5
vertex -55.85856628417969 2.0217578411102295 11.5
endloop
endfacet
facet normal -0.7100758047047812 -0.49721120600189983 0.4985713270927176
outer loop
vertex -55.76154708862305 1.9195170402526855 11.5
vertex -56.64609909057617 1.1772898435592651 9.5
vertex -55.73002624511719 1.8745015859603882 11.5
endloop
endfacet
facet normal -0.6284966631393173 -0.5963983082719595 0.4993005130310684
outer loop
vertex -55.85856628417969 2.0217578411102295 11.5
vertex -56.64609909057617 1.1772898435592651 9.5
vertex -55.76154708862305 1.9195170402526855 11.5
endloop
endfacet
facet normal -0.6896544793133944 -0.5248894963657781 0.4988664307886938
outer loop
vertex -55.73002624511719 1.8745015859603882 11.5
vertex -56.64609909057617 1.1772898435592651 9.5
vertex -55.4733772277832 1.5372893810272217 11.5
endloop
endfacet
facet normal -0.6896544793133944 -0.5248894963657781 0.4988664307886938
outer loop
vertex -56.64609909057617 1.1772898435592651 9.5
vertex -56.38945007324219 0.8400776386260986 9.5
vertex -55.4733772277832 1.5372893810272217 11.5
endloop
endfacet
facet normal -0.731739247704605 -0.4658298456477279 0.4975542465626363
outer loop
vertex -55.4733772277832 1.5372893810272217 11.5
vertex -56.38945007324219 0.8400776386260986 9.5
vertex -55.36857223510742 1.372658610343933 11.5
endloop
endfacet
facet normal -0.7683608289382794 -0.4008462398137825 0.4989428109317057
outer loop
vertex -55.36857223510742 1.372658610343933 11.5
vertex -56.38945007324219 0.8400776386260986 9.5
vertex -55.17256546020508 0.9969436526298523 11.5
endloop
endfacet
facet normal -0.7683608181892944 -0.400846266001922 0.49894280644558303
outer loop
vertex -56.38945007324219 0.8400776386260986 9.5
vertex -56.193443298339844 0.4643627107143402 9.5
vertex -55.17256546020508 0.9969436526298523 11.5
endloop
endfacet
facet normal -0.7943798450346591 -0.3476896599873511 0.49806883273358027
outer loop
vertex -56.193443298339844 0.4643627107143402 9.5
vertex -55.09418487548828 0.8178645372390747 11.5
vertex -55.17256546020508 0.9969436526298523 11.5
endloop
endfacet
facet normal -0.8263009386220909 -0.2592994587459054 0.4999905494370189
outer loop
vertex -56.193443298339844 0.4643627107143402 9.5
vertex -54.96730041503906 0.4135260581970215 11.5
vertex -55.09418487548828 0.8178645372390747 11.5
endloop
endfacet
facet normal -0.8249792776995394 -0.2652948652654537 0.4990268788653886
outer loop
vertex -56.15544128417969 0.34619659185409546 9.5
vertex -56.0637092590332 0.06094033643603325 9.5
vertex -54.96730041503906 0.4135260581970215 11.5
endloop
endfacet
facet normal -0.8249753197830688 -0.26531059906650706 0.4990250572584452
outer loop
vertex -56.193443298339844 0.4643627107143402 9.5
vertex -56.15544128417969 0.34619659185409546 9.5
vertex -54.96730041503906 0.4135260581970215 11.5
endloop
endfacet
facet normal -0.8419360522899182 -0.20741552884679057 0.49811894387553113
outer loop
vertex -56.0637092590332 0.06094033643603325 9.5
vertex -54.920536041259766 0.22370125353336334 11.5
vertex -54.96730041503906 0.4135260581970215 11.5
endloop
endfacet
facet normal -0.857881277756755 -0.1221383200389849 0.4991211717133344
outer loop
vertex -56.0637092590332 0.06094033643603325 9.5
vertex -56.00397872924805 -0.3585979640483856 9.5
vertex -54.86348342895508 -0.1962183117866516 11.5
endloop
endfacet
facet normal -0.8581453645680773 -0.11659241156923925 0.49999274278212363
outer loop
vertex -56.0637092590332 0.06094033643603325 9.5
vertex -54.86348342895508 -0.1962183117866516 11.5
vertex -54.920536041259766 0.22370125353336334 11.5
endloop
endfacet
facet normal -0.8635502980636923 -0.07554836140514468 0.4985712865810723
outer loop
vertex -56.00397872924805 -0.3585979640483856 9.5
vertex -54.84928512573242 -0.3585110306739807 11.5
vertex -54.86348342895508 -0.1962183117866516 11.5
endloop
endfacet
facet normal -0.8660253698346733 -0.00006525406031723746 0.500000054544622
outer loop
vertex -54.845279693603516 -53.42275619506836 11.5
vertex -56.00397872924805 -0.3585979640483856 9.5
vertex -55.999977111816406 -53.46643829345703 9.5
endloop
endfacet
facet normal -0.8660267009896556 -0.00006537002763137754 0.4999977488946656
outer loop
vertex -56.00397872924805 -0.3585979640483856 9.5
vertex -54.845279693603516 -53.42275619506836 11.5
vertex -54.84928512573242 -0.3585110306739807 11.5
endloop
endfacet
facet normal -0.863555562612123 -0.06536407682869237 0.4999993277415408
outer loop
vertex -55.97254943847656 -53.82883834838867 9.5
vertex -55.921932220458984 -54.49756622314453 9.5
vertex -54.77863311767578 -54.30332565307617 11.5
endloop
endfacet
facet normal -0.863555229439891 -0.06535680781963155 0.5000008533779167
outer loop
vertex -55.999977111816406 -53.46643829345703 9.5
vertex -55.97254943847656 -53.82883834838867 9.5
vertex -54.77863311767578 -54.30332565307617 11.5
endloop
endfacet
facet normal -0.8635554820274559 -0.06535886008465613 0.5000001488687406
outer loop
vertex -54.77863311767578 -54.30332565307617 11.5
vertex -54.845279693603516 -53.42275619506836 11.5
vertex -55.999977111816406 -53.46643829345703 9.5
endloop
endfacet
facet normal -0.8366887412379556 -0.22349839478350567 0.5000004178146672
outer loop
vertex -55.921932220458984 -54.49756622314453 9.5
vertex -55.563968658447266 -55.83763885498047 9.5
vertex -54.48036575317383 -55.41990661621094 11.5
endloop
endfacet
facet normal -0.8366887565968368 -0.2235009896979897 0.4999992321878687
outer loop
vertex -54.77863311767578 -54.30332565307617 11.5
vertex -55.921932220458984 -54.49756622314453 9.5
vertex -54.48036575317383 -55.41990661621094 11.5
endloop
endfacet
facet normal -0.7702035689879612 -0.39596209792909876 0.500000479321564
outer loop
vertex -54.48036575317383 -55.41990661621094 11.5
vertex -55.563968658447266 -55.83763885498047 9.5
vertex -53.959503173828125 -56.43305969238281 11.5
endloop
endfacet
facet normal -0.7702034855106971 -0.3959624936225342 0.5000002945513111
outer loop
vertex -54.929779052734375 -57.07122802734375 9.5
vertex -53.959503173828125 -56.43305969238281 11.5
vertex -55.563968658447266 -55.83763885498047 9.5
endloop
endfacet
facet normal -0.6686360152492336 -0.5503875932747933 0.4999993762804183
outer loop
vertex -53.959503173828125 -56.43305969238281 11.5
vertex -54.617313385009766 -57.45082092285156 9.5
vertex -53.235504150390625 -57.31260681152344 11.5
endloop
endfacet
facet normal -0.6686323593961897 -0.5503913774822254 0.5000000995614932
outer loop
vertex -54.929779052734375 -57.07122802734375 9.5
vertex -54.617313385009766 -57.45082092285156 9.5
vertex -53.959503173828125 -56.43305969238281 11.5
endloop
endfacet
facet normal -0.668636477131069 -0.5503867925287749 0.49999964005951136
outer loop
vertex -54.617313385009766 -57.45082092285156 9.5
vertex -54.048255920410156 -58.14213943481445 9.5
vertex -53.235504150390625 -57.31260681152344 11.5
endloop
endfacet
facet normal -0.5366080989890554 -0.6797441914550183 0.49999958228234115
outer loop
vertex -53.235504150390625 -57.31260681152344 11.5
vertex -54.048255920410156 -58.14213943481445 9.5
vertex -52.341346740722656 -58.01847839355469 11.5
endloop
endfacet
facet normal -0.5366092913490962 -0.6797425751468391 0.5000004999703146
outer loop
vertex -54.048255920410156 -58.14213943481445 9.5
vertex -52.95955276489258 -59.00159454345703 9.5
vertex -52.341346740722656 -58.01847839355469 11.5
endloop
endfacet
facet normal -0.3801423202580815 -0.7781338080946114 0.49999959304881514
outer loop
vertex -52.341346740722656 -58.01847839355469 11.5
vertex -52.00614929199219 -59.46735763549805 9.5
vertex -51.3177604675293 -58.518531799316406 11.5
endloop
endfacet
facet normal -0.38013952824592606 -0.7781345336492793 0.5000005866070394
outer loop
vertex -52.341346740722656 -58.01847839355469 11.5
vertex -52.95955276489258 -59.00159454345703 9.5
vertex -52.00614929199219 -59.46735763549805 9.5
endloop
endfacet
facet normal -0.3801469914581021 -0.778131267433687 0.49999999552739766
outer loop
vertex -52.00614929199219 -59.46735763549805 9.5
vertex -51.71326446533203 -59.610443115234375 9.5
vertex -51.3177604675293 -58.518531799316406 11.5
endloop
endfacet
facet normal -0.20635272216889666 -0.8410821921568036 0.49999930008970184
outer loop
vertex -50.22629165649414 -58.786319732666016 11.5
vertex -51.05897903442383 -59.77096939086914 9.5
vertex -50.366153717041016 -59.940948486328125 9.5
endloop
endfacet
facet normal -0.20635581385701632 -0.841081013410182 0.5000000069683097
outer loop
vertex -51.71326446533203 -59.610443115234375 9.5
vertex -51.05897903442383 -59.77096939086914 9.5
vertex -50.22629165649414 -58.786319732666016 11.5
endloop
endfacet
facet normal -0.20635614594458382 -0.8410808300681806 0.500000178322686
outer loop
vertex -51.3177604675293 -58.518531799316406 11.5
vertex -51.71326446533203 -59.610443115234375 9.5
vertex -50.22629165649414 -58.786319732666016 11.5
endloop
endfacet
facet normal -0.00042763773313721703 -0.8660258349297543 0.499999070359327
outer loop
vertex -50.22629165649414 -58.786319732666016 11.5
vertex -50.366153717041016 -59.940948486328125 9.5
vertex 49.78533935546875 -58.8357048034668 11.5
endloop
endfacet
facet normal -0.00042767531872014975 -0.8660250111103664 0.5000004972248643
outer loop
vertex 49.78533935546875 -58.8357048034668 11.5
vertex -50.366153717041016 -59.940948486328125 9.5
vertex 49.821983337402344 -59.99042510986328 9.5
endloop
endfacet
facet normal 0 0 -1
outer loop
vertex 49.821983337402344 -59.99042510986328 9.5
vertex 49.900390625 -59.98540496826172 9.5
vertex 50.001800537109375 -59.978912353515625 9.5
endloop
endfacet
facet normal 0.05532296907708016 -0.864256144003568 0.5000006866441087
outer loop
vertex 49.78533935546875 -58.8357048034668 11.5
vertex 49.821983337402344 -59.99042510986328 9.5
vertex 49.867637634277344 -58.83043670654297 11.5
endloop
endfacet
facet normal 0.05533378168497962 -0.8642557326264312 0.5000002012267492
outer loop
vertex 50.001800537109375 -59.978912353515625 9.5
vertex 49.867637634277344 -58.83043670654297 11.5
vertex 49.821983337402344 -59.99042510986328 9.5
endloop
endfacet
facet normal 0.14536267508728143 -0.8537382327136454 -0.5000007226939288
outer loop
vertex 50.5623893737793 -59.88346481323242 -3.700000047683716
vertex 49.867637634277344 -58.83043670654297 -5.699999809265137
vertex 51.17725372314453 -59.77877426147461 -3.700000047683716
endloop
endfacet
facet normal 0.14536015988797227 -0.8537389511345256 -0.5000002272330117
outer loop
vertex 50.001800537109375 -59.978912353515625 -3.700000047683716
vertex 49.867637634277344 -58.83043670654297 -5.699999809265137
vertex 50.5623893737793 -59.88346481323242 -3.700000047683716
endloop
endfacet
facet normal 0.1453623296409912 -0.8537383824314244 -0.5000005674843968
outer loop
vertex 50.86962890625 -58.65983200073242 -5.699999809265137
vertex 51.17725372314453 -59.77877426147461 -3.700000047683716
vertex 49.867637634277344 -58.83043670654297 -5.699999809265137
endloop
endfacet
facet normal 0.3115083523009415 -0.8080614775244958 -0.4999991949870332
outer loop
vertex 52.207008361816406 -59.381797790527344 -3.700000047683716
vertex 51.94049072265625 -58.247013092041016 -5.699999809265137
vertex 52.471473693847656 -59.27984619140625 -3.700000047683716
endloop
endfacet
facet normal 0.3115116793029775 -0.808059470117359 -0.5000003664113576
outer loop
vertex 51.17725372314453 -59.77877426147461 -3.700000047683716
vertex 50.86962890625 -58.65983200073242 -5.699999809265137
vertex 52.207008361816406 -59.381797790527344 -3.700000047683716
endloop
endfacet
facet normal 0.31150889383361857 -0.808061289960759 -0.49999916072880524
outer loop
vertex 50.86962890625 -58.65983200073242 -5.699999809265137
vertex 51.94049072265625 -58.247013092041016 -5.699999809265137
vertex 52.207008361816406 -59.381797790527344 -3.700000047683716
endloop
endfacet
facet normal 0.4758925180534677 -0.7235515497851085 -0.4999994660640124
outer loop
vertex 52.471473693847656 -59.27984619140625 -3.700000047683716
vertex 51.94049072265625 -58.247013092041016 -5.699999809265137
vertex 53.630340576171875 -58.51763916015625 -3.700000047683716
endloop
endfacet
facet normal 0.47589284113416624 -0.7235511829521531 -0.49999968940569434
outer loop
vertex 51.94049072265625 -58.247013092041016 -5.699999809265137
vertex 52.892276763916016 -57.62100601196289 -5.699999809265137
vertex 53.630340576171875 -58.51763916015625 -3.700000047683716
endloop
endfacet
facet normal 0.6185981287359444 -0.6060825676032332 -0.5000002763717839
outer loop
vertex 53.89779281616211 -58.244667053222656 -3.700000047683716
vertex 52.892276763916016 -57.62100601196289 -5.699999809265137
vertex 54.60106658935547 -57.52687072753906 -3.700000047683716
endloop
endfacet
facet normal 0.618594986420282 -0.6060861551875736 -0.4999998152656017
outer loop
vertex 53.630340576171875 -58.51763916015625 -3.700000047683716
vertex 52.892276763916016 -57.62100601196289 -5.699999809265137
vertex 53.89779281616211 -58.244667053222656 -3.700000047683716
endloop
endfacet
facet normal 0.6185975613393121 -0.6060835861965337 -0.4999997436481392
outer loop
vertex 52.892276763916016 -57.62100601196289 -5.699999809265137
vertex 53.69060516357422 -56.80619430541992 -5.699999809265137
vertex 54.60106658935547 -57.52687072753906 -3.700000047683716
endloop
endfacet
facet normal 0.7315818283421935 -0.46454798749579285 -0.49898215975433663
outer loop
vertex 53.69060516357422 -56.80619430541992 -5.699999809265137
vertex 54.6213493347168 -55.34043502807617 -5.699999809265137
vertex 55.594600677490234 -55.95598220825195 -3.700000047683716
endloop
endfacet
facet normal 0.7319239629689228 -0.46290491645894855 -0.5000063507096694
outer loop
vertex 55.475135803222656 -56.144874572753906 -3.700000047683716
vertex 53.69060516357422 -56.80619430541992 -5.699999809265137
vertex 55.594600677490234 -55.95598220825195 -3.700000047683716
endloop
endfacet
facet normal 0.7319209073313565 -0.4629170130965612 -0.499999624396861
outer loop
vertex 54.60106658935547 -57.52687072753906 -3.700000047683716
vertex 53.69060516357422 -56.80619430541992 -5.699999809265137
vertex 55.475135803222656 -56.144874572753906 -3.700000047683716
endloop
endfacet
facet normal 0.6854720653381454 -0.5318488012802808 -0.49725737824368765
outer loop
vertex 55.594600677490234 -55.95598220825195 -3.700000047683716
vertex 54.6213493347168 -55.34043502807617 -5.699999809265137
vertex 54.75283432006836 -55.17097091674805 -5.699999809265137
endloop
endfacet
facet normal 0.6338483332234053 -0.5911313633541913 -0.4987985582666874
outer loop
vertex 55.594600677490234 -55.95598220825195 -3.700000047683716
vertex 54.75283432006836 -55.17097091674805 -5.699999809265137
vertex 55.70561599731445 -55.836944580078125 -3.700000047683716
endloop
endfacet
facet normal 0.6338596066274798 -0.5911183888733954 -0.49879960848198107
outer loop
vertex 55.70561599731445 -55.836944580078125 -3.700000047683716
vertex 54.75283432006836 -55.17097091674805 -5.699999809265137
vertex 55.88362121582031 -55.64606857299805 -3.700000047683716
endloop
endfacet
facet normal 0.6384808608156255 -0.5851123642630721 -0.4999857113544503
outer loop
vertex 54.75283432006836 -55.17097091674805 -5.699999809265137
vertex 55.039154052734375 -54.85853576660156 -5.699999809265137
vertex 55.88362121582031 -55.64606857299805 -3.700000047683716
endloop
endfacet
facet normal 0.5702487746382329 -0.6532915909116722 -0.49802252184784795
outer loop
vertex 55.88362121582031 -55.64606857299805 -3.700000047683716
vertex 55.039154052734375 -54.85853576660156 -5.699999809265137
vertex 55.1864128112793 -54.72999572753906 -5.699999809265137
endloop
endfacet
facet normal 0.5244985239546541 -0.6891306815982153 -0.5000002020493274
outer loop
vertex 56.067928314208984 -55.50579833984375 -3.700000047683716
vertex 55.52151107788086 -54.47057342529297 -5.699999809265137
vertex 56.2208366394043 -55.38941955566406 -3.700000047683716
endloop
endfacet
facet normal 0.5244833548716351 -0.6891412605211458 -0.500001533507569
outer loop
vertex 55.88362121582031 -55.64606857299805 -3.700000047683716
vertex 55.52151107788086 -54.47057342529297 -5.699999809265137
vertex 56.067928314208984 -55.50579833984375 -3.700000047683716
endloop
endfacet
facet normal 0.5305512545191579 -0.6853181249004633 -0.49885311867428556
outer loop
vertex 55.88362121582031 -55.64606857299805 -3.700000047683716
vertex 55.1864128112793 -54.72999572753906 -5.699999809265137
vertex 55.52151107788086 -54.47057342529297 -5.699999809265137
endloop
endfacet
facet normal 0.45258440445839704 -0.7396588986495548 -0.49806833917602666
outer loop
vertex 56.2208366394043 -55.38941955566406 -3.700000047683716
vertex 55.52151107788086 -54.47057342529297 -5.699999809265137
vertex 55.688255310058594 -54.36854553222656 -5.699999809265137
endloop
endfacet
facet normal 0.40056195175627035 -0.7678222824253527 -0.4999990654154558
outer loop
vertex 56.29821014404297 -55.34905242919922 -3.700000047683716
vertex 56.06246566772461 -54.169654846191406 -5.699999809265137
vertex 56.59654998779297 -55.19341278076172 -3.700000047683716
endloop
endfacet
facet normal 0.4005819577832067 -0.7678136316118674 -0.4999963221960427
outer loop
vertex 56.2208366394043 -55.38941955566406 -3.700000047683716
vertex 56.06246566772461 -54.169654846191406 -5.699999809265137
vertex 56.29821014404297 -55.34905242919922 -3.700000047683716
endloop
endfacet
facet normal 0.40673536936434657 -0.7652675501272451 -0.4989307727834523
outer loop
vertex 56.2208366394043 -55.38941955566406 -3.700000047683716
vertex 55.688255310058594 -54.36854553222656 -5.699999809265137
vertex 56.06246566772461 -54.169654846191406 -5.699999809265137
endloop
endfacet
facet normal 0.3222316521036072 -0.8050123274054884 -0.49811837459360864
outer loop
vertex 56.59654998779297 -55.19341278076172 -3.700000047683716
vertex 56.06246566772461 -54.169654846191406 -5.699999809265137
vertex 56.24396514892578 -54.09700393676758 -5.699999809265137
endloop
endfacet
facet normal 0.27103561169090074 -0.8228234414763983 -0.4995010323835932
outer loop
vertex 56.24396514892578 -54.09700393676758 -5.699999809265137
vertex 56.64646911621094 -53.964420318603516 -5.699999809265137
vertex 56.79682159423828 -55.12900924682617 -3.700000047683716
endloop
endfacet
facet normal 0.2652973710971521 -0.824978498051323 -0.4990268355929601
outer loop
vertex 56.59654998779297 -55.19341278076172 -3.700000047683716
vertex 56.24396514892578 -54.09700393676758 -5.699999809265137
vertex 56.79682159423828 -55.12900924682617 -3.700000047683716
endloop
endfacet
facet normal 0.2651284509181031 -0.8244432823568598 -0.500000178690382
outer loop
vertex 56.79682159423828 -55.12900924682617 -3.700000047683716
vertex 56.64646911621094 -53.964420318603516 -5.699999809265137
vertex 56.99997329711914 -55.06367874145508 -3.700000047683716
endloop
endfacet
facet normal 0.18285618445899235 -0.8475770703824993 -0.49817338905939046
outer loop
vertex 56.99997329711914 -55.06367874145508 -3.700000047683716
vertex 56.64646911621094 -53.964420318603516 -5.699999809265137
vertex 56.83759307861328 -53.923187255859375 -5.699999809265137
endloop
endfacet
facet normal 0.12754575949255606 -0.8565858142706783 -0.49999282197418216
outer loop
vertex 57.25674819946289 -53.860774993896484 -5.699999809265137
vertex 57.41950988769531 -55.00394821166992 -3.700000047683716
vertex 56.83759307861328 -53.923187255859375 -5.699999809265137
endloop
endfacet
facet normal 0.12213890196460615 -0.8578818686400191 -0.49912001370971815
outer loop
vertex 56.99997329711914 -55.06367874145508 -3.700000047683716
vertex 56.83759307861328 -53.923187255859375 -5.699999809265137
vertex 57.41950988769531 -55.00394821166992 -3.700000047683716
endloop
endfacet
facet normal 0.06117129537896132 -0.8644052749663591 -0.4990607109681076
outer loop
vertex 57.41950988769531 -55.00394821166992 -3.700000047683716
vertex 57.25674819946289 -53.860774993896484 -5.699999809265137
vertex 57.419002532958984 -53.84929275512695 -5.699999809265137
endloop
endfacet
facet normal 0.0003817848352396226 -0.8660337257262273 -0.49998543993309386
outer loop
vertex 57.41950988769531 -55.00394821166992 -3.700000047683716
vertex 57.419002532958984 -53.84929275512695 -5.699999809265137
vertex 66.48805236816406 -54.99995040893555 -3.700000047683716
endloop
endfacet
facet normal 0.00038637658648698985 -0.8660247004840905 -0.5000010688634325
outer loop
vertex 57.419002532958984 -53.84929275512695 -5.699999809265137
vertex 66.44808197021484 -53.84526443481445 -5.699999809265137
vertex 66.48805236816406 -54.99995040893555 -3.700000047683716
endloop
endfacet
facet normal 0.05949924914689958 -0.8639789140689902 -0.5000002753950477
outer loop
vertex 66.48805236816406 -54.99995040893555 -3.700000047683716
vertex 67.48938751220703 -53.773555755615234 -5.699999809265137
vertex 67.66304016113281 -54.91903305053711 -3.700000047683716
endloop
endfacet
facet normal 0.05949719877175136 -0.8639785798022402 -0.5000010969800154
outer loop
vertex 66.48805236816406 -54.99995040893555 -3.700000047683716
vertex 66.44808197021484 -53.84526443481445 -5.699999809265137
vertex 67.48938751220703 -53.773555755615234 -5.699999809265137
endloop
endfacet
facet normal 0.19924465535546992 -0.8427939029188014 -0.5000000045151739
outer loop
vertex 68.87022399902344 -54.63364791870117 -3.700000047683716
vertex 68.85748291015625 -53.450130462646484 -5.699999809265137
vertex 69.23007202148438 -54.54857635498047 -3.700000047683716
endloop
endfacet
facet normal 0.19924126652304566 -0.8427945053700233 -0.5000003394322751
outer loop
vertex 67.48938751220703 -53.773555755615234 -5.699999809265137
vertex 68.85748291015625 -53.450130462646484 -5.699999809265137
vertex 68.87022399902344 -54.63364791870117 -3.700000047683716
endloop
endfacet
facet normal 0.19924140258560516 -0.8427944353396549 -0.5000004032560705
outer loop
vertex 67.66304016113281 -54.91903305053711 -3.700000047683716
vertex 67.48938751220703 -53.773555755615234 -5.699999809265137
vertex 68.87022399902344 -54.63364791870117 -3.700000047683716
endloop
endfacet
facet normal 0.3546249729334848 -0.7900898351457101 -0.49999918097067914
outer loop
vertex 69.73907470703125 -54.32011795043945 -3.700000047683716
vertex 70.12603759765625 -52.88075637817383 -5.699999809265137
vertex 70.69911193847656 -53.88921356201172 -3.700000047683716
endloop
endfacet
facet normal 0.35462068830784027 -0.7900907960108157 -0.5000007014825774
outer loop
vertex 69.23007202148438 -54.54857635498047 -3.700000047683716
vertex 70.12603759765625 -52.88075637817383 -5.699999809265137
vertex 69.73907470703125 -54.32011795043945 -3.700000047683716
endloop
endfacet
facet normal 0.35462180635085055 -0.7900906750133142 -0.5000000997174556
outer loop
vertex 68.85748291015625 -53.450130462646484 -5.699999809265137
vertex 70.12603759765625 -52.88075637817383 -5.699999809265137
vertex 69.23007202148438 -54.54857635498047 -3.700000047683716
endloop
endfacet
facet normal 0.49727823631797236 -0.7090242037194551 -0.4999990342235467
outer loop
vertex 70.12603759765625 -52.88075637817383 -5.699999809265137
vertex 71.2644271850586 -52.082340240478516 -5.699999809265137
vertex 70.69911193847656 -53.88921356201172 -3.700000047683716
endloop
endfacet
facet normal 0.49727461014192187 -0.7090253157040923 -0.5000010637977802
outer loop
vertex 70.69911193847656 -53.88921356201172 -3.700000047683716
vertex 71.2644271850586 -52.082340240478516 -5.699999809265137
vertex 72.01742553710938 -52.96461486816406 -3.700000047683716
endloop
endfacet
facet normal 0.6220776904793681 -0.6025097609271886 -0.5000013349935355
outer loop
vertex 72.01742553710938 -52.96461486816406 -3.700000047683716
vertex 71.2644271850586 -52.082340240478516 -5.699999809265137
vertex 72.23180389404297 -51.08354568481445 -5.699999809265137
endloop
endfacet
facet normal 0.6220853721274806 -0.6025056902498412 -0.49999668299057387
outer loop
vertex 72.01742553710938 -52.96461486816406 -3.700000047683716
vertex 72.23180389404297 -51.08354568481445 -5.699999809265137
vertex 72.31241607666016 -52.660037994384766 -3.700000047683716
endloop
endfacet
facet normal 0.6220796518672651 -0.6025093764296612 -0.4999993580466311
outer loop
vertex 72.31241607666016 -52.660037994384766 -3.700000047683716
vertex 72.23180389404297 -51.08354568481445 -5.699999809265137
vertex 73.13768768310547 -51.807960510253906 -3.700000047683716
endloop
endfacet
facet normal 0.7245536169648215 -0.4743654851648564 -0.49999944262719465
outer loop
vertex 73.13768768310547 -51.807960510253906 -3.700000047683716
vertex 72.23180389404297 -51.08354568481445 -5.699999809265137
vertex 73.77689361572266 -50.831626892089844 -3.700000047683716
endloop
endfacet
facet normal 0.7245507103676329 -0.47437333347198574 -0.49999620858206006
outer loop
vertex 73.77689361572266 -50.831626892089844 -3.700000047683716
vertex 72.23180389404297 -51.08354568481445 -5.699999809265137
vertex 74.01969146728516 -50.46078109741211 -3.700000047683716
endloop
endfacet
facet normal 0.7245533761120675 -0.47436353365872447 -0.5000016430967131
outer loop
vertex 72.23180389404297 -51.08354568481445 -5.699999809265137
vertex 72.9934310913086 -49.92021942138672 -5.699999809265137
vertex 74.01969146728516 -50.46078109741211 -3.700000047683716
endloop
endfacet
facet normal 0.8010166912994194 -0.3291970532198919 -0.5000015604086352
outer loop
vertex 74.01969146728516 -50.46078109741211 -3.700000047683716
vertex 72.9934310913086 -49.92021942138672 -5.699999809265137
vertex 74.14752197265625 -50.14973831176758 -3.700000047683716
endloop
endfacet
facet normal 0.8010174496902546 -0.3291949157412385 -0.5000017527387673
outer loop
vertex 74.14752197265625 -50.14973831176758 -3.700000047683716
vertex 72.9934310913086 -49.92021942138672 -5.699999809265137
vertex 74.63177490234375 -48.9714241027832 -3.700000047683716
endloop
endfacet
facet normal 0.8010170248772382 -0.32920050581932947 -0.49999875282356004
outer loop
vertex 73.52198791503906 -48.634124755859375 -5.699999809265137
vertex 74.63177490234375 -48.9714241027832 -3.700000047683716
vertex 72.9934310913086 -49.92021942138672 -5.699999809265137
endloop
endfacet
facet normal 0.8487323451310241 -0.17220580207476066 -0.4999985680581302
outer loop
vertex 74.63177490234375 -48.9714241027832 -3.700000047683716
vertex 73.52198791503906 -48.634124755859375 -5.699999809265137
vertex 73.79732513427734 -47.277099609375 -5.699999809265137
endloop
endfacet
facet normal 0.848729229103105 -0.17221133206292918 -0.5000019527713476
outer loop
vertex 74.63177490234375 -48.9714241027832 -3.700000047683716
vertex 73.79732513427734 -47.277099609375 -5.699999809265137
vertex 74.93494415283203 -47.47727966308594 -3.700000047683716
endloop
endfacet
facet normal 0.8487300370889558 -0.17220721265238392 -0.5000020000494764
outer loop
vertex 74.93494415283203 -47.47727966308594 -3.700000047683716
vertex 73.79732513427734 -47.277099609375 -5.699999809265137
vertex 74.95197296142578 -47.39335250854492 -3.700000047683716
endloop
endfacet
facet normal 0.8660242562329512 -0.0004339985479664065 -0.500001799258187
outer loop
vertex 74.95197296142578 -47.39335250854492 -3.700000047683716
vertex 73.79732513427734 -47.277099609375 -5.699999809265137
vertex 75.0000228881836 48.48807907104492 -3.700000047683716
endloop
endfacet
facet normal 0.8660245789279075 -0.00043401427367313703 -0.5000012403228125
outer loop
vertex 75.0000228881836 48.48807907104492 -3.700000047683716
vertex 73.79732513427734 -47.277099609375 -5.699999809265137
vertex 73.84529876708984 48.44865798950195 -5.699999809265137
endloop
endfacet
facet normal 0.8639789630936958 0.059499252523062034 -0.500000190280703
outer loop
vertex 75.0000228881836 48.48807907104492 -3.700000047683716
vertex 73.77362823486328 49.489418029785156 -5.699999809265137
vertex 74.91910552978516 49.66306686401367 -3.700000047683716
endloop
endfacet
facet normal 0.8639785492425605 0.0594967139972995 -0.5000012074707862
outer loop
vertex 73.84529876708984 48.44865798950195 -5.699999809265137
vertex 73.77362823486328 49.489418029785156 -5.699999809265137
vertex 75.0000228881836 48.48807907104492 -3.700000047683716
endloop
endfacet
facet normal 0.842794625696534 0.1992391442482275 -0.5000009822953083
outer loop
vertex 74.63371276855469 50.87029266357422 -3.700000047683716
vertex 73.45020294189453 50.857513427734375 -5.699999809265137
vertex 74.54865264892578 51.2301025390625 -3.700000047683716
endloop
endfacet
facet normal 0.8427949225096709 0.19923991864124388 -0.5000001734117182
outer loop
vertex 74.91910552978516 49.66306686401367 -3.700000047683716
vertex 73.77362823486328 49.489418029785156 -5.699999809265137
vertex 74.63371276855469 50.87029266357422 -3.700000047683716
endloop
endfacet
facet normal 0.8427942587598259 0.1992412082230357 -0.5000007783466945
outer loop
vertex 73.77362823486328 49.489418029785156 -5.699999809265137
vertex 73.45020294189453 50.857513427734375 -5.699999809265137
vertex 74.63371276855469 50.87029266357422 -3.700000047683716
endloop
endfacet
facet normal 0.7900898183524272 0.3546213649914494 -0.5000017664243095
outer loop
vertex 74.54865264892578 51.2301025390625 -3.700000047683716
vertex 72.88082885742188 52.12606430053711 -5.699999809265137
vertex 74.32013702392578 51.73923110961914 -3.700000047683716
endloop
endfacet
facet normal 0.7900897024216492 0.35462243620840167 -0.5000011898634722
outer loop
vertex 73.45020294189453 50.857513427734375 -5.699999809265137
vertex 72.88082885742188 52.12606430053711 -5.699999809265137
vertex 74.54865264892578 51.2301025390625 -3.700000047683716
endloop
endfacet
facet normal 0.7900889179364922 0.35462537950920453 -0.5000003419617788
outer loop
vertex 72.88082885742188 52.12606430053711 -5.699999809265137
vertex 73.88928985595703 52.69913864135742 -3.700000047683716
vertex 74.32013702392578 51.73923110961914 -3.700000047683716
endloop
endfacet
facet normal 0.7090244810887109 0.4972767644982699 -0.5000001047070054
outer loop
vertex 72.88082885742188 52.12606430053711 -5.699999809265137
vertex 72.08241271972656 53.26445770263672 -5.699999809265137
vertex 73.88928985595703 52.69913864135742 -3.700000047683716
endloop
endfacet
facet normal 0.7090241369546291 0.49727788671789236 -0.49999947659685656
outer loop
vertex 72.08241271972656 53.26445770263672 -5.699999809265137
vertex 72.96468353271484 54.017452239990234 -3.700000047683716
vertex 73.88928985595703 52.69913864135742 -3.700000047683716
endloop
endfacet
facet normal 0.6025092669086423 0.6220796334891853 -0.4999995128869341
outer loop
vertex 71.0836181640625 54.23183059692383 -5.699999809265137
vertex 72.96468353271484 54.017452239990234 -3.700000047683716
vertex 72.08241271972656 53.26445770263672 -5.699999809265137
endloop
endfacet
facet normal 0.6025085505194872 0.6220809853681211 -0.49999869419262893
outer loop
vertex 72.96468353271484 54.017452239990234 -3.700000047683716
vertex 71.0836181640625 54.23183059692383 -5.699999809265137
vertex 72.65999603271484 54.31255340576172 -3.700000047683716
endloop
endfacet
facet normal 0.6025105369410719 0.622077903011272 -0.5000001354600614
outer loop
vertex 72.65999603271484 54.31255340576172 -3.700000047683716
vertex 71.0836181640625 54.23183059692383 -5.699999809265137
vertex 71.80803680419922 55.13771438598633 -3.700000047683716
endloop
endfacet
facet normal 0.4743688875115117 0.7245519197714871 -0.49999867411478516
outer loop
vertex 71.0836181640625 54.23183059692383 -5.699999809265137
vertex 69.92029571533203 54.993465423583984 -5.699999809265137
vertex 70.46085357666016 56.019718170166016 -3.700000047683716
endloop
endfacet
facet normal 0.47436685427262376 0.724552197652059 -0.5000002004450266
outer loop
vertex 71.0836181640625 54.23183059692383 -5.699999809265137
vertex 70.83155059814453 55.77702331542969 -3.700000047683716
vertex 71.80803680419922 55.13771438598633 -3.700000047683716
endloop
endfacet
facet normal 0.47436405421997807 0.7245532345118842 -0.5000013544205175
outer loop
vertex 70.83155059814453 55.77702331542969 -3.700000047683716
vertex 71.0836181640625 54.23183059692383 -5.699999809265137
vertex 70.46085357666016 56.019718170166016 -3.700000047683716
endloop
endfacet
facet normal 0.3291987961969049 0.8010176675242231 -0.4999988488952368
outer loop
vertex 70.14971923828125 56.147586822509766 -3.700000047683716
vertex 70.46085357666016 56.019718170166016 -3.700000047683716
vertex 69.92029571533203 54.993465423583984 -5.699999809265137
endloop
endfacet
facet normal 0.3291973119082931 0.8010178323176669 -0.49999956214126806
outer loop
vertex 70.14971923828125 56.147586822509766 -3.700000047683716
vertex 68.63420104980469 55.52201461791992 -5.699999809265137
vertex 68.97149658203125 56.631805419921875 -3.700000047683716
endloop
endfacet
facet normal 0.3291963716369587 0.8010185277175115 -0.49999906715346126
outer loop
vertex 69.92029571533203 54.993465423583984 -5.699999809265137
vertex 68.63420104980469 55.52201461791992 -5.699999809265137
vertex 70.14971923828125 56.147586822509766 -3.700000047683716
endloop
endfacet
facet normal 0.1722081037135197 0.8487312479467735 -0.49999963777397505
outer loop
vertex 68.63420104980469 55.52201461791992 -5.699999809265137
vertex 67.27725219726562 55.797340393066406 -5.699999809265137
vertex 68.97149658203125 56.631805419921875 -3.700000047683716
endloop
endfacet
facet normal 0.17223052861134078 0.8487268086270717 -0.49999944933166085
outer loop
vertex 67.39342498779297 56.95199966430664 -3.700000047683716
vertex 67.47758483886719 56.93492126464844 -3.700000047683716
vertex 67.27725219726562 55.797340393066406 -5.699999809265137
endloop
endfacet
facet normal 0.17220821229831568 0.8487311867639867 -0.4999997042311255
outer loop
vertex 68.97149658203125 56.631805419921875 -3.700000047683716
vertex 67.27725219726562 55.797340393066406 -5.699999809265137
vertex 67.47758483886719 56.93492126464844 -3.700000047683716
endloop
endfacet
facet normal 0.0003108156943989456 0.8660252560482691 -0.5000001592801087
outer loop
vertex 67.27725219726562 55.797340393066406 -5.699999809265137
vertex -66.48800659179688 57.00004959106445 -3.700000047683716
vertex 67.39342498779297 56.95199966430664 -3.700000047683716
endloop
endfacet
facet normal 0.00031083183616700154 0.8660257187169011 -0.49999935790403216
outer loop
vertex 67.27725219726562 55.797340393066406 -5.699999809265137
vertex -66.44850158691406 55.8453369140625 -5.699999809265137
vertex -66.48800659179688 57.00004959106445 -3.700000047683716
endloop
endfacet
facet normal -0.0594964930587983 0.8639796240629304 -0.49999937651739323
outer loop
vertex -67.66299438476562 56.91913604736328 -3.700000047683716
vertex -66.48800659179688 57.00004959106445 -3.700000047683716
vertex -66.44850158691406 55.8453369140625 -5.699999809265137
endloop
endfacet
facet normal -0.05949849755823733 0.8639789813073473 -0.5000002486473691
outer loop
vertex -66.44850158691406 55.8453369140625 -5.699999809265137
vertex -67.48934173583984 55.773658752441406 -5.699999809265137
vertex -67.66299438476562 56.91913604736328 -3.700000047683716
endloop
endfacet
facet normal -0.1992431102788128 0.8427940683591816 -0.5000003413448877
outer loop
vertex -67.48934173583984 55.773658752441406 -5.699999809265137
vertex -68.87008666992188 56.63376998901367 -3.700000047683716
vertex -67.66299438476562 56.91913604736328 -3.700000047683716
endloop
endfacet
facet normal -0.1992391567662257 0.8427961031038282 -0.4999984870017955
outer loop
vertex -67.48934173583984 55.773658752441406 -5.699999809265137
vertex -69.23002624511719 56.54867935180664 -3.700000047683716
vertex -68.87008666992188 56.63376998901367 -3.700000047683716
endloop
endfacet
facet normal -0.1992403591668122 0.8427953671870344 -0.4999992483265864
outer loop
vertex -67.48934173583984 55.773658752441406 -5.699999809265137
vertex -68.8574447631836 55.450233459472656 -5.699999809265137
vertex -69.23002624511719 56.54867935180664 -3.700000047683716
endloop
endfacet
facet normal -0.35462373967467864 0.7900902306000147 -0.4999994307692374
outer loop
vertex -68.8574447631836 55.450233459472656 -5.699999809265137
vertex -70.12599182128906 54.880859375 -5.699999809265137
vertex -69.73896789550781 56.320247650146484 -3.700000047683716
endloop
endfacet
facet normal -0.3546219635203466 0.7900912441974309 -0.4999990888306994
outer loop
vertex -69.23002624511719 56.54867935180664 -3.700000047683716
vertex -68.8574447631836 55.450233459472656 -5.699999809265137
vertex -69.73896789550781 56.320247650146484 -3.700000047683716
endloop
endfacet
facet normal -0.3546245038672906 0.7900900592331779 -0.49999915955708496
outer loop
vertex -69.73896789550781 56.320247650146484 -3.700000047683716
vertex -70.12599182128906 54.880859375 -5.699999809265137
vertex -70.69906616210938 55.88931655883789 -3.700000047683716
endloop
endfacet
facet normal -0.4972752337038527 0.7090262047927082 -0.49999918286135947
outer loop
vertex -70.12599182128906 54.880859375 -5.699999809265137
vertex -72.01737976074219 54.964717864990234 -3.700000047683716
vertex -70.69906616210938 55.88931655883789 -3.700000047683716
endloop
endfacet
facet normal -0.4972775141990574 0.7090231741151989 -0.5000012124381448
outer loop
vertex -70.12599182128906 54.880859375 -5.699999809265137
vertex -71.2643814086914 54.08244323730469 -5.699999809265137
vertex -72.01737976074219 54.964717864990234 -3.700000047683716
endloop
endfacet
facet normal -0.6220824824007788 0.6025050432152269 -0.500001057989183
outer loop
vertex -72.01737976074219 54.964717864990234 -3.700000047683716
vertex -71.2643814086914 54.08244323730469 -5.699999809265137
vertex -72.31228637695312 54.66022872924805 -3.700000047683716
endloop
endfacet
facet normal -0.6220795527343741 0.602508510625877 -0.5000005246929131
outer loop
vertex -71.2643814086914 54.08244323730469 -5.699999809265137
vertex -73.13764190673828 53.80806350708008 -3.700000047683716
vertex -72.31228637695312 54.66022872924805 -3.700000047683716
endloop
endfacet
facet normal -0.6220785383959286 0.6025105821718851 -0.4999992904375778
outer loop
vertex -71.2643814086914 54.08244323730469 -5.699999809265137
vertex -72.23175811767578 53.083648681640625 -5.699999809265137
vertex -73.13764190673828 53.80806350708008 -3.700000047683716
endloop
endfacet
facet normal -0.7245522789378699 0.4743675671423937 -0.4999994063289932
outer loop
vertex -72.23175811767578 53.083648681640625 -5.699999809265137
vertex -72.99339294433594 51.92032241821289 -5.699999809265137
vertex -74.01964569091797 52.46088409423828 -3.700000047683716
endloop
endfacet
facet normal -0.7245533158758153 0.47436592201667854 -0.4999994644823406
outer loop
vertex -73.13764190673828 53.80806350708008 -3.700000047683716
vertex -72.23175811767578 53.083648681640625 -5.699999809265137
vertex -73.7767562866211 52.831871032714844 -3.700000047683716
endloop
endfacet
facet normal -0.7245510964138895 0.4743719143140004 -0.4999969955864749
outer loop
vertex -74.01964569091797 52.46088409423828 -3.700000047683716
vertex -73.7767562866211 52.831871032714844 -3.700000047683716
vertex -72.23175811767578 53.083648681640625 -5.699999809265137
endloop
endfacet
facet normal -0.801016511069808 0.3292007540188004 -0.4999994125466605
outer loop
vertex -74.01964569091797 52.46088409423828 -3.700000047683716
vertex -72.99339294433594 51.92032241821289 -5.699999809265137
vertex -74.14742279052734 52.14997482299805 -3.700000047683716
endloop
endfacet
facet normal -0.8010188503408449 0.32919650422618985 -0.4999984630015251
outer loop
vertex -72.99339294433594 51.92032241821289 -5.699999809265137
vertex -73.52194213867188 50.63422775268555 -5.699999809265137
vertex -74.63172912597656 50.97152328491211 -3.700000047683716
endloop
endfacet
facet normal -0.8010190768734693 0.329193523202153 -0.5000000627665245
outer loop
vertex -74.63172912597656 50.97152328491211 -3.700000047683716
vertex -74.14742279052734 52.14997482299805 -3.700000047683716
vertex -72.99339294433594 51.92032241821289 -5.699999809265137
endloop
endfacet
facet normal -0.848731048554445 0.1722095489839089 -0.49999947845815906
outer loop
vertex -73.52194213867188 50.63422775268555 -5.699999809265137
vertex -73.79737091064453 49.27678298950195 -5.699999809265137
vertex -74.93489074707031 49.477413177490234 -3.700000047683716
endloop
endfacet
facet normal -0.8487287083543048 0.17222147355674158 -0.4999993436607472
outer loop
vertex -74.9519271850586 49.393455505371094 -3.700000047683716
vertex -74.93489074707031 49.477413177490234 -3.700000047683716
vertex -73.79737091064453 49.27678298950195 -5.699999809265137
endloop
endfacet
facet normal -0.848731224855175 0.1722113602751549 -0.4999985553459279
outer loop
vertex -73.52194213867188 50.63422775268555 -5.699999809265137
vertex -74.93489074707031 49.477413177490234 -3.700000047683716
vertex -74.63172912597656 50.97152328491211 -3.700000047683716
endloop
endfacet
facet normal -0.8660248968679328 0.0010702391901158913 -0.4999997325928908
outer loop
vertex -73.79737091064453 49.27678298950195 -5.699999809265137
vertex -74.9999771118164 10.512022972106934 -3.700000047683716
vertex -74.9519271850586 49.393455505371094 -3.700000047683716
endloop
endfacet
facet normal -0.8660252057119632 0.00107027637452305 -0.4999991975793901
outer loop
vertex -73.79737091064453 49.27678298950195 -5.699999809265137
vertex -73.84523010253906 10.55102252960205 -5.699999809265137
vertex -74.9999771118164 10.512022972106934 -3.700000047683716
endloop
endfacet
facet normal -0.8639793899094891 -0.059501870614864866 -0.49999914120422145
outer loop
vertex -73.84523010253906 10.55102252960205 -5.699999809265137
vertex -73.7735824584961 9.5106840133667 -5.699999809265137
vertex -74.9999771118164 10.512022972106934 -3.700000047683716
endloop
endfacet
facet normal -0.8639789630936958 -0.059499252523062034 -0.500000190280703
outer loop
vertex -74.9999771118164 10.512022972106934 -3.700000047683716
vertex -73.7735824584961 9.5106840133667 -5.699999809265137
vertex -74.91905975341797 9.337035179138184 -3.700000047683716
endloop
endfacet
facet normal -0.842794111417735 -0.19924117339055325 -0.5000010405844633
outer loop
vertex -73.7735824584961 9.5106840133667 -5.699999809265137
vertex -73.45015716552734 8.14258861541748 -5.699999809265137
vertex -74.63368225097656 8.129870414733887 -3.700000047683716
endloop
endfacet
facet normal -0.8427940116435062 -0.19924173464907005 -0.5000009851109046
outer loop
vertex -74.63368225097656 8.129870414733887 -3.700000047683716
vertex -73.45015716552734 8.14258861541748 -5.699999809265137
vertex -74.5486068725586 7.77000093460083 -3.700000047683716
endloop
endfacet
facet normal -0.8427950409934023 -0.1992393672850344 -0.5000001934007511
outer loop
vertex -73.7735824584961 9.5106840133667 -5.699999809265137
vertex -74.63368225097656 8.129870414733887 -3.700000047683716
vertex -74.91905975341797 9.337035179138184 -3.700000047683716
endloop
endfacet
facet normal -0.7900900690624475 -0.3546227152160606 -0.5000004126215155
outer loop
vertex -74.32011413574219 7.260930061340332 -3.700000047683716
vertex -72.88078308105469 6.8740386962890625 -5.699999809265137
vertex -73.88924407958984 6.300962924957275 -3.700000047683716
endloop
endfacet
facet normal -0.7900893698334657 -0.3546258329150546 -0.4999993063049798
outer loop
vertex -74.5486068725586 7.77000093460083 -3.700000047683716
vertex -72.88078308105469 6.8740386962890625 -5.699999809265137
vertex -74.32011413574219 7.260930061340332 -3.700000047683716
endloop
endfacet
facet normal -0.7900897083063496 -0.35462270544881563 -0.5000009896075707
outer loop
vertex -73.45015716552734 8.14258861541748 -5.699999809265137
vertex -72.88078308105469 6.8740386962890625 -5.699999809265137
vertex -74.5486068725586 7.77000093460083 -3.700000047683716
endloop
endfacet
facet normal -0.7090248648560333 -0.4972750134020346 -0.5000013020601947
outer loop
vertex -72.08236694335938 5.735645294189453 -5.699999809265137
vertex -72.96464538574219 4.982651233673096 -3.700000047683716
vertex -73.88924407958984 6.300962924957275 -3.700000047683716
endloop
endfacet
facet normal -0.7090243549957238 -0.49727667606251863 -0.500000371466973
outer loop
vertex -72.88078308105469 6.8740386962890625 -5.699999809265137
vertex -72.08236694335938 5.735645294189453 -5.699999809265137
vertex -73.88924407958984 6.300962924957275 -3.700000047683716
endloop
endfacet
facet normal -0.6025090683130858 -0.6220785085387018 -0.5000011518134349
outer loop
vertex -71.08357238769531 4.768270969390869 -5.699999809265137
vertex -72.96464538574219 4.982651233673096 -3.700000047683716
vertex -72.08236694335938 5.735645294189453 -5.699999809265137
endloop
endfacet
facet normal -0.6025064766114406 -0.6220833992750285 -0.4999981899844168
outer loop
vertex -72.96464538574219 4.982651233673096 -3.700000047683716
vertex -71.08357238769531 4.768270969390869 -5.699999809265137
vertex -72.66002655029297 4.687618732452393 -3.700000047683716
endloop
endfacet
facet normal -0.6025092565584798 -0.622079085413112 -0.5000002072528913
outer loop
vertex -72.66002655029297 4.687618732452393 -3.700000047683716
vertex -71.08357238769531 4.768270969390869 -5.699999809265137
vertex -71.80799102783203 3.862387180328369 -3.700000047683716
endloop
endfacet
facet normal -0.474368002416279 -0.7245514063185851 -0.5000002578852832
outer loop
vertex -71.08357238769531 4.768270969390869 -5.699999809265137
vertex -70.83174896240234 3.223235845565796 -3.700000047683716
vertex -71.80799102783203 3.862387180328369 -3.700000047683716
endloop
endfacet
facet normal -0.4743673339829903 -0.7245522686342959 -0.49999964246663753
outer loop
vertex -71.08357238769531 4.768270969390869 -5.699999809265137
vertex -69.92024993896484 4.006639003753662 -5.699999809265137
vertex -70.46080780029297 2.9803829193115234 -3.700000047683716
endloop
endfacet
facet normal -0.4743610834851755 -0.7245539688626982 -0.5000031086704185
outer loop
vertex -70.83174896240234 3.223235845565796 -3.700000047683716
vertex -71.08357238769531 4.768270969390869 -5.699999809265137
vertex -70.46080780029297 2.9803829193115234 -3.700000047683716
endloop
endfacet
facet normal -0.32919923590967365 -0.8010168424375708 -0.4999998812078171
outer loop
vertex -69.92024993896484 4.006639003753662 -5.699999809265137
vertex -70.14978790283203 2.8525609970092773 -3.700000047683716
vertex -70.46080780029297 2.9803829193115234 -3.700000047683716
endloop
endfacet
facet normal -0.3291958272089062 -0.8010182687899429 -0.4999998404129811
outer loop
vertex -70.14978790283203 2.8525609970092773 -3.700000047683716
vertex -68.6341552734375 3.4780893325805664 -5.699999809265137
vertex -68.97145080566406 2.368297815322876 -3.700000047683716
endloop
endfacet
facet normal -0.32919639087988123 -0.8010178518923282 -0.500000137181442
outer loop
vertex -69.92024993896484 4.006639003753662 -5.699999809265137
vertex -68.6341552734375 3.4780893325805664 -5.699999809265137
vertex -70.14978790283203 2.8525609970092773 -3.700000047683716
endloop
endfacet
facet normal -0.17220967157247863 -0.8487307560425655 -0.4999999327643099
outer loop
vertex -68.6341552734375 3.4780893325805664 -5.699999809265137
vertex -67.27433013916016 3.2021772861480713 -5.699999809265137
vertex -68.97145080566406 2.368297815322876 -3.700000047683716
endloop
endfacet
facet normal -0.17221260541604377 -0.848730253273305 -0.49999977571439924
outer loop
vertex -67.4772720336914 2.0651254653930664 -3.700000047683716
vertex -67.27433013916016 3.2021772861480713 -5.699999809265137
vertex -67.39337921142578 2.048103094100952 -3.700000047683716
endloop
endfacet
facet normal -0.17220946870312087 -0.8487308705047327 -0.49999980834123087
outer loop
vertex -68.97145080566406 2.368297815322876 -3.700000047683716
vertex -67.27433013916016 3.2021772861480713 -5.699999809265137
vertex -67.4772720336914 2.0651254653930664 -3.700000047683716
endloop
endfacet
facet normal -0.004731828593058639 -0.8661115727423808 -0.49982832388719756
outer loop
vertex -67.27433013916016 3.2021772861480713 -5.699999809265137
vertex -58.49374008178711 3.1542062759399414 -5.699999809265137
vertex -58.499977111816406 2.000051259994507 -3.700000047683716
endloop
endfacet
facet normal -0.004679142990391556 -0.8660127312297333 -0.5000000549688902
outer loop
vertex -67.39337921142578 2.048103094100952 -3.700000047683716
vertex -67.27433013916016 3.2021772861480713 -5.699999809265137
vertex -58.499977111816406 2.000051259994507 -3.700000047683716
endloop
endfacet
facet normal -0.07555276105925894 -0.863550078939125 -0.4985709994178896
outer loop
vertex -58.499977111816406 2.000051259994507 -3.700000047683716
vertex -58.49374008178711 3.1542062759399414 -5.699999809265137
vertex -58.4100341796875 3.1468827724456787 -5.699999809265137
endloop
endfacet
facet normal -0.0677761160941007 -0.8641864505833642 -0.49858617782217507
outer loop
vertex -58.499977111816406 2.000051259994507 -3.700000047683716
vertex -58.4100341796875 3.1468827724456787 -5.699999809265137
vertex -58.110233306884766 1.969484567642212 -3.700000047683716
endloop
endfacet
facet normal -0.05810848053153973 -0.8640871062112667 -0.4999768768350741
outer loop
vertex -58.4100341796875 3.1468827724456787 -5.699999809265137
vertex -58.01995086669922 3.120650291442871 -5.699999809265137
vertex -58.110233306884766 1.969484567642212 -3.700000047683716
endloop
endfacet
facet normal -0.10920876748115857 -0.8593647430196288 -0.49956549476525447
outer loop
vertex -58.01995086669922 3.120650291442871 -5.699999809265137
vertex -57.909725189208984 3.106642723083496 -5.699999809265137
vertex -58.110233306884766 1.969484567642212 -3.700000047683716
endloop
endfacet
facet normal -0.22435436471418654 -0.837312495458232 -0.4985708615464827
outer loop
vertex -58.110233306884766 1.969484567642212 -3.700000047683716
vertex -57.909725189208984 3.106642723083496 -5.699999809265137
vertex -57.8351936340332 3.086672306060791 -5.699999809265137
endloop
endfacet
facet normal -0.20721255415592651 -0.8416721636602197 -0.49864910139265417
outer loop
vertex -57.8351936340332 3.086672306060791 -5.699999809265137
vertex -57.423709869384766 2.985368490219116 -5.699999809265137
vertex -57.698753356933594 1.8681809902191162 -3.700000047683716
endloop
endfacet
facet normal -0.20721393603727162 -0.8416719547197634 -0.49864887982442524
outer loop
vertex -58.110233306884766 1.969484567642212 -3.700000047683716
vertex -57.8351936340332 3.086672306060791 -5.699999809265137
vertex -57.698753356933594 1.8681809902191162 -3.700000047683716
endloop
endfacet
facet normal -0.2243574260543781 -0.8373115451958016 -0.49857107984325877
outer loop
vertex -57.423709869384766 2.985368490219116 -5.699999809265137
vertex -57.3038215637207 2.95324444770813 -5.699999809265137
vertex -57.698753356933594 1.8681809902191162 -3.700000047683716
endloop
endfacet
facet normal -0.3213393366596411 -0.8043142337781379 -0.4998196115170238
outer loop
vertex -57.698753356933594 1.8681809902191162 -3.700000047683716
vertex -57.3038215637207 2.95324444770813 -5.699999809265137
vertex -57.23731231689453 2.9266726970672607 -5.699999809265137
endloop
endfacet
facet normal -0.34608066248408015 -0.7938691603507589 -0.4999999312985565
outer loop
vertex -57.698753356933594 1.8681809902191162 -3.700000047683716
vertex -57.23731231689453 2.9266726970672607 -5.699999809265137
vertex -57.3102912902832 1.6988341808319092 -3.700000047683716
endloop
endfacet
facet normal -0.34608066248408015 -0.7938691603507589 -0.4999999312985565
outer loop
vertex -57.23731231689453 2.9266726970672607 -5.699999809265137
vertex -56.84885025024414 2.7573258876800537 -5.699999809265137
vertex -57.3102912902832 1.6988341808319092 -3.700000047683716
endloop
endfacet
facet normal -0.4972144933280016 -0.7100740064793438 -0.49857060979058065
outer loop
vertex -56.732940673828125 2.698834180831909 -5.699999809265137
vertex -56.678829193115234 2.6609437465667725 -5.699999809265137
vertex -57.3102912902832 1.6988341808319092 -3.700000047683716
endloop
endfacet
facet normal -0.39031506631391805 -0.7734644181728205 -0.4994065906943378
outer loop
vertex -56.732940673828125 2.698834180831909 -5.699999809265137
vertex -57.3102912902832 1.6988341808319092 -3.700000047683716
vertex -56.84885025024414 2.7573258876800537 -5.699999809265137
endloop
endfacet
facet normal -0.468558534692837 -0.728332994075096 -0.4999839490504747
outer loop
vertex -56.322425842285156 2.4316587448120117 -5.699999809265137
vertex -56.95601272583008 1.4663101434707642 -3.700000047683716
vertex -56.678829193115234 2.6609437465667725 -5.699999809265137
endloop
endfacet
facet normal -0.47558994916914926 -0.7246189528280397 -0.49873998581593704
outer loop
vertex -57.3102912902832 1.6988341808319092 -3.700000047683716
vertex -56.678829193115234 2.6609437465667725 -5.699999809265137
vertex -56.95601272583008 1.4663101434707642 -3.700000047683716
endloop
endfacet
facet normal -0.5483101632922884 -0.671841029187732 -0.4979815220772283
outer loop
vertex -56.17100143432617 2.3080766201019287 -5.699999809265137
vertex -56.95601272583008 1.4663101434707642 -3.700000047683716
vertex -56.322425842285156 2.4316587448120117 -5.699999809265137
endloop
endfacet
facet normal -0.5906542217195443 -0.6333462205160706 -0.5000001553228641
outer loop
vertex -56.64609909057617 1.1772898435592651 -3.700000047683716
vertex -56.8193359375 1.3388493061065674 -3.700000047683716
vertex -55.85856628417969 2.0217578411102295 -5.699999809265137
endloop
endfacet
facet normal -0.585579151536832 -0.6389923524309425 -0.4987843530226004
outer loop
vertex -56.95601272583008 1.4663101434707642 -3.700000047683716
vertex -56.17100143432617 2.3080766201019287 -5.699999809265137
vertex -55.85856628417969 2.0217578411102295 -5.699999809265137
endloop
endfacet
facet normal -0.5906472076872279 -0.6333534680315464 -0.4999992605831469
outer loop
vertex -56.95601272583008 1.4663101434707642 -3.700000047683716
vertex -55.85856628417969 2.0217578411102295 -5.699999809265137
vertex -56.8193359375 1.3388493061065674 -3.700000047683716
endloop
endfacet
facet normal -0.6532865702204995 -0.5702540864542701 -0.49802302562405903
outer loop
vertex -55.73002624511719 1.8745015859603882 -5.699999809265137
vertex -56.64609909057617 1.1772898435592651 -3.700000047683716
vertex -55.85856628417969 2.0217578411102295 -5.699999809265137
endloop
endfacet
facet normal -0.6896544588531753 -0.524889480793699 -0.49886647545816815
outer loop
vertex -56.64609909057617 1.1772898435592651 -3.700000047683716
vertex -55.73002624511719 1.8745015859603882 -5.699999809265137
vertex -56.38945007324219 0.8400776386260986 -3.700000047683716
endloop
endfacet
facet normal -0.6896544588531753 -0.524889480793699 -0.49886647545816815
outer loop
vertex -56.38945007324219 0.8400776386260986 -3.700000047683716
vertex -55.73002624511719 1.8745015859603882 -5.699999809265137
vertex -55.4733772277832 1.5372893810272217 -5.699999809265137
endloop
endfacet
facet normal -0.7317392261098946 -0.4658298319003984 -0.49755429119216626
outer loop
vertex -55.4733772277832 1.5372893810272217 -5.699999809265137
vertex -55.36857223510742 1.372658610343933 -5.699999809265137
vertex -56.38945007324219 0.8400776386260986 -3.700000047683716
endloop
endfacet
facet normal -0.7683608061360708 -0.40084622791809593 -0.4989428556034862
outer loop
vertex -55.36857223510742 1.372658610343933 -5.699999809265137
vertex -55.17256546020508 0.9969436526298523 -5.699999809265137
vertex -56.38945007324219 0.8400776386260986 -3.700000047683716
endloop
endfacet
facet normal -0.7683607953870866 -0.400846254106235 -0.4989428511173634
outer loop
vertex -56.38945007324219 0.8400776386260986 -3.700000047683716
vertex -55.17256546020508 0.9969436526298523 -5.699999809265137
vertex -56.193443298339844 0.4643627107143402 -3.700000047683716
endloop
endfacet
facet normal -0.7943798215428152 -0.3476896497052785 -0.4980688773788479
outer loop
vertex -55.17256546020508 0.9969436526298523 -5.699999809265137
vertex -55.09418487548828 0.8178645372390747 -5.699999809265137
vertex -56.193443298339844 0.4643627107143402 -3.700000047683716
endloop
endfacet
facet normal -0.8249792532088462 -0.26529485738979514 -0.499026923539705
outer loop
vertex -54.96730041503906 0.4135260581970215 -5.699999809265137
vertex -56.0637092590332 0.06094033643603325 -3.700000047683716
vertex -56.15544128417969 0.34619659185409546 -3.700000047683716
endloop
endfacet
facet normal -0.8263009139973314 -0.2592994510184704 -0.4999905941402242
outer loop
vertex -55.09418487548828 0.8178645372390747 -5.699999809265137
vertex -54.96730041503906 0.4135260581970215 -5.699999809265137
vertex -56.193443298339844 0.4643627107143402 -3.700000047683716
endloop
endfacet
facet normal -0.824975295292672 -0.26531059119043887 -0.4990251019327066
outer loop
vertex -56.193443298339844 0.4643627107143402 -3.700000047683716
vertex -54.96730041503906 0.4135260581970215 -5.699999809265137
vertex -56.15544128417969 0.34619659185409546 -3.700000047683716
endloop
endfacet
facet normal -0.8419360273867051 -0.2074155227117485 -0.4981189885223263
outer loop
vertex -54.96730041503906 0.4135260581970215 -5.699999809265137
vertex -54.920536041259766 0.22370125353336334 -5.699999809265137
vertex -56.0637092590332 0.06094033643603325 -3.700000047683716
endloop
endfacet
facet normal -0.8573792900638273 -0.12206685101980455 -0.5000004368515656
outer loop
vertex -56.0637092590332 0.06094033643603325 -3.700000047683716
vertex -54.920536041259766 0.22370125353336334 -5.699999809265137
vertex -56.00397872924805 -0.3585979640483856 -3.700000047683716
endloop
endfacet
facet normal -0.8586477343247185 -0.11666066632402165 -0.49911357151640623
outer loop
vertex -54.920536041259766 0.22370125353336334 -5.699999809265137
vertex -54.86348342895508 -0.1962183117866516 -5.699999809265137
vertex -56.00397872924805 -0.3585979640483856 -3.700000047683716
endloop
endfacet
facet normal -0.8635502724747507 -0.07554835916647645 -0.4985713312416156
outer loop
vertex -54.86348342895508 -0.1962183117866516 -5.699999809265137
vertex -54.84928512573242 -0.3585110306739807 -5.699999809265137
vertex -56.00397872924805 -0.3585979640483856 -3.700000047683716
endloop
endfacet
facet normal -0.8660266751890121 -0.000065254158674253 -0.4999977935980919
outer loop
vertex -54.84928512573242 -0.3585110306739807 -5.699999809265137
vertex -55.999977111816406 -53.46643829345703 -3.700000047683716
vertex -56.00397872924805 -0.3585979640483856 -3.700000047683716
endloop
endfacet
facet normal -0.866025342922738 -0.00006536992512082928 -0.5000001011423166
outer loop
vertex -54.84928512573242 -0.3585110306739807 -5.699999809265137
vertex -54.845279693603516 -53.42275619506836 -5.699999809265137
vertex -55.999977111816406 -53.46643829345703 -3.700000047683716
endloop
endfacet
facet normal -0.8635552972216514 -0.06535884609748684 -0.5000004698770095
outer loop
vertex -54.845279693603516 -53.42275619506836 -5.699999809265137
vertex -54.77863311767578 -54.30332565307617 -5.699999809265137
vertex -55.97254943847656 -53.82883834838867 -3.700000047683716
endloop
endfacet
facet normal -0.8635555902162135 -0.06535683512441527 -0.5000002267087956
outer loop
vertex -55.97254943847656 -53.82883834838867 -3.700000047683716
vertex -55.999977111816406 -53.46643829345703 -3.700000047683716
vertex -54.845279693603516 -53.42275619506836 -5.699999809265137
endloop
endfacet
facet normal -0.8635555368762274 -0.06536407488069605 -0.49999937244500764
outer loop
vertex -55.97254943847656 -53.82883834838867 -3.700000047683716
vertex -54.77863311767578 -54.30332565307617 -5.699999809265137
vertex -55.921932220458984 -54.49756622314453 -3.700000047683716
endloop
endfacet
facet normal -0.836689321406998 -0.22349854975971523 -0.4999993776984139
outer loop
vertex -54.77863311767578 -54.30332565307617 -5.699999809265137
vertex -55.563968658447266 -55.83763885498047 -3.700000047683716
vertex -55.921932220458984 -54.49756622314453 -3.700000047683716
endloop
endfacet
facet normal -0.8366880054424384 -0.22350078904541712 -0.5000005788444951
outer loop
vertex -54.77863311767578 -54.30332565307617 -5.699999809265137
vertex -54.48036575317383 -55.41990661621094 -5.699999809265137
vertex -55.563968658447266 -55.83763885498047 -3.700000047683716
endloop
endfacet
facet normal -0.7702034625568144 -0.3959624818219169 -0.5000003392548069
outer loop
vertex -55.563968658447266 -55.83763885498047 -3.700000047683716
vertex -53.959503173828125 -56.43305969238281 -5.699999809265137
vertex -54.929779052734375 -57.07122802734375 -3.700000047683716
endloop
endfacet
facet normal -0.770203546034059 -0.3959620861284845 -0.5000005240250652
outer loop
vertex -54.48036575317383 -55.41990661621094 -5.699999809265137
vertex -53.959503173828125 -56.43305969238281 -5.699999809265137
vertex -55.563968658447266 -55.83763885498047 -3.700000047683716
endloop
endfacet
facet normal -0.6686355642552735 -0.5503872220392113 -0.5000003880288416
outer loop
vertex -53.235504150390625 -57.31260681152344 -5.699999809265137
vertex -54.929779052734375 -57.07122802734375 -3.700000047683716
vertex -53.959503173828125 -56.43305969238281 -5.699999809265137
endloop
endfacet
facet normal -0.6686333382758097 -0.5503921832567216 -0.4999979035516508
outer loop
vertex -54.929779052734375 -57.07122802734375 -3.700000047683716
vertex -53.235504150390625 -57.31260681152344 -5.699999809265137
vertex -54.617313385009766 -57.45082092285156 -3.700000047683716
endloop
endfacet
facet normal -0.6686364572041752 -0.5503867761259916 -0.4999996847629875
outer loop
vertex -54.617313385009766 -57.45082092285156 -3.700000047683716
vertex -53.235504150390625 -57.31260681152344 -5.699999809265137
vertex -54.048255920410156 -58.14213943481445 -3.700000047683716
endloop
endfacet
facet normal -0.536609571439823 -0.6797429299479858 -0.49999971702481705
outer loop
vertex -54.048255920410156 -58.14213943481445 -3.700000047683716
vertex -53.235504150390625 -57.31260681152344 -5.699999809265137
vertex -52.95955276489258 -59.00159454345703 -3.700000047683716
endloop
endfacet
facet normal -0.5366077224942654 -0.6797437145331324 -0.5000006347118142
outer loop
vertex -53.235504150390625 -57.31260681152344 -5.699999809265137
vertex -52.341346740722656 -58.01847839355469 -5.699999809265137
vertex -52.95955276489258 -59.00159454345703 -3.700000047683716
endloop
endfacet
facet normal -0.3801420238365084 -0.778133201333314 -0.50000076269567
outer loop
vertex -52.341346740722656 -58.01847839355469 -5.699999809265137
vertex -51.3177604675293 -58.518531799316406 -5.699999809265137
vertex -52.95955276489258 -59.00159454345703 -3.700000047683716
endloop
endfacet
facet normal -0.3801469801288376 -0.7781312442435653 -0.5000000402308844
outer loop
vertex -51.71326446533203 -59.610443115234375 -3.700000047683716
vertex -52.00614929199219 -59.46735763549805 -3.700000047683716
vertex -51.3177604675293 -58.518531799316406 -5.699999809265137
endloop
endfacet
facet normal -0.38013982299421567 -0.7781351369904365 -0.49999942355446897
outer loop
vertex -52.95955276489258 -59.00159454345703 -3.700000047683716
vertex -51.3177604675293 -58.518531799316406 -5.699999809265137
vertex -52.00614929199219 -59.46735763549805 -3.700000047683716
endloop
endfacet
facet normal -0.2063557864751787 -0.8410809018051668 -0.5000002060067754
outer loop
vertex -51.71326446533203 -59.610443115234375 -3.700000047683716
vertex -51.3177604675293 -58.518531799316406 -5.699999809265137
vertex -51.05897903442383 -59.77096939086914 -3.700000047683716
endloop
endfacet
facet normal -0.2063527160191227 -0.8410821670906677 -0.4999993447931679
outer loop
vertex -51.05897903442383 -59.77096939086914 -3.700000047683716
vertex -50.22629165649414 -58.786319732666016 -5.699999809265137
vertex -50.366153717041016 -59.940948486328125 -3.700000047683716
endloop
endfacet
facet normal -0.20635615252228875 -0.841080856878051 -0.5000001305094642
outer loop
vertex -51.3177604675293 -58.518531799316406 -5.699999809265137
vertex -50.22629165649414 -58.786319732666016 -5.699999809265137
vertex -51.05897903442383 -59.77096939086914 -3.700000047683716
endloop
endfacet
facet normal -0.0004276936711655709 -0.8660258453332147 -0.4999990522921162
outer loop
vertex -25.177270889282227 -59.95338821411133 -3.700000047683716
vertex -50.366153717041016 -59.940948486328125 -3.700000047683716
vertex -25.46063804626465 -59.84393310546875 -3.8893399238586426
endloop
endfacet
facet normal -0.0004276694372837973 -0.8660247175240549 -0.500001005735222
outer loop
vertex -10.899977684020996 -59.23875045776367 -4.949999809265137
vertex -10.899977684020996 -58.80573654174805 -5.699999809265137
vertex 49.78533935546875 -58.8357048034668 -5.699999809265137
endloop
endfacet
facet normal -0.00042771591882203225 -0.8660245414668594 -0.5000013106344909
outer loop
vertex -25.785797119140625 -59.56281280517578 -4.375974655151367
vertex -25.46063804626465 -59.84393310546875 -3.8893399238586426
vertex -50.366153717041016 -59.940948486328125 -3.700000047683716
endloop
endfacet
facet normal -0.0004276881214173922 -0.8660249825940646 -0.500000546605522
outer loop
vertex -50.366153717041016 -59.940948486328125 -3.700000047683716
vertex -25.899978637695312 -59.23134231567383 -4.949999809265137
vertex -25.785797119140625 -59.56281280517578 -4.375974655151367
endloop
endfacet
facet normal -0.0004277139123029539 -0.8660260673772097 -0.49999866768219875
outer loop
vertex -11.014158248901367 -59.570106506347656 -4.375974655151367
vertex -10.899977684020996 -59.23875045776367 -4.949999809265137
vertex 49.821983337402344 -59.99042510986328 -3.700000047683716
endloop
endfacet
facet normal -0.0004276593662284682 -0.8660239818645993 -0.5000022799376524
outer loop
vertex -11.339317321777344 -59.85090637207031 -3.8893399238586426
vertex -11.014158248901367 -59.570106506347656 -4.375974655151367
vertex 49.821983337402344 -59.99042510986328 -3.700000047683716
endloop
endfacet
facet normal -0.0004276524125700064 -0.866023072072153 -0.5000038557372576
outer loop
vertex -11.622684478759766 -59.9600830078125 -3.700000047683716
vertex -11.339317321777344 -59.85090637207031 -3.8893399238586426
vertex 49.821983337402344 -59.99042510986328 -3.700000047683716
endloop
endfacet
facet normal -0.00042764922764503574 -0.8660266248792347 -0.4999977021111389
outer loop
vertex -25.899978637695312 -59.23134231567383 -4.949999809265137
vertex -50.22629165649414 -58.786319732666016 -5.699999809265137
vertex -25.899978637695312 -58.79833221435547 -5.699999809265137
endloop
endfacet
facet normal -0.0004276619296918147 -0.8660249851995867 -0.5000005421150355
outer loop
vertex 49.821983337402344 -59.99042510986328 -3.700000047683716
vertex -10.899977684020996 -59.23875045776367 -4.949999809265137
vertex 49.78533935546875 -58.8357048034668 -5.699999809265137
endloop
endfacet
facet normal -0.000427590843581873 -0.8660258105571231 -0.49999911261416075
outer loop
vertex -50.366153717041016 -59.940948486328125 -3.700000047683716
vertex -50.22629165649414 -58.786319732666016 -5.699999809265137
vertex -25.899978637695312 -59.23134231567383 -4.949999809265137
endloop
endfacet
facet normal 0.05532296742832246 -0.8642561182466537 -0.5000007313476161
outer loop
vertex 49.78533935546875 -58.8357048034668 -5.699999809265137
vertex 49.867637634277344 -58.83043670654297 -5.699999809265137
vertex 49.821983337402344 -59.99042510986328 -3.700000047683716
endloop
endfacet
facet normal 0.05536846584750272 -0.8642543865252527 -0.4999986883598328
outer loop
vertex 49.821983337402344 -59.99042510986328 -3.700000047683716
vertex 49.867637634277344 -58.83043670654297 -5.699999809265137
vertex 49.90272521972656 -59.985252380371094 -3.700000047683716
endloop
endfacet
facet normal 0.05530558299813744 -0.8642578830491128 -0.4999996040765456
outer loop
vertex 49.867637634277344 -58.83043670654297 -5.699999809265137
vertex 50.001800537109375 -59.978912353515625 -3.700000047683716
vertex 49.90272521972656 -59.985252380371094 -3.700000047683716
endloop
endfacet
facet normal 0 1 0
outer loop
vertex 44.4722900390625 -57.99995040893555 -1.9500000476837158
vertex 36.4722900390625 -57.99995040893555 -0.44999998807907104
vertex 44.4722900390625 -57.99995040893555 -0.44999998807907104
endloop
endfacet
facet normal -1 0 0
outer loop
vertex 44.4722900390625 -57.49566650390625 -1.9500000476837158
vertex 44.4722900390625 -57.99995040893555 -0.44999998807907104
vertex 44.4722900390625 -57.49566650390625 -0.44999998807907104
endloop
endfacet
facet normal -1 0 0
outer loop
vertex 44.4722900390625 -57.49566650390625 -1.9500000476837158
vertex 44.4722900390625 -57.99995040893555 -1.9500000476837158
vertex 44.4722900390625 -57.99995040893555 -0.44999998807907104
endloop
endfacet
facet normal 0 1 0
outer loop
vertex 44.4722900390625 -57.99995040893555 -1.9500000476837158
vertex 36.4722900390625 -57.99995040893555 -1.9500000476837158
vertex 36.4722900390625 -57.99995040893555 -0.44999998807907104
endloop
endfacet
facet normal 0 0 1
outer loop
vertex 44.4722900390625 -57.49566650390625 -1.9500000476837158
vertex 36.4722900390625 -57.99995040893555 -1.9500000476837158
vertex 44.4722900390625 -57.99995040893555 -1.9500000476837158
endloop
endfacet
facet normal 0 0 1
outer loop
vertex 36.4722900390625 -57.494468688964844 -1.9500000476837158
vertex 36.4722900390625 -57.99995040893555 -1.9500000476837158
vertex 44.4722900390625 -57.49566650390625 -1.9500000476837158
endloop
endfacet
facet normal 1 0 0
outer loop
vertex 36.4722900390625 -57.494468688964844 -1.9500000476837158
vertex 36.4722900390625 -57.494468688964844 -0.44999998807907104
vertex 36.4722900390625 -57.99995040893555 -1.9500000476837158
endloop
endfacet
facet normal 1 0 0
outer loop
vertex 36.4722900390625 -57.99995040893555 -1.9500000476837158
vertex 36.4722900390625 -57.494468688964844 -0.44999998807907104
vertex 36.4722900390625 -57.99995040893555 -0.44999998807907104
endloop
endfacet
facet normal 1 0 0
outer loop
vertex -44.45988082885742 -57.48237228393555 -1.9500000476837158
vertex -44.45988082885742 -57.48237228393555 -0.44999998807907104
vertex -44.45988082885742 -57.99995040893555 -1.9500000476837158
endloop
endfacet
facet normal 0 0 1
outer loop
vertex -44.45988082885742 -57.48237228393555 -1.9500000476837158
vertex -44.45988082885742 -57.99995040893555 -1.9500000476837158
vertex -36.45988082885742 -57.48357009887695 -1.9500000476837158
endloop
endfacet
facet normal 0 0 1
outer loop
vertex -36.45988082885742 -57.48357009887695 -1.9500000476837158
vertex -44.45988082885742 -57.99995040893555 -1.9500000476837158
vertex -36.45988082885742 -57.99995040893555 -1.9500000476837158
endloop
endfacet
facet normal -1 0 0
outer loop
vertex -36.45988082885742 -57.48357009887695 -0.44999998807907104
vertex -36.45988082885742 -57.48357009887695 -1.9500000476837158
vertex -36.45988082885742 -57.99995040893555 -0.44999998807907104
endloop
endfacet
facet normal -1 0 0
outer loop
vertex -36.45988082885742 -57.48357009887695 -1.9500000476837158
vertex -36.45988082885742 -57.99995040893555 -1.9500000476837158
vertex -36.45988082885742 -57.99995040893555 -0.44999998807907104
endloop
endfacet
facet normal 0 1 0
outer loop
vertex -36.45988082885742 -57.99995040893555 -1.9500000476837158
vertex -44.45988082885742 -57.99995040893555 -1.9500000476837158
vertex -44.45988082885742 -57.99995040893555 -0.44999998807907104
endloop
endfacet
facet normal 0 1 0
outer loop
vertex -36.45988082885742 -57.99995040893555 -1.9500000476837158
vertex -44.45988082885742 -57.99995040893555 -0.44999998807907104
vertex -36.45988082885742 -57.99995040893555 -0.44999998807907104
endloop
endfacet
facet normal 1 0 0
outer loop
vertex -44.45988082885742 -57.99995040893555 -0.44999998807907104
vertex -44.45988082885742 -57.99995040893555 -1.9500000476837158
vertex -44.45988082885742 -57.48237228393555 -0.44999998807907104
endloop
endfacet
facet normal 0.9999999962429197 -0.00008668425746636821 0
outer loop
vertex -42.25985336303711 54.49774169921875 -1.0499999523162842
vertex -42.25975799560547 55.5979118347168 -2.8499999046325684
vertex -42.25975799560547 55.5979118347168 -1.0499999523162842
endloop
endfacet
facet normal -0.00008795000167315774 -0.9999999961323986 0
outer loop
vertex -42.25975799560547 55.5979118347168 -1.0499999523162842
vertex -42.25975799560547 55.5979118347168 -2.8499999046325684
vertex -38.659759521484375 55.59759521484375 -1.0499999523162842
endloop
endfacet
facet normal -0.00008795000167315774 -0.9999999961323986 0
outer loop
vertex -42.25975799560547 55.5979118347168 -2.8499999046325684
vertex -38.659759521484375 55.59759521484375 -2.8499999046325684
vertex -38.659759521484375 55.59759521484375 -1.0499999523162842
endloop
endfacet
facet normal 0.9999999962429197 -0.00008668425746636821 0
outer loop
vertex -42.25985336303711 54.49774169921875 -2.8499999046325684
vertex -42.25975799560547 55.5979118347168 -2.8499999046325684
vertex -42.25985336303711 54.49774169921875 -1.0499999523162842
endloop
endfacet
facet normal 0 0 1
outer loop
vertex -42.25985336303711 54.49774169921875 -2.8499999046325684
vertex -38.659759521484375 55.59759521484375 -2.8499999046325684
vertex -42.25975799560547 55.5979118347168 -2.8499999046325684
endloop
endfacet
facet normal 0 0 1
outer loop
vertex -38.659854888916016 54.497398376464844 -2.8499999046325684
vertex -38.659759521484375 55.59759521484375 -2.8499999046325684
vertex -42.25985336303711 54.49774169921875 -2.8499999046325684
endloop
endfacet
facet normal 0 0 -1
outer loop
vertex -38.659759521484375 55.59759521484375 -1.0499999523162842
vertex -38.659854888916016 54.497398376464844 -1.0499999523162842
vertex -42.25975799560547 55.5979118347168 -1.0499999523162842
endloop
endfacet
facet normal 0 0 -1
outer loop
vertex -38.659854888916016 54.497398376464844 -1.0499999523162842
vertex -42.25985336303711 54.49774169921875 -1.0499999523162842
vertex -42.25975799560547 55.5979118347168 -1.0499999523162842
endloop
endfacet
facet normal -0.9999999962431022 0.00008668215355250357 0
outer loop
vertex -38.659759521484375 55.59759521484375 -2.8499999046325684
vertex -38.659854888916016 54.497398376464844 -2.8499999046325684
vertex -38.659759521484375 55.59759521484375 -1.0499999523162842
endloop
endfacet
facet normal -0.9999999962431022 0.00008668215355250357 0
outer loop
vertex -38.659759521484375 55.59759521484375 -1.0499999523162842
vertex -38.659854888916016 54.497398376464844 -2.8499999046325684
vertex -38.659854888916016 54.497398376464844 -1.0499999523162842
endloop
endfacet
facet normal 0 0 1
outer loop
vertex 42.272315979003906 54.489688873291016 -2.8499999046325684
vertex 42.27241134643555 55.590450286865234 -2.8499999046325684
vertex 38.67231369018555 54.49003219604492 -2.8499999046325684
endloop
endfacet
facet normal 0 0 1
outer loop
vertex 38.67231369018555 54.49003219604492 -2.8499999046325684
vertex 42.27241134643555 55.590450286865234 -2.8499999046325684
vertex 38.67241287231445 55.59076690673828 -2.8499999046325684
endloop
endfacet
facet normal 0.9999999959405095 -0.00009010538828301841 0
outer loop
vertex 38.67231369018555 54.49003219604492 -1.0499999523162842
vertex 38.67231369018555 54.49003219604492 -2.8499999046325684
vertex 38.67241287231445 55.59076690673828 -2.8499999046325684
endloop
endfacet
facet normal -0.00008795000167315774 -0.9999999961323986 0
outer loop
vertex 38.67241287231445 55.59076690673828 -2.8499999046325684
vertex 42.27241134643555 55.590450286865234 -2.8499999046325684
vertex 42.27241134643555 55.590450286865234 -1.0499999523162842
endloop
endfacet
facet normal 0.9999999959405095 -0.00009010538828301841 0
outer loop
vertex 38.67231369018555 54.49003219604492 -1.0499999523162842
vertex 38.67241287231445 55.59076690673828 -2.8499999046325684
vertex 38.67241287231445 55.59076690673828 -1.0499999523162842
endloop
endfacet
facet normal -0.00008795000167315774 -0.9999999961323986 0
outer loop
vertex 38.67241287231445 55.59076690673828 -1.0499999523162842
vertex 38.67241287231445 55.59076690673828 -2.8499999046325684
vertex 42.27241134643555 55.590450286865234 -1.0499999523162842
endloop
endfacet
facet normal -0.9999999962469549 0.00008663769469629631 0
outer loop
vertex 42.27241134643555 55.590450286865234 -2.8499999046325684
vertex 42.272315979003906 54.489688873291016 -2.8499999046325684
vertex 42.27241134643555 55.590450286865234 -1.0499999523162842
endloop
endfacet
facet normal -0.9999999962469549 0.00008663769469629631 0
outer loop
vertex 42.27241134643555 55.590450286865234 -1.0499999523162842
vertex 42.272315979003906 54.489688873291016 -2.8499999046325684
vertex 42.272315979003906 54.489688873291016 -1.0499999523162842
endloop
endfacet
facet normal 0 0 -1
outer loop
vertex 42.272315979003906 54.489688873291016 -1.0499999523162842
vertex 38.67231369018555 54.49003219604492 -1.0499999523162842
vertex 38.67241287231445 55.59076690673828 -1.0499999523162842
endloop
endfacet
facet normal 0 0 -1
outer loop
vertex 42.27241134643555 55.590450286865234 -1.0499999523162842
vertex 42.272315979003906 54.489688873291016 -1.0499999523162842
vertex 38.67241287231445 55.59076690673828 -1.0499999523162842
endloop
endfacet
facet normal 0.980785013558684 0 -0.1950916635294606
outer loop
vertex -25.785797119140625 -59.56281280517578 -4.375974655151367
vertex -25.899978637695312 -57.485145568847656 -4.949999809265137
vertex -25.785797119140625 -57.485164642333984 -4.375974655151367
endloop
endfacet
facet normal 1 0 0
outer loop
vertex -25.899978637695312 -59.23134231567383 -4.949999809265137
vertex -25.899978637695312 -58.79833221435547 -5.699999809265137
vertex -25.899978637695312 -57.485145568847656 -4.949999809265137
endloop
endfacet
facet normal 0.8314695010489662 0 -0.5555703995223135
outer loop
vertex -25.46063804626465 -59.84393310546875 -3.8893399238586426
vertex -25.785797119140625 -59.56281280517578 -4.375974655151367
vertex -25.785797119140625 -57.485164642333984 -4.375974655151367
endloop
endfacet
facet normal 0.555570223264923 0 -0.8314696188204134
outer loop
vertex -25.177270889282227 -59.95338821411133 -3.700000047683716
vertex -25.46063804626465 -59.84393310546875 -3.8893399238586426
vertex -25.46063804626465 -57.48521423339844 -3.8893399238586426
endloop
endfacet
facet normal 0.8314695010489663 0 -0.5555703995223136
outer loop
vertex -25.46063804626465 -59.84393310546875 -3.8893399238586426
vertex -25.785797119140625 -57.485164642333984 -4.375974655151367
vertex -25.46063804626465 -57.48521423339844 -3.8893399238586426
endloop
endfacet
facet normal 0.5555704184514964 0 -0.831469488400885
outer loop
vertex -25.177270889282227 -59.95338821411133 -3.700000047683716
vertex -24.974002838134766 -57.485286712646484 -3.564180612564087
vertex -24.974002838134766 -59.953487396240234 -3.564180612564087
endloop
endfacet
facet normal 1 0 0
outer loop
vertex -25.899978637695312 -57.485145568847656 -4.949999809265137
vertex -25.899978637695312 -58.79833221435547 -5.699999809265137
vertex -25.899978637695312 -57.485145568847656 -5.699999809265137
endloop
endfacet
facet normal 0.5555703047959704 1.3539543095360932e-8 -0.8314695643431047
outer loop
vertex -24.974002838134766 -57.485286712646484 -3.564180612564087
vertex -25.177270889282227 -59.95338821411133 -3.700000047683716
vertex -25.46063804626465 -57.48521423339844 -3.8893399238586426
endloop
endfacet
facet normal 0.980785013558684 0 -0.1950916635294606
outer loop
vertex -25.785797119140625 -59.56281280517578 -4.375974655151367
vertex -25.899978637695312 -59.23134231567383 -4.949999809265137
vertex -25.899978637695312 -57.485145568847656 -4.949999809265137
endloop
endfacet
facet normal 0.19509040787318935 0 -0.9807852633251953
outer loop
vertex -24.974002838134766 -57.485286712646484 -3.564180612564087
vertex -24.399978637695312 -59.953773498535156 -3.450000047683716
vertex -24.974002838134766 -59.953487396240234 -3.564180612564087
endloop
endfacet
facet normal 0.19509040787318938 0 -0.9807852633251954
outer loop
vertex -24.399978637695312 -59.953773498535156 -3.450000047683716
vertex -24.974002838134766 -57.485286712646484 -3.564180612564087
vertex -24.399978637695312 -57.48537063598633 -3.450000047683716
endloop
endfacet
facet normal 0 0 -1
outer loop
vertex -24.399978637695312 -57.48537063598633 -3.450000047683716
vertex -12.399977684020996 -59.95969772338867 -3.450000047683716
vertex -24.399978637695312 -59.953773498535156 -3.450000047683716
endloop
endfacet
facet normal -0.1950900960897925 0 -0.9807853253427457
outer loop
vertex -11.825952529907227 -57.48725128173828 -3.564180612564087
vertex -11.825952529907227 -59.95998001098633 -3.564180612564087
vertex -12.399977684020996 -57.48716354370117 -3.450000047683716
endloop
endfacet
facet normal -0.1950900960897925 0 -0.9807853253427457
outer loop
vertex -11.825952529907227 -59.95998001098633 -3.564180612564087
vertex -12.399977684020996 -59.95969772338867 -3.450000047683716
vertex -12.399977684020996 -57.48716354370117 -3.450000047683716
endloop
endfacet
facet normal -1 0 0
outer loop
vertex -10.899977684020996 -59.23875045776367 -4.949999809265137
vertex -10.899977684020996 -57.487388610839844 -4.949999809265137
vertex -10.899977684020996 -58.80573654174805 -5.699999809265137
endloop
endfacet
facet normal 0 0 -1
outer loop
vertex -12.399977684020996 -59.95969772338867 -3.450000047683716
vertex -24.399978637695312 -57.48537063598633 -3.450000047683716
vertex -12.399977684020996 -57.48716354370117 -3.450000047683716
endloop
endfacet
facet normal -1 0 0
outer loop
vertex -10.899977684020996 -58.80573654174805 -5.699999809265137
vertex -10.899977684020996 -57.487388610839844 -4.949999809265137
vertex -10.899977684020996 -57.487388610839844 -5.699999809265137
endloop
endfacet
facet normal -0.9807853253427459 0 -0.19509009608979253
outer loop
vertex -10.899977684020996 -57.487388610839844 -4.949999809265137
vertex -10.899977684020996 -59.23875045776367 -4.949999809265137
vertex -11.014158248901367 -57.48737335205078 -4.375974655151367
endloop
endfacet
facet normal -0.9807853253427458 0 -0.1950900960897925
outer loop
vertex -11.014158248901367 -57.48737335205078 -4.375974655151367
vertex -10.899977684020996 -59.23875045776367 -4.949999809265137
vertex -11.014158248901367 -59.570106506347656 -4.375974655151367
endloop
endfacet
facet normal -0.5555703047931848 1.3513974819465083e-8 -0.831469564344966
outer loop
vertex -11.622684478759766 -59.9600830078125 -3.700000047683716
vertex -11.825952529907227 -57.48725128173828 -3.564180612564087
vertex -11.339317321777344 -57.48732376098633 -3.8893399238586426
endloop
endfacet
facet normal -0.8314695010489662 0 -0.5555703995223135
outer loop
vertex -11.014158248901367 -57.48737335205078 -4.375974655151367
vertex -11.014158248901367 -59.570106506347656 -4.375974655151367
vertex -11.339317321777344 -57.48732376098633 -3.8893399238586426
endloop
endfacet
facet normal -0.8314695010489663 0 -0.5555703995223136
outer loop
vertex -11.339317321777344 -57.48732376098633 -3.8893399238586426
vertex -11.014158248901367 -59.570106506347656 -4.375974655151367
vertex -11.339317321777344 -59.85090637207031 -3.8893399238586426
endloop
endfacet
facet normal -0.5555704184514962 0 -0.8314694884008849
outer loop
vertex -11.825952529907227 -57.48725128173828 -3.564180612564087
vertex -11.622684478759766 -59.9600830078125 -3.700000047683716
vertex -11.825952529907227 -59.95998001098633 -3.564180612564087
endloop
endfacet
facet normal -0.555570223264923 0 -0.8314696188204134
outer loop
vertex -11.622684478759766 -59.9600830078125 -3.700000047683716
vertex -11.339317321777344 -57.48732376098633 -3.8893399238586426
vertex -11.339317321777344 -59.85090637207031 -3.8893399238586426
endloop
endfacet
facet normal -0.0001224836407104311 -0.9999999924988788 0
outer loop
vertex 72.4898452758789 -27.86023712158203 0
vertex 73.19059753417969 -27.860322952270508 6.300000190734863
vertex 72.4898452758789 -27.86023712158203 5.300000190734863
endloop
endfacet
facet normal 0.00012444249664647148 0.9999999922515813 -0.000003301858040902959
outer loop
vertex 73.18824768066406 -46.860321044921875 6.300000190734863
vertex 72.48731994628906 -46.86023712158203 5.300000190734863
vertex 70.18824768066406 -46.85995101928711 5.300000190734863
endloop
endfacet
facet normal 0 0 -1
outer loop
vertex 73.19059753417969 -27.860322952270508 6.300000190734863
vertex 70.18824768066406 -46.85995101928711 6.300000190734863
vertex 70.19059753417969 -27.859952926635742 6.300000190734863
endloop
endfacet
facet normal 0.00011973179990806369 0.999999992832148 0
outer loop
vertex 72.48731994628906 -46.86023712158203 -1
vertex 72.48731994628906 -46.86023712158203 8.640818570100454e-15
vertex 73.18824768066406 -46.860321044921875 -1
endloop
endfacet
facet normal -0.00012360344601582374 -0.9999999923610939 0
outer loop
vertex 70.19059753417969 -27.859952926635742 6.300000190734863
vertex 70.19059753417969 -27.859952926635742 5.300000190734863
vertex 72.4898452758789 -27.86023712158203 5.300000190734863
endloop
endfacet
facet normal -0.00012334187731697253 -0.9999999923932098 6.014112492599548e-7
outer loop
vertex 73.19059753417969 -27.860322952270508 6.300000190734863
vertex 70.19059753417969 -27.859952926635742 6.300000190734863
vertex 72.4898452758789 -27.86023712158203 5.300000190734863
endloop
endfacet
facet normal -0.0001224836407104311 -0.9999999924988788 0
outer loop
vertex 72.4898452758789 -27.86023712158203 0
vertex 73.19059753417969 -27.860322952270508 -1
vertex 73.19059753417969 -27.860322952270508 6.300000190734863
endloop
endfacet
facet normal 0 0 -1
outer loop
vertex 73.18824768066406 -46.860321044921875 6.300000190734863
vertex 70.18824768066406 -46.85995101928711 6.300000190734863
vertex 73.19059753417969 -27.860322952270508 6.300000190734863
endloop
endfacet
facet normal -0.0001224836407104311 -0.9999999924988788 0
outer loop
vertex 73.19059753417969 -27.860322952270508 -1
vertex 72.4898452758789 -27.86023712158203 0
vertex 72.4898452758789 -27.86023712158203 -1
endloop
endfacet
facet normal 0.9999999923520602 -0.0001236765122919836 0
outer loop
vertex 70.18824768066406 -46.85995101928711 6.300000190734863
vertex 70.18824768066406 -46.85995101928711 5.300000190734863
vertex 70.19059753417969 -27.859952926635742 5.300000190734863
endloop
endfacet
facet normal -0.99999999235206 0.0001236765122919836 0
outer loop
vertex 73.19059753417969 -27.860322952270508 6.300000190734863
vertex 73.19059753417969 -27.860322952270508 -1
vertex 73.18824768066406 -46.860321044921875 6.300000190734863
endloop
endfacet
facet normal 0.00011973179990806369 0.999999992832148 0
outer loop
vertex 73.18824768066406 -46.860321044921875 -1
vertex 72.48731994628906 -46.86023712158203 8.640818570100454e-15
vertex 72.48731994628906 -46.86023712158203 5.300000190734863
endloop
endfacet
facet normal 0.00012334187731699486 0.9999999923933907 0
outer loop
vertex 73.18824768066406 -46.860321044921875 6.300000190734863
vertex 70.18824768066406 -46.85995101928711 5.300000190734863
vertex 70.18824768066406 -46.85995101928711 6.300000190734863
endloop
endfacet
facet normal -0.99999999235206 0.0001236765122919836 0
outer loop
vertex 73.19059753417969 -27.860322952270508 -1
vertex 73.18824768066406 -46.860321044921875 -1
vertex 73.18824768066406 -46.860321044921875 6.300000190734863
endloop
endfacet
facet normal 0 0 1
outer loop
vertex 72.4898452758789 -27.86023712158203 -1
vertex 73.18824768066406 -46.860321044921875 -1
vertex 73.19059753417969 -27.860322952270508 -1
endloop
endfacet
facet normal 0 0 1
outer loop
vertex 72.4898452758789 -27.86023712158203 -1
vertex 72.48731994628906 -46.86023712158203 -1
vertex 73.18824768066406 -46.860321044921875 -1
endloop
endfacet
facet normal 0.00011973179990806369 0.9999999928321479 0
outer loop
vertex 73.18824768066406 -46.860321044921875 6.300000190734863
vertex 73.18824768066406 -46.860321044921875 -1
vertex 72.48731994628906 -46.86023712158203 5.300000190734863
endloop
endfacet
facet normal 0.9999999923520602 -0.0001236765122919836 0
outer loop
vertex 70.19059753417969 -27.859952926635742 5.300000190734863
vertex 70.19059753417969 -27.859952926635742 6.300000190734863
vertex 70.18824768066406 -46.85995101928711 6.300000190734863
endloop
endfacet
facet normal 0.00012258240169410236 0.9999999924867773 0
outer loop
vertex 73.19767761230469 29.490020751953125 6.300000190734863
vertex 73.19767761230469 29.490020751953125 -1
vertex 72.49748992919922 29.4901065826416 5.300000190734863
endloop
endfacet
facet normal -0.999999992401643 0.0001232749528050892 0
outer loop
vertex 73.20001983642578 48.490020751953125 6.300000190734863
vertex 73.20001983642578 48.490020751953125 -1
vertex 73.19767761230469 29.490020751953125 6.300000190734863
endloop
endfacet
facet normal 0.0001235731029143031 0.999999992364844 0
outer loop
vertex 72.49748992919922 29.4901065826416 5.300000190734863
vertex 70.19767761230469 29.49039077758789 5.300000190734863
vertex 70.19767761230469 29.49039077758789 6.300000190734863
endloop
endfacet
facet normal 0.0001233418773169774 0.9999999923932493 -5.317754847835357e-7
outer loop
vertex 73.19767761230469 29.490020751953125 6.300000190734863
vertex 72.49748992919922 29.4901065826416 5.300000190734863
vertex 70.19767761230469 29.49039077758789 6.300000190734863
endloop
endfacet
facet normal 0.9999999924016431 -0.0001232749528050892 0
outer loop
vertex 70.19767761230469 29.49039077758789 6.300000190734863
vertex 70.19767761230469 29.49039077758789 5.300000190734863
vertex 70.20001983642578 48.49039077758789 5.300000190734863
endloop
endfacet
facet normal 0.00012258240169410236 0.9999999924867773 0
outer loop
vertex 72.49748992919922 29.4901065826416 -1
vertex 72.49748992919922 29.4901065826416 5.32208207286943e-15
vertex 73.19767761230469 29.490020751953125 -1
endloop
endfacet
facet normal 0 0 1
outer loop
vertex 72.5000228881836 48.490108489990234 -1
vertex 72.49748992919922 29.4901065826416 -1
vertex 73.19767761230469 29.490020751953125 -1
endloop
endfacet
facet normal 0.9999999924016431 -0.0001232749528050892 0
outer loop
vertex 70.20001983642578 48.49039077758789 5.300000190734863
vertex 70.20001983642578 48.49039077758789 6.300000190734863
vertex 70.19767761230469 29.49039077758789 6.300000190734863
endloop
endfacet
facet normal -0.999999992401643 0.0001232749528050892 0
outer loop
vertex 73.20001983642578 48.490020751953125 -1
vertex 73.19767761230469 29.490020751953125 -1
vertex 73.19767761230469 29.490020751953125 6.300000190734863
endloop
endfacet
facet normal -0.00012334187723825766 -0.9999999917550252 -0.000035731373836290456
outer loop
vertex 73.20001983642578 48.490020751953125 6.300000190734863
vertex 70.20001983642578 48.49039077758789 6.300000190734863
vertex 72.5000228881836 48.490142822265625 5.300000190734863
endloop
endfacet
facet normal -0.00012534059847047382 -0.9999999921448672 0
outer loop
vertex 72.5000228881836 48.490108489990234 0
vertex 72.5000228881836 48.490108489990234 -1
vertex 73.20001983642578 48.490020751953125 -1
endloop
endfacet
facet normal 0 0 -1
outer loop
vertex 73.20001983642578 48.490020751953125 6.300000190734863
vertex 70.19767761230469 29.49039077758789 6.300000190734863
vertex 70.20001983642578 48.49039077758789 6.300000190734863
endloop
endfacet
facet normal -0.0001836409404769016 -0.9999999831170214 0.000006477787467066797
outer loop
vertex 72.5000228881836 48.490142822265625 5.300000190734863
vertex 72.5000228881836 48.490108489990234 0
vertex 73.20001983642578 48.490020751953125 6.300000190734863
endloop
endfacet
facet normal -0.00012534059847047382 -0.9999999921448672 0
outer loop
vertex 72.5000228881836 48.490108489990234 0
vertex 73.20001983642578 48.490020751953125 -1
vertex 73.20001983642578 48.490020751953125 6.300000190734863
endloop
endfacet
facet normal 0 0 1
outer loop
vertex 72.5000228881836 48.490108489990234 -1
vertex 73.19767761230469 29.490020751953125 -1
vertex 73.20001983642578 48.490020751953125 -1
endloop
endfacet
facet normal -0.00010780651818493133 -0.9999999941888772 0
outer loop
vertex 70.20001983642578 48.49039077758789 6.300000190734863
vertex 70.20001983642578 48.49039077758789 5.300000190734863
vertex 72.5000228881836 48.490142822265625 5.300000190734863
endloop
endfacet
facet normal 0.0001225824016941024 0.9999999924867774 0
outer loop
vertex 73.19767761230469 29.490020751953125 -1
vertex 72.49748992919922 29.4901065826416 5.32208207286943e-15
vertex 72.49748992919922 29.4901065826416 5.300000190734863
endloop
endfacet
facet normal 0 0 -1
outer loop
vertex 73.20001983642578 48.490020751953125 6.300000190734863
vertex 73.19767761230469 29.490020751953125 6.300000190734863
vertex 70.19767761230469 29.49039077758789 6.300000190734863
endloop
endfacet
facet normal -0.0003064473326159778 -0.9999999530450151 0
outer loop
vertex -73.1882095336914 48.8606071472168 6.300000190734863
vertex -70.1882095336914 48.85968780517578 5.300000190734863
vertex -70.1882095336914 48.85968780517578 6.300000190734863
endloop
endfacet
facet normal 0 0 -1
outer loop
vertex -70.19403839111328 29.859689712524414 6.300000190734863
vertex -73.19403839111328 29.86060905456543 6.300000190734863
vertex -70.1882095336914 48.85968780517578 6.300000190734863
endloop
endfacet
facet normal -0.00030468367750362453 -0.9997215536889463 0.023594962547458135
outer loop
vertex -73.1882095336914 48.8606071472168 -1
vertex -72.48727416992188 48.86039352416992 -1
vertex -72.48726654052734 48.883995056152344 0
endloop
endfacet
facet normal -0.9999999529424054 0.0003067819859327996 0
outer loop
vertex -70.1882095336914 48.85968780517578 6.300000190734863
vertex -70.1882095336914 48.85968780517578 5.300000190734863
vertex -70.19403839111328 29.859689712524414 5.300000190734863
endloop
endfacet
facet normal 0.9999999529424055 -0.0003067819859327996 0
outer loop
vertex -73.19403839111328 29.86060905456543 -1
vertex -73.1882095336914 48.8606071472168 -1
vertex -73.1882095336914 48.8606071472168 6.300000190734863
endloop
endfacet
facet normal 0 0 -1
outer loop
vertex -70.1882095336914 48.85968780517578 6.300000190734863
vertex -73.19403839111328 29.86060905456543 6.300000190734863
vertex -73.1882095336914 48.8606071472168 6.300000190734863
endloop
endfacet
facet normal 0.0003049710135700944 0.9999999534963394 0
outer loop
vertex -72.49356842041016 29.860395431518555 0
vertex -73.19403839111328 29.86060905456543 -1
vertex -73.19403839111328 29.86060905456543 6.300000190734863
endloop
endfacet
facet normal -0.01056710385609676 -0.9994702480238262 -0.030782456550537667
outer loop
vertex -73.1882095336914 48.8606071472168 6.300000190734863
vertex -72.48726654052734 48.883995056152344 5.300000190734863
vertex -70.1882095336914 48.85968780517578 5.300000190734863
endloop
endfacet
facet normal 0.03334779145991794 -0.9994438077274509 0
outer loop
vertex -73.1882095336914 48.8606071472168 6.300000190734863
vertex -73.1882095336914 48.8606071472168 -1
vertex -72.48726654052734 48.883995056152344 5.300000190734863
endloop
endfacet
facet normal 0 0 1
outer loop
vertex -72.49356842041016 29.860395431518555 -1
vertex -73.1882095336914 48.8606071472168 -1
vertex -73.19403839111328 29.86060905456543 -1
endloop
endfacet
facet normal 0.0003049710135700944 0.9999999534963394 0
outer loop
vertex -72.49356842041016 29.860395431518555 0
vertex -72.49356842041016 29.860395431518555 -1
vertex -73.19403839111328 29.86060905456543 -1
endloop
endfacet
facet normal 0.03334779145991794 -0.9994438077274509 0
outer loop
vertex -73.1882095336914 48.8606071472168 -1
vertex -72.48726654052734 48.883995056152344 0
vertex -72.48726654052734 48.883995056152344 5.300000190734863
endloop
endfacet
facet normal 0.0003064473326158139 0.9999999530444804 0.0000010341172552311466
outer loop
vertex -70.19403839111328 29.859689712524414 6.300000190734863
vertex -72.49356842041016 29.860395431518555 5.300000190734863
vertex -73.19403839111328 29.86060905456543 6.300000190734863
endloop
endfacet
facet normal -0.9999999529424054 0.0003067819859327996 0
outer loop
vertex -70.19403839111328 29.859689712524414 6.300000190734863
vertex -70.1882095336914 48.85968780517578 6.300000190734863
vertex -70.19403839111328 29.859689712524414 5.300000190734863
endloop
endfacet
facet normal 0.00030497101357009434 0.9999999534963394 0
outer loop
vertex -72.49356842041016 29.860395431518555 5.300000190734863
vertex -72.49356842041016 29.860395431518555 0
vertex -73.19403839111328 29.86060905456543 6.300000190734863
endloop
endfacet
facet normal 0.9999999529424055 -0.0003067819859327996 0
outer loop
vertex -73.19403839111328 29.86060905456543 6.300000190734863
vertex -73.19403839111328 29.86060905456543 -1
vertex -73.1882095336914 48.8606071472168 6.300000190734863
endloop
endfacet
facet normal 0.0003068970406627216 0.9999999529071021 0
outer loop
vertex -70.19403839111328 29.859689712524414 5.300000190734863
vertex -72.49356842041016 29.860395431518555 5.300000190734863
vertex -70.19403839111328 29.859689712524414 6.300000190734863
endloop
endfacet
facet normal 0 0 1
outer loop
vertex -73.1882095336914 48.8606071472168 -1
vertex -72.49356842041016 29.860395431518555 -1
vertex -72.48727416992188 48.86039352416992 -1
endloop
endfacet
facet normal -0.9999999973894096 -0.00007225774002908034 0
outer loop
vertex -51.2012939453125 -35.25851058959961 5.300000190734863
vertex -51.19997787475586 -53.472068786621094 5.300000190734863
vertex -51.2012939453125 -35.25851058959961 6.300000190734863
endloop
endfacet
facet normal -0.0000708443003982379 0.9999999974905426 0
outer loop
vertex -53.499977111816406 -53.47223663330078 5.300000190734863
vertex -53.499977111816406 -53.47223663330078 0
vertex -54.19997787475586 -53.472286224365234 6.300000190734863
endloop
endfacet
facet normal -0.9999999973894096 -0.00007225774002908034 0
outer loop
vertex -51.19997787475586 -53.472068786621094 6.300000190734863
vertex -51.2012939453125 -35.25851058959961 6.300000190734863
vertex -51.19997787475586 -53.472068786621094 5.300000190734863
endloop
endfacet
facet normal -0.00007247924785645205 0.9999999973727244 -0.0000011444644739585442
outer loop
vertex -51.19997787475586 -53.472068786621094 6.300000190734863
vertex -53.499977111816406 -53.47223663330078 5.300000190734863
vertex -54.19997787475586 -53.472286224365234 6.300000190734863
endloop
endfacet
facet normal 0 0 -1
outer loop
vertex -51.19997787475586 -53.472068786621094 6.300000190734863
vertex -54.19997787475586 -53.472286224365234 6.300000190734863
vertex -51.2012939453125 -35.25851058959961 6.300000190734863
endloop
endfacet
facet normal 0 0 1
outer loop
vertex -54.19997787475586 -53.472286224365234 -1
vertex -53.499977111816406 -53.47221374511719 -1
vertex -54.20134735107422 -34.472286224365234 -1
endloop
endfacet
facet normal -0.00007297684126846418 0.9999999973371904 0
outer loop
vertex -51.19997787475586 -53.472068786621094 5.300000190734863
vertex -53.499977111816406 -53.47223663330078 5.300000190734863
vertex -51.19997787475586 -53.472068786621094 6.300000190734863
endloop
endfacet
facet normal 0.9999999974024025 0.00007207770077905404 0
outer loop
vertex -54.19997787475586 -53.472286224365234 6.300000190734863
vertex -54.19997787475586 -53.472286224365234 -1
vertex -54.20134735107422 -34.472286224365234 6.300000190734863
endloop
endfacet
facet normal 0 0 1
outer loop
vertex -54.20134735107422 -34.472286224365234 -1
vertex -53.499977111816406 -53.47221374511719 -1
vertex -53.50124740600586 -34.47223663330078 -1
endloop
endfacet
facet normal -0.00007084430039823789 0.9999999974905425 0
outer loop
vertex -53.499977111816406 -53.47223663330078 0
vertex -54.19997787475586 -53.472286224365234 -1
vertex -54.19997787475586 -53.472286224365234 6.300000190734863
endloop
endfacet
facet normal 0.9999999974024025 0.00007207770077905404 0
outer loop
vertex -54.19997787475586 -53.472286224365234 -1
vertex -54.20134735107422 -34.472286224365234 -1
vertex -54.20134735107422 -34.472286224365234 6.300000190734863
endloop
endfacet
facet normal -0.00010354166949049276 0.9999999943776269 0.000022888183465064093
outer loop
vertex -53.499977111816406 -53.47223663330078 0
vertex -53.499977111816406 -53.47221374511719 -1
vertex -54.19997787475586 -53.472286224365234 -1
endloop
endfacet
facet normal 0 0 -1
outer loop
vertex -51.2012939453125 -35.25851058959961 6.300000190734863
vertex -54.19997787475586 -53.472286224365234 6.300000190734863
vertex -51.20134735107422 -34.472068786621094 6.300000190734863
endloop
endfacet
facet normal 0 0 -1
outer loop
vertex -54.19997787475586 -53.472286224365234 6.300000190734863
vertex -54.20134735107422 -34.472286224365234 6.300000190734863
vertex -51.20134735107422 -34.472068786621094 6.300000190734863
endloop
endfacet
facet normal -0.00012354872694762207 -0.9999999923678561 0
outer loop
vertex 73.19374084472656 -2.4102084636688232 -1
vertex 72.49324035644531 -2.4101219177246094 0
vertex 72.49324035644531 -2.4101219177246094 -1
endloop
endfacet
facet normal -0.9999999923520609 0.0001236765045323049 0
outer loop
vertex 73.19374084472656 -2.4102084636688232 -1
vertex 73.19139099121094 -21.410207748413086 -1
vertex 73.19139099121094 -21.410207748413086 6.300000190734863
endloop
endfacet
facet normal -0.00012354872694762204 -0.999999992367856 0
outer loop
vertex 72.49324035644531 -2.4101219177246094 0
vertex 73.19374084472656 -2.4102084636688232 -1
vertex 73.19374084472656 -2.4102084636688232 6.300000190734863
endloop
endfacet
facet normal -0.00012338254716968362 -0.9999999923883734 0
outer loop
vertex 70.19374084472656 -2.4098381996154785 6.300000190734863
vertex 70.19374084472656 -2.4098381996154785 5.300000190734863
vertex 72.49324035644531 -2.4101219177246094 5.300000190734863
endloop
endfacet
facet normal 0.9999999923520614 -0.0001236765029803693 0
outer loop
vertex 70.19374084472656 -2.4098381996154785 5.300000190734863
vertex 70.19374084472656 -2.4098381996154785 6.300000190734863
vertex 70.19139099121094 -21.40983772277832 6.300000190734863
endloop
endfacet
facet normal 0 0 -1
outer loop
vertex 73.19139099121094 -21.410207748413086 6.300000190734863
vertex 70.19139099121094 -21.40983772277832 6.300000190734863
vertex 73.19374084472656 -2.4102084636688232 6.300000190734863
endloop
endfacet
facet normal 0.9999999923520614 -0.0001236765029803693 0
outer loop
vertex 70.19139099121094 -21.40983772277832 6.300000190734863
vertex 70.19139099121094 -21.40983772277832 5.300000190734863
vertex 70.19374084472656 -2.4098381996154785 5.300000190734863
endloop
endfacet
facet normal -0.00012342135017488014 -0.9999999923835812 -8.922749286234212e-8
outer loop
vertex 70.19374084472656 -2.4098381996154785 6.300000190734863
vertex 72.49324035644531 -2.4101219177246094 5.300000190734863
vertex 73.19374084472656 -2.4102084636688232 6.300000190734863
endloop
endfacet
facet normal 0 0 -1
outer loop
vertex 73.19374084472656 -2.4102084636688232 6.300000190734863
vertex 70.19139099121094 -21.40983772277832 6.300000190734863
vertex 70.19374084472656 -2.4098381996154785 6.300000190734863
endloop
endfacet
facet normal -0.00012354872694762204 -0.999999992367856 0
outer loop
vertex 72.49324035644531 -2.4101219177246094 0
vertex 73.19374084472656 -2.4102084636688232 6.300000190734863
vertex 72.49324035644531 -2.4101219177246094 5.300000190734863
endloop
endfacet
facet normal -0.9999999923520609 0.0001236765045323049 0
outer loop
vertex 73.19374084472656 -2.4102084636688232 6.300000190734863
vertex 73.19374084472656 -2.4102084636688232 -1
vertex 73.19139099121094 -21.410207748413086 6.300000190734863
endloop
endfacet
facet normal 0.00012334187731697318 0.9999999923932149 -5.92942034661472e-7
outer loop
vertex 73.19139099121094 -21.410207748413086 6.300000190734863
vertex 72.49070739746094 -21.41012191772461 5.300000190734863
vertex 70.19139099121094 -21.40983772277832 6.300000190734863
endloop
endfacet
facet normal 0.00012359975484268072 0.9999999923615502 0
outer loop
vertex 72.49070739746094 -21.41012191772461 5.300000190734863
vertex 70.19139099121094 -21.40983772277832 5.300000190734863
vertex 70.19139099121094 -21.40983772277832 6.300000190734863
endloop
endfacet
facet normal 0.00012249564368026835 0.9999999924974086 0
outer loop
vertex 72.49070739746094 -21.41012191772461 -1
vertex 72.49070739746094 -21.41012191772461 7.536063143149824e-15
vertex 73.19139099121094 -21.410207748413086 -1
endloop
endfacet
facet normal 0.00012249564368026837 0.9999999924974086 0
outer loop
vertex 73.19139099121094 -21.410207748413086 6.300000190734863
vertex 73.19139099121094 -21.410207748413086 -1
vertex 72.49070739746094 -21.41012191772461 5.300000190734863
endloop
endfacet
facet normal 0.00012249564368026837 0.9999999924974087 0
outer loop
vertex 73.19139099121094 -21.410207748413086 -1
vertex 72.49070739746094 -21.41012191772461 7.536063143149824e-15
vertex 72.49070739746094 -21.41012191772461 5.300000190734863
endloop
endfacet
facet normal 0 0 1
outer loop
vertex 72.49070739746094 -21.41012191772461 -1
vertex 73.19139099121094 -21.410207748413086 -1
vertex 72.49324035644531 -2.4101219177246094 -1
endloop
endfacet
facet normal 0 0 1
outer loop
vertex 72.49324035644531 -2.4101219177246094 -1
vertex 73.19139099121094 -21.410207748413086 -1
vertex 73.19374084472656 -2.4102084636688232 -1
endloop
endfacet
facet normal 0 0 1
outer loop
vertex 72.49662780761719 23.039993286132812 -1
vertex 73.19453430175781 4.039906024932861 -1
vertex 73.1968765258789 23.039905548095703 -1
endloop
endfacet
facet normal -0.00012334187731687945 -0.999999992392455 -0.000001368044942764942
outer loop
vertex 73.1968765258789 23.039905548095703 6.300000190734863
vertex 70.1968765258789 23.04027557373047 6.300000190734863
vertex 72.49662780761719 23.039993286132812 5.300000190734863
endloop
endfacet
facet normal -0.00012274701084905655 -0.9999999924665856 0
outer loop
vertex 70.1968765258789 23.04027557373047 6.300000190734863
vertex 70.1968765258789 23.04027557373047 5.300000190734863
vertex 72.49662780761719 23.039993286132812 5.300000190734863
endloop
endfacet
facet normal 0 0 -1
outer loop
vertex 73.1968765258789 23.039905548095703 6.300000190734863
vertex 70.19453430175781 4.040276527404785 6.300000190734863
vertex 70.1968765258789 23.04027557373047 6.300000190734863
endloop
endfacet
facet normal 0.9999999924016423 -0.0001232749589926766 0
outer loop
vertex 70.1968765258789 23.04027557373047 5.300000190734863
vertex 70.1968765258789 23.04027557373047 6.300000190734863
vertex 70.19453430175781 4.040276527404785 6.300000190734863
endloop
endfacet
facet normal -0.00012529553304785112 -0.9999999921505147 0
outer loop
vertex 72.49662780761719 23.039993286132812 5.300000190734863
vertex 72.49662780761719 23.039993286132812 0
vertex 73.1968765258789 23.039905548095703 6.300000190734863
endloop
endfacet
facet normal -0.9999999924016425 0.00012327495589888282 0
outer loop
vertex 73.1968765258789 23.039905548095703 6.300000190734863
vertex 73.1968765258789 23.039905548095703 -1
vertex 73.19453430175781 4.039906024932861 6.300000190734863
endloop
endfacet
facet normal 0 0 -1
outer loop
vertex 73.19453430175781 4.039906024932861 6.300000190734863
vertex 70.19453430175781 4.040276527404785 6.300000190734863
vertex 73.1968765258789 23.039905548095703 6.300000190734863
endloop
endfacet
facet normal 0.9999999924016423 -0.0001232749589926766 0
outer loop
vertex 70.19453430175781 4.040276527404785 6.300000190734863
vertex 70.19453430175781 4.040276527404785 5.300000190734863
vertex 70.1968765258789 23.04027557373047 5.300000190734863
endloop
endfacet
facet normal 0.00012350082303275923 0.9999999923737339 2.8045542207867954e-7
outer loop
vertex 73.19453430175781 4.039906024932861 6.300000190734863
vertex 72.49410247802734 4.039992809295654 5.300000190734863
vertex 70.19453430175781 4.040276527404785 6.300000190734863
endloop
endfacet
facet normal 0.0001233788629966575 0.9999999923888281 0
outer loop
vertex 72.49410247802734 4.039992809295654 5.300000190734863
vertex 70.19453430175781 4.040276527404785 5.300000190734863
vertex 70.19453430175781 4.040276527404785 6.300000190734863
endloop
endfacet
facet normal 0.00012390122662420363 0.9999999923242431 0
outer loop
vertex 72.49410247802734 4.039992809295654 -1
vertex 72.49410247802734 4.039992809295654 6.4328433869325664e-15
vertex 73.19453430175781 4.039906024932861 -1
endloop
endfacet
facet normal 0 0 1
outer loop
vertex 72.49662780761719 23.039993286132812 -1
vertex 72.49410247802734 4.039992809295654 -1
vertex 73.19453430175781 4.039906024932861 -1
endloop
endfacet
facet normal 0.00012390122662420363 0.999999992324243 0
outer loop
vertex 73.19453430175781 4.039906024932861 -1
vertex 72.49410247802734 4.039992809295654 6.4328433869325664e-15
vertex 72.49410247802734 4.039992809295654 5.300000190734863
endloop
endfacet
facet normal -0.9999999924016425 0.00012327495589888282 0
outer loop
vertex 73.19453430175781 4.039906024932861 -1
vertex 73.19453430175781 4.039906024932861 6.300000190734863
vertex 73.1968765258789 23.039905548095703 -1
endloop
endfacet
facet normal -0.00012529553304785112 -0.9999999921505147 0
outer loop
vertex 72.49662780761719 23.039993286132812 0
vertex 73.1968765258789 23.039905548095703 -1
vertex 73.1968765258789 23.039905548095703 6.300000190734863
endloop
endfacet
facet normal 0.00012390122662420366 0.9999999923242431 0
outer loop
vertex 73.19453430175781 4.039906024932861 6.300000190734863
vertex 73.19453430175781 4.039906024932861 -1
vertex 72.49410247802734 4.039992809295654 5.300000190734863
endloop
endfacet
facet normal -0.00012529553304785112 -0.9999999921505147 0
outer loop
vertex 73.1968765258789 23.039905548095703 -1
vertex 72.49662780761719 23.039993286132812 0
vertex 72.49662780761719 23.039993286132812 -1
endloop
endfacet
facet normal 0 0 -1
outer loop
vertex -51.202606201171875 -17.04494857788086 6.300000190734863
vertex -54.202606201171875 -17.045166015625 6.300000190734863
vertex -51.203975677490234 1.9550504684448242 6.300000190734863
endloop
endfacet
facet normal 0 0 1
outer loop
vertex -54.202606201171875 -17.045166015625 -1
vertex -53.502410888671875 -17.045114517211914 -1
vertex -54.20266342163086 -16.258726119995117 -1
endloop
endfacet
facet normal -0.9999999974024022 -0.00007207770439687799 0
outer loop
vertex -51.202606201171875 -17.04494857788086 5.300000190734863
vertex -51.202606201171875 -17.04494857788086 6.300000190734863
vertex -51.203975677490234 1.9550504684448242 6.300000190734863
endloop
endfacet
facet normal 0.00007221269231061097 -0.9999999973926635 0
outer loop
vertex -54.203975677490234 1.954833984375 -1
vertex -53.50568389892578 1.95488440990448 1.514908600582128e-14
vertex -53.50568389892578 1.95488440990448 5.300000190734863
endloop
endfacet
facet normal -0.02200896666875934 -0.999638863348978 0.015419087798466633
outer loop
vertex -54.203975677490234 1.954833984375 -1
vertex -53.50367736816406 1.9394155740737915 -1
vertex -53.50568389892578 1.95488440990448 1.514908600582128e-14
endloop
endfacet
facet normal 0 0 -1
outer loop
vertex -51.203975677490234 1.9550504684448242 6.300000190734863
vertex -54.20266342163086 -16.258726119995117 6.300000190734863
vertex -54.203975677490234 1.954833984375 6.300000190734863
endloop
endfacet
facet normal 0.9999999974045218 0.00007204828976045211 0
outer loop
vertex -54.20266342163086 -16.258726119995117 6.300000190734863
vertex -54.203975677490234 1.954833984375 -1
vertex -54.203975677490234 1.954833984375 6.300000190734863
endloop
endfacet
facet normal 0 0 1
outer loop
vertex -54.20266342163086 -16.258726119995117 -1
vertex -53.502410888671875 -17.045114517211914 -1
vertex -54.203975677490234 1.954833984375 -1
endloop
endfacet
facet normal 0 0 1
outer loop
vertex -54.203975677490234 1.954833984375 -1
vertex -53.502410888671875 -17.045114517211914 -1
vertex -53.50367736816406 1.9394155740737915 -1
endloop
endfacet
facet normal 0.9999999974045218 0.00007204828976045211 0
outer loop
vertex -54.20266342163086 -16.258726119995117 6.300000190734863
vertex -54.20266342163086 -16.258726119995117 -1
vertex -54.203975677490234 1.954833984375 -1
endloop
endfacet
facet normal 0.00007216135642019139 -0.9999999973963694 0
outer loop
vertex -51.203975677490234 1.9550504684448242 6.300000190734863
vertex -54.203975677490234 1.954833984375 6.300000190734863
vertex -51.203975677490234 1.9550504684448242 5.300000190734863
endloop
endfacet
facet normal -0.9999999974024022 -0.00007207770439687799 0
outer loop
vertex -51.203975677490234 1.9550504684448242 5.300000190734863
vertex -51.202606201171875 -17.04494857788086 5.300000190734863
vertex -51.203975677490234 1.9550504684448242 6.300000190734863
endloop
endfacet
facet normal 0 0 -1
outer loop
vertex -51.203975677490234 1.9550504684448242 6.300000190734863
vertex -54.202606201171875 -17.045166015625 6.300000190734863
vertex -54.20266342163086 -16.258726119995117 6.300000190734863
endloop
endfacet
facet normal 0.00007221269231061097 -0.9999999973926635 0
outer loop
vertex -54.203975677490234 1.954833984375 6.300000190734863
vertex -54.203975677490234 1.954833984375 -1
vertex -53.50568389892578 1.95488440990448 5.300000190734863
endloop
endfacet
facet normal 0.00007214578214805217 -0.999999997397492 -4.672281666069979e-8
outer loop
vertex -54.203975677490234 1.954833984375 6.300000190734863
vertex -53.50568389892578 1.95488440990448 5.300000190734863
vertex -51.203975677490234 1.9550504684448242 5.300000190734863
endloop
endfacet
facet normal 0 0 1
outer loop
vertex -53.50124740600586 -34.47223663330078 -1
vertex -54.202606201171875 -17.045166015625 -1
vertex -54.20134735107422 -34.472286224365234 -1
endloop
endfacet
facet normal 0 0 1
outer loop
vertex -54.202606201171875 -17.045166015625 -1
vertex -53.50124740600586 -34.47223663330078 -1
vertex -53.502410888671875 -17.045114517211914 -1
endloop
endfacet
facet normal 0.9999999973910438 0.00007223511855622671 0
outer loop
vertex -54.20134735107422 -34.472286224365234 6.300000190734863
vertex -54.20134735107422 -34.472286224365234 -1
vertex -54.202606201171875 -17.045166015625 6.300000190734863
endloop
endfacet
facet normal 0.9999999973522937 0.00007275884546401665 -0.0000012502810395774694
outer loop
vertex -54.202606201171875 -17.045166015625 6.300000190734863
vertex -54.20134735107422 -34.472286224365234 -1
vertex -54.20266342163086 -16.258726119995117 6.300000190734863
endloop
endfacet
facet normal -0.9999999976942455 -0.00006790809109249294 0
outer loop
vertex -51.2012939453125 -35.25851058959961 5.300000190734863
vertex -51.2012939453125 -35.25851058959961 6.300000190734863
vertex -51.20134735107422 -34.472068786621094 6.300000190734863
endloop
endfacet
facet normal -0.9999999973852538 -0.00007223511855580847 0.0000034029552962893557
outer loop
vertex -51.2012939453125 -35.25851058959961 5.300000190734863
vertex -51.20134735107422 -34.472068786621094 6.300000190734863
vertex -51.202606201171875 -17.04494857788086 6.300000190734863
endloop
endfacet
facet normal 0 0 -1
outer loop
vertex -51.202606201171875 -17.04494857788086 6.300000190734863
vertex -54.20134735107422 -34.472286224365234 6.300000190734863
vertex -54.202606201171875 -17.045166015625 6.300000190734863
endloop
endfacet
facet normal 0 0 -1
outer loop
vertex -51.20134735107422 -34.472068786621094 6.300000190734863
vertex -54.20134735107422 -34.472286224365234 6.300000190734863
vertex -51.202606201171875 -17.04494857788086 6.300000190734863
endloop
endfacet
facet normal 0.9999999973530753 0.00007275884546407352 0
outer loop
vertex -54.20266342163086 -16.258726119995117 6.300000190734863
vertex -54.202606201171875 -17.045166015625 -1
vertex -54.20266342163086 -16.258726119995117 -1
endloop
endfacet
facet normal -0.9999999974045225 -0.00007204828221545866 0
outer loop
vertex -51.2012939453125 -35.25851058959961 5.300000190734863
vertex -51.202606201171875 -17.04494857788086 6.300000190734863
vertex -51.202606201171875 -17.04494857788086 5.300000190734863
endloop
endfacet
facet normal 0.9999999973910423 0.0000722351185562266 5.642188029541945e-8
outer loop
vertex -54.20134735107422 -34.472286224365234 -1
vertex -54.202606201171875 -17.045166015625 -1
vertex -54.20266342163086 -16.258726119995117 6.300000190734863
endloop
endfacet
facet normal 0.9936298961428142 0.11269263281696901 0
outer loop
vertex -53.39323425292969 -54.41340637207031 5.300000190734863
vertex -53.499977111816406 -53.47223663330078 0
vertex -53.499977111816406 -53.47223663330078 5.300000190734863
endloop
endfacet
facet normal 0 0 -1
outer loop
vertex -70.1882095336914 48.85968780517578 5.300000190734863
vertex -72.48726654052734 48.883995056152344 5.300000190734863
vertex -72.34283447265625 49.86039733886719 5.300000190734863
endloop
endfacet
facet normal -0.00009516665766937239 -0.9999999954715594 4.3401300869104417e-7
outer loop
vertex 66.88396453857422 54.487342834472656 0
vertex 66.86029815673828 54.48734664916992 3.5999999046325684
vertex 47.86029815673828 54.48915481567383 3.5999999046325684
endloop
endfacet
facet normal -0.04961581095668896 0.9987682185673482 0.0005629235435422722
outer loop
vertex 49.85616683959961 -57.483116149902344 0
vertex 49.62886047363281 -57.496437072753906 3.5999999046325684
vertex 49.6480712890625 -57.49644088745117 5.300000190734863
endloop
endfacet
facet normal 0 0 -1
outer loop
vertex 71.63007354736328 -49.60994338989258 5.300000190734863
vertex -47.756500244140625 -47.150177001953125 5.300000190734863
vertex 66.5000228881836 -47.199947357177734 5.300000190734863
endloop
endfacet
facet normal 0 0 -1
outer loop
vertex 71.10218048095703 -50.349002838134766 5.300000190734863
vertex -47.756500244140625 -47.150177001953125 5.300000190734863
vertex 71.63007354736328 -49.60994338989258 5.300000190734863
endloop
endfacet
facet normal 0 0 -1
outer loop
vertex -54.08597946166992 3.4794766902923584 5.300000190734863
vertex -54.37044143676758 3.785562515258789 5.300000190734863
vertex -49.19997787475586 9.80005168914795 5.300000190734863
endloop
endfacet
facet normal 0 0 -1
outer loop
vertex -48.19997787475586 8.80005168914795 5.300000190734863
vertex -51.203975677490234 1.9550504684448242 5.300000190734863
vertex -54.08597946166992 3.4794766902923584 5.300000190734863
endloop
endfacet
facet normal 0 0 -1
outer loop
vertex -55.863792419433594 4.478939056396484 5.300000190734863
vertex -56.205467224121094 4.500051498413086 5.300000190734863
vertex -49.19997787475586 9.80005168914795 5.300000190734863
endloop
endfacet
facet normal 0 0 -1
outer loop
vertex -55.45445251464844 4.394979476928711 5.300000190734863
vertex -55.863792419433594 4.478939056396484 5.300000190734863
vertex -49.19997787475586 9.80005168914795 5.300000190734863
endloop
endfacet
facet normal 0 0 -1
outer loop
vertex -55.06297302246094 4.2488627433776855 5.300000190734863
vertex -55.45445251464844 4.394979476928711 5.300000190734863
vertex -49.19997787475586 9.80005168914795 5.300000190734863
endloop
endfacet
facet normal 0 0 -1
outer loop
vertex -54.698726654052734 4.044088840484619 5.300000190734863
vertex -55.06297302246094 4.2488627433776855 5.300000190734863
vertex -49.19997787475586 9.80005168914795 5.300000190734863
endloop
endfacet
facet normal 0 0 -1
outer loop
vertex -49.19997787475586 9.80005168914795 5.300000190734863
vertex -54.37044143676758 3.785562515258789 5.300000190734863
vertex -54.698726654052734 4.044088840484619 5.300000190734863
endloop
endfacet
facet normal 0 0 -1
outer loop
vertex -47.49004364013672 54.49824142456055 5.300000190734863
vertex 66.75654602050781 49.1502799987793 5.300000190734863
vertex -66.49007415771484 54.50004959106445 5.300000190734863
endloop
endfacet
facet normal 0 0 -1
outer loop
vertex -54.08597946166992 3.4794766902923584 5.300000190734863
vertex -48.972930908203125 9.773935317993164 5.300000190734863
vertex -48.72283935546875 9.67888069152832 5.300000190734863
endloop
endfacet
facet normal 0 0 -1
outer loop
vertex -54.08597946166992 3.4794766902923584 5.300000190734863
vertex -48.72283935546875 9.67888069152832 5.300000190734863
vertex -48.50690460205078 9.520917892456055 5.300000190734863
endloop
endfacet
facet normal -0.00009529707680351897 -0.9999999954592337 0
outer loop
vertex -47.49004364013672 54.49824142456055 5.300000190734863
vertex -47.49004364013672 54.49824142456055 3.5999999046325684
vertex 47.86029815673828 54.48915481567383 5.300000190734863
endloop
endfacet
facet normal 0 0 -1
outer loop
vertex -48.19997787475586 8.80005168914795 5.300000190734863
vertex -54.08597946166992 3.4794766902923584 5.300000190734863
vertex -48.23576736450195 9.065193176269531 5.300000190734863
endloop
endfacet
facet normal 0 0 -1
outer loop
vertex -48.23576736450195 9.065193176269531 5.300000190734863
vertex -54.08597946166992 3.4794766902923584 5.300000190734863
vertex -48.340576171875 9.311354637145996 5.300000190734863
endloop
endfacet
facet normal 0 0 -1
outer loop
vertex 66.75654602050781 49.1502799987793 5.300000190734863
vertex -66.96041107177734 54.48149871826172 5.300000190734863
vertex -66.49007415771484 54.50004959106445 5.300000190734863
endloop
endfacet
facet normal 0 0 -1
outer loop
vertex 66.75654602050781 49.1502799987793 5.300000190734863
vertex -66.4999771118164 49.200050354003906 5.300000190734863
vertex -66.96041107177734 54.48149871826172 5.300000190734863
endloop
endfacet
facet normal 0 0 -1
outer loop
vertex -48.340576171875 9.311354637145996 5.300000190734863
vertex -54.08597946166992 3.4794766902923584 5.300000190734863
vertex -48.50690460205078 9.520917892456055 5.300000190734863
endloop
endfacet
facet normal 0 0 -1
outer loop
vertex -48.972930908203125 9.773935317993164 5.300000190734863
vertex -54.08597946166992 3.4794766902923584 5.300000190734863
vertex -49.19997787475586 9.80005168914795 5.300000190734863
endloop
endfacet
facet normal 0 0 -1
outer loop
vertex 70.40848541259766 -51.0511474609375 5.300000190734863
vertex -47.756500244140625 -47.150177001953125 5.300000190734863
vertex 71.10218048095703 -50.349002838134766 5.300000190734863
endloop
endfacet
facet normal -0.00009531063953488979 -0.9999999954576517 7.607122756703834e-7
outer loop
vertex -47.49004364013672 54.49824142456055 3.5999999046325684
vertex -66.49007415771484 54.50004959106445 0
vertex 47.86029815673828 54.48915481567383 5.300000190734863
endloop
endfacet
facet normal 0.03941102595474459 -0.999223083717086 -3.340914153949336e-7
outer loop
vertex -66.96041107177734 54.48149871826172 0
vertex -66.49007415771484 54.50004959106445 0
vertex -66.49004364013672 54.50004959106445 3.5999999046325684
endloop
endfacet
facet normal 0 0 -1
outer loop
vertex -51.19997787475586 -53.472068786621094 5.300000190734863
vertex -47.756500244140625 -47.150177001953125 5.300000190734863
vertex -10.546295166015625 -51.26435852050781 5.300000190734863
endloop
endfacet
facet normal 0.9051988161882814 0.4249883565126626 0
outer loop
vertex -53.67456817626953 2.7549166679382324 0
vertex -53.85215377807617 3.1331629753112793 0
vertex -53.85215377807617 3.1331629753112793 5.300000190734863
endloop
endfacet
facet normal 0 0 -1
outer loop
vertex 69.67692565917969 -51.589385986328125 5.300000190734863
vertex -47.756500244140625 -47.150177001953125 5.300000190734863
vertex 70.40848541259766 -51.0511474609375 5.300000190734863
endloop
endfacet
facet normal 0 0 -1
outer loop
vertex 68.79926300048828 -52.040977478027344 5.300000190734863
vertex -47.756500244140625 -47.150177001953125 5.300000190734863
vertex 69.67692565917969 -51.589385986328125 5.300000190734863
endloop
endfacet
facet normal 0 0 -1
outer loop
vertex 67.93659210205078 -52.325008392333984 5.300000190734863
vertex -47.756500244140625 -47.150177001953125 5.300000190734863
vertex 68.79926300048828 -52.040977478027344 5.300000190734863
endloop
endfacet
facet normal 0 0 -1
outer loop
vertex 66.96045684814453 -52.48139572143555 5.300000190734863
vertex -47.756500244140625 -47.150177001953125 5.300000190734863
vertex 67.93659210205078 -52.325008392333984 5.300000190734863
endloop
endfacet
facet normal 0.9599361413900886 0.2802188509952671 0
outer loop
vertex -53.55747604370117 2.3537981510162354 0
vertex -53.67456817626953 2.7549166679382324 0
vertex -53.67456817626953 2.7549166679382324 5.300000190734863
endloop
endfacet
facet normal 0.49005274605978166 0.8716927819359681 0
outer loop
vertex -54.698726654052734 4.044088840484619 0
vertex -55.06297302246094 4.2488627433776855 0
vertex -55.06297302246094 4.2488627433776855 5.300000190734863
endloop
endfacet
facet normal 0.34967936866992994 0.9368694354746553 0
outer loop
vertex -55.06297302246094 4.2488627433776855 0
vertex -55.45445251464844 4.394979476928711 0
vertex -55.45445251464844 4.394979476928711 5.300000190734863
endloop
endfacet
facet normal 0.2009267350596534 0.9796062714878196 0
outer loop
vertex -55.45445251464844 4.394979476928711 0
vertex -55.863792419433594 4.478939056396484 0
vertex -55.863792419433594 4.478939056396484 5.300000190734863
endloop
endfacet
facet normal 0 0 -1
outer loop
vertex -67.9365463256836 54.325111389160156 5.300000190734863
vertex -66.96041107177734 54.48149871826172 5.300000190734863
vertex -66.4999771118164 49.200050354003906 5.300000190734863
endloop
endfacet
facet normal 0 0 -1
outer loop
vertex 55.84016036987305 -52.50364685058594 5.300000190734863
vertex -47.756500244140625 -47.150177001953125 5.300000190734863
vertex 66.96045684814453 -52.48139572143555 5.300000190734863
endloop
endfacet
facet normal 0 0 -1
outer loop
vertex 55.425777435302734 -52.55744552612305 5.300000190734863
vertex -47.756500244140625 -47.150177001953125 5.300000190734863
vertex 55.84016036987305 -52.50364685058594 5.300000190734863
endloop
endfacet
facet normal -0.06390095809189225 0.9979562453108545 0
outer loop
vertex 49.85616683959961 -57.483116149902344 5.300000190734863
vertex 49.85616683959961 -57.483116149902344 0
vertex 49.6480712890625 -57.49644088745117 5.300000190734863
endloop
endfacet
facet normal -0.9999999910675194 0.00013365987227868163 0
outer loop
vertex 72.49070739746094 -21.41012191772461 5.300000190734863
vertex 72.4898452758789 -27.86023712158203 0
vertex 72.4898452758789 -27.86023712158203 5.300000190734863
endloop
endfacet
facet normal -0.1592728051293327 0.9872346091716161 0
outer loop
vertex 50.41347885131836 -57.39320373535156 5.300000190734863
vertex 50.41347885131836 -57.39320373535156 0
vertex 49.85616683959961 -57.483116149902344 5.300000190734863
endloop
endfacet
facet normal 0 0 -1
outer loop
vertex 70.19139099121094 -21.40983772277832 5.300000190734863
vertex 67.15025329589844 -46.7564697265625 5.300000190734863
vertex 70.19374084472656 -2.4098381996154785 5.300000190734863
endloop
endfacet
facet normal -0.3129613232818352 0.9497658712175767 0
outer loop
vertex 51.0843620300293 -57.17213821411133 5.300000190734863
vertex 51.0843620300293 -57.17213821411133 0
vertex 50.41347885131836 -57.39320373535156 5.300000190734863
endloop
endfacet
facet normal -0.47855530584421374 0.8780574122734521 0
outer loop
vertex 51.72720718383789 -56.82177734375 5.300000190734863
vertex 51.72720718383789 -56.82177734375 0
vertex 51.0843620300293 -57.17213821411133 5.300000190734863
endloop
endfacet
facet normal 0 0 -1
outer loop
vertex 72.4898452758789 -27.86023712158203 5.300000190734863
vertex 70.19059753417969 -27.859952926635742 5.300000190734863
vertex 70.19139099121094 -21.40983772277832 5.300000190734863
endloop
endfacet
facet normal 0 0 -1
outer loop
vertex 72.49070739746094 -21.41012191772461 5.300000190734863
vertex 72.4898452758789 -27.86023712158203 5.300000190734863
vertex 70.19139099121094 -21.40983772277832 5.300000190734863
endloop
endfacet
facet normal 0 0 -1
outer loop
vertex -53.85215377807617 3.1331629753112793 5.300000190734863
vertex -54.08597946166992 3.4794766902923584 5.300000190734863
vertex -51.203975677490234 1.9550504684448242 5.300000190734863
endloop
endfacet
facet normal 0 0 -1
outer loop
vertex -51.203975677490234 1.9550504684448242 5.300000190734863
vertex -53.67456817626953 2.7549166679382324 5.300000190734863
vertex -53.85215377807617 3.1331629753112793 5.300000190734863
endloop
endfacet
facet normal 0 0 -1
outer loop
vertex -51.203975677490234 1.9550504684448242 5.300000190734863
vertex -53.55747604370117 2.3537981510162354 5.300000190734863
vertex -53.67456817626953 2.7549166679382324 5.300000190734863
endloop
endfacet
facet normal 0 0 -1
outer loop
vertex -53.55747604370117 2.3537981510162354 5.300000190734863
vertex -51.203975677490234 1.9550504684448242 5.300000190734863
vertex -53.50568389892578 1.95488440990448 5.300000190734863
endloop
endfacet
facet normal 0 0 -1
outer loop
vertex 70.19374084472656 -2.4098381996154785 5.300000190734863
vertex 67.15025329589844 -46.7564697265625 5.300000190734863
vertex 70.19453430175781 4.040276527404785 5.300000190734863
endloop
endfacet
facet normal 0.9051988161882814 0.4249883565126626 0
outer loop
vertex -53.67456817626953 2.7549166679382324 5.300000190734863
vertex -53.67456817626953 2.7549166679382324 0
vertex -53.85215377807617 3.1331629753112793 5.300000190734863
endloop
endfacet
facet normal 0 0 -1
outer loop
vertex 55.024658203125 -52.674537658691406 5.300000190734863
vertex -49.8765983581543 -57.481563568115234 5.300000190734863
vertex 55.425777435302734 -52.55744552612305 5.300000190734863
endloop
endfacet
facet normal 0.9599361413900886 0.2802188509952671 0
outer loop
vertex -53.55747604370117 2.3537981510162354 5.300000190734863
vertex -53.55747604370117 2.3537981510162354 0
vertex -53.67456817626953 2.7549166679382324 5.300000190734863
endloop
endfacet
facet normal 0 0 -1
outer loop
vertex 70.19453430175781 4.040276527404785 5.300000190734863
vertex 67.15025329589844 -46.7564697265625 5.300000190734863
vertex 70.1968765258789 23.04027557373047 5.300000190734863
endloop
endfacet
facet normal 0.9916767827669265 0.12875231462400163 0
outer loop
vertex -53.50568389892578 1.95488440990448 5.300000190734863
vertex -53.55747604370117 2.3537981510162354 0
vertex -53.55747604370117 2.3537981510162354 5.300000190734863
endloop
endfacet
facet normal -0.6275337556568628 0.77858935615072 0
outer loop
vertex 52.269588470458984 -56.38462448120117 5.300000190734863
vertex 52.269588470458984 -56.38462448120117 0
vertex 51.72720718383789 -56.82177734375 5.300000190734863
endloop
endfacet
facet normal 0.49005274605978166 0.8716927819359681 0
outer loop
vertex -54.698726654052734 4.044088840484619 5.300000190734863
vertex -54.698726654052734 4.044088840484619 0
vertex -55.06297302246094 4.2488627433776855 5.300000190734863
endloop
endfacet
facet normal 0.34967936866992994 0.9368694354746553 0
outer loop
vertex -55.06297302246094 4.2488627433776855 5.300000190734863
vertex -55.06297302246094 4.2488627433776855 0
vertex -55.45445251464844 4.394979476928711 5.300000190734863
endloop
endfacet
facet normal 0 0 -1
outer loop
vertex 54.64641189575195 -52.85212707519531 5.300000190734863
vertex -49.8765983581543 -57.481563568115234 5.300000190734863
vertex 55.024658203125 -52.674537658691406 5.300000190734863
endloop
endfacet
facet normal 0 0 -1
outer loop
vertex -67.9365463256836 54.325111389160156 5.300000190734863
vertex -66.7999267578125 49.131431579589844 5.300000190734863
vertex -68.79922485351562 54.041080474853516 5.300000190734863
endloop
endfacet
facet normal 0 0 -1
outer loop
vertex -66.4999771118164 49.200050354003906 5.300000190734863
vertex -66.7999267578125 49.131431579589844 5.300000190734863
vertex -67.9365463256836 54.325111389160156 5.300000190734863
endloop
endfacet
facet normal 0 0 -1
outer loop
vertex 54.30009841918945 -53.0859489440918 5.300000190734863
vertex -49.8765983581543 -57.481563568115234 5.300000190734863
vertex 54.64641189575195 -52.85212707519531 5.300000190734863
endloop
endfacet
facet normal 0 0 -1
outer loop
vertex 53.994014739990234 -53.37041091918945 5.300000190734863
vertex -49.8765983581543 -57.481563568115234 5.300000190734863
vertex 54.30009841918945 -53.0859489440918 5.300000190734863
endloop
endfacet
facet normal 0 0 -1
outer loop
vertex 53.73548889160156 -53.69869613647461 5.300000190734863
vertex -49.8765983581543 -57.481563568115234 5.300000190734863
vertex 53.994014739990234 -53.37041091918945 5.300000190734863
endloop
endfacet
facet normal 0 0 -1
outer loop
vertex 53.53071212768555 -54.06294250488281 5.300000190734863
vertex -49.8765983581543 -57.481563568115234 5.300000190734863
vertex 53.73548889160156 -53.69869613647461 5.300000190734863
endloop
endfacet
facet normal 0.061673414970401866 0.9980963830642252 0
outer loop
vertex -55.863792419433594 4.478939056396484 0
vertex -56.205467224121094 4.500051498413086 0
vertex -56.205467224121094 4.500051498413086 5.300000190734863
endloop
endfacet
facet normal 0.7325077245564188 0.6807587189784482 0
outer loop
vertex -54.08597946166992 3.4794766902923584 0
vertex -54.37044143676758 3.785562515258789 0
vertex -54.37044143676758 3.785562515258789 5.300000190734863
endloop
endfacet
facet normal 0.8287777259639574 0.5595779489454631 0
outer loop
vertex -53.85215377807617 3.1331629753112793 0
vertex -54.08597946166992 3.4794766902923584 0
vertex -54.08597946166992 3.4794766902923584 5.300000190734863
endloop
endfacet
facet normal 0.6186911334295723 0.7856343178703634 0
outer loop
vertex -54.37044143676758 3.785562515258789 0
vertex -54.698726654052734 4.044088840484619 0
vertex -54.698726654052734 4.044088840484619 5.300000190734863
endloop
endfacet
facet normal -0.00009527158852154317 -0.999999995461655 -1.2047854566618002e-7
outer loop
vertex -66.49007415771484 54.50004959106445 0
vertex 66.88396453857422 54.487342834472656 0
vertex 47.86029815673828 54.48915481567383 3.5999999046325684
endloop
endfacet
facet normal 0 0 -1
outer loop
vertex 55.425777435302734 -52.55744552612305 5.300000190734863
vertex -9.98330020904541 -51.376346588134766 5.300000190734863
vertex -10.11296558380127 -51.307037353515625 5.300000190734863
endloop
endfacet
facet normal 0 0 -1
outer loop
vertex 55.425777435302734 -52.55744552612305 5.300000190734863
vertex -9.664388656616211 -51.85363006591797 5.300000190734863
vertex -9.70706844329834 -51.71293640136719 5.300000190734863
endloop
endfacet
facet normal 0 0 -1
outer loop
vertex 55.425777435302734 -52.55744552612305 5.300000190734863
vertex -9.649977684020996 -51.99995040893555 5.300000190734863
vertex -9.664388656616211 -51.85363006591797 5.300000190734863
endloop
endfacet
facet normal 0.2009267350596534 0.9796062714878196 0
outer loop
vertex -55.45445251464844 4.394979476928711 5.300000190734863
vertex -55.45445251464844 4.394979476928711 0
vertex -55.863792419433594 4.478939056396484 5.300000190734863
endloop
endfacet
facet normal 0 0 -1
outer loop
vertex 55.425777435302734 -52.55744552612305 5.300000190734863
vertex -9.776375770568848 -51.58327102661133 5.300000190734863
vertex -9.869647979736328 -51.46961975097656 5.300000190734863
endloop
endfacet
facet normal 0.061673414970401866 0.9980963830642252 0
outer loop
vertex -55.863792419433594 4.478939056396484 5.300000190734863
vertex -55.863792419433594 4.478939056396484 0
vertex -56.205467224121094 4.500051498413086 5.300000190734863
endloop
endfacet
facet normal -0.7531929221751124 0.6577996822630087 0
outer loop
vertex 52.73423767089844 -55.85259246826172 5.300000190734863
vertex 52.73423767089844 -55.85259246826172 0
vertex 52.269588470458984 -56.38462448120117 5.300000190734863
endloop
endfacet
facet normal 0.7325077245564188 0.6807587189784482 0
outer loop
vertex -54.08597946166992 3.4794766902923584 5.300000190734863
vertex -54.08597946166992 3.4794766902923584 0
vertex -54.37044143676758 3.785562515258789 5.300000190734863
endloop
endfacet
facet normal 0 0 -1
outer loop
vertex -48.19997787475586 -46.49995040893555 5.300000190734863
vertex -51.19997787475586 -53.472068786621094 5.300000190734863
vertex -51.2012939453125 -35.25851058959961 5.300000190734863
endloop
endfacet
facet normal 0.6186911334295723 0.7856343178703634 0
outer loop
vertex -54.37044143676758 3.785562515258789 5.300000190734863
vertex -54.37044143676758 3.785562515258789 0
vertex -54.698726654052734 4.044088840484619 5.300000190734863
endloop
endfacet
facet normal -0.8591394650286885 0.5117415164223232 0
outer loop
vertex 53.10889434814453 -55.22359848022461 5.300000190734863
vertex 53.10889434814453 -55.22359848022461 0
vertex 52.73423767089844 -55.85259246826172 5.300000190734863
endloop
endfacet
facet normal -0.9999999910675178 0.00013365988215974502 0
outer loop
vertex 72.49410247802734 4.039992809295654 6.4328433869325664e-15
vertex 72.49324035644531 -2.4101219177246094 0
vertex 72.49410247802734 4.039992809295654 5.300000190734863
endloop
endfacet
facet normal -0.9398555486777614 0.3415721704407785 0
outer loop
vertex 53.53071212768555 -54.06294250488281 5.300000190734863
vertex 53.53071212768555 -54.06294250488281 0
vertex 53.10889434814453 -55.22359848022461 5.300000190734863
endloop
endfacet
facet normal 0.8287777259639574 0.5595779489454631 0
outer loop
vertex -53.85215377807617 3.1331629753112793 5.300000190734863
vertex -53.85215377807617 3.1331629753112793 0
vertex -54.08597946166992 3.4794766902923584 5.300000190734863
endloop
endfacet
facet normal 0 0 -1
outer loop
vertex -70.19403839111328 29.859689712524414 5.300000190734863
vertex -67.86032104492188 4.657195091247559 5.300000190734863
vertex -72.49356842041016 29.860395431518555 5.300000190734863
endloop
endfacet
facet normal -0.8716898571325215 0.49005794858596513 0
outer loop
vertex 53.73548889160156 -53.69869613647461 5.300000190734863
vertex 53.73548889160156 -53.69869613647461 0
vertex 53.53071212768555 -54.06294250488281 5.300000190734863
endloop
endfacet
facet normal 0.9916767827669267 0.12875231462400166 0
outer loop
vertex -53.50568389892578 1.95488440990448 5.300000190734863
vertex -53.50568389892578 1.95488440990448 1.514908600582128e-14
vertex -53.55747604370117 2.3537981510162354 0
endloop
endfacet
facet normal -0.7856348725389973 0.6186904290924771 0
outer loop
vertex 53.994014739990234 -53.37041091918945 5.300000190734863
vertex 53.994014739990234 -53.37041091918945 0
vertex 53.73548889160156 -53.69869613647461 5.300000190734863
endloop
endfacet
facet normal 0 0 -1
outer loop
vertex -67.19998168945312 10.500051498413086 5.300000190734863
vertex -66.88391876220703 4.512760162353516 5.300000190734863
vertex -70.19403839111328 29.859689712524414 5.300000190734863
endloop
endfacet
facet normal -0.9999999910675139 0.00013365991180294397 0
outer loop
vertex 72.49748992919922 29.4901065826416 5.32208207286943e-15
vertex 72.49662780761719 23.039993286132812 0
vertex 72.49662780761719 23.039993286132812 5.300000190734863
endloop
endfacet
facet normal 0 0 -1
outer loop
vertex -67.86032104492188 4.657195091247559 5.300000190734863
vertex -68.7269058227539 4.929067611694336 5.300000190734863
vertex -72.49356842041016 29.860395431518555 5.300000190734863
endloop
endfacet
facet normal 0.00014943460254242784 0.9999999888346497 0
outer loop
vertex 36.4722900390625 -57.494468688964844 0
vertex -36.45988082885742 -57.48357009887695 0
vertex 36.4722900390625 -57.494468688964844 1.350000023841858
endloop
endfacet
facet normal 0.0001497268659956139 0.9999999887784512 0.000004996298976194371
outer loop
vertex 36.4722900390625 -57.494468688964844 1.350000023841858
vertex -30.8442325592041 -57.48440933227539 5.300000190734863
vertex 44.4722900390625 -57.49566650390625 1.350000023841858
endloop
endfacet
facet normal -0.6807612796739902 0.7325053447563582 0
outer loop
vertex 54.30009841918945 -53.0859489440918 5.300000190734863
vertex 54.30009841918945 -53.0859489440918 0
vertex 53.994014739990234 -53.37041091918945 5.300000190734863
endloop
endfacet
facet normal 0 0 -1
outer loop
vertex -51.19997787475586 -53.472068786621094 5.300000190734863
vertex -10.816655158996582 -52.62355041503906 5.300000190734863
vertex -10.686990737915039 -52.6928596496582 5.300000190734863
endloop
endfacet
facet normal 0.9999999451562467 -0.0003311910380217671 0
outer loop
vertex -72.4999771118164 10.50995922088623 5.300000190734863
vertex -72.4999771118164 10.50995922088623 0
vertex -72.49356842041016 29.860395431518555 0
endloop
endfacet
facet normal 0.0011901215166723635 0.999999291805137 0
outer loop
vertex -56.205467224121094 4.500051498413086 0
vertex -66.88391876220703 4.512760162353516 0
vertex -66.88391876220703 4.512760162353516 5.300000190734863
endloop
endfacet
facet normal 0 0 -1
outer loop
vertex -68.7269058227539 4.929067611694336 5.300000190734863
vertex -69.60997009277344 5.369997501373291 5.300000190734863
vertex -72.49356842041016 29.860395431518555 5.300000190734863
endloop
endfacet
facet normal 0 0 -1
outer loop
vertex -72.49356842041016 29.860395431518555 5.300000190734863
vertex -72.32504272460938 9.063482284545898 5.300000190734863
vertex -72.4999771118164 10.50995922088623 5.300000190734863
endloop
endfacet
facet normal 0 0 -1
outer loop
vertex -48.1313591003418 -46.79990005493164 5.300000190734863
vertex -51.19997787475586 -53.472068786621094 5.300000190734863
vertex -48.19997787475586 -46.49995040893555 5.300000190734863
endloop
endfacet
facet normal 0 0 -1
outer loop
vertex -51.19997787475586 -53.472068786621094 5.300000190734863
vertex -48.1313591003418 -46.79990005493164 5.300000190734863
vertex -47.756500244140625 -47.150177001953125 5.300000190734863
endloop
endfacet
facet normal 0 0 -1
outer loop
vertex -72.49356842041016 29.860395431518555 5.300000190734863
vertex -71.58941650390625 7.323148727416992 5.300000190734863
vertex -72.04100799560547 8.200807571411133 5.300000190734863
endloop
endfacet
facet normal 0 0 -1
outer loop
vertex -72.04100799560547 8.200807571411133 5.300000190734863
vertex -72.32504272460938 9.063482284545898 5.300000190734863
vertex -72.49356842041016 29.860395431518555 5.300000190734863
endloop
endfacet
facet normal 0 0 -1
outer loop
vertex -9.70706844329834 -51.71293640136719 5.300000190734863
vertex -9.776375770568848 -51.58327102661133 5.300000190734863
vertex 55.425777435302734 -52.55744552612305 5.300000190734863
endloop
endfacet
facet normal 0 0 -1
outer loop
vertex -53.39323425292969 -54.41340637207031 5.300000190734863
vertex -53.499977111816406 -53.47223663330078 5.300000190734863
vertex -51.19997787475586 -53.472068786621094 5.300000190734863
endloop
endfacet
facet normal 0 0 -1
outer loop
vertex -9.869647979736328 -51.46961975097656 5.300000190734863
vertex -9.98330020904541 -51.376346588134766 5.300000190734863
vertex 55.425777435302734 -52.55744552612305 5.300000190734863
endloop
endfacet
facet normal 0 0 -1
outer loop
vertex 55.425777435302734 -52.55744552612305 5.300000190734863
vertex -9.70706844329834 -52.28696060180664 5.300000190734863
vertex -9.664388656616211 -52.14626693725586 5.300000190734863
endloop
endfacet
facet normal 0 0 -1
outer loop
vertex -9.664388656616211 -52.14626693725586 5.300000190734863
vertex -9.649977684020996 -51.99995040893555 5.300000190734863
vertex 55.425777435302734 -52.55744552612305 5.300000190734863
endloop
endfacet
facet normal 0.9992227802762828 0.03941871861103016 0
outer loop
vertex -72.4999771118164 10.50995922088623 0
vertex -72.4999771118164 10.50995922088623 5.300000190734863
vertex -72.4814224243164 10.039617538452148 0
endloop
endfacet
facet normal 0.9874093572723701 0.15818584377549375 0
outer loop
vertex -72.32504272460938 9.063482284545898 0
vertex -72.4814224243164 10.039617538452148 0
vertex -72.4814224243164 10.039617538452148 5.300000190734863
endloop
endfacet
facet normal 0 0 -1
outer loop
vertex -70.34902954101562 5.897892475128174 5.300000190734863
vertex -71.05117797851562 6.591586589813232 5.300000190734863
vertex -72.49356842041016 29.860395431518555 5.300000190734863
endloop
endfacet
facet normal 0.949840731632363 0.3127340476061044 0
outer loop
vertex -72.04100799560547 8.200807571411133 0
vertex -72.32504272460938 9.063482284545898 0
vertex -72.32504272460938 9.063482284545898 5.300000190734863
endloop
endfacet
facet normal 0.8891954471908633 0.4575275474712321 0
outer loop
vertex -71.58941650390625 7.323148727416992 0
vertex -72.04100799560547 8.200807571411133 0
vertex -72.04100799560547 8.200807571411133 5.300000190734863
endloop
endfacet
facet normal 0.1822870894876559 0.9832453493437532 0
outer loop
vertex -49.8765983581543 -57.481563568115234 5.300000190734863
vertex -49.8765983581543 -57.481563568115234 0
vertex -50.571128845214844 -57.35280227661133 5.300000190734863
endloop
endfacet
facet normal 0.5117376704484667 0.8591417558493921 0
outer loop
vertex -51.223628997802734 -57.10881805419922 5.300000190734863
vertex -51.223628997802734 -57.10881805419922 0
vertex -51.852622985839844 -56.73416519165039 5.300000190734863
endloop
endfacet
facet normal 0 0 -1
outer loop
vertex 55.425777435302734 -52.55744552612305 5.300000190734863
vertex -9.776375770568848 -52.4166259765625 5.300000190734863
vertex -9.70706844329834 -52.28696060180664 5.300000190734863
endloop
endfacet
facet normal 0 0 -1
outer loop
vertex 55.425777435302734 -52.55744552612305 5.300000190734863
vertex -9.869647979736328 -52.530277252197266 5.300000190734863
vertex -9.776375770568848 -52.4166259765625 5.300000190734863
endloop
endfacet
facet normal 0.3502381264784332 0.9366606935069267 0
outer loop
vertex -50.571128845214844 -57.35280227661133 5.300000190734863
vertex -50.571128845214844 -57.35280227661133 0
vertex -51.223628997802734 -57.10881805419922 5.300000190734863
endloop
endfacet
facet normal 0.00011785503748439542 0.9999999930550951 0
outer loop
vertex -49.8765983581543 -57.481563568115234 0
vertex -49.8765983581543 -57.481563568115234 5.300000190734863
vertex -49.84423065185547 -57.4815673828125 3.5999999046325684
endloop
endfacet
facet normal 0 0 -1
outer loop
vertex -51.19997787475586 -53.472068786621094 5.300000190734863
vertex -11.023580551147461 -52.4166259765625 5.300000190734863
vertex -10.93030834197998 -52.530277252197266 5.300000190734863
endloop
endfacet
facet normal 0 0 -1
outer loop
vertex -11.023580551147461 -52.4166259765625 5.300000190734863
vertex -51.19997787475586 -53.472068786621094 5.300000190734863
vertex -11.092887878417969 -52.28696060180664 5.300000190734863
endloop
endfacet
facet normal 0.7785845241530565 0.6275397507324605 0
outer loop
vertex -52.38465118408203 -56.26951217651367 5.300000190734863
vertex -52.38465118408203 -56.26951217651367 0
vertex -52.821807861328125 -55.727134704589844 5.300000190734863
endloop
endfacet
facet normal 0.9497642659789189 0.3129661947711369 0
outer loop
vertex -53.17216491699219 -55.08428955078125 5.300000190734863
vertex -53.17216491699219 -55.08428955078125 0
vertex -53.39323425292969 -54.41340637207031 5.300000190734863
endloop
endfacet
facet normal 0.8780596017027557 0.4785512886385305 0
outer loop
vertex -52.821807861328125 -55.727134704589844 5.300000190734863
vertex -52.821807861328125 -55.727134704589844 0
vertex -53.17216491699219 -55.08428955078125 5.300000190734863
endloop
endfacet
facet normal 0 0 -1
outer loop
vertex 55.425777435302734 -52.55744552612305 5.300000190734863
vertex -10.11296558380127 -52.6928596496582 5.300000190734863
vertex -9.98330020904541 -52.62355041503906 5.300000190734863
endloop
endfacet
facet normal 0 0 -1
outer loop
vertex -9.98330020904541 -52.62355041503906 5.300000190734863
vertex -9.869647979736328 -52.530277252197266 5.300000190734863
vertex 55.425777435302734 -52.55744552612305 5.300000190734863
endloop
endfacet
facet normal 0 0 -1
outer loop
vertex -10.11296558380127 -51.307037353515625 5.300000190734863
vertex -10.253660202026367 -51.26435852050781 5.300000190734863
vertex 55.425777435302734 -52.55744552612305 5.300000190734863
endloop
endfacet
facet normal 0.6578054215545929 0.7531879097365971 0
outer loop
vertex -51.852622985839844 -56.73416519165039 5.300000190734863
vertex -51.852622985839844 -56.73416519165039 0
vertex -52.38465118408203 -56.26951217651367 5.300000190734863
endloop
endfacet
facet normal 0.0001494346025424278 0.9999999888346494 2.7209722974287234e-8
outer loop
vertex -30.8442325592041 -57.48440933227539 3.5999999046325684
vertex 36.4722900390625 -57.494468688964844 1.350000023841858
vertex -36.45988082885742 -57.48357009887695 1.350000023841858
endloop
endfacet
facet normal 0 0 -1
outer loop
vertex -10.253660202026367 -51.26435852050781 5.300000190734863
vertex -10.399977684020996 -51.24995040893555 5.300000190734863
vertex 55.425777435302734 -52.55744552612305 5.300000190734863
endloop
endfacet
facet normal 0 0 -1
outer loop
vertex 55.425777435302734 -52.55744552612305 5.300000190734863
vertex -10.253660202026367 -52.735538482666016 5.300000190734863
vertex -10.11296558380127 -52.6928596496582 5.300000190734863
endloop
endfacet
facet normal 0.00014943460254242784 0.9999999888346497 0
outer loop
vertex -36.45988082885742 -57.48357009887695 0
vertex -36.45988082885742 -57.48357009887695 1.350000023841858
vertex 36.4722900390625 -57.494468688964844 1.350000023841858
endloop
endfacet
facet normal 0 0 -1
outer loop
vertex -30.8442325592041 -57.48440933227539 5.300000190734863
vertex 53.53071212768555 -54.06294250488281 5.300000190734863
vertex 30.628862380981445 -57.493595123291016 5.300000190734863
endloop
endfacet
facet normal 0 0 -1
outer loop
vertex 55.425777435302734 -52.55744552612305 5.300000190734863
vertex -10.399977684020996 -52.74995040893555 5.300000190734863
vertex -10.253660202026367 -52.735538482666016 5.300000190734863
endloop
endfacet
facet normal 0.00014942782565298968 0.9999999888356624 0
outer loop
vertex -30.8442325592041 -57.48440933227539 5.300000190734863
vertex 30.628862380981445 -57.493595123291016 5.300000190734863
vertex 30.628862380981445 -57.493595123291016 3.5999999046325684
endloop
endfacet
facet normal 0.00014938654336706862 0.9999999888407161 -0.0000014927938241791402
outer loop
vertex 44.4722900390625 -57.49566650390625 1.350000023841858
vertex -30.8442325592041 -57.48440933227539 5.300000190734863
vertex 30.628862380981445 -57.493595123291016 3.5999999046325684
endloop
endfacet
facet normal 0 0 -1
outer loop
vertex -69.60997009277344 5.369997501373291 5.300000190734863
vertex -70.34902954101562 5.897892475128174 5.300000190734863
vertex -72.49356842041016 29.860395431518555 5.300000190734863
endloop
endfacet
facet normal -0.5595719429727545 0.8287817810724945 0
outer loop
vertex 54.64641189575195 -52.85212707519531 5.300000190734863
vertex 54.64641189575195 -52.85212707519531 0
vertex 54.30009841918945 -53.0859489440918 5.300000190734863
endloop
endfacet
facet normal 0.8054800979104465 0.5926228242906086 0
outer loop
vertex -71.05117797851562 6.591586589813232 0
vertex -71.58941650390625 7.323148727416992 0
vertex -71.58941650390625 7.323148727416992 5.300000190734863
endloop
endfacet
facet normal 0.7028110940361202 0.7113765290616157 0
outer loop
vertex -70.34902954101562 5.897892475128174 0
vertex -71.05117797851562 6.591586589813232 0
vertex -71.05117797851562 6.591586589813232 5.300000190734863
endloop
endfacet
facet normal 0.14633326830510943 0.989235348431881 0
outer loop
vertex -66.88391876220703 4.512760162353516 0
vertex -67.86032104492188 4.657195091247559 0
vertex -67.86032104492188 4.657195091247559 5.300000190734863
endloop
endfacet
facet normal -0.42499583673980323 0.9051953042044764 0
outer loop
vertex 55.024658203125 -52.674537658691406 5.300000190734863
vertex 55.024658203125 -52.674537658691406 0
vertex 54.64641189575195 -52.85212707519531 5.300000190734863
endloop
endfacet
facet normal 0 0 -1
outer loop
vertex -71.05117797851562 6.591586589813232 5.300000190734863
vertex -71.58941650390625 7.323148727416992 5.300000190734863
vertex -72.49356842041016 29.860395431518555 5.300000190734863
endloop
endfacet
facet normal 0.9999999451562467 -0.0003311910380217671 0
outer loop
vertex -72.4999771118164 10.50995922088623 5.300000190734863
vertex -72.49356842041016 29.860395431518555 0
vertex -72.49356842041016 29.860395431518555 5.300000190734863
endloop
endfacet
facet normal 0 0 -1
outer loop
vertex -56.205467224121094 4.500051498413086 5.300000190734863
vertex -66.75650024414062 9.849821090698242 5.300000190734863
vertex -49.19997787475586 9.80005168914795 5.300000190734863
endloop
endfacet
facet normal -0.9999999910675194 0.00013365987227868163 0
outer loop
vertex 72.49070739746094 -21.41012191772461 7.536063143149824e-15
vertex 72.4898452758789 -27.86023712158203 0
vertex 72.49070739746094 -21.41012191772461 5.300000190734863
endloop
endfacet
facet normal 0 0 -1
outer loop
vertex -56.205467224121094 4.500051498413086 5.300000190734863
vertex -66.88391876220703 4.512760162353516 5.300000190734863
vertex -66.75650024414062 9.849821090698242 5.300000190734863
endloop
endfacet
facet normal 0 0 -1
outer loop
vertex -66.88391876220703 4.512760162353516 5.300000190734863
vertex -67.86032104492188 4.657195091247559 5.300000190734863
vertex -70.19403839111328 29.859689712524414 5.300000190734863
endloop
endfacet
facet normal 0.2993428674007103 0.9541456113907986 0
outer loop
vertex -67.86032104492188 4.657195091247559 0
vertex -68.7269058227539 4.929067611694336 0
vertex -68.7269058227539 4.929067611694336 5.300000190734863
endloop
endfacet
facet normal 0.44672539998560906 0.8946711222609667 0
outer loop
vertex -68.7269058227539 4.929067611694336 0
vertex -69.60997009277344 5.369997501373291 0
vertex -69.60997009277344 5.369997501373291 5.300000190734863
endloop
endfacet
facet normal 0 0 -1
outer loop
vertex -67.13135528564453 10.20009994506836 5.300000190734863
vertex -66.88391876220703 4.512760162353516 5.300000190734863
vertex -67.19998168945312 10.500051498413086 5.300000190734863
endloop
endfacet
facet normal 0 0 -1
outer loop
vertex -67.13135528564453 10.20009994506836 5.300000190734863
vertex -66.75650024414062 9.849821090698242 5.300000190734863
vertex -66.88391876220703 4.512760162353516 5.300000190734863
endloop
endfacet
facet normal 0 0 -1
outer loop
vertex -72.32504272460938 9.063482284545898 5.300000190734863
vertex -72.4814224243164 10.039617538452148 5.300000190734863
vertex -72.4999771118164 10.50995922088623 5.300000190734863
endloop
endfacet
facet normal 0.0011901215166723635 0.999999291805137 0
outer loop
vertex -56.205467224121094 4.500051498413086 5.300000190734863
vertex -56.205467224121094 4.500051498413086 0
vertex -66.88391876220703 4.512760162353516 5.300000190734863
endloop
endfacet
facet normal 0.9992227802762828 0.03941871861103016 0
outer loop
vertex -72.4814224243164 10.039617538452148 5.300000190734863
vertex -72.4814224243164 10.039617538452148 0
vertex -72.4999771118164 10.50995922088623 5.300000190734863
endloop
endfacet
facet normal -0.9897301788995134 0.14294814785626728 0
outer loop
vertex 72.48731994628906 -46.86023712158203 8.640818570100454e-15
vertex 72.34288024902344 -47.860294342041016 0
vertex 72.34288024902344 -47.860294342041016 5.300000190734863
endloop
endfacet
facet normal -0.9541453114829606 0.29934382334547077 0
outer loop
vertex 72.34288024902344 -47.860294342041016 0
vertex 72.07100677490234 -48.72687911987305 0
vertex 72.07100677490234 -48.72687911987305 5.300000190734863
endloop
endfacet
facet normal -0.894669770674099 0.44672810684123615 0
outer loop
vertex 72.07100677490234 -48.72687911987305 0
vertex 71.63007354736328 -49.60994338989258 0
vertex 71.63007354736328 -49.60994338989258 5.300000190734863
endloop
endfacet
facet normal -0.8137368767190235 0.5812334259723617 0
outer loop
vertex 71.63007354736328 -49.60994338989258 0
vertex 71.10218048095703 -50.349002838134766 0
vertex 71.10218048095703 -50.349002838134766 5.300000190734863
endloop
endfacet
facet normal -0.7113741369752885 0.7028135152675022 0
outer loop
vertex 71.10218048095703 -50.349002838134766 0
vertex 70.40848541259766 -51.0511474609375 0
vertex 70.40848541259766 -51.0511474609375 5.300000190734863
endloop
endfacet
facet normal 0.9874093572723701 0.15818584377549375 0
outer loop
vertex -72.32504272460938 9.063482284545898 5.300000190734863
vertex -72.32504272460938 9.063482284545898 0
vertex -72.4814224243164 10.039617538452148 5.300000190734863
endloop
endfacet
facet normal 0.949840731632363 0.3127340476061044 0
outer loop
vertex -72.04100799560547 8.200807571411133 5.300000190734863
vertex -72.04100799560547 8.200807571411133 0
vertex -72.32504272460938 9.063482284545898 5.300000190734863
endloop
endfacet
facet normal 0.8054800979104465 0.5926228242906086 0
outer loop
vertex -71.05117797851562 6.591586589813232 5.300000190734863
vertex -71.05117797851562 6.591586589813232 0
vertex -71.58941650390625 7.323148727416992 5.300000190734863
endloop
endfacet
facet normal 0.7028110940361202 0.7113765290616157 0
outer loop
vertex -70.34902954101562 5.897892475128174 5.300000190734863
vertex -70.34902954101562 5.897892475128174 0
vertex -71.05117797851562 6.591586589813232 5.300000190734863
endloop
endfacet
facet normal 0.8891954471908633 0.4575275474712321 0
outer loop
vertex -71.58941650390625 7.323148727416992 5.300000190734863
vertex -71.58941650390625 7.323148727416992 0
vertex -72.04100799560547 8.200807571411133 5.300000190734863
endloop
endfacet
facet normal 0.14633326830510943 0.989235348431881 0
outer loop
vertex -66.88391876220703 4.512760162353516 5.300000190734863
vertex -66.88391876220703 4.512760162353516 0
vertex -67.86032104492188 4.657195091247559 5.300000190734863
endloop
endfacet
facet normal 0.44672539998560906 0.8946711222609667 0
outer loop
vertex -68.7269058227539 4.929067611694336 5.300000190734863
vertex -68.7269058227539 4.929067611694336 0
vertex -69.60997009277344 5.369997501373291 5.300000190734863
endloop
endfacet
facet normal 0.2993428674007103 0.9541456113907986 0
outer loop
vertex -67.86032104492188 4.657195091247559 5.300000190734863
vertex -67.86032104492188 4.657195091247559 0
vertex -68.7269058227539 4.929067611694336 5.300000190734863
endloop
endfacet
facet normal 0.5812348165713427 0.8137358834445472 0
outer loop
vertex -69.60997009277344 5.369997501373291 5.300000190734863
vertex -69.60997009277344 5.369997501373291 0
vertex -70.34902954101562 5.897892475128174 5.300000190734863
endloop
endfacet
facet normal -0.2802183905585061 0.9599362757979306 0
outer loop
vertex 55.425777435302734 -52.55744552612305 5.300000190734863
vertex 55.425777435302734 -52.55744552612305 0
vertex 55.024658203125 -52.674537658691406 5.300000190734863
endloop
endfacet
facet normal -0.00009516665766938136 -0.9999999954716537 8.067377742380516e-10
outer loop
vertex -47.49004364013672 54.49824142456055 3.5999999046325684
vertex -66.49004364013672 54.50004959106445 3.5999999046325684
vertex -66.49007415771484 54.50004959106445 0
endloop
endfacet
facet normal 0.15819336816027005 -0.9874081518146937 0
outer loop
vertex -67.9365463256836 54.325111389160156 0
vertex -66.96041107177734 54.48149871826172 0
vertex -66.96041107177734 54.48149871826172 5.300000190734863
endloop
endfacet
facet normal 0.3127290106181147 -0.9498423900404819 0
outer loop
vertex -68.79922485351562 54.041080474853516 0
vertex -67.9365463256836 54.325111389160156 0
vertex -67.9365463256836 54.325111389160156 5.300000190734863
endloop
endfacet
facet normal 0.45752911981443667 -0.8891946381540021 0
outer loop
vertex -69.6768798828125 53.5894889831543 0
vertex -68.79922485351562 54.041080474853516 0
vertex -68.79922485351562 54.041080474853516 5.300000190734863
endloop
endfacet
facet normal -0.5926240773669984 0.805479175972237 0
outer loop
vertex 70.40848541259766 -51.0511474609375 0
vertex 69.67692565917969 -51.589385986328125 0
vertex 69.67692565917969 -51.589385986328125 5.300000190734863
endloop
endfacet
facet normal 0.5926240773669984 -0.805479175972237 0
outer loop
vertex -70.40843963623047 53.05125045776367 0
vertex -69.6768798828125 53.5894889831543 0
vertex -69.6768798828125 53.5894889831543 5.300000190734863
endloop
endfacet
facet normal 0.8137343225803593 -0.5812370017941768 0
outer loop
vertex -71.63003540039062 51.610042572021484 0
vertex -71.10213470458984 52.34910583496094 0
vertex -71.10213470458984 52.34910583496094 5.300000190734863
endloop
endfacet
facet normal -0.1287478897640512 0.9916773572494754 0
outer loop
vertex 55.84016036987305 -52.50364685058594 5.300000190734863
vertex 55.84016036987305 -52.50364685058594 0
vertex 55.425777435302734 -52.55744552612305 5.300000190734863
endloop
endfacet
facet normal 0.5812348165713427 0.8137358834445472 0
outer loop
vertex -69.60997009277344 5.369997501373291 0
vertex -70.34902954101562 5.897892475128174 0
vertex -70.34902954101562 5.897892475128174 5.300000190734863
endloop
endfacet
facet normal 0 0 -1
outer loop
vertex 53.53071212768555 -54.06294250488281 5.300000190734863
vertex 49.6480712890625 -57.49644088745117 5.300000190734863
vertex 30.628862380981445 -57.493595123291016 5.300000190734863
endloop
endfacet
facet normal 0 0 -1
outer loop
vertex -10.399977684020996 -51.24995040893555 5.300000190734863
vertex -47.756500244140625 -47.150177001953125 5.300000190734863
vertex 55.425777435302734 -52.55744552612305 5.300000190734863
endloop
endfacet
facet normal 0 0 -1
outer loop
vertex 55.425777435302734 -52.55744552612305 5.300000190734863
vertex -51.19997787475586 -53.472068786621094 5.300000190734863
vertex -10.399977684020996 -52.74995040893555 5.300000190734863
endloop
endfacet
facet normal 0 0 -1
outer loop
vertex -49.8765983581543 -57.481563568115234 5.300000190734863
vertex 53.53071212768555 -54.06294250488281 5.300000190734863
vertex -30.8442325592041 -57.48440933227539 5.300000190734863
endloop
endfacet
facet normal 0 0 -1
outer loop
vertex 55.425777435302734 -52.55744552612305 5.300000190734863
vertex -53.39323425292969 -54.41340637207031 5.300000190734863
vertex -51.19997787475586 -53.472068786621094 5.300000190734863
endloop
endfacet
facet normal 0 0 -1
outer loop
vertex -49.8765983581543 -57.481563568115234 5.300000190734863
vertex -50.571128845214844 -57.35280227661133 5.300000190734863
vertex 55.425777435302734 -52.55744552612305 5.300000190734863
endloop
endfacet
facet normal 0 0 -1
outer loop
vertex 55.425777435302734 -52.55744552612305 5.300000190734863
vertex -51.852622985839844 -56.73416519165039 5.300000190734863
vertex -52.38465118408203 -56.26951217651367 5.300000190734863
endloop
endfacet
facet normal 0 0 -1
outer loop
vertex -51.223628997802734 -57.10881805419922 5.300000190734863
vertex 55.425777435302734 -52.55744552612305 5.300000190734863
vertex -50.571128845214844 -57.35280227661133 5.300000190734863
endloop
endfacet
facet normal 0 0 -1
outer loop
vertex 49.85616683959961 -57.483116149902344 5.300000190734863
vertex 49.6480712890625 -57.49644088745117 5.300000190734863
vertex 53.53071212768555 -54.06294250488281 5.300000190734863
endloop
endfacet
facet normal 0 0 -1
outer loop
vertex 50.41347885131836 -57.39320373535156 5.300000190734863
vertex 49.85616683959961 -57.483116149902344 5.300000190734863
vertex 53.53071212768555 -54.06294250488281 5.300000190734863
endloop
endfacet
facet normal -0.4575259751374039 0.8891962562193836 0
outer loop
vertex 69.67692565917969 -51.589385986328125 0
vertex 68.79926300048828 -52.040977478027344 0
vertex 68.79926300048828 -52.040977478027344 5.300000190734863
endloop
endfacet
facet normal -0.3127315058771028 0.9498415684901559 0
outer loop
vertex 68.79926300048828 -52.040977478027344 0
vertex 67.93659210205078 -52.325008392333984 0
vertex 67.93659210205078 -52.325008392333984 5.300000190734863
endloop
endfacet
facet normal -0.15819336816027005 0.9874081518146937 0
outer loop
vertex 67.93659210205078 -52.325008392333984 0
vertex 66.96045684814453 -52.48139572143555 0
vertex 66.96045684814453 -52.48139572143555 5.300000190734863
endloop
endfacet
facet normal -0.0020009434685099347 0.9999979981106141 0
outer loop
vertex 66.96045684814453 -52.48139572143555 0
vertex 55.84016036987305 -52.50364685058594 0
vertex 55.84016036987305 -52.50364685058594 5.300000190734863
endloop
endfacet
facet normal 0 0 -1
outer loop
vertex -51.223628997802734 -57.10881805419922 5.300000190734863
vertex -51.852622985839844 -56.73416519165039 5.300000190734863
vertex 55.425777435302734 -52.55744552612305 5.300000190734863
endloop
endfacet
facet normal 0 0 -1
outer loop
vertex 55.425777435302734 -52.55744552612305 5.300000190734863
vertex -52.821807861328125 -55.727134704589844 5.300000190734863
vertex -53.17216491699219 -55.08428955078125 5.300000190734863
endloop
endfacet
facet normal 0 0 -1
outer loop
vertex -53.17216491699219 -55.08428955078125 5.300000190734863
vertex -53.39323425292969 -54.41340637207031 5.300000190734863
vertex 55.425777435302734 -52.55744552612305 5.300000190734863
endloop
endfacet
facet normal 0 0 -1
outer loop
vertex -52.38465118408203 -56.26951217651367 5.300000190734863
vertex -52.821807861328125 -55.727134704589844 5.300000190734863
vertex 55.425777435302734 -52.55744552612305 5.300000190734863
endloop
endfacet
facet normal 0.0001494336930796434 0.9999999888347857 0
outer loop
vertex -30.8442325592041 -57.48440933227539 3.5999999046325684
vertex -30.8442325592041 -57.48440933227539 5.300000190734863
vertex 36.4722900390625 -57.494468688964844 1.350000023841858
endloop
endfacet
facet normal 0 0 -1
outer loop
vertex -10.546295166015625 -51.26435852050781 5.300000190734863
vertex -47.756500244140625 -47.150177001953125 5.300000190734863
vertex -10.399977684020996 -51.24995040893555 5.300000190734863
endloop
endfacet
facet normal 0 0 -1
outer loop
vertex -10.686990737915039 -51.307037353515625 5.300000190734863
vertex -51.19997787475586 -53.472068786621094 5.300000190734863
vertex -10.546295166015625 -51.26435852050781 5.300000190734863
endloop
endfacet
facet normal 0 0 -1
outer loop
vertex 51.0843620300293 -57.17213821411133 5.300000190734863
vertex 50.41347885131836 -57.39320373535156 5.300000190734863
vertex 53.53071212768555 -54.06294250488281 5.300000190734863
endloop
endfacet
facet normal -0.1287478897640512 0.9916773572494754 0
outer loop
vertex 55.84016036987305 -52.50364685058594 0
vertex 55.425777435302734 -52.55744552612305 0
vertex 55.425777435302734 -52.55744552612305 5.300000190734863
endloop
endfacet
facet normal 0 0 -1
outer loop
vertex 51.72720718383789 -56.82177734375 5.300000190734863
vertex 51.0843620300293 -57.17213821411133 5.300000190734863
vertex 53.53071212768555 -54.06294250488281 5.300000190734863
endloop
endfacet
facet normal 0.0394110259547468 -0.9992230837171419 0
outer loop
vertex -66.96041107177734 54.48149871826172 5.300000190734863
vertex -66.96041107177734 54.48149871826172 0
vertex -66.49007415771484 54.50004959106445 5.300000190734863
endloop
endfacet
facet normal -0.9992228904494183 -0.0394159257387797 2.553279940641998e-7
outer loop
vertex 72.4814682006836 48.96048355102539 0
vertex 72.5000228881836 48.490108489990234 0
vertex 72.5000228881836 48.490142822265625 5.300000190734863
endloop
endfacet
facet normal -0.9874081518146937 -0.15819336816027005 0
outer loop
vertex 72.32508087158203 49.93661880493164 0
vertex 72.4814682006836 48.96048355102539 0
vertex 72.4814682006836 48.96048355102539 5.300000190734863
endloop
endfacet
facet normal 0.8946720887352726 -0.44672346439163513 0
outer loop
vertex -72.07096099853516 50.72698211669922 0
vertex -71.63003540039062 51.610042572021484 0
vertex -71.63003540039062 51.610042572021484 5.300000190734863
endloop
endfacet
facet normal -0.5812334259723617 -0.8137368767190235 0
outer loop
vertex 69.61001586914062 53.630104064941406 0
vertex 70.34907531738281 53.102210998535156 0
vertex 70.34907531738281 53.102210998535156 5.300000190734863
endloop
endfacet
facet normal -0.14633421382373532 -0.9892352085649748 0
outer loop
vertex 66.88396453857422 54.487342834472656 0
vertex 67.86036682128906 54.3429069519043 0
vertex 67.86036682128906 54.3429069519043 5.300000190734863
endloop
endfacet
facet normal -0.29934382334547077 -0.9541453114829606 0
outer loop
vertex 67.86036682128906 54.3429069519043 0
vertex 68.7269515991211 54.0710334777832 0
vertex 68.7269515991211 54.0710334777832 5.300000190734863
endloop
endfacet
facet normal -0.44672501329094655 -0.8946713153444696 0
outer loop
vertex 68.7269515991211 54.0710334777832 0
vertex 69.61001586914062 53.630104064941406 0
vertex 69.61001586914062 53.630104064941406 5.300000190734863
endloop
endfacet
facet normal -0.949840731632363 -0.3127340476061044 0
outer loop
vertex 72.04104614257812 50.799293518066406 0
vertex 72.32508087158203 49.93661880493164 0
vertex 72.32508087158203 49.93661880493164 5.300000190734863
endloop
endfacet
facet normal -0.8891954471908633 -0.4575275474712321 0
outer loop
vertex 71.5894546508789 51.67695236206055 0
vertex 72.04104614257812 50.799293518066406 0
vertex 72.04104614257812 50.799293518066406 5.300000190734863
endloop
endfacet
facet normal -0.8054846609029311 -0.5926166223201051 0
outer loop
vertex 71.5894546508789 51.67695236206055 0
vertex 71.5894546508789 51.67695236206055 5.300000190734863
vertex 71.05122375488281 52.40851593017578 0
endloop
endfacet
facet normal -0.7028115829915879 -0.7113760459931571 0
outer loop
vertex 70.34907531738281 53.102210998535156 0
vertex 71.05122375488281 52.40851593017578 0
vertex 71.05122375488281 52.40851593017578 5.300000190734863
endloop
endfacet
facet normal -0.00009527538144971886 -0.9999999954613008 0
outer loop
vertex 47.86029815673828 54.48915481567383 3.5999999046325684
vertex 47.86029815673828 54.48915481567383 5.300000190734863
vertex -66.49007415771484 54.50004959106445 0
endloop
endfacet
facet normal 0.9541453114829606 -0.29934382334547077 0
outer loop
vertex -72.34283447265625 49.86039733886719 0
vertex -72.07096099853516 50.72698211669922 0
vertex -72.07096099853516 50.72698211669922 5.300000190734863
endloop
endfacet
facet normal 0.00014957630086279258 0.9999999888134117 -3.264471603821062e-7
outer loop
vertex -36.45988082885742 -57.48357009887695 1.350000023841858
vertex -49.84423065185547 -57.4815673828125 3.5999999046325684
vertex -30.8442325592041 -57.48440933227539 3.5999999046325684
endloop
endfacet
facet normal 0 0 -1
outer loop
vertex 47.86029815673828 54.48915481567383 5.300000190734863
vertex 66.75654602050781 49.1502799987793 5.300000190734863
vertex -47.49004364013672 54.49824142456055 5.300000190734863
endloop
endfacet
facet normal 0.00014972686599745849 0.9999999887907708 5.692046554526514e-7
outer loop
vertex -44.45988082885742 -57.48237228393555 1.350000023841858
vertex -49.84423065185547 -57.4815673828125 3.5999999046325684
vertex -36.45988082885742 -57.48357009887695 1.350000023841858
endloop
endfacet
facet normal 0 0 -1
outer loop
vertex -51.19997787475586 -53.472068786621094 5.300000190734863
vertex -10.686990737915039 -52.6928596496582 5.300000190734863
vertex -10.546295166015625 -52.735538482666016 5.300000190734863
endloop
endfacet
facet normal 0 0 -1
outer loop
vertex -66.7999267578125 49.131431579589844 5.300000190734863
vertex -67.15020751953125 48.75657272338867 5.300000190734863
vertex -68.79922485351562 54.041080474853516 5.300000190734863
endloop
endfacet
facet normal 0 0 -1
outer loop
vertex -51.19997787475586 -53.472068786621094 5.300000190734863
vertex -10.546295166015625 -52.735538482666016 5.300000190734863
vertex -10.399977684020996 -52.74995040893555 5.300000190734863
endloop
endfacet
facet normal 0 0 -1
outer loop
vertex -10.816655158996582 -52.62355041503906 5.300000190734863
vertex -51.19997787475586 -53.472068786621094 5.300000190734863
vertex -10.93030834197998 -52.530277252197266 5.300000190734863
endloop
endfacet
facet normal 0 0 -1
outer loop
vertex -69.6768798828125 53.5894889831543 5.300000190734863
vertex -68.79922485351562 54.041080474853516 5.300000190734863
vertex -67.15020751953125 48.75657272338867 5.300000190734863
endloop
endfacet
facet normal 0 0 -1
outer loop
vertex -48.19997787475586 8.80005168914795 5.300000190734863
vertex -51.202606201171875 -17.04494857788086 5.300000190734863
vertex -51.203975677490234 1.9550504684448242 5.300000190734863
endloop
endfacet
facet normal -0.9999999910675178 0.00013365988215974502 0
outer loop
vertex 72.49410247802734 4.039992809295654 5.300000190734863
vertex 72.49324035644531 -2.4101219177246094 0
vertex 72.49324035644531 -2.4101219177246094 5.300000190734863
endloop
endfacet
facet normal 0.9892357680274141 -0.14633043174682547 0
outer loop
vertex -72.48726654052734 48.883995056152344 0
vertex -72.34283447265625 49.86039733886719 0
vertex -72.34283447265625 49.86039733886719 5.300000190734863
endloop
endfacet
facet normal 0 0 -1
outer loop
vertex 70.1968765258789 23.04027557373047 5.300000190734863
vertex 67.15025329589844 -46.7564697265625 5.300000190734863
vertex 70.19767761230469 29.49039077758789 5.300000190734863
endloop
endfacet
facet normal 0 0 -1
outer loop
vertex 72.49324035644531 -2.4101219177246094 5.300000190734863
vertex 70.19374084472656 -2.4098381996154785 5.300000190734863
vertex 70.19453430175781 4.040276527404785 5.300000190734863
endloop
endfacet
facet normal 0 0 -1
outer loop
vertex 72.49410247802734 4.039992809295654 5.300000190734863
vertex 72.49324035644531 -2.4101219177246094 5.300000190734863
vertex 70.19453430175781 4.040276527404785 5.300000190734863
endloop
endfacet
facet normal 0 0 -1
outer loop
vertex 52.269588470458984 -56.38462448120117 5.300000190734863
vertex 51.72720718383789 -56.82177734375 5.300000190734863
vertex 53.53071212768555 -54.06294250488281 5.300000190734863
endloop
endfacet
facet normal 0 0 -1
outer loop
vertex 70.19767761230469 29.49039077758789 5.300000190734863
vertex 67.15025329589844 -46.7564697265625 5.300000190734863
vertex 70.20001983642578 48.49039077758789 5.300000190734863
endloop
endfacet
facet normal 0 0 -1
outer loop
vertex 52.73423767089844 -55.85259246826172 5.300000190734863
vertex 52.269588470458984 -56.38462448120117 5.300000190734863
vertex 53.53071212768555 -54.06294250488281 5.300000190734863
endloop
endfacet
facet normal 0 0 -1
outer loop
vertex 53.10889434814453 -55.22359848022461 5.300000190734863
vertex 52.73423767089844 -55.85259246826172 5.300000190734863
vertex 53.53071212768555 -54.06294250488281 5.300000190734863
endloop
endfacet
facet normal 0 0 -1
outer loop
vertex -10.816655158996582 -51.376346588134766 5.300000190734863
vertex -51.19997787475586 -53.472068786621094 5.300000190734863
vertex -10.686990737915039 -51.307037353515625 5.300000190734863
endloop
endfacet
facet normal 0 0 -1
outer loop
vertex -10.93030834197998 -51.46961975097656 5.300000190734863
vertex -51.19997787475586 -53.472068786621094 5.300000190734863
vertex -10.816655158996582 -51.376346588134766 5.300000190734863
endloop
endfacet
facet normal -0.9999999910675139 0.000133659911802944 0
outer loop
vertex 72.49748992919922 29.4901065826416 5.300000190734863
vertex 72.49748992919922 29.4901065826416 5.32208207286943e-15
vertex 72.49662780761719 23.039993286132812 5.300000190734863
endloop
endfacet
facet normal 0 0 -1
outer loop
vertex 70.20001983642578 48.49039077758789 5.300000190734863
vertex 67.15025329589844 -46.7564697265625 5.300000190734863
vertex 67.20001983642578 48.50004959106445 5.300000190734863
endloop
endfacet
facet normal 0 0 -1
outer loop
vertex -11.023580551147461 -51.58327102661133 5.300000190734863
vertex -51.19997787475586 -53.472068786621094 5.300000190734863
vertex -10.93030834197998 -51.46961975097656 5.300000190734863
endloop
endfacet
facet normal 0.00014937059932625322 0.9999999888441717 -2.8335735906285267e-7
outer loop
vertex -49.84423065185547 -57.4815673828125 3.5999999046325684
vertex -44.45988082885742 -57.48237228393555 1.350000023841858
vertex -49.8765983581543 -57.481563568115234 0
endloop
endfacet
facet normal 0.1822870894876559 0.9832453493437532 0
outer loop
vertex -49.8765983581543 -57.481563568115234 0
vertex -50.571128845214844 -57.35280227661133 0
vertex -50.571128845214844 -57.35280227661133 5.300000190734863
endloop
endfacet
facet normal 0 0 -1
outer loop
vertex -11.092887878417969 -51.71293640136719 5.300000190734863
vertex -51.19997787475586 -53.472068786621094 5.300000190734863
vertex -11.023580551147461 -51.58327102661133 5.300000190734863
endloop
endfacet
facet normal 0 0 -1
outer loop
vertex -11.135566711425781 -51.85363006591797 5.300000190734863
vertex -51.19997787475586 -53.472068786621094 5.300000190734863
vertex -11.092887878417969 -51.71293640136719 5.300000190734863
endloop
endfacet
facet normal 0 0 -1
outer loop
vertex -11.149977684020996 -51.99995040893555 5.300000190734863
vertex -51.19997787475586 -53.472068786621094 5.300000190734863
vertex -11.135566711425781 -51.85363006591797 5.300000190734863
endloop
endfacet
facet normal 0 0 -1
outer loop
vertex 72.49662780761719 23.039993286132812 5.300000190734863
vertex 70.1968765258789 23.04027557373047 5.300000190734863
vertex 70.19767761230469 29.49039077758789 5.300000190734863
endloop
endfacet
facet normal 0 0 -1
outer loop
vertex 72.49748992919922 29.4901065826416 5.300000190734863
vertex 72.49662780761719 23.039993286132812 5.300000190734863
vertex 70.19767761230469 29.49039077758789 5.300000190734863
endloop
endfacet
facet normal 0 0 -1
outer loop
vertex -70.40843963623047 53.05125045776367 5.300000190734863
vertex -69.6768798828125 53.5894889831543 5.300000190734863
vertex -67.15020751953125 48.75657272338867 5.300000190734863
endloop
endfacet
facet normal 0.3502381264784332 0.9366606935069267 0
outer loop
vertex -50.571128845214844 -57.35280227661133 0
vertex -51.223628997802734 -57.10881805419922 0
vertex -51.223628997802734 -57.10881805419922 5.300000190734863
endloop
endfacet
facet normal 0 0 -1
outer loop
vertex -71.10213470458984 52.34910583496094 5.300000190734863
vertex -70.40843963623047 53.05125045776367 5.300000190734863
vertex -67.15020751953125 48.75657272338867 5.300000190734863
endloop
endfacet
facet normal 0 0 -1
outer loop
vertex -70.19403839111328 29.859689712524414 5.300000190734863
vertex -67.15020751953125 48.75657272338867 5.300000190734863
vertex -67.19998168945312 10.500051498413086 5.300000190734863
endloop
endfacet
facet normal 0 0 -1
outer loop
vertex 71.63007354736328 -49.60994338989258 5.300000190734863
vertex 66.5000228881836 -47.199947357177734 5.300000190734863
vertex 66.79997253417969 -47.13132858276367 5.300000190734863
endloop
endfacet
facet normal 0 0 -1
outer loop
vertex 71.63007354736328 -49.60994338989258 5.300000190734863
vertex 66.79997253417969 -47.13132858276367 5.300000190734863
vertex 67.15025329589844 -46.7564697265625 5.300000190734863
endloop
endfacet
facet normal 0 0 -1
outer loop
vertex 72.07100677490234 -48.72687911987305 5.300000190734863
vertex 71.63007354736328 -49.60994338989258 5.300000190734863
vertex 67.15025329589844 -46.7564697265625 5.300000190734863
endloop
endfacet
facet normal 0 0 -1
outer loop
vertex -11.135566711425781 -52.14626693725586 5.300000190734863
vertex -51.19997787475586 -53.472068786621094 5.300000190734863
vertex -11.149977684020996 -51.99995040893555 5.300000190734863
endloop
endfacet
facet normal 0 0 -1
outer loop
vertex -11.092887878417969 -52.28696060180664 5.300000190734863
vertex -51.19997787475586 -53.472068786621094 5.300000190734863
vertex -11.135566711425781 -52.14626693725586 5.300000190734863
endloop
endfacet
facet normal -0.0020009434685099347 0.9999979981106141 0
outer loop
vertex 66.96045684814453 -52.48139572143555 5.300000190734863
vertex 66.96045684814453 -52.48139572143555 0
vertex 55.84016036987305 -52.50364685058594 5.300000190734863
endloop
endfacet
facet normal -0.15819336816027005 0.9874081518146937 0
outer loop
vertex 67.93659210205078 -52.325008392333984 5.300000190734863
vertex 67.93659210205078 -52.325008392333984 0
vertex 66.96045684814453 -52.48139572143555 5.300000190734863
endloop
endfacet
facet normal -0.3127315058771028 0.9498415684901559 0
outer loop
vertex 68.79926300048828 -52.040977478027344 5.300000190734863
vertex 68.79926300048828 -52.040977478027344 0
vertex 67.93659210205078 -52.325008392333984 5.300000190734863
endloop
endfacet
facet normal -0.4575259751374039 0.8891962562193836 0
outer loop
vertex 69.67692565917969 -51.589385986328125 5.300000190734863
vertex 69.67692565917969 -51.589385986328125 0
vertex 68.79926300048828 -52.040977478027344 5.300000190734863
endloop
endfacet
facet normal -0.5926240773669984 0.805479175972237 0
outer loop
vertex 70.40848541259766 -51.0511474609375 5.300000190734863
vertex 70.40848541259766 -51.0511474609375 0
vertex 69.67692565917969 -51.589385986328125 5.300000190734863
endloop
endfacet
facet normal -0.7113741369752885 0.7028135152675022 0
outer loop
vertex 71.10218048095703 -50.349002838134766 5.300000190734863
vertex 71.10218048095703 -50.349002838134766 0
vertex 70.40848541259766 -51.0511474609375 5.300000190734863
endloop
endfacet
facet normal 0.00014961674360842073 0.9999999888074149 0
outer loop
vertex 49.6480712890625 -57.49644088745117 0
vertex 44.4722900390625 -57.49566650390625 0
vertex 44.4722900390625 -57.49566650390625 1.350000023841858
endloop
endfacet
facet normal 0.9892357680274141 -0.14633043174682547 0
outer loop
vertex -72.48726654052734 48.883995056152344 5.300000190734863
vertex -72.48726654052734 48.883995056152344 0
vertex -72.34283447265625 49.86039733886719 5.300000190734863
endloop
endfacet
facet normal -0.9992227771281339 -0.039418798413191264 0
outer loop
vertex 72.4814682006836 48.96048355102539 5.300000190734863
vertex 72.4814682006836 48.96048355102539 0
vertex 72.5000228881836 48.490142822265625 5.300000190734863
endloop
endfacet
facet normal -0.9874081518146937 -0.15819336816027005 0
outer loop
vertex 72.32508087158203 49.93661880493164 5.300000190734863
vertex 72.32508087158203 49.93661880493164 0
vertex 72.4814682006836 48.96048355102539 5.300000190734863
endloop
endfacet
facet normal -0.8137368767190235 0.5812334259723617 0
outer loop
vertex 71.63007354736328 -49.60994338989258 5.300000190734863
vertex 71.63007354736328 -49.60994338989258 0
vertex 71.10218048095703 -50.349002838134766 5.300000190734863
endloop
endfacet
facet normal -0.14140019364298126 -0.9899520812126531 -0.0009285151931897512
outer loop
vertex 66.86029815673828 54.48734664916992 3.5999999046325684
vertex 66.88396453857422 54.487342834472656 0
vertex 67.86036682128906 54.3429069519043 5.300000190734863
endloop
endfacet
facet normal -0.29934382334547077 -0.9541453114829606 0
outer loop
vertex 67.86036682128906 54.3429069519043 5.300000190734863
vertex 67.86036682128906 54.3429069519043 0
vertex 68.7269515991211 54.0710334777832 5.300000190734863
endloop
endfacet
facet normal -0.44672501329094655 -0.8946713153444696 0
outer loop
vertex 68.7269515991211 54.0710334777832 5.300000190734863
vertex 68.7269515991211 54.0710334777832 0
vertex 69.61001586914062 53.630104064941406 5.300000190734863
endloop
endfacet
facet normal -0.5812334259723617 -0.8137368767190235 0
outer loop
vertex 69.61001586914062 53.630104064941406 5.300000190734863
vertex 69.61001586914062 53.630104064941406 0
vertex 70.34907531738281 53.102210998535156 5.300000190734863
endloop
endfacet
facet normal -0.949840731632363 -0.3127340476061044 0
outer loop
vertex 72.04104614257812 50.799293518066406 5.300000190734863
vertex 72.04104614257812 50.799293518066406 0
vertex 72.32508087158203 49.93661880493164 5.300000190734863
endloop
endfacet
facet normal -0.8891954471908633 -0.4575275474712321 0
outer loop
vertex 71.5894546508789 51.67695236206055 5.300000190734863
vertex 71.5894546508789 51.67695236206055 0
vertex 72.04104614257812 50.799293518066406 5.300000190734863
endloop
endfacet
facet normal -0.8054846609029311 -0.5926166223201051 0
outer loop
vertex 71.05122375488281 52.40851593017578 5.300000190734863
vertex 71.05122375488281 52.40851593017578 0
vertex 71.5894546508789 51.67695236206055 5.300000190734863
endloop
endfacet
facet normal -0.7028115829915879 -0.7113760459931571 0
outer loop
vertex 70.34907531738281 53.102210998535156 5.300000190734863
vertex 70.34907531738281 53.102210998535156 0
vertex 71.05122375488281 52.40851593017578 5.300000190734863
endloop
endfacet
facet normal 0.9541453114829606 -0.29934382334547077 0
outer loop
vertex -72.34283447265625 49.86039733886719 5.300000190734863
vertex -72.34283447265625 49.86039733886719 0
vertex -72.07096099853516 50.72698211669922 5.300000190734863
endloop
endfacet
facet normal -0.14633391083598243 -0.9892331603347964 0.0020349529424434653
outer loop
vertex 67.86036682128906 54.3429069519043 5.300000190734863
vertex 66.88396453857422 54.487342834472656 5.300000190734863
vertex 66.86029815673828 54.48734664916992 3.5999999046325684
endloop
endfacet
facet normal 0.8946720887352726 -0.44672346439163513 0
outer loop
vertex -72.07096099853516 50.72698211669922 5.300000190734863
vertex -72.07096099853516 50.72698211669922 0
vertex -71.63003540039062 51.610042572021484 5.300000190734863
endloop
endfacet
facet normal 0 0 -1
outer loop
vertex 66.88396453857422 54.487342834472656 5.300000190734863
vertex 66.75654602050781 49.1502799987793 5.300000190734863
vertex 47.86029815673828 54.48915481567383 5.300000190734863
endloop
endfacet
facet normal 0.8137343225803593 -0.5812370017941768 0
outer loop
vertex -71.63003540039062 51.610042572021484 5.300000190734863
vertex -71.63003540039062 51.610042572021484 0
vertex -71.10213470458984 52.34910583496094 5.300000190734863
endloop
endfacet
facet normal 0 0 -1
outer loop
vertex 67.20001983642578 48.50004959106445 5.300000190734863
vertex 67.13140106201172 48.80000305175781 5.300000190734863
vertex 72.32508087158203 49.93661880493164 5.300000190734863
endloop
endfacet
facet normal 0 0 -1
outer loop
vertex 70.20001983642578 48.49039077758789 5.300000190734863
vertex 67.20001983642578 48.50004959106445 5.300000190734863
vertex 72.32508087158203 49.93661880493164 5.300000190734863
endloop
endfacet
facet normal 0 0 -1
outer loop
vertex 70.20001983642578 48.49039077758789 5.300000190734863
vertex 72.32508087158203 49.93661880493164 5.300000190734863
vertex 72.5000228881836 48.490142822265625 5.300000190734863
endloop
endfacet
facet normal 0 0 -1
outer loop
vertex 72.32508087158203 49.93661880493164 5.300000190734863
vertex 72.4814682006836 48.96048355102539 5.300000190734863
vertex 72.5000228881836 48.490142822265625 5.300000190734863
endloop
endfacet
facet normal 0.9989640847932617 0.04380010675280614 -0.012341310368198678
outer loop
vertex -53.39323425292969 -54.41340637207031 5.300000190734863
vertex -53.48314666748047 -53.85609436035156 0
vertex -53.499977111816406 -53.47223663330078 0
endloop
endfacet
facet normal 0.9872346091716161 0.1592728051293327 0
outer loop
vertex -53.48314666748047 -53.85609436035156 0
vertex -53.39323425292969 -54.41340637207031 5.300000190734863
vertex -53.39323425292969 -54.41340637207031 0
endloop
endfacet
facet normal -0.894669770674099 0.44672810684123615 0
outer loop
vertex 72.07100677490234 -48.72687911987305 5.300000190734863
vertex 72.07100677490234 -48.72687911987305 0
vertex 71.63007354736328 -49.60994338989258 5.300000190734863
endloop
endfacet
facet normal 0 0 -1
outer loop
vertex 70.19059753417969 -27.859952926635742 5.300000190734863
vertex 67.15025329589844 -46.7564697265625 5.300000190734863
vertex 70.19139099121094 -21.40983772277832 5.300000190734863
endloop
endfacet
facet normal 0.7785845241530565 0.6275397507324605 0
outer loop
vertex -52.38465118408203 -56.26951217651367 0
vertex -52.821807861328125 -55.727134704589844 0
vertex -52.821807861328125 -55.727134704589844 5.300000190734863
endloop
endfacet
facet normal 0.9497642659789189 0.3129661947711369 0
outer loop
vertex -53.17216491699219 -55.08428955078125 0
vertex -53.39323425292969 -54.41340637207031 0
vertex -53.39323425292969 -54.41340637207031 5.300000190734863
endloop
endfacet
facet normal 0 0 -1
outer loop
vertex 66.88396453857422 54.487342834472656 5.300000190734863
vertex 67.86036682128906 54.3429069519043 5.300000190734863
vertex 66.75654602050781 49.1502799987793 5.300000190734863
endloop
endfacet
facet normal 0 0 -1
outer loop
vertex 67.86036682128906 54.3429069519043 5.300000190734863
vertex 68.7269515991211 54.0710334777832 5.300000190734863
vertex 66.75654602050781 49.1502799987793 5.300000190734863
endloop
endfacet
facet normal 0 0 -1
outer loop
vertex 67.13140106201172 48.80000305175781 5.300000190734863
vertex 66.75654602050781 49.1502799987793 5.300000190734863
vertex 71.5894546508789 51.67695236206055 5.300000190734863
endloop
endfacet
facet normal 0 0 -1
outer loop
vertex 71.5894546508789 51.67695236206055 5.300000190734863
vertex 72.04104614257812 50.799293518066406 5.300000190734863
vertex 67.13140106201172 48.80000305175781 5.300000190734863
endloop
endfacet
facet normal 0 0 -1
outer loop
vertex 71.5894546508789 51.67695236206055 5.300000190734863
vertex 66.75654602050781 49.1502799987793 5.300000190734863
vertex 71.05122375488281 52.40851593017578 5.300000190734863
endloop
endfacet
facet normal 0 0 -1
outer loop
vertex 68.7269515991211 54.0710334777832 5.300000190734863
vertex 69.61001586914062 53.630104064941406 5.300000190734863
vertex 66.75654602050781 49.1502799987793 5.300000190734863
endloop
endfacet
facet normal 0 0 -1
outer loop
vertex 69.61001586914062 53.630104064941406 5.300000190734863
vertex 70.34907531738281 53.102210998535156 5.300000190734863
vertex 66.75654602050781 49.1502799987793 5.300000190734863
endloop
endfacet
facet normal 0 0 -1
outer loop
vertex 70.34907531738281 53.102210998535156 5.300000190734863
vertex 71.05122375488281 52.40851593017578 5.300000190734863
vertex 66.75654602050781 49.1502799987793 5.300000190734863
endloop
endfacet
facet normal 0.8780596017027557 0.4785512886385305 0
outer loop
vertex -52.821807861328125 -55.727134704589844 0
vertex -53.17216491699219 -55.08428955078125 0
vertex -53.17216491699219 -55.08428955078125 5.300000190734863
endloop
endfacet
facet normal 0 0 -1
outer loop
vertex 70.18824768066406 -46.85995101928711 5.300000190734863
vertex 67.15025329589844 -46.7564697265625 5.300000190734863
vertex 70.19059753417969 -27.859952926635742 5.300000190734863
endloop
endfacet
facet normal 0.5117376704484667 0.8591417558493921 0
outer loop
vertex -51.223628997802734 -57.10881805419922 0
vertex -51.852622985839844 -56.73416519165039 0
vertex -51.852622985839844 -56.73416519165039 5.300000190734863
endloop
endfacet
facet normal 0.6578054215545929 0.7531879097365971 0
outer loop
vertex -51.852622985839844 -56.73416519165039 0
vertex -52.38465118408203 -56.26951217651367 0
vertex -52.38465118408203 -56.26951217651367 5.300000190734863
endloop
endfacet
facet normal 0.7113741369752885 -0.7028135152675022 0
outer loop
vertex -71.10213470458984 52.34910583496094 5.300000190734863
vertex -71.10213470458984 52.34910583496094 0
vertex -70.40843963623047 53.05125045776367 5.300000190734863
endloop
endfacet
facet normal 0.5926240773669984 -0.805479175972237 0
outer loop
vertex -70.40843963623047 53.05125045776367 5.300000190734863
vertex -70.40843963623047 53.05125045776367 0
vertex -69.6768798828125 53.5894889831543 5.300000190734863
endloop
endfacet
facet normal 0.0001492999786171503 0.9999999888547582 0
outer loop
vertex -44.45988082885742 -57.48237228393555 0
vertex -49.8765983581543 -57.481563568115234 0
vertex -44.45988082885742 -57.48237228393555 1.350000023841858
endloop
endfacet
facet normal 0 0 -1
outer loop
vertex 72.04104614257812 50.799293518066406 5.300000190734863
vertex 72.32508087158203 49.93661880493164 5.300000190734863
vertex 67.13140106201172 48.80000305175781 5.300000190734863
endloop
endfacet
facet normal 0.039403067607041695 -0.9992233975756645 7.07344700993888e-7
outer loop
vertex -66.96041107177734 54.48149871826172 0
vertex -66.49004364013672 54.50004959106445 3.5999999046325684
vertex -66.49007415771484 54.50004959106445 5.300000190734863
endloop
endfacet
facet normal 0.45752911981443667 -0.8891946381540021 0
outer loop
vertex -69.6768798828125 53.5894889831543 5.300000190734863
vertex -69.6768798828125 53.5894889831543 0
vertex -68.79922485351562 54.041080474853516 5.300000190734863
endloop
endfacet
facet normal 0.3127290106181147 -0.9498423900404819 0
outer loop
vertex -68.79922485351562 54.041080474853516 5.300000190734863
vertex -68.79922485351562 54.041080474853516 0
vertex -67.9365463256836 54.325111389160156 5.300000190734863
endloop
endfacet
facet normal 0.15819336816027005 -0.9874081518146937 0
outer loop
vertex -67.9365463256836 54.325111389160156 5.300000190734863
vertex -67.9365463256836 54.325111389160156 0
vertex -66.96041107177734 54.48149871826172 5.300000190734863
endloop
endfacet
facet normal -0.2802183905585061 0.9599362757979306 0
outer loop
vertex 55.425777435302734 -52.55744552612305 0
vertex 55.024658203125 -52.674537658691406 0
vertex 55.024658203125 -52.674537658691406 5.300000190734863
endloop
endfacet
facet normal -0.42499583673980323 0.9051953042044764 0
outer loop
vertex 55.024658203125 -52.674537658691406 0
vertex 54.64641189575195 -52.85212707519531 0
vertex 54.64641189575195 -52.85212707519531 5.300000190734863
endloop
endfacet
facet normal -0.9541453114829606 0.29934382334547077 0
outer loop
vertex 72.34288024902344 -47.860294342041016 5.300000190734863
vertex 72.34288024902344 -47.860294342041016 0
vertex 72.07100677490234 -48.72687911987305 5.300000190734863
endloop
endfacet
facet normal -0.9897301788995134 0.14294814785626728 0
outer loop
vertex 72.48731994628906 -46.86023712158203 8.640818570100454e-15
vertex 72.34288024902344 -47.860294342041016 5.300000190734863
vertex 72.48731994628906 -46.86023712158203 5.300000190734863
endloop
endfacet
facet normal 0 0 -1
outer loop
vertex 72.48731994628906 -46.86023712158203 5.300000190734863
vertex 72.34288024902344 -47.860294342041016 5.300000190734863
vertex 70.18824768066406 -46.85995101928711 5.300000190734863
endloop
endfacet
facet normal -0.5595719429727545 0.8287817810724945 0
outer loop
vertex 54.64641189575195 -52.85212707519531 0
vertex 54.30009841918945 -53.0859489440918 0
vertex 54.30009841918945 -53.0859489440918 5.300000190734863
endloop
endfacet
facet normal -0.6807612796739902 0.7325053447563582 0
outer loop
vertex 54.30009841918945 -53.0859489440918 0
vertex 53.994014739990234 -53.37041091918945 0
vertex 53.994014739990234 -53.37041091918945 5.300000190734863
endloop
endfacet
facet normal -0.7856348725389973 0.6186904290924771 0
outer loop
vertex 53.994014739990234 -53.37041091918945 0
vertex 53.73548889160156 -53.69869613647461 0
vertex 53.73548889160156 -53.69869613647461 5.300000190734863
endloop
endfacet
facet normal -0.8716898571325215 0.49005794858596513 0
outer loop
vertex 53.73548889160156 -53.69869613647461 0
vertex 53.53071212768555 -54.06294250488281 0
vertex 53.53071212768555 -54.06294250488281 5.300000190734863
endloop
endfacet
facet normal -0.9398555486777614 0.3415721704407785 0
outer loop
vertex 53.53071212768555 -54.06294250488281 0
vertex 53.10889434814453 -55.22359848022461 0
vertex 53.10889434814453 -55.22359848022461 5.300000190734863
endloop
endfacet
facet normal -0.8591394650286885 0.5117415164223232 0
outer loop
vertex 53.10889434814453 -55.22359848022461 0
vertex 52.73423767089844 -55.85259246826172 0
vertex 52.73423767089844 -55.85259246826172 5.300000190734863
endloop
endfacet
facet normal 0 0 -1
outer loop
vertex -67.15020751953125 48.75657272338867 5.300000190734863
vertex -70.1882095336914 48.85968780517578 5.300000190734863
vertex -71.10213470458984 52.34910583496094 5.300000190734863
endloop
endfacet
facet normal -0.7531929221751124 0.6577996822630087 0
outer loop
vertex 52.73423767089844 -55.85259246826172 0
vertex 52.269588470458984 -56.38462448120117 0
vertex 52.269588470458984 -56.38462448120117 5.300000190734863
endloop
endfacet
facet normal 0 0 -1
outer loop
vertex -70.1882095336914 48.85968780517578 5.300000190734863
vertex -71.63003540039062 51.610042572021484 5.300000190734863
vertex -71.10213470458984 52.34910583496094 5.300000190734863
endloop
endfacet
facet normal -0.6275337556568628 0.77858935615072 0
outer loop
vertex 52.269588470458984 -56.38462448120117 0
vertex 51.72720718383789 -56.82177734375 0
vertex 51.72720718383789 -56.82177734375 5.300000190734863
endloop
endfacet
facet normal -0.47855530584421374 0.8780574122734521 0
outer loop
vertex 51.72720718383789 -56.82177734375 0
vertex 51.0843620300293 -57.17213821411133 0
vertex 51.0843620300293 -57.17213821411133 5.300000190734863
endloop
endfacet
facet normal -0.3129613232818352 0.9497658712175767 0
outer loop
vertex 51.0843620300293 -57.17213821411133 0
vertex 50.41347885131836 -57.39320373535156 0
vertex 50.41347885131836 -57.39320373535156 5.300000190734863
endloop
endfacet
facet normal -0.1592728051293327 0.9872346091716161 0
outer loop
vertex 50.41347885131836 -57.39320373535156 0
vertex 49.85616683959961 -57.483116149902344 0
vertex 49.85616683959961 -57.483116149902344 5.300000190734863
endloop
endfacet
facet normal 0.0001495485112718256 0.9999999888175871 -2.615967778021418e-7
outer loop
vertex 49.6480712890625 -57.49644088745117 0
vertex 44.4722900390625 -57.49566650390625 1.350000023841858
vertex 49.62886047363281 -57.496437072753906 3.5999999046325684
endloop
endfacet
facet normal -0.06390095435364412 0.9979561869297568 -0.0003420545481186393
outer loop
vertex 49.85616683959961 -57.483116149902344 0
vertex 49.6480712890625 -57.49644088745117 0
vertex 49.62886047363281 -57.496437072753906 3.5999999046325684
endloop
endfacet
facet normal 0.00014957630086279267 0.9999999888134122 -3.2528521957053587e-7
outer loop
vertex 44.4722900390625 -57.49566650390625 1.350000023841858
vertex 30.628862380981445 -57.493595123291016 3.5999999046325684
vertex 49.62886047363281 -57.496437072753906 3.5999999046325684
endloop
endfacet
facet normal 0 0 -1
outer loop
vertex -72.07096099853516 50.72698211669922 5.300000190734863
vertex -71.63003540039062 51.610042572021484 5.300000190734863
vertex -70.1882095336914 48.85968780517578 5.300000190734863
endloop
endfacet
facet normal 0 0 -1
outer loop
vertex -72.34283447265625 49.86039733886719 5.300000190734863
vertex -72.07096099853516 50.72698211669922 5.300000190734863
vertex -70.1882095336914 48.85968780517578 5.300000190734863
endloop
endfacet
facet normal 0 0 -1
outer loop
vertex 72.34288024902344 -47.860294342041016 5.300000190734863
vertex 72.07100677490234 -48.72687911987305 5.300000190734863
vertex 67.15025329589844 -46.7564697265625 5.300000190734863
endloop
endfacet
facet normal 0 0 -1
outer loop
vertex -51.2012939453125 -35.25851058959961 5.300000190734863
vertex -48.19997787475586 8.80005168914795 5.300000190734863
vertex -48.19997787475586 -46.49995040893555 5.300000190734863
endloop
endfacet
facet normal 0 0 -1
outer loop
vertex -67.15020751953125 48.75657272338867 5.300000190734863
vertex -70.19403839111328 29.859689712524414 5.300000190734863
vertex -70.1882095336914 48.85968780517578 5.300000190734863
endloop
endfacet
facet normal 0 0 -1
outer loop
vertex -48.19997787475586 8.80005168914795 5.300000190734863
vertex -51.2012939453125 -35.25851058959961 5.300000190734863
vertex -51.202606201171875 -17.04494857788086 5.300000190734863
endloop
endfacet
facet normal 0 0 -1
outer loop
vertex 67.15025329589844 -46.7564697265625 5.300000190734863
vertex 70.18824768066406 -46.85995101928711 5.300000190734863
vertex 72.34288024902344 -47.860294342041016 5.300000190734863
endloop
endfacet
facet normal 0.7113741369752885 -0.7028135152675022 0
outer loop
vertex -71.10213470458984 52.34910583496094 0
vertex -70.40843963623047 53.05125045776367 0
vertex -70.40843963623047 53.05125045776367 5.300000190734863
endloop
endfacet
facet normal 1 0 0
outer loop
vertex 44.4722900390625 -57.49566650390625 1.350000023841858
vertex 44.4722900390625 -57.49566650390625 0
vertex 44.4722900390625 -57.199947357177734 1.350000023841858
endloop
endfacet
facet normal 0 0 1
outer loop
vertex 44.4722900390625 -57.199947357177734 1.350000023841858
vertex 36.4722900390625 -57.199947357177734 1.350000023841858
vertex 44.4722900390625 -57.49566650390625 1.350000023841858
endloop
endfacet
facet normal -1 0 0
outer loop
vertex 36.4722900390625 -57.494468688964844 -0.44999998807907104
vertex 36.4722900390625 -57.494468688964844 0
vertex 36.4722900390625 -57.199947357177734 -0.44999998807907104
endloop
endfacet
facet normal -1 0 0
outer loop
vertex 36.4722900390625 -57.199947357177734 -0.44999998807907104
vertex 36.4722900390625 -57.494468688964844 0
vertex 36.4722900390625 -57.494468688964844 1.350000023841858
endloop
endfacet
facet normal -1 0 0
outer loop
vertex 36.4722900390625 -57.199947357177734 -0.44999998807907104
vertex 36.4722900390625 -57.494468688964844 1.350000023841858
vertex 36.4722900390625 -57.199947357177734 1.350000023841858
endloop
endfacet
facet normal 0 0 -1
outer loop
vertex 36.4722900390625 -57.99995040893555 -0.44999998807907104
vertex 36.4722900390625 -57.494468688964844 -0.44999998807907104
vertex 44.4722900390625 -57.199947357177734 -0.44999998807907104
endloop
endfacet
facet normal 0 0 -1
outer loop
vertex 44.4722900390625 -57.199947357177734 -0.44999998807907104
vertex 36.4722900390625 -57.494468688964844 -0.44999998807907104
vertex 36.4722900390625 -57.199947357177734 -0.44999998807907104
endloop
endfacet
facet normal 0 0 -1
outer loop
vertex 44.4722900390625 -57.99995040893555 -0.44999998807907104
vertex 36.4722900390625 -57.99995040893555 -0.44999998807907104
vertex 44.4722900390625 -57.49566650390625 -0.44999998807907104
endloop
endfacet
facet normal 0 0 -1
outer loop
vertex 44.4722900390625 -57.49566650390625 -0.44999998807907104
vertex 36.4722900390625 -57.99995040893555 -0.44999998807907104
vertex 44.4722900390625 -57.199947357177734 -0.44999998807907104
endloop
endfacet
facet normal 0 1 0
outer loop
vertex 44.4722900390625 -57.199947357177734 -0.44999998807907104
vertex 36.4722900390625 -57.199947357177734 -0.44999998807907104
vertex 44.4722900390625 -57.199947357177734 1.350000023841858
endloop
endfacet
facet normal 1 0 0
outer loop
vertex 44.4722900390625 -57.49566650390625 -0.44999998807907104
vertex 44.4722900390625 -57.199947357177734 -0.44999998807907104
vertex 44.4722900390625 -57.199947357177734 1.350000023841858
endloop
endfacet
facet normal 1 0 0
outer loop
vertex 44.4722900390625 -57.49566650390625 0
vertex 44.4722900390625 -57.49566650390625 -0.44999998807907104
vertex 44.4722900390625 -57.199947357177734 1.350000023841858
endloop
endfacet
facet normal 0 1 0
outer loop
vertex 44.4722900390625 -57.199947357177734 1.350000023841858
vertex 36.4722900390625 -57.199947357177734 -0.44999998807907104
vertex 36.4722900390625 -57.199947357177734 1.350000023841858
endloop
endfacet
facet normal 0 0 1
outer loop
vertex 36.4722900390625 -57.199947357177734 1.350000023841858
vertex 36.4722900390625 -57.494468688964844 1.350000023841858
vertex 44.4722900390625 -57.49566650390625 1.350000023841858
endloop
endfacet
facet normal 0 0 -1
outer loop
vertex -44.45988082885742 -57.99995040893555 -0.44999998807907104
vertex -44.45988082885742 -57.48237228393555 -0.44999998807907104
vertex -36.45988082885742 -57.199947357177734 -0.44999998807907104
endloop
endfacet
facet normal -1 0 0
outer loop
vertex -44.45988082885742 -57.199947357177734 1.350000023841858
vertex -44.45988082885742 -57.48237228393555 0
vertex -44.45988082885742 -57.48237228393555 1.350000023841858
endloop
endfacet
facet normal 0 0 -1
outer loop
vertex -36.45988082885742 -57.199947357177734 -0.44999998807907104
vertex -44.45988082885742 -57.48237228393555 -0.44999998807907104
vertex -44.45988082885742 -57.199947357177734 -0.44999998807907104
endloop
endfacet
facet normal 0 0 -1
outer loop
vertex -36.45988082885742 -57.99995040893555 -0.44999998807907104
vertex -44.45988082885742 -57.99995040893555 -0.44999998807907104
vertex -36.45988082885742 -57.48357009887695 -0.44999998807907104
endloop
endfacet
facet normal 0 0 -1
outer loop
vertex -36.45988082885742 -57.48357009887695 -0.44999998807907104
vertex -44.45988082885742 -57.99995040893555 -0.44999998807907104
vertex -36.45988082885742 -57.199947357177734 -0.44999998807907104
endloop
endfacet
facet normal 1 0 0
outer loop
vertex -36.45988082885742 -57.199947357177734 1.350000023841858
vertex -36.45988082885742 -57.48357009887695 1.350000023841858
vertex -36.45988082885742 -57.48357009887695 0
endloop
endfacet
facet normal 1 0 0
outer loop
vertex -36.45988082885742 -57.48357009887695 -0.44999998807907104
vertex -36.45988082885742 -57.199947357177734 1.350000023841858
vertex -36.45988082885742 -57.48357009887695 0
endloop
endfacet
facet normal 1 0 0
outer loop
vertex -36.45988082885742 -57.48357009887695 -0.44999998807907104
vertex -36.45988082885742 -57.199947357177734 -0.44999998807907104
vertex -36.45988082885742 -57.199947357177734 1.350000023841858
endloop
endfacet
facet normal -1 0 0
outer loop
vertex -44.45988082885742 -57.199947357177734 -0.44999998807907104
vertex -44.45988082885742 -57.48237228393555 -0.44999998807907104
vertex -44.45988082885742 -57.48237228393555 0
endloop
endfacet
facet normal -1 0 0
outer loop
vertex -44.45988082885742 -57.199947357177734 -0.44999998807907104
vertex -44.45988082885742 -57.48237228393555 0
vertex -44.45988082885742 -57.199947357177734 1.350000023841858
endloop
endfacet
facet normal 0 1 0
outer loop
vertex -36.45988082885742 -57.199947357177734 -0.44999998807907104
vertex -44.45988082885742 -57.199947357177734 -0.44999998807907104
vertex -36.45988082885742 -57.199947357177734 1.350000023841858
endloop
endfacet
facet normal 0 0 1
outer loop
vertex -36.45988082885742 -57.199947357177734 1.350000023841858
vertex -44.45988082885742 -57.199947357177734 1.350000023841858
vertex -36.45988082885742 -57.48357009887695 1.350000023841858
endloop
endfacet
facet normal 0 0 1
outer loop
vertex -44.45988082885742 -57.199947357177734 1.350000023841858
vertex -44.45988082885742 -57.48237228393555 1.350000023841858
vertex -36.45988082885742 -57.48357009887695 1.350000023841858
endloop
endfacet
facet normal 0 1 0
outer loop
vertex -36.45988082885742 -57.199947357177734 1.350000023841858
vertex -44.45988082885742 -57.199947357177734 -0.44999998807907104
vertex -44.45988082885742 -57.199947357177734 1.350000023841858
endloop
endfacet
facet normal -0.00008834035738555825 -0.9999999960979906 0
outer loop
vertex 47.86040496826172 55.68995666503906 3.5999999046325684
vertex 66.86040496826172 55.68827819824219 3.5999999046325684
vertex 66.86040496826172 55.68827819824219 5.300000190734863
endloop
endfacet
facet normal 0 0 1
outer loop
vertex 66.86029815673828 54.48734664916992 3.5999999046325684
vertex 66.86040496826172 55.68827819824219 3.5999999046325684
vertex 47.86029815673828 54.48915481567383 3.5999999046325684
endloop
endfacet
facet normal 0.9999999960439341 -0.00008895016531779085 0
outer loop
vertex 47.86029815673828 54.48915481567383 5.300000190734863
vertex 47.86029815673828 54.48915481567383 3.5999999046325684
vertex 47.86040496826172 55.68995666503906 3.5999999046325684
endloop
endfacet
facet normal 0.9999999960439341 -0.00008895016531779085 0
outer loop
vertex 47.86029815673828 54.48915481567383 5.300000190734863
vertex 47.86040496826172 55.68995666503906 3.5999999046325684
vertex 47.86040496826172 55.68995666503906 5.300000190734863
endloop
endfacet
facet normal -0.00008834035738555825 -0.9999999960979906 0
outer loop
vertex 47.86040496826172 55.68995666503906 3.5999999046325684
vertex 66.86040496826172 55.68827819824219 5.300000190734863
vertex 47.86040496826172 55.68995666503906 5.300000190734863
endloop
endfacet
facet normal 0 0 -1
outer loop
vertex 66.88396453857422 54.487342834472656 5.300000190734863
vertex 47.86040496826172 55.68995666503906 5.300000190734863
vertex 66.86040496826172 55.68827819824219 5.300000190734863
endloop
endfacet
facet normal -0.9999999960447886 0.00008894055876669329 0
outer loop
vertex 66.86029815673828 54.48734664916992 3.5999999046325684
vertex 66.86040496826172 55.68827819824219 5.300000190734863
vertex 66.86040496826172 55.68827819824219 3.5999999046325684
endloop
endfacet
facet normal 0 0 -1
outer loop
vertex 47.86029815673828 54.48915481567383 5.300000190734863
vertex 47.86040496826172 55.68995666503906 5.300000190734863
vertex 66.88396453857422 54.487342834472656 5.300000190734863
endloop
endfacet
facet normal -0.9997107966874866 -0.01961201036898118 0.01391732861426668
outer loop
vertex 66.86029815673828 54.48734664916992 3.5999999046325684
vertex 66.88396453857422 54.487342834472656 5.300000190734863
vertex 66.86040496826172 55.68827819824219 5.300000190734863
endloop
endfacet
facet normal 0 0 1
outer loop
vertex 47.86040496826172 55.68995666503906 3.5999999046325684
vertex 47.86029815673828 54.48915481567383 3.5999999046325684
vertex 66.86040496826172 55.68827819824219 3.5999999046325684
endloop
endfacet
facet normal 0 0 1
outer loop
vertex -47.49004364013672 54.49824142456055 3.5999999046325684
vertex -47.48993682861328 55.6983757019043 3.5999999046325684
vertex -66.49004364013672 54.50004959106445 3.5999999046325684
endloop
endfacet
facet normal 0 0 1
outer loop
vertex -66.48993682861328 55.700050354003906 3.5999999046325684
vertex -66.49004364013672 54.50004959106445 3.5999999046325684
vertex -47.48993682861328 55.6983757019043 3.5999999046325684
endloop
endfacet
facet normal 0.9999999934516465 -0.00011444084445982101 0
outer loop
vertex -66.48993682861328 55.700050354003906 5.300000190734863
vertex -66.49007415771484 54.50004959106445 5.300000190734863
vertex -66.48993682861328 55.700050354003906 3.5999999046325684
endloop
endfacet
facet normal 0 0 -1
outer loop
vertex -47.49004364013672 54.49824142456055 5.300000190734863
vertex -66.48993682861328 55.700050354003906 5.300000190734863
vertex -47.48993682861328 55.6983757019043 5.300000190734863
endloop
endfacet
facet normal 0.9999999958775221 -0.00008900954590689799 0.00001795151344895457
outer loop
vertex -66.49004364013672 54.50004959106445 3.5999999046325684
vertex -66.48993682861328 55.700050354003906 3.5999999046325684
vertex -66.49007415771484 54.50004959106445 5.300000190734863
endloop
endfacet
facet normal -0.9999999960395316 0.00008899964364894372 0
outer loop
vertex -47.49004364013672 54.49824142456055 5.300000190734863
vertex -47.48993682861328 55.6983757019043 5.300000190734863
vertex -47.49004364013672 54.49824142456055 3.5999999046325684
endloop
endfacet
facet normal -0.00008813958384760712 -0.9999999961157068 0
outer loop
vertex -66.48993682861328 55.700050354003906 3.5999999046325684
vertex -47.48993682861328 55.6983757019043 5.300000190734863
vertex -66.48993682861328 55.700050354003906 5.300000190734863
endloop
endfacet
facet normal -0.9999999960395316 0.00008899964364894372 0
outer loop
vertex -47.48993682861328 55.6983757019043 3.5999999046325684
vertex -47.49004364013672 54.49824142456055 3.5999999046325684
vertex -47.48993682861328 55.6983757019043 5.300000190734863
endloop
endfacet
facet normal -0.00008813958384760712 -0.9999999961157068 0
outer loop
vertex -66.48993682861328 55.700050354003906 3.5999999046325684
vertex -47.48993682861328 55.6983757019043 3.5999999046325684
vertex -47.48993682861328 55.6983757019043 5.300000190734863
endloop
endfacet
facet normal 0 0 -1
outer loop
vertex -66.49007415771484 54.50004959106445 5.300000190734863
vertex -66.48993682861328 55.700050354003906 5.300000190734863
vertex -47.49004364013672 54.49824142456055 5.300000190734863
endloop
endfacet
facet normal 0.999999990246376 -0.00013966834978935646 0
outer loop
vertex -49.84423065185547 -57.4815673828125 3.5999999046325684
vertex -49.844398498535156 -58.683319091796875 5.300000190734863
vertex -49.844398498535156 -58.683319091796875 3.5999999046325684
endloop
endfacet
facet normal 0.9994602213403265 0.026779555565079518 0.01902948664789897
outer loop
vertex -49.84423065185547 -57.4815673828125 3.5999999046325684
vertex -49.8765983581543 -57.481563568115234 5.300000190734863
vertex -49.844398498535156 -58.683319091796875 5.300000190734863
endloop
endfacet
facet normal 0 0 1
outer loop
vertex -49.84423065185547 -57.4815673828125 3.5999999046325684
vertex -49.844398498535156 -58.683319091796875 3.5999999046325684
vertex -30.844398498535156 -58.685943603515625 3.5999999046325684
endloop
endfacet
facet normal 0.0001381321944058683 0.9999999904597483 0
outer loop
vertex -30.844398498535156 -58.685943603515625 3.5999999046325684
vertex -49.844398498535156 -58.683319091796875 3.5999999046325684
vertex -49.844398498535156 -58.683319091796875 5.300000190734863
endloop
endfacet
facet normal 0 0 1
outer loop
vertex -49.84423065185547 -57.4815673828125 3.5999999046325684
vertex -30.844398498535156 -58.685943603515625 3.5999999046325684
vertex -30.8442325592041 -57.48440933227539 3.5999999046325684
endloop
endfacet
facet normal 0.0001381321944058683 0.9999999904597483 0
outer loop
vertex -30.844398498535156 -58.685943603515625 3.5999999046325684
vertex -49.844398498535156 -58.683319091796875 5.300000190734863
vertex -30.844398498535156 -58.685943603515625 5.300000190734863
endloop
endfacet
facet normal 0 0 -1
outer loop
vertex -49.8765983581543 -57.481563568115234 5.300000190734863
vertex -30.844398498535156 -58.685943603515625 5.300000190734863
vertex -49.844398498535156 -58.683319091796875 5.300000190734863
endloop
endfacet
facet normal 0 0 -1
outer loop
vertex -30.8442325592041 -57.48440933227539 5.300000190734863
vertex -30.844398498535156 -58.685943603515625 5.300000190734863
vertex -49.8765983581543 -57.481563568115234 5.300000190734863
endloop
endfacet
facet normal -0.9999999904633391 0.00013810619758760297 0
outer loop
vertex -30.8442325592041 -57.48440933227539 5.300000190734863
vertex -30.844398498535156 -58.685943603515625 3.5999999046325684
vertex -30.844398498535156 -58.685943603515625 5.300000190734863
endloop
endfacet
facet normal -0.9999999904633391 0.00013810619758760297 0
outer loop
vertex -30.8442325592041 -57.48440933227539 5.300000190734863
vertex -30.8442325592041 -57.48440933227539 3.5999999046325684
vertex -30.844398498535156 -58.685943603515625 3.5999999046325684
endloop
endfacet
facet normal -0.9999361463811866 0.00013661458340818284 0.011299756492858217
outer loop
vertex 49.62886047363281 -57.496437072753906 3.5999999046325684
vertex 49.62869644165039 -58.697052001953125 3.5999999046325684
vertex 49.6480712890625 -57.49644088745117 5.300000190734863
endloop
endfacet
facet normal 0 0 -1
outer loop
vertex 30.628862380981445 -57.493595123291016 5.300000190734863
vertex 49.62869644165039 -58.697052001953125 5.300000190734863
vertex 30.62869644165039 -58.694427490234375 5.300000190734863
endloop
endfacet
facet normal 0.0001381321944058683 0.9999999904597483 0
outer loop
vertex 49.62869644165039 -58.697052001953125 3.5999999046325684
vertex 30.62869644165039 -58.694427490234375 3.5999999046325684
vertex 30.62869644165039 -58.694427490234375 5.300000190734863
endloop
endfacet
facet normal 0.9999999904521872 -0.0001381869227032226 0
outer loop
vertex 30.628862380981445 -57.493595123291016 5.300000190734863
vertex 30.62869644165039 -58.694427490234375 5.300000190734863
vertex 30.628862380981445 -57.493595123291016 3.5999999046325684
endloop
endfacet
facet normal 0.9999999904521872 -0.0001381869227032226 0
outer loop
vertex 30.62869644165039 -58.694427490234375 3.5999999046325684
vertex 30.628862380981445 -57.493595123291016 3.5999999046325684
vertex 30.62869644165039 -58.694427490234375 5.300000190734863
endloop
endfacet
facet normal 0 0 1
outer loop
vertex 30.628862380981445 -57.493595123291016 3.5999999046325684
vertex 30.62869644165039 -58.694427490234375 3.5999999046325684
vertex 49.62886047363281 -57.496437072753906 3.5999999046325684
endloop
endfacet
facet normal 0 0 -1
outer loop
vertex 49.6480712890625 -57.49644088745117 5.300000190734863
vertex 49.62869644165039 -58.697052001953125 5.300000190734863
vertex 30.628862380981445 -57.493595123291016 5.300000190734863
endloop
endfacet
facet normal -0.9998698161672327 0.01613538712595557 0
outer loop
vertex 49.62869644165039 -58.697052001953125 5.300000190734863
vertex 49.6480712890625 -57.49644088745117 5.300000190734863
vertex 49.62869644165039 -58.697052001953125 3.5999999046325684
endloop
endfacet
facet normal 0.0001381321944058683 0.9999999904597483 0
outer loop
vertex 49.62869644165039 -58.697052001953125 3.5999999046325684
vertex 30.62869644165039 -58.694427490234375 5.300000190734863
vertex 49.62869644165039 -58.697052001953125 5.300000190734863
endloop
endfacet
facet normal 0 0 1
outer loop
vertex 49.62869644165039 -58.697052001953125 3.5999999046325684
vertex 49.62886047363281 -57.496437072753906 3.5999999046325684
vertex 30.62869644165039 -58.694427490234375 3.5999999046325684
endloop
endfacet
endsolid auto-kdk-case
