solid auto-kdk-case
facet normal 0 1 0
outer loop
vertex 45.05002212524414 12.950051307678223 0
vertex 40.500022888183594 12.950051307678223 0
vertex 40.500022888183594 12.950051307678223 3.549999952316284
endloop
endfacet
facet normal -1 0 0
outer loop
vertex -30.94997787475586 -29.949949264526367 0
vertex -30.94997787475586 -38.1689453125 0
vertex -30.94997787475586 -29.949949264526367 5
endloop
endfacet
facet normal -1 0 0
outer loop
vertex -30.94997787475586 -10.94994831085205 0
vertex -30.94997787475586 -23.624313354492188 0
vertex -30.94997787475586 -10.94994831085205 5
endloop
endfacet
facet normal -1 0 0
outer loop
vertex -30.94997787475586 -38.1689453125 0
vertex -30.94997787475586 -44.049949645996094 0
vertex -30.94997787475586 -29.949949264526367 5
endloop
endfacet
facet normal 0 -1 0
outer loop
vertex 49.95002365112305 46.050052642822266 5
vertex 54.500022888183594 46.050052642822266 3.549999952316284
vertex 59.500022888183594 46.050052642822266 3.549999952316284
endloop
endfacet
facet normal 0 -1 0
outer loop
vertex 54.500022888183594 8.05005168914795 0
vertex 54.500022888183594 8.05005168914795 3.549999952316284
vertex 49.95002365112305 8.05005168914795 0
endloop
endfacet
facet normal 0 -1 0
outer loop
vertex 64.05001831054688 27.050050735473633 5
vertex 49.95002365112305 27.050050735473633 5
vertex 59.500022888183594 27.050050735473633 3.549999952316284
endloop
endfacet
facet normal 0 -1 0
outer loop
vertex 45.05002212524414 8.05005168914795 0
vertex 40.500022888183594 8.05005168914795 3.549999952316284
vertex 40.500022888183594 8.05005168914795 0
endloop
endfacet
facet normal 0 -1 0
outer loop
vertex 49.95002365112305 27.050050735473633 5
vertex 54.500022888183594 27.050050735473633 3.549999952316284
vertex 59.500022888183594 27.050050735473633 3.549999952316284
endloop
endfacet
facet normal 0 1 0
outer loop
vertex 45.05002212524414 -44.049949645996094 5
vertex 40.500022888183594 -44.049949645996094 3.549999952316284
vertex 35.500022888183594 -44.049949645996094 3.549999952316284
endloop
endfacet
facet normal 0 1 0
outer loop
vertex 45.05002212524414 31.95005226135254 5
vertex 35.500022888183594 31.95005226135254 3.549999952316284
vertex 30.950021743774414 31.95005226135254 5
endloop
endfacet
facet normal 1 0 0
outer loop
vertex -45.04997634887695 31.95005226135254 2.200000047683716
vertex -45.04997634887695 42.50004959106445 1
vertex -45.04997634887695 46.050052642822266 2.200000047683716
endloop
endfacet
facet normal 0 1 0
outer loop
vertex 45.05002212524414 31.95005226135254 5
vertex 40.500022888183594 31.95005226135254 3.549999952316284
vertex 35.500022888183594 31.95005226135254 3.549999952316284
endloop
endfacet
facet normal -1 0 0
outer loop
vertex 45.05002212524414 -29.949949264526367 0
vertex 45.05002212524414 -44.049949645996094 0
vertex 45.05002212524414 -29.949949264526367 5
endloop
endfacet
facet normal 0 1 0
outer loop
vertex -2.4999778270721436 12.950051307678223 0
vertex -7.049977779388428 12.950051307678223 0
vertex -2.4999778270721436 12.950051307678223 3.549999952316284
endloop
endfacet
facet normal -1 0 0
outer loop
vertex 64.05001831054688 46.050052642822266 5
vertex 64.05001831054688 31.95005226135254 0
vertex 64.05001831054688 31.95005226135254 5
endloop
endfacet
facet normal 0 1 0
outer loop
vertex -40.499977111816406 -44.049949645996094 0
vertex -45.04997634887695 -44.049949645996094 0
vertex -40.499977111816406 -44.049949645996094 3.549999952316284
endloop
endfacet
facet normal 0 1 0
outer loop
vertex -2.4999778270721436 -6.049948692321777 0
vertex -7.049977779388428 -6.049948692321777 0
vertex -2.4999778270721436 -6.049948692321777 3.549999952316284
endloop
endfacet
facet normal 0 -1 0
outer loop
vertex -2.4999778270721436 -10.94994831085205 0
vertex -2.4999778270721436 -10.94994831085205 3.549999952316284
vertex -7.049977779388428 -10.94994831085205 0
endloop
endfacet
facet normal 0 1 0
outer loop
vertex -11.94997787475586 -6.049948692321777 0
vertex -16.499977111816406 -6.049948692321777 0
vertex -16.499977111816406 -6.049948692321777 3.549999952316284
endloop
endfacet
facet normal 0 1 0
outer loop
vertex 64.05001831054688 31.95005226135254 0
vertex 59.500022888183594 31.95005226135254 3.549999952316284
vertex 64.05001831054688 31.95005226135254 5
endloop
endfacet
facet normal 0 -1 0
outer loop
vertex 59.500022888183594 27.050050735473633 3.549999952316284
vertex 64.05001831054688 27.050050735473633 0
vertex 64.05001831054688 27.050050735473633 5
endloop
endfacet
facet normal 1 0 0
outer loop
vertex 49.95002365112305 31.95005226135254 5
vertex 49.95002365112305 46.050052642822266 0
vertex 49.95002365112305 46.050052642822266 5
endloop
endfacet
facet normal 0 -1 0
outer loop
vertex -11.94997787475586 -10.94994831085205 0
vertex -16.499977111816406 -10.94994831085205 3.549999952316284
vertex -16.499977111816406 -10.94994831085205 0
endloop
endfacet
facet normal 0 -1 0
outer loop
vertex 49.95002365112305 46.050052642822266 0
vertex 54.500022888183594 46.050052642822266 3.549999952316284
vertex 49.95002365112305 46.050052642822266 5
endloop
endfacet
facet normal 0 -1 0
outer loop
vertex 40.500022888183594 46.050052642822266 3.549999952316284
vertex 45.05002212524414 46.050052642822266 0
vertex 45.05002212524414 46.050052642822266 5
endloop
endfacet
facet normal 0 -1 0
outer loop
vertex -40.499977111816406 -29.949949264526367 0
vertex -40.499977111816406 -29.949949264526367 3.549999952316284
vertex -45.04997634887695 -29.949949264526367 0
endloop
endfacet
facet normal -1 0 0
outer loop
vertex 45.05002212524414 46.050052642822266 5
vertex 45.05002212524414 31.95005226135254 0
vertex 45.05002212524414 31.95005226135254 5
endloop
endfacet
facet normal 0 1 0
outer loop
vertex 26.05002212524414 -25.04994773864746 0
vertex 21.500022888183594 -25.04994773864746 0
vertex 21.500022888183594 -25.04994773864746 3.549999952316284
endloop
endfacet
facet normal 0 1 0
outer loop
vertex 35.500022888183594 -25.04994773864746 0
vertex 30.950021743774414 -25.04994773864746 0
vertex 35.500022888183594 -25.04994773864746 3.549999952316284
endloop
endfacet
facet normal 0 1 0
outer loop
vertex 54.500022888183594 31.95005226135254 3.549999952316284
vertex 49.95002365112305 31.95005226135254 0
vertex 49.95002365112305 31.95005226135254 5
endloop
endfacet
facet normal 0 -1 0
outer loop
vertex 49.95002365112305 27.050050735473633 5
vertex 49.95002365112305 27.050050735473633 0
vertex 54.500022888183594 27.050050735473633 3.549999952316284
endloop
endfacet
facet normal 0 1 0
outer loop
vertex 45.05002212524414 31.95005226135254 0
vertex 40.500022888183594 31.95005226135254 3.549999952316284
vertex 45.05002212524414 31.95005226135254 5
endloop
endfacet
facet normal 0 -1 0
outer loop
vertex 40.500022888183594 27.050050735473633 3.549999952316284
vertex 45.05002212524414 27.050050735473633 0
vertex 45.05002212524414 27.050050735473633 5
endloop
endfacet
facet normal 0 1 0
outer loop
vertex 64.05001831054688 12.950051307678223 5
vertex 54.500022888183594 12.950051307678223 3.549999952316284
vertex 49.95002365112305 12.950051307678223 5
endloop
endfacet
facet normal 0 1 0
outer loop
vertex 64.05001831054688 12.950051307678223 5
vertex 59.500022888183594 12.950051307678223 3.549999952316284
vertex 54.500022888183594 12.950051307678223 3.549999952316284
endloop
endfacet
facet normal 0 -1 0
outer loop
vertex 64.05001831054688 8.05005168914795 5
vertex 49.95002365112305 8.05005168914795 5
vertex 59.500022888183594 8.05005168914795 3.549999952316284
endloop
endfacet
facet normal 0 -1 0
outer loop
vertex 49.95002365112305 8.05005168914795 5
vertex 54.500022888183594 8.05005168914795 3.549999952316284
vertex 59.500022888183594 8.05005168914795 3.549999952316284
endloop
endfacet
facet normal 0 1 0
outer loop
vertex 45.05002212524414 12.950051307678223 5
vertex 35.500022888183594 12.950051307678223 3.549999952316284
vertex 30.950021743774414 12.950051307678223 5
endloop
endfacet
facet normal 1 0 0
outer loop
vertex -45.04997634887695 -44.049949645996094 0
vertex -45.04997634887695 -29.949949264526367 0
vertex -45.04997634887695 -44.049949645996094 5
endloop
endfacet
facet normal 0 1 0
outer loop
vertex 45.05002212524414 12.950051307678223 5
vertex 40.500022888183594 12.950051307678223 3.549999952316284
vertex 35.500022888183594 12.950051307678223 3.549999952316284
endloop
endfacet
facet normal 0 -1 0
outer loop
vertex 45.05002212524414 8.05005168914795 5
vertex 30.950021743774414 8.05005168914795 5
vertex 40.500022888183594 8.05005168914795 3.549999952316284
endloop
endfacet
facet normal -1 0 0
outer loop
vertex 64.05001831054688 27.050050735473633 5
vertex 64.05001831054688 12.950051307678223 0
vertex 64.05001831054688 12.950051307678223 5
endloop
endfacet
facet normal 0 -1 0
outer loop
vertex 21.500022888183594 -10.94994831085205 0
vertex 26.05002212524414 -10.94994831085205 0
vertex 21.500022888183594 -10.94994831085205 3.549999952316284
endloop
endfacet
facet normal 0 1 0
outer loop
vertex 64.05001831054688 12.950051307678223 0
vertex 59.500022888183594 12.950051307678223 3.549999952316284
vertex 64.05001831054688 12.950051307678223 5
endloop
endfacet
facet normal -1 0 0
outer loop
vertex 64.05001831054688 8.05005168914795 5
vertex 64.05001831054688 -6.049948692321777 0
vertex 64.05001831054688 -6.049948692321777 5
endloop
endfacet
facet normal 0 1 0
outer loop
vertex 26.05002212524414 -6.049948692321777 0
vertex 21.500022888183594 -6.049948692321777 0
vertex 21.500022888183594 -6.049948692321777 3.549999952316284
endloop
endfacet
facet normal 0 -1 0
outer loop
vertex 35.500022888183594 -10.94994831085205 0
vertex 35.500022888183594 -10.94994831085205 3.549999952316284
vertex 30.950021743774414 -10.94994831085205 0
endloop
endfacet
facet normal 0 -1 0
outer loop
vertex 59.500022888183594 8.05005168914795 3.549999952316284
vertex 64.05001831054688 8.05005168914795 0
vertex 64.05001831054688 8.05005168914795 5
endloop
endfacet
facet normal 1 0 0
outer loop
vertex 49.95002365112305 12.950051307678223 5
vertex 49.95002365112305 27.050050735473633 0
vertex 49.95002365112305 27.050050735473633 5
endloop
endfacet
facet normal 0 1 0
outer loop
vertex -2.4999778270721436 -25.04994773864746 0
vertex -7.049977779388428 -25.04994773864746 0
vertex -2.4999778270721436 -25.04994773864746 3.549999952316284
endloop
endfacet
facet normal -1 0 0
outer loop
vertex 45.05002212524414 27.050050735473633 5
vertex 45.05002212524414 12.950051307678223 0
vertex 45.05002212524414 12.950051307678223 5
endloop
endfacet
facet normal 0 1 0
outer loop
vertex 54.500022888183594 12.950051307678223 3.549999952316284
vertex 49.95002365112305 12.950051307678223 0
vertex 49.95002365112305 12.950051307678223 5
endloop
endfacet
facet normal 0 1 0
outer loop
vertex 45.05002212524414 12.950051307678223 0
vertex 40.500022888183594 12.950051307678223 3.549999952316284
vertex 45.05002212524414 12.950051307678223 5
endloop
endfacet
facet normal 0 1 0
outer loop
vertex -40.499977111816406 -25.04994773864746 0
vertex -45.04997634887695 -25.04994773864746 0
vertex -40.499977111816406 -25.04994773864746 3.549999952316284
endloop
endfacet
facet normal 0 1 0
outer loop
vertex -11.94997787475586 -25.04994773864746 0
vertex -16.499977111816406 -25.04994773864746 0
vertex -16.499977111816406 -25.04994773864746 3.549999952316284
endloop
endfacet
facet normal 1 0 0
outer loop
vertex 49.95002365112305 -6.049948692321777 5
vertex 49.95002365112305 8.05005168914795 0
vertex 49.95002365112305 8.05005168914795 5
endloop
endfacet
facet normal 0 1 0
outer loop
vertex 35.500022888183594 -6.049948692321777 0
vertex 30.950021743774414 -6.049948692321777 0
vertex 35.500022888183594 -6.049948692321777 3.549999952316284
endloop
endfacet
facet normal -1 0 0
outer loop
vertex 45.05002212524414 8.05005168914795 5
vertex 45.05002212524414 -6.049948692321777 0
vertex 45.05002212524414 -6.049948692321777 5
endloop
endfacet
facet normal 0 -1 0
outer loop
vertex 49.95002365112305 8.05005168914795 0
vertex 54.500022888183594 8.05005168914795 3.549999952316284
vertex 49.95002365112305 8.05005168914795 5
endloop
endfacet
facet normal 0 -1 0
outer loop
vertex 40.500022888183594 8.05005168914795 3.549999952316284
vertex 45.05002212524414 8.05005168914795 0
vertex 45.05002212524414 8.05005168914795 5
endloop
endfacet
facet normal 0 -1 0
outer loop
vertex 11.950021743774414 46.050052642822266 5
vertex 21.500022888183594 46.050052642822266 3.549999952316284
vertex 26.05002212524414 46.050052642822266 5
endloop
endfacet
facet normal 0 -1 0
outer loop
vertex 30.950021743774414 46.050052642822266 5
vertex 35.500022888183594 46.050052642822266 3.549999952316284
vertex 40.500022888183594 46.050052642822266 3.549999952316284
endloop
endfacet
facet normal 0 1 0
outer loop
vertex 26.05002212524414 31.95005226135254 5
vertex 16.500022888183594 31.95005226135254 3.549999952316284
vertex 11.950021743774414 31.95005226135254 5
endloop
endfacet
facet normal 0 -1 0
outer loop
vertex 11.950021743774414 27.050050735473633 5
vertex 21.500022888183594 27.050050735473633 3.549999952316284
vertex 26.05002212524414 27.050050735473633 5
endloop
endfacet
facet normal 0 -1 0
outer loop
vertex 30.950021743774414 27.050050735473633 5
vertex 35.500022888183594 27.050050735473633 3.549999952316284
vertex 40.500022888183594 27.050050735473633 3.549999952316284
endloop
endfacet
facet normal 0 1 0
outer loop
vertex 26.05002212524414 31.95005226135254 5
vertex 21.500022888183594 31.95005226135254 3.549999952316284
vertex 16.500022888183594 31.95005226135254 3.549999952316284
endloop
endfacet
facet normal 0 -1 0
outer loop
vertex 7.050022125244141 46.050052642822266 5
vertex -7.049977779388428 46.050052642822266 5
vertex 2.5000221729278564 46.050052642822266 3.549999952316284
endloop
endfacet
facet normal 0 -1 0
outer loop
vertex -40.499977111816406 -10.94994831085205 0
vertex -40.499977111816406 -10.94994831085205 3.549999952316284
vertex -45.04997634887695 -10.94994831085205 0
endloop
endfacet
facet normal -1 0 0
outer loop
vertex 7.050022125244141 -10.94994831085205 0
vertex 7.050022125244141 -25.04994773864746 0
vertex 7.050022125244141 -10.94994831085205 5
endloop
endfacet
facet normal 1 0 0
outer loop
vertex 11.950021743774414 -25.04994773864746 0
vertex 11.950021743774414 -10.94994831085205 0
vertex 11.950021743774414 -25.04994773864746 5
endloop
endfacet
facet normal 0 1 0
outer loop
vertex -40.499977111816406 -6.049948692321777 0
vertex -45.04997634887695 -6.049948692321777 0
vertex -40.499977111816406 -6.049948692321777 3.549999952316284
endloop
endfacet
facet normal 0 -1 0
outer loop
vertex 11.950021743774414 46.050052642822266 5
vertex 16.500022888183594 46.050052642822266 3.549999952316284
vertex 21.500022888183594 46.050052642822266 3.549999952316284
endloop
endfacet
facet normal 0 -1 0
outer loop
vertex 7.050022125244141 27.050050735473633 5
vertex -7.049977779388428 27.050050735473633 5
vertex 2.5000221729278564 27.050050735473633 3.549999952316284
endloop
endfacet
facet normal 0 -1 0
outer loop
vertex 11.950021743774414 27.050050735473633 5
vertex 16.500022888183594 27.050050735473633 3.549999952316284
vertex 21.500022888183594 27.050050735473633 3.549999952316284
endloop
endfacet
facet normal 0 1 0
outer loop
vertex 7.050022125244141 31.95005226135254 5
vertex 2.5000221729278564 31.95005226135254 3.549999952316284
vertex -2.4999778270721436 31.95005226135254 3.549999952316284
endloop
endfacet
facet normal 1 0 0
outer loop
vertex 30.950021743774414 31.95005226135254 5
vertex 30.950021743774414 46.050052642822266 0
vertex 30.950021743774414 46.050052642822266 5
endloop
endfacet
facet normal 1 0 0
outer loop
vertex -45.04997634887695 -25.04994773864746 0
vertex -45.04997634887695 -10.94994831085205 0
vertex -45.04997634887695 -25.04994773864746 5
endloop
endfacet
facet normal 0 1 0
outer loop
vertex -21.499977111816406 -6.049948692321777 0
vertex -26.049978256225586 -6.049948692321777 0
vertex -21.499977111816406 -6.049948692321777 3.549999952316284
endloop
endfacet
facet normal 0 -1 0
outer loop
vertex -26.049978256225586 -10.94994831085205 0
vertex -21.499977111816406 -10.94994831085205 0
vertex -21.499977111816406 -10.94994831085205 3.549999952316284
endloop
endfacet
facet normal 0 1 0
outer loop
vertex -30.94997787475586 -6.049948692321777 0
vertex -35.499977111816406 -6.049948692321777 0
vertex -35.499977111816406 -6.049948692321777 3.549999952316284
endloop
endfacet
facet normal 0 -1 0
outer loop
vertex -30.94997787475586 -10.94994831085205 0
vertex -35.499977111816406 -10.94994831085205 3.549999952316284
vertex -35.499977111816406 -10.94994831085205 0
endloop
endfacet
facet normal -1 0 0
outer loop
vertex 26.05002212524414 -10.94994831085205 0
vertex 26.05002212524414 -25.04994773864746 0
vertex 26.05002212524414 -10.94994831085205 5
endloop
endfacet
facet normal 0 -1 0
outer loop
vertex 30.950021743774414 46.050052642822266 0
vertex 35.500022888183594 46.050052642822266 3.549999952316284
vertex 30.950021743774414 46.050052642822266 5
endloop
endfacet
facet normal 0 -1 0
outer loop
vertex 21.500022888183594 46.050052642822266 3.549999952316284
vertex 26.05002212524414 46.050052642822266 0
vertex 26.05002212524414 46.050052642822266 5
endloop
endfacet
facet normal -1 0 0
outer loop
vertex 26.05002212524414 46.050052642822266 5
vertex 26.05002212524414 31.95005226135254 0
vertex 26.05002212524414 31.95005226135254 5
endloop
endfacet
facet normal 1 0 0
outer loop
vertex 30.950021743774414 -25.04994773864746 0
vertex 30.950021743774414 -10.94994831085205 0
vertex 30.950021743774414 -25.04994773864746 5
endloop
endfacet
facet normal 0 1 0
outer loop
vertex 35.500022888183594 31.95005226135254 3.549999952316284
vertex 30.950021743774414 31.95005226135254 0
vertex 30.950021743774414 31.95005226135254 5
endloop
endfacet
facet normal 0 -1 0
outer loop
vertex 30.950021743774414 27.050050735473633 5
vertex 30.950021743774414 27.050050735473633 0
vertex 35.500022888183594 27.050050735473633 3.549999952316284
endloop
endfacet
facet normal 0 1 0
outer loop
vertex 26.05002212524414 31.95005226135254 0
vertex 21.500022888183594 31.95005226135254 3.549999952316284
vertex 26.05002212524414 31.95005226135254 5
endloop
endfacet
facet normal 0 -1 0
outer loop
vertex 21.500022888183594 27.050050735473633 3.549999952316284
vertex 26.05002212524414 27.050050735473633 0
vertex 26.05002212524414 27.050050735473633 5
endloop
endfacet
facet normal 1 0 0
outer loop
vertex 11.950021743774414 31.95005226135254 5
vertex 11.950021743774414 46.050052642822266 0
vertex 11.950021743774414 46.050052642822266 5
endloop
endfacet
facet normal 0 -1 0
outer loop
vertex 11.950021743774414 46.050052642822266 0
vertex 16.500022888183594 46.050052642822266 3.549999952316284
vertex 11.950021743774414 46.050052642822266 5
endloop
endfacet
facet normal 0 -1 0
outer loop
vertex 2.5000221729278564 46.050052642822266 3.549999952316284
vertex 7.050022125244141 46.050052642822266 0
vertex 7.050022125244141 46.050052642822266 5
endloop
endfacet
facet normal -1 0 0
outer loop
vertex 7.050022125244141 46.050052642822266 5
vertex 7.050022125244141 31.95005226135254 0
vertex 7.050022125244141 31.95005226135254 5
endloop
endfacet
facet normal 0 1 0
outer loop
vertex 16.500022888183594 31.95005226135254 3.549999952316284
vertex 11.950021743774414 31.95005226135254 0
vertex 11.950021743774414 31.95005226135254 5
endloop
endfacet
facet normal 0 -1 0
outer loop
vertex 11.950021743774414 27.050050735473633 5
vertex 11.950021743774414 27.050050735473633 0
vertex 16.500022888183594 27.050050735473633 3.549999952316284
endloop
endfacet
facet normal 0 1 0
outer loop
vertex 7.050022125244141 31.95005226135254 0
vertex 2.5000221729278564 31.95005226135254 3.549999952316284
vertex 7.050022125244141 31.95005226135254 5
endloop
endfacet
facet normal 0 -1 0
outer loop
vertex 2.5000221729278564 27.050050735473633 3.549999952316284
vertex 7.050022125244141 27.050050735473633 0
vertex 7.050022125244141 27.050050735473633 5
endloop
endfacet
facet normal 0 1 0
outer loop
vertex 26.05002212524414 12.950051307678223 5
vertex 16.500022888183594 12.950051307678223 3.549999952316284
vertex 11.950021743774414 12.950051307678223 5
endloop
endfacet
facet normal 0 1 0
outer loop
vertex 26.05002212524414 12.950051307678223 5
vertex 21.500022888183594 12.950051307678223 3.549999952316284
vertex 16.500022888183594 12.950051307678223 3.549999952316284
endloop
endfacet
facet normal 0 -1 0
outer loop
vertex 11.950021743774414 8.05005168914795 5
vertex 21.500022888183594 8.05005168914795 3.549999952316284
vertex 26.05002212524414 8.05005168914795 5
endloop
endfacet
facet normal 1 0 0
outer loop
vertex -45.04997634887695 31.95005226135254 0
vertex -45.04997634887695 35.50004959106445 1
vertex -45.04997634887695 31.95005226135254 2.200000047683716
endloop
endfacet
facet normal 0 1 0
outer loop
vertex 45.05002212524414 -44.049949645996094 5
vertex 35.500022888183594 -44.049949645996094 3.549999952316284
vertex 30.950021743774414 -44.049949645996094 5
endloop
endfacet
facet normal 0 -1 0
outer loop
vertex 45.05002212524414 -29.949949264526367 5
vertex 30.950021743774414 -29.949949264526367 5
vertex 40.500022888183594 -29.949949264526367 3.549999952316284
endloop
endfacet
facet normal 0 1 0
outer loop
vertex 64.05001831054688 -44.049949645996094 5
vertex 59.500022888183594 -44.049949645996094 3.549999952316284
vertex 54.500022888183594 -44.049949645996094 3.549999952316284
endloop
endfacet
facet normal 0 1 0
outer loop
vertex 64.05001831054688 -44.049949645996094 5
vertex 54.500022888183594 -44.049949645996094 3.549999952316284
vertex 49.95002365112305 -44.049949645996094 5
endloop
endfacet
facet normal 0 -1 0
outer loop
vertex 49.95002365112305 -29.949949264526367 5
vertex 54.500022888183594 -29.949949264526367 3.549999952316284
vertex 59.500022888183594 -29.949949264526367 3.549999952316284
endloop
endfacet
facet normal 0 -1 0
outer loop
vertex 49.95002365112305 -29.949949264526367 5
vertex 59.500022888183594 -29.949949264526367 3.549999952316284
vertex 64.05001831054688 -29.949949264526367 5
endloop
endfacet
facet normal 0 1 0
outer loop
vertex 45.05002212524414 -25.04994773864746 0
vertex 40.500022888183594 -25.04994773864746 3.549999952316284
vertex 45.05002212524414 -25.04994773864746 5
endloop
endfacet
facet normal 0 1 0
outer loop
vertex 54.500022888183594 -25.04994773864746 3.549999952316284
vertex 49.95002365112305 -25.04994773864746 0
vertex 49.95002365112305 -25.04994773864746 5
endloop
endfacet
facet normal -1 0 0
outer loop
vertex 45.05002212524414 -10.94994831085205 5
vertex 45.05002212524414 -25.04994773864746 0
vertex 45.05002212524414 -25.04994773864746 5
endloop
endfacet
facet normal 1 0 0
outer loop
vertex 49.95002365112305 -25.04994773864746 5
vertex 49.95002365112305 -10.94994831085205 0
vertex 49.95002365112305 -10.94994831085205 5
endloop
endfacet
facet normal 0 -1 0
outer loop
vertex 40.500022888183594 -10.94994831085205 3.549999952316284
vertex 45.05002212524414 -10.94994831085205 0
vertex 45.05002212524414 -10.94994831085205 5
endloop
endfacet
facet normal 0 1 0
outer loop
vertex 45.05002212524414 -6.049948692321777 0
vertex 40.500022888183594 -6.049948692321777 3.549999952316284
vertex 45.05002212524414 -6.049948692321777 5
endloop
endfacet
facet normal 0 -1 0
outer loop
vertex 49.95002365112305 -10.94994831085205 5
vertex 49.95002365112305 -10.94994831085205 0
vertex 54.500022888183594 -10.94994831085205 3.549999952316284
endloop
endfacet
facet normal 0 1 0
outer loop
vertex 54.500022888183594 -6.049948692321777 3.549999952316284
vertex 49.95002365112305 -6.049948692321777 0
vertex 49.95002365112305 -6.049948692321777 5
endloop
endfacet
facet normal 0 -1 0
outer loop
vertex -45.04997634887695 27.050050735473633 0
vertex -40.499977111816406 27.050050735473633 0
vertex -40.499977111816406 27.050050735473633 3.549999952316284
endloop
endfacet
facet normal -1 0 0
outer loop
vertex -49.94997787475586 35.50004959106445 1
vertex -49.94997787475586 31.95005226135254 0
vertex -49.94997787475586 31.95005226135254 2.200000047683716
endloop
endfacet
facet normal 0 1 0
outer loop
vertex 64.05001831054688 -25.04994773864746 0
vertex 59.500022888183594 -25.04994773864746 3.549999952316284
vertex 64.05001831054688 -25.04994773864746 5
endloop
endfacet
facet normal -1 0 0
outer loop
vertex 64.05001831054688 -10.94994831085205 5
vertex 64.05001831054688 -25.04994773864746 0
vertex 64.05001831054688 -25.04994773864746 5
endloop
endfacet
facet normal 0 -1 0
outer loop
vertex 59.500022888183594 -10.94994831085205 3.549999952316284
vertex 64.05001831054688 -10.94994831085205 0
vertex 64.05001831054688 -10.94994831085205 5
endloop
endfacet
facet normal 0 1 0
outer loop
vertex 64.05001831054688 -6.049948692321777 0
vertex 59.500022888183594 -6.049948692321777 3.549999952316284
vertex 64.05001831054688 -6.049948692321777 5
endloop
endfacet
facet normal 0 -1 0
outer loop
vertex -49.94997787475586 27.050050735473633 0
vertex -54.499977111816406 27.050050735473633 3.549999952316284
vertex -54.499977111816406 27.050050735473633 0
endloop
endfacet
facet normal -1 0 0
outer loop
vertex -49.94997787475586 46.050052642822266 0
vertex -49.94997787475586 42.50004959106445 0
vertex -49.94997787475586 42.50004959106445 1
endloop
endfacet
facet normal 1 0 0
outer loop
vertex -45.04997634887695 31.95005226135254 0
vertex -45.04997634887695 35.50004959106445 0
vertex -45.04997634887695 35.50004959106445 1
endloop
endfacet
facet normal -1 0 0
outer loop
vertex -49.94997787475586 35.50004959106445 0
vertex -49.94997787475586 31.95005226135254 0
vertex -49.94997787475586 35.50004959106445 1
endloop
endfacet
facet normal 1 0 0
outer loop
vertex -45.04997634887695 42.50004959106445 1
vertex -45.04997634887695 42.50004959106445 0
vertex -45.04997634887695 46.050052642822266 0
endloop
endfacet
facet normal 1 0 0
outer loop
vertex -45.04997634887695 31.95005226135254 2.200000047683716
vertex -45.04997634887695 35.50004959106445 1
vertex -45.04997634887695 42.50004959106445 1
endloop
endfacet
facet normal 0 -1 0
outer loop
vertex 30.950021743774414 8.05005168914795 5
vertex 35.500022888183594 8.05005168914795 3.549999952316284
vertex 40.500022888183594 8.05005168914795 3.549999952316284
endloop
endfacet
facet normal 0 1 0
outer loop
vertex 7.050022125244141 12.950051307678223 5
vertex 2.5000221729278564 12.950051307678223 3.549999952316284
vertex -2.4999778270721436 12.950051307678223 3.549999952316284
endloop
endfacet
facet normal 0 -1 0
outer loop
vertex 7.050022125244141 8.05005168914795 5
vertex -7.049977779388428 8.05005168914795 5
vertex 2.5000221729278564 8.05005168914795 3.549999952316284
endloop
endfacet
facet normal 0 -1 0
outer loop
vertex 11.950021743774414 8.05005168914795 5
vertex 16.500022888183594 8.05005168914795 3.549999952316284
vertex 21.500022888183594 8.05005168914795 3.549999952316284
endloop
endfacet
facet normal 1 0 0
outer loop
vertex 30.950021743774414 12.950051307678223 5
vertex 30.950021743774414 27.050050735473633 0
vertex 30.950021743774414 27.050050735473633 5
endloop
endfacet
facet normal 0 1 0
outer loop
vertex -21.499977111816406 -25.04994773864746 0
vertex -26.049978256225586 -25.04994773864746 0
vertex -21.499977111816406 -25.04994773864746 3.549999952316284
endloop
endfacet
facet normal 0 1 0
outer loop
vertex -30.94997787475586 -25.04994773864746 0
vertex -35.499977111816406 -25.04994773864746 0
vertex -35.499977111816406 -25.04994773864746 3.549999952316284
endloop
endfacet
facet normal -1 0 0
outer loop
vertex 26.05002212524414 27.050050735473633 5
vertex 26.05002212524414 12.950051307678223 0
vertex 26.05002212524414 12.950051307678223 5
endloop
endfacet
facet normal 0 1 0
outer loop
vertex 35.500022888183594 12.950051307678223 3.549999952316284
vertex 30.950021743774414 12.950051307678223 0
vertex 30.950021743774414 12.950051307678223 5
endloop
endfacet
facet normal 0 1 0
outer loop
vertex 26.05002212524414 12.950051307678223 0
vertex 21.500022888183594 12.950051307678223 3.549999952316284
vertex 26.05002212524414 12.950051307678223 5
endloop
endfacet
facet normal 1 0 0
outer loop
vertex 30.950021743774414 -6.049948692321777 5
vertex 30.950021743774414 8.05005168914795 0
vertex 30.950021743774414 8.05005168914795 5
endloop
endfacet
facet normal -1 0 0
outer loop
vertex 26.05002212524414 8.05005168914795 5
vertex 26.05002212524414 -6.049948692321777 0
vertex 26.05002212524414 -6.049948692321777 5
endloop
endfacet
facet normal 0 -1 0
outer loop
vertex 30.950021743774414 8.05005168914795 0
vertex 35.500022888183594 8.05005168914795 3.549999952316284
vertex 30.950021743774414 8.05005168914795 5
endloop
endfacet
facet normal 0 -1 0
outer loop
vertex 21.500022888183594 8.05005168914795 3.549999952316284
vertex 26.05002212524414 8.05005168914795 0
vertex 26.05002212524414 8.05005168914795 5
endloop
endfacet
facet normal 1 0 0
outer loop
vertex 11.950021743774414 12.950051307678223 5
vertex 11.950021743774414 27.050050735473633 0
vertex 11.950021743774414 27.050050735473633 5
endloop
endfacet
facet normal 0 1 0
outer loop
vertex 45.05002212524414 -44.049949645996094 0
vertex 40.500022888183594 -44.049949645996094 0
vertex 40.500022888183594 -44.049949645996094 3.549999952316284
endloop
endfacet
facet normal -1 0 0
outer loop
vertex 7.050022125244141 27.050050735473633 5
vertex 7.050022125244141 12.950051307678223 0
vertex 7.050022125244141 12.950051307678223 5
endloop
endfacet
facet normal 0 1 0
outer loop
vertex 16.500022888183594 12.950051307678223 3.549999952316284
vertex 11.950021743774414 12.950051307678223 0
vertex 11.950021743774414 12.950051307678223 5
endloop
endfacet
facet normal 0 1 0
outer loop
vertex 7.050022125244141 12.950051307678223 0
vertex 2.5000221729278564 12.950051307678223 3.549999952316284
vertex 7.050022125244141 12.950051307678223 5
endloop
endfacet
facet normal 0 1 0
outer loop
vertex 64.05001831054688 -44.049949645996094 0
vertex 59.500022888183594 -44.049949645996094 3.549999952316284
vertex 64.05001831054688 -44.049949645996094 5
endloop
endfacet
facet normal 1 0 0
outer loop
vertex 49.95002365112305 -44.049949645996094 5
vertex 49.95002365112305 -29.949949264526367 0
vertex 49.95002365112305 -29.949949264526367 5
endloop
endfacet
facet normal 1 0 0
outer loop
vertex 11.950021743774414 -6.049948692321777 5
vertex 11.950021743774414 8.05005168914795 0
vertex 11.950021743774414 8.05005168914795 5
endloop
endfacet
facet normal 0 1 0
outer loop
vertex 54.500022888183594 -44.049949645996094 0
vertex 49.95002365112305 -44.049949645996094 0
vertex 54.500022888183594 -44.049949645996094 3.549999952316284
endloop
endfacet
facet normal -1 0 0
outer loop
vertex 7.050022125244141 8.05005168914795 5
vertex 7.050022125244141 -6.049948692321777 0
vertex 7.050022125244141 -6.049948692321777 5
endloop
endfacet
facet normal 0 -1 0
outer loop
vertex 11.950021743774414 8.05005168914795 0
vertex 16.500022888183594 8.05005168914795 3.549999952316284
vertex 11.950021743774414 8.05005168914795 5
endloop
endfacet
facet normal 0 -1 0
outer loop
vertex 2.5000221729278564 8.05005168914795 3.549999952316284
vertex 7.050022125244141 8.05005168914795 0
vertex 7.050022125244141 8.05005168914795 5
endloop
endfacet
facet normal -1 0 0
outer loop
vertex 45.05002212524414 -29.949949264526367 5
vertex 45.05002212524414 -44.049949645996094 0
vertex 45.05002212524414 -44.049949645996094 5
endloop
endfacet
facet normal 0 -1 0
outer loop
vertex 49.95002365112305 -29.949949264526367 0
vertex 54.500022888183594 -29.949949264526367 3.549999952316284
vertex 49.95002365112305 -29.949949264526367 5
endloop
endfacet
facet normal 0 -1 0
outer loop
vertex 40.500022888183594 -29.949949264526367 0
vertex 45.05002212524414 -29.949949264526367 0
vertex 40.500022888183594 -29.949949264526367 3.549999952316284
endloop
endfacet
facet normal 0 -1 0
outer loop
vertex 54.500022888183594 -29.949949264526367 0
vertex 54.500022888183594 -29.949949264526367 3.549999952316284
vertex 49.95002365112305 -29.949949264526367 0
endloop
endfacet
facet normal 0 -1 0
outer loop
vertex 40.500022888183594 -29.949949264526367 3.549999952316284
vertex 45.05002212524414 -29.949949264526367 0
vertex 45.05002212524414 -29.949949264526367 5
endloop
endfacet
facet normal 0 1 0
outer loop
vertex 54.500022888183594 -44.049949645996094 3.549999952316284
vertex 49.95002365112305 -44.049949645996094 0
vertex 49.95002365112305 -44.049949645996094 5
endloop
endfacet
facet normal 0 1 0
outer loop
vertex 45.05002212524414 -44.049949645996094 0
vertex 40.500022888183594 -44.049949645996094 3.549999952316284
vertex 45.05002212524414 -44.049949645996094 5
endloop
endfacet
facet normal 0 1 0
outer loop
vertex 64.05001831054688 -44.049949645996094 0
vertex 59.500022888183594 -44.049949645996094 0
vertex 59.500022888183594 -44.049949645996094 3.549999952316284
endloop
endfacet
facet normal 0 -1 0
outer loop
vertex -30.94997787475586 8.05005168914795 0
vertex -35.499977111816406 8.05005168914795 3.549999952316284
vertex -35.499977111816406 8.05005168914795 0
endloop
endfacet
facet normal 0 -1 0
outer loop
vertex -21.499977111816406 8.05005168914795 0
vertex -21.499977111816406 8.05005168914795 3.549999952316284
vertex -26.049978256225586 8.05005168914795 0
endloop
endfacet
facet normal 0 1 0
outer loop
vertex -30.94997787475586 12.950051307678223 0
vertex -35.499977111816406 12.950051307678223 0
vertex -35.499977111816406 12.950051307678223 3.549999952316284
endloop
endfacet
facet normal 1 0 0
outer loop
vertex -7.049977779388428 -44.049949645996094 5
vertex -7.049977779388428 -31.462177276611328 0
vertex -7.049977779388428 -29.949949264526367 0
endloop
endfacet
facet normal -1 0 0
outer loop
vertex -11.94997787475586 -10.94994831085205 0
vertex -11.94997787475586 -25.04994773864746 0
vertex -11.94997787475586 -10.94994831085205 5
endloop
endfacet
facet normal 1 0 0
outer loop
vertex -7.049977779388428 -25.04994773864746 0
vertex -7.049977779388428 -10.94994831085205 0
vertex -7.049977779388428 -25.04994773864746 5
endloop
endfacet
facet normal 0 1 0
outer loop
vertex -21.499977111816406 12.950051307678223 0
vertex -26.049978256225586 12.950051307678223 0
vertex -21.499977111816406 12.950051307678223 3.549999952316284
endloop
endfacet
facet normal -1 0 0
outer loop
vertex -49.94997787475586 46.050052642822266 0
vertex -49.94997787475586 42.50004959106445 1
vertex -49.94997787475586 46.050052642822266 2.200000047683716
endloop
endfacet
facet normal 0 -1 0
outer loop
vertex -64.04998016357422 46.050052642822266 2.200000047683716
vertex -64.04998016357422 46.050052642822266 0
vertex -49.94997787475586 46.050052642822266 0
endloop
endfacet
facet normal 0 -1 0
outer loop
vertex -45.04997634887695 46.050052642822266 0
vertex -30.94997787475586 46.050052642822266 0
vertex -45.04997634887695 46.050052642822266 2.200000047683716
endloop
endfacet
facet normal 0 1 0
outer loop
vertex 16.500022888183594 -6.049948692321777 0
vertex 11.950021743774414 -6.049948692321777 0
vertex 16.500022888183594 -6.049948692321777 3.549999952316284
endloop
endfacet
facet normal 1 0 0
outer loop
vertex -45.04997634887695 42.50004959106445 1
vertex -45.04997634887695 46.050052642822266 0
vertex -45.04997634887695 46.050052642822266 2.200000047683716
endloop
endfacet
facet normal 0 1 0
outer loop
vertex -40.499977111816406 -44.049949645996094 3.549999952316284
vertex -45.04997634887695 -44.049949645996094 0
vertex -45.04997634887695 -44.049949645996094 5
endloop
endfacet
facet normal 0 -1 0
outer loop
vertex 11.950021743774414 -10.94994831085205 0
vertex 16.500022888183594 -10.94994831085205 0
vertex 16.500022888183594 -10.94994831085205 3.549999952316284
endloop
endfacet
facet normal 0 1 0
outer loop
vertex 7.050022125244141 -6.049948692321777 0
vertex 2.5000221729278564 -6.049948692321777 0
vertex 2.5000221729278564 -6.049948692321777 3.549999952316284
endloop
endfacet
facet normal 0 -1 0
outer loop
vertex 2.5000221729278564 -10.94994831085205 0
vertex 7.050022125244141 -10.94994831085205 0
vertex 2.5000221729278564 -10.94994831085205 3.549999952316284
endloop
endfacet
facet normal 0 1 0
outer loop
vertex -45.04997634887695 31.95005226135254 0
vertex -45.04997634887695 31.95005226135254 2.200000047683716
vertex -30.94997787475586 31.95005226135254 2.200000047683716
endloop
endfacet
facet normal -1 0 0
outer loop
vertex -49.94997787475586 42.50004959106445 1
vertex -49.94997787475586 35.50004959106445 1
vertex -49.94997787475586 31.95005226135254 2.200000047683716
endloop
endfacet
facet normal 1 0 0
outer loop
vertex -64.04998016357422 31.95005226135254 2.200000047683716
vertex -64.04998016357422 35.50004959106445 1
vertex -64.04998016357422 42.50004959106445 1
endloop
endfacet
facet normal 0 1 0
outer loop
vertex -49.94997787475586 31.95005226135254 2.200000047683716
vertex -64.04998016357422 31.95005226135254 0
vertex -64.04998016357422 31.95005226135254 2.200000047683716
endloop
endfacet
facet normal 1 0 0
outer loop
vertex -64.04998016357422 42.50004959106445 1
vertex -64.04998016357422 46.050052642822266 0
vertex -64.04998016357422 46.050052642822266 2.200000047683716
endloop
endfacet
facet normal 0 1 0
outer loop
vertex 16.500022888183594 -25.04994773864746 0
vertex 11.950021743774414 -25.04994773864746 0
vertex 16.500022888183594 -25.04994773864746 3.549999952316284
endloop
endfacet
facet normal 0 1 0
outer loop
vertex 7.050022125244141 -25.04994773864746 0
vertex 2.5000221729278564 -25.04994773864746 0
vertex 2.5000221729278564 -25.04994773864746 3.549999952316284
endloop
endfacet
facet normal 1 0 0
outer loop
vertex -7.049977779388428 -44.049949645996094 0
vertex -7.049977779388428 -31.462177276611328 0
vertex -7.049977779388428 -44.049949645996094 5
endloop
endfacet
facet normal 0 1 0
outer loop
vertex -11.94997787475586 -44.049949645996094 0
vertex -16.499977111816406 -44.049949645996094 0
vertex -16.499977111816406 -44.049949645996094 3.549999952316284
endloop
endfacet
facet normal 0 -1 0
outer loop
vertex -45.04997634887695 -29.949949264526367 0
vertex -40.499977111816406 -29.949949264526367 3.549999952316284
vertex -45.04997634887695 -29.949949264526367 5
endloop
endfacet
facet normal 1 0 0
outer loop
vertex -45.04997634887695 -44.049949645996094 5
vertex -45.04997634887695 -29.949949264526367 0
vertex -45.04997634887695 -29.949949264526367 5
endloop
endfacet
facet normal 0 -1 0
outer loop
vertex -16.499977111816406 8.05005168914795 0
vertex -11.94997787475586 8.05005168914795 0
vertex -16.499977111816406 8.05005168914795 3.549999952316284
endloop
endfacet
facet normal 0 -1 0
outer loop
vertex -7.049977779388428 8.05005168914795 0
vertex -2.4999778270721436 8.05005168914795 0
vertex -2.4999778270721436 8.05005168914795 3.549999952316284
endloop
endfacet
facet normal 0 1 0
outer loop
vertex 26.05002212524414 -6.049948692321777 5
vertex 16.500022888183594 -6.049948692321777 3.549999952316284
vertex 11.950021743774414 -6.049948692321777 5
endloop
endfacet
facet normal 0 -1 0
outer loop
vertex 11.950021743774414 -10.94994831085205 5
vertex 21.500022888183594 -10.94994831085205 3.549999952316284
vertex 26.05002212524414 -10.94994831085205 5
endloop
endfacet
facet normal 0 -1 0
outer loop
vertex 30.950021743774414 -10.94994831085205 5
vertex 35.500022888183594 -10.94994831085205 3.549999952316284
vertex 40.500022888183594 -10.94994831085205 3.549999952316284
endloop
endfacet
facet normal 1 0 0
outer loop
vertex 30.950021743774414 -44.049949645996094 0
vertex 30.950021743774414 -29.949949264526367 0
vertex 30.950021743774414 -44.049949645996094 5
endloop
endfacet
facet normal -1 0 0
outer loop
vertex 26.05002212524414 -29.949949264526367 0
vertex 26.05002212524414 -44.049949645996094 0
vertex 26.05002212524414 -29.949949264526367 5
endloop
endfacet
facet normal 0 1 0
outer loop
vertex 26.05002212524414 -6.049948692321777 5
vertex 21.500022888183594 -6.049948692321777 3.549999952316284
vertex 16.500022888183594 -6.049948692321777 3.549999952316284
endloop
endfacet
facet normal 0 1 0
outer loop
vertex 26.05002212524414 -25.04994773864746 5
vertex 16.500022888183594 -25.04994773864746 3.549999952316284
vertex 11.950021743774414 -25.04994773864746 5
endloop
endfacet
facet normal 0 1 0
outer loop
vertex 26.05002212524414 -25.04994773864746 5
vertex 21.500022888183594 -25.04994773864746 3.549999952316284
vertex 16.500022888183594 -25.04994773864746 3.549999952316284
endloop
endfacet
facet normal 0 -1 0
outer loop
vertex 7.050022125244141 -10.94994831085205 5
vertex -7.049977779388428 -10.94994831085205 5
vertex 2.5000221729278564 -10.94994831085205 3.549999952316284
endloop
endfacet
facet normal 0 1 0
outer loop
vertex 45.05002212524414 -25.04994773864746 5
vertex 40.500022888183594 -25.04994773864746 3.549999952316284
vertex 35.500022888183594 -25.04994773864746 3.549999952316284
endloop
endfacet
facet normal 1 0 0
outer loop
vertex 11.950021743774414 -44.049949645996094 0
vertex 11.950021743774414 -29.949949264526367 0
vertex 11.950021743774414 -44.049949645996094 5
endloop
endfacet
facet normal 0 1 0
outer loop
vertex -40.499977111816406 -44.049949645996094 3.549999952316284
vertex -45.04997634887695 -44.049949645996094 5
vertex -30.94997787475586 -44.049949645996094 5
endloop
endfacet
facet normal -1 0 0
outer loop
vertex 7.050022125244141 -29.949949264526367 0
vertex 7.050022125244141 -44.049949645996094 0
vertex 7.050022125244141 -29.949949264526367 5
endloop
endfacet
facet normal 0 -1 0
outer loop
vertex -45.04997634887695 -29.949949264526367 5
vertex -40.499977111816406 -29.949949264526367 3.549999952316284
vertex -35.499977111816406 -29.949949264526367 3.549999952316284
endloop
endfacet
facet normal 0 -1 0
outer loop
vertex 11.950021743774414 -10.94994831085205 5
vertex 16.500022888183594 -10.94994831085205 3.549999952316284
vertex 21.500022888183594 -10.94994831085205 3.549999952316284
endloop
endfacet
facet normal 0 1 0
outer loop
vertex 45.05002212524414 -25.04994773864746 5
vertex 35.500022888183594 -25.04994773864746 3.549999952316284
vertex 30.950021743774414 -25.04994773864746 5
endloop
endfacet
facet normal 0 1 0
outer loop
vertex 45.05002212524414 -6.049948692321777 5
vertex 40.500022888183594 -6.049948692321777 3.549999952316284
vertex 35.500022888183594 -6.049948692321777 3.549999952316284
endloop
endfacet
facet normal 0 1 0
outer loop
vertex 7.050022125244141 -6.049948692321777 5
vertex 2.5000221729278564 -6.049948692321777 3.549999952316284
vertex -2.4999778270721436 -6.049948692321777 3.549999952316284
endloop
endfacet
facet normal -1 0 0
outer loop
vertex -11.94997787475586 -29.949949264526367 0
vertex -11.94997787475586 -41.174224853515625 0
vertex -11.94997787475586 -29.949949264526367 5
endloop
endfacet
facet normal 0 -1 0
outer loop
vertex 35.500022888183594 -29.949949264526367 0
vertex 35.500022888183594 -29.949949264526367 3.549999952316284
vertex 30.950021743774414 -29.949949264526367 0
endloop
endfacet
facet normal 0 -1 0
outer loop
vertex 26.05002212524414 -29.949949264526367 0
vertex 21.500022888183594 -29.949949264526367 3.549999952316284
vertex 21.500022888183594 -29.949949264526367 0
endloop
endfacet
facet normal 0 1 0
outer loop
vertex 7.050022125244141 -25.04994773864746 5
vertex 2.5000221729278564 -25.04994773864746 3.549999952316284
vertex -2.4999778270721436 -25.04994773864746 3.549999952316284
endloop
endfacet
facet normal -1 0 0
outer loop
vertex 64.05001831054688 46.050052642822266 0
vertex 64.05001831054688 31.95005226135254 0
vertex 64.05001831054688 46.050052642822266 5
endloop
endfacet
facet normal -1 0 0
outer loop
vertex 64.05001831054688 -29.949949264526367 5
vertex 64.05001831054688 -44.049949645996094 0
vertex 64.05001831054688 -44.049949645996094 5
endloop
endfacet
facet normal 0 1 0
outer loop
vertex 35.500022888183594 -44.049949645996094 0
vertex 30.950021743774414 -44.049949645996094 0
vertex 35.500022888183594 -44.049949645996094 3.549999952316284
endloop
endfacet
facet normal 0 1 0
outer loop
vertex -2.4999778270721436 -44.049949645996094 0
vertex -7.049977779388428 -44.049949645996094 0
vertex -2.4999778270721436 -44.049949645996094 3.549999952316284
endloop
endfacet
facet normal 0 1 0
outer loop
vertex 26.05002212524414 -44.049949645996094 0
vertex 21.500022888183594 -44.049949645996094 0
vertex 21.500022888183594 -44.049949645996094 3.549999952316284
endloop
endfacet
facet normal 0 -1 0
outer loop
vertex -35.499977111816406 -29.949949264526367 3.549999952316284
vertex -30.94997787475586 -29.949949264526367 5
vertex -45.04997634887695 -29.949949264526367 5
endloop
endfacet
facet normal 0 1 0
outer loop
vertex 35.500022888183594 -6.049948692321777 3.549999952316284
vertex 30.950021743774414 -6.049948692321777 0
vertex 30.950021743774414 -6.049948692321777 5
endloop
endfacet
facet normal 0 -1 0
outer loop
vertex 30.950021743774414 -10.94994831085205 5
vertex 30.950021743774414 -10.94994831085205 0
vertex 35.500022888183594 -10.94994831085205 3.549999952316284
endloop
endfacet
facet normal 0 1 0
outer loop
vertex 26.05002212524414 -6.049948692321777 0
vertex 21.500022888183594 -6.049948692321777 3.549999952316284
vertex 26.05002212524414 -6.049948692321777 5
endloop
endfacet
facet normal -1 0 0
outer loop
vertex 45.05002212524414 46.050052642822266 0
vertex 45.05002212524414 31.95005226135254 0
vertex 45.05002212524414 46.050052642822266 5
endloop
endfacet
facet normal 0 -1 0
outer loop
vertex 11.950021743774414 -29.949949264526367 0
vertex 16.500022888183594 -29.949949264526367 0
vertex 16.500022888183594 -29.949949264526367 3.549999952316284
endloop
endfacet
facet normal 0 -1 0
outer loop
vertex 7.050022125244141 -29.949949264526367 0
vertex 2.5000221729278564 -29.949949264526367 3.549999952316284
vertex 2.5000221729278564 -29.949949264526367 0
endloop
endfacet
facet normal 0 1 0
outer loop
vertex -40.499977111816406 -25.04994773864746 3.549999952316284
vertex -45.04997634887695 -25.04994773864746 0
vertex -45.04997634887695 -25.04994773864746 5
endloop
endfacet
facet normal -1 0 0
outer loop
vertex -11.94997787475586 -41.174224853515625 0
vertex -11.94997787475586 -44.049949645996094 0
vertex -11.94997787475586 -29.949949264526367 5
endloop
endfacet
facet normal 1 0 0
outer loop
vertex 49.95002365112305 31.95005226135254 0
vertex 49.95002365112305 46.050052642822266 0
vertex 49.95002365112305 31.95005226135254 5
endloop
endfacet
facet normal 1 0 0
outer loop
vertex -45.04997634887695 -25.04994773864746 5
vertex -45.04997634887695 -10.94994831085205 0
vertex -45.04997634887695 -10.94994831085205 5
endloop
endfacet
facet normal 0 -1 0
outer loop
vertex 64.05001831054688 46.050052642822266 0
vertex 59.500022888183594 46.050052642822266 3.549999952316284
vertex 59.500022888183594 46.050052642822266 0
endloop
endfacet
facet normal 0 -1 0
outer loop
vertex 45.05002212524414 -10.94994831085205 5
vertex 30.950021743774414 -10.94994831085205 5
vertex 40.500022888183594 -10.94994831085205 3.549999952316284
endloop
endfacet
facet normal 0 1 0
outer loop
vertex 45.05002212524414 -6.049948692321777 5
vertex 35.500022888183594 -6.049948692321777 3.549999952316284
vertex 30.950021743774414 -6.049948692321777 5
endloop
endfacet
facet normal 0 1 0
outer loop
vertex 64.05001831054688 31.95005226135254 0
vertex 59.500022888183594 31.95005226135254 0
vertex 59.500022888183594 31.95005226135254 3.549999952316284
endloop
endfacet
facet normal 0 -1 0
outer loop
vertex -45.04997634887695 -10.94994831085205 5
vertex -45.04997634887695 -10.94994831085205 0
vertex -40.499977111816406 -10.94994831085205 3.549999952316284
endloop
endfacet
facet normal 0 -1 0
outer loop
vertex 64.05001831054688 27.050050735473633 0
vertex 59.500022888183594 27.050050735473633 3.549999952316284
vertex 59.500022888183594 27.050050735473633 0
endloop
endfacet
facet normal 0 1 0
outer loop
vertex -40.499977111816406 -6.049948692321777 3.549999952316284
vertex -45.04997634887695 -6.049948692321777 0
vertex -45.04997634887695 -6.049948692321777 5
endloop
endfacet
facet normal 0 1 0
outer loop
vertex 64.05001831054688 -25.04994773864746 5
vertex 59.500022888183594 -25.04994773864746 3.549999952316284
vertex 54.500022888183594 -25.04994773864746 3.549999952316284
endloop
endfacet
facet normal 0 1 0
outer loop
vertex -30.94997787475586 -44.049949645996094 0
vertex -35.499977111816406 -44.049949645996094 0
vertex -35.499977111816406 -44.049949645996094 3.549999952316284
endloop
endfacet
facet normal 0 -1 0
outer loop
vertex 21.500022888183594 -10.94994831085205 3.549999952316284
vertex 26.05002212524414 -10.94994831085205 0
vertex 26.05002212524414 -10.94994831085205 5
endloop
endfacet
facet normal 0 1 0
outer loop
vertex 16.500022888183594 -44.049949645996094 0
vertex 11.950021743774414 -44.049949645996094 0
vertex 16.500022888183594 -44.049949645996094 3.549999952316284
endloop
endfacet
facet normal 0 1 0
outer loop
vertex 7.050022125244141 -44.049949645996094 0
vertex 2.5000221729278564 -44.049949645996094 0
vertex 2.5000221729278564 -44.049949645996094 3.549999952316284
endloop
endfacet
facet normal 0 1 0
outer loop
vertex 64.05001831054688 -25.04994773864746 5
vertex 54.500022888183594 -25.04994773864746 3.549999952316284
vertex 49.95002365112305 -25.04994773864746 5
endloop
endfacet
facet normal 0 -1 0
outer loop
vertex 49.95002365112305 -10.94994831085205 5
vertex 54.500022888183594 -10.94994831085205 3.549999952316284
vertex 59.500022888183594 -10.94994831085205 3.549999952316284
endloop
endfacet
facet normal 0 1 0
outer loop
vertex 64.05001831054688 -6.049948692321777 5
vertex 59.500022888183594 -6.049948692321777 3.549999952316284
vertex 54.500022888183594 -6.049948692321777 3.549999952316284
endloop
endfacet
facet normal 0 -1 0
outer loop
vertex -7.049977779388428 46.050052642822266 5
vertex -2.4999778270721436 46.050052642822266 3.549999952316284
vertex 2.5000221729278564 46.050052642822266 3.549999952316284
endloop
endfacet
facet normal 0 1 0
outer loop
vertex -7.049977779388428 31.95005226135254 5
vertex 7.050022125244141 31.95005226135254 5
vertex -2.4999778270721436 31.95005226135254 3.549999952316284
endloop
endfacet
facet normal 0 -1 0
outer loop
vertex -7.049977779388428 27.050050735473633 5
vertex -2.4999778270721436 27.050050735473633 3.549999952316284
vertex 2.5000221729278564 27.050050735473633 3.549999952316284
endloop
endfacet
facet normal 0 1 0
outer loop
vertex -40.499977111816406 -25.04994773864746 3.549999952316284
vertex -45.04997634887695 -25.04994773864746 5
vertex -30.94997787475586 -25.04994773864746 5
endloop
endfacet
facet normal 0 -1 0
outer loop
vertex -45.04997634887695 -10.94994831085205 5
vertex -40.499977111816406 -10.94994831085205 3.549999952316284
vertex -35.499977111816406 -10.94994831085205 3.549999952316284
endloop
endfacet
facet normal 0 -1 0
outer loop
vertex -26.049978256225586 27.050050735473633 5
vertex -16.499977111816406 27.050050735473633 3.549999952316284
vertex -11.94997787475586 27.050050735473633 5
endloop
endfacet
facet normal 0 -1 0
outer loop
vertex -26.049978256225586 27.050050735473633 5
vertex -21.499977111816406 27.050050735473633 3.549999952316284
vertex -16.499977111816406 27.050050735473633 3.549999952316284
endloop
endfacet
facet normal 1 0 0
outer loop
vertex -7.049977779388428 31.95005226135254 5
vertex -7.049977779388428 46.050052642822266 0
vertex -7.049977779388428 46.050052642822266 5
endloop
endfacet
facet normal 0 -1 0
outer loop
vertex -7.049977779388428 46.050052642822266 0
vertex -2.4999778270721436 46.050052642822266 3.549999952316284
vertex -7.049977779388428 46.050052642822266 5
endloop
endfacet
facet normal 0 -1 0
outer loop
vertex -35.499977111816406 -10.94994831085205 3.549999952316284
vertex -30.94997787475586 -10.94994831085205 5
vertex -45.04997634887695 -10.94994831085205 5
endloop
endfacet
facet normal 0 1 0
outer loop
vertex -2.4999778270721436 31.95005226135254 3.549999952316284
vertex -7.049977779388428 31.95005226135254 0
vertex -7.049977779388428 31.95005226135254 5
endloop
endfacet
facet normal 0 1 0
outer loop
vertex -45.04997634887695 -6.049948692321777 5
vertex -30.94997787475586 -6.049948692321777 5
vertex -40.499977111816406 -6.049948692321777 3.549999952316284
endloop
endfacet
facet normal 0 1 0
outer loop
vertex -30.94997787475586 -44.049949645996094 0
vertex -35.499977111816406 -44.049949645996094 3.549999952316284
vertex -30.94997787475586 -44.049949645996094 5
endloop
endfacet
facet normal 0 1 0
outer loop
vertex -21.499977111816406 -44.049949645996094 3.549999952316284
vertex -26.049978256225586 -44.049949645996094 0
vertex -26.049978256225586 -44.049949645996094 5
endloop
endfacet
facet normal 0 -1 0
outer loop
vertex 64.05001831054688 -10.94994831085205 5
vertex 49.95002365112305 -10.94994831085205 5
vertex 59.500022888183594 -10.94994831085205 3.549999952316284
endloop
endfacet
facet normal 0 1 0
outer loop
vertex 64.05001831054688 -6.049948692321777 5
vertex 54.500022888183594 -6.049948692321777 3.549999952316284
vertex 49.95002365112305 -6.049948692321777 5
endloop
endfacet
facet normal 0 -1 0
outer loop
vertex -35.499977111816406 -29.949949264526367 3.549999952316284
vertex -30.94997787475586 -29.949949264526367 0
vertex -30.94997787475586 -29.949949264526367 5
endloop
endfacet
facet normal 0 -1 0
outer loop
vertex -26.049978256225586 -29.949949264526367 0
vertex -21.499977111816406 -29.949949264526367 3.549999952316284
vertex -26.049978256225586 -29.949949264526367 5
endloop
endfacet
facet normal -1 0 0
outer loop
vertex -30.94997787475586 -29.949949264526367 5
vertex -30.94997787475586 -44.049949645996094 0
vertex -30.94997787475586 -44.049949645996094 5
endloop
endfacet
facet normal 1 0 0
outer loop
vertex -26.049978256225586 -44.049949645996094 5
vertex -26.049978256225586 -29.949949264526367 0
vertex -26.049978256225586 -29.949949264526367 5
endloop
endfacet
facet normal 0 1 0
outer loop
vertex -11.94997787475586 12.950051307678223 0
vertex -16.499977111816406 12.950051307678223 0
vertex -16.499977111816406 12.950051307678223 3.549999952316284
endloop
endfacet
facet normal 0 1 0
outer loop
vertex 35.500022888183594 -25.04994773864746 3.549999952316284
vertex 30.950021743774414 -25.04994773864746 0
vertex 30.950021743774414 -25.04994773864746 5
endloop
endfacet
facet normal 0 1 0
outer loop
vertex -11.94997787475586 -44.049949645996094 0
vertex -16.499977111816406 -44.049949645996094 3.549999952316284
vertex -11.94997787475586 -44.049949645996094 5
endloop
endfacet
facet normal 0 1 0
outer loop
vertex -2.4999778270721436 -44.049949645996094 3.549999952316284
vertex -7.049977779388428 -44.049949645996094 0
vertex -7.049977779388428 -44.049949645996094 5
endloop
endfacet
facet normal 0 -1 0
outer loop
vertex -7.049977779388428 27.050050735473633 5
vertex -7.049977779388428 27.050050735473633 0
vertex -2.4999778270721436 27.050050735473633 3.549999952316284
endloop
endfacet
facet normal 0 -1 0
outer loop
vertex -16.499977111816406 27.050050735473633 3.549999952316284
vertex -11.94997787475586 27.050050735473633 0
vertex -11.94997787475586 27.050050735473633 5
endloop
endfacet
facet normal 0 -1 0
outer loop
vertex -26.049978256225586 27.050050735473633 5
vertex -26.049978256225586 27.050050735473633 0
vertex -21.499977111816406 27.050050735473633 3.549999952316284
endloop
endfacet
facet normal 0 -1 0
outer loop
vertex -35.499977111816406 27.050050735473633 3.549999952316284
vertex -30.94997787475586 27.050050735473633 0
vertex -30.94997787475586 27.050050735473633 5
endloop
endfacet
facet normal 0 1 0
outer loop
vertex -7.049977779388428 12.950051307678223 5
vertex 7.050022125244141 12.950051307678223 5
vertex -2.4999778270721436 12.950051307678223 3.549999952316284
endloop
endfacet
facet normal 0 1 0
outer loop
vertex -16.499977111816406 12.950051307678223 3.549999952316284
vertex -21.499977111816406 12.950051307678223 3.549999952316284
vertex -11.94997787475586 12.950051307678223 5
endloop
endfacet
facet normal 0 -1 0
outer loop
vertex -7.049977779388428 8.05005168914795 5
vertex -2.4999778270721436 8.05005168914795 3.549999952316284
vertex 2.5000221729278564 8.05005168914795 3.549999952316284
endloop
endfacet
facet normal 0 1 0
outer loop
vertex -26.049978256225586 12.950051307678223 5
vertex -11.94997787475586 12.950051307678223 5
vertex -21.499977111816406 12.950051307678223 3.549999952316284
endloop
endfacet
facet normal 0 1 0
outer loop
vertex -35.499977111816406 12.950051307678223 3.549999952316284
vertex -40.499977111816406 12.950051307678223 3.549999952316284
vertex -30.94997787475586 12.950051307678223 5
endloop
endfacet
facet normal 0 -1 0
outer loop
vertex -26.049978256225586 8.05005168914795 5
vertex -16.499977111816406 8.05005168914795 3.549999952316284
vertex -11.94997787475586 8.05005168914795 5
endloop
endfacet
facet normal 0 -1 0
outer loop
vertex -26.049978256225586 8.05005168914795 5
vertex -21.499977111816406 8.05005168914795 3.549999952316284
vertex -16.499977111816406 8.05005168914795 3.549999952316284
endloop
endfacet
facet normal 1 0 0
outer loop
vertex -7.049977779388428 12.950051307678223 5
vertex -7.049977779388428 27.050050735473633 0
vertex -7.049977779388428 27.050050735473633 5
endloop
endfacet
facet normal -1 0 0
outer loop
vertex -11.94997787475586 27.050050735473633 5
vertex -11.94997787475586 12.950051307678223 0
vertex -11.94997787475586 12.950051307678223 5
endloop
endfacet
facet normal 0 1 0
outer loop
vertex -2.4999778270721436 12.950051307678223 3.549999952316284
vertex -7.049977779388428 12.950051307678223 0
vertex -7.049977779388428 12.950051307678223 5
endloop
endfacet
facet normal 0 1 0
outer loop
vertex -11.94997787475586 12.950051307678223 0
vertex -16.499977111816406 12.950051307678223 3.549999952316284
vertex -11.94997787475586 12.950051307678223 5
endloop
endfacet
facet normal 1 0 0
outer loop
vertex -7.049977779388428 -6.049948692321777 5
vertex -7.049977779388428 8.05005168914795 0
vertex -7.049977779388428 8.05005168914795 5
endloop
endfacet
facet normal 1 0 0
outer loop
vertex 30.950021743774414 -25.04994773864746 5
vertex 30.950021743774414 -10.94994831085205 0
vertex 30.950021743774414 -10.94994831085205 5
endloop
endfacet
facet normal -1 0 0
outer loop
vertex 26.05002212524414 -10.94994831085205 5
vertex 26.05002212524414 -25.04994773864746 0
vertex 26.05002212524414 -25.04994773864746 5
endloop
endfacet
facet normal 0 -1 0
outer loop
vertex -35.499977111816406 27.050050735473633 0
vertex -30.94997787475586 27.050050735473633 0
vertex -35.499977111816406 27.050050735473633 3.549999952316284
endloop
endfacet
facet normal 0 -1 0
outer loop
vertex 64.05001831054688 -29.949949264526367 0
vertex 59.500022888183594 -29.949949264526367 3.549999952316284
vertex 59.500022888183594 -29.949949264526367 0
endloop
endfacet
facet normal 0 -1 0
outer loop
vertex 59.500022888183594 -29.949949264526367 3.549999952316284
vertex 64.05001831054688 -29.949949264526367 0
vertex 64.05001831054688 -29.949949264526367 5
endloop
endfacet
facet normal 0 -1 0
outer loop
vertex 59.500022888183594 46.050052642822266 3.549999952316284
vertex 64.05001831054688 46.050052642822266 0
vertex 64.05001831054688 46.050052642822266 5
endloop
endfacet
facet normal -1 0 0
outer loop
vertex -30.94997787475586 35.50004959106445 1
vertex -30.94997787475586 31.95005226135254 0
vertex -30.94997787475586 31.95005226135254 2.200000047683716
endloop
endfacet
facet normal 1 0 0
outer loop
vertex 49.95002365112305 -29.949949264526367 0
vertex 49.95002365112305 -44.049949645996094 5
vertex 49.95002365112305 -44.049949645996094 0
endloop
endfacet
facet normal 0 -1 0
outer loop
vertex -21.499977111816406 27.050050735473633 0
vertex -21.499977111816406 27.050050735473633 3.549999952316284
vertex -26.049978256225586 27.050050735473633 0
endloop
endfacet
facet normal 1 0 0
outer loop
vertex -64.04998016357422 27.050050735473633 0
vertex -64.04998016357422 12.950051307678223 5
vertex -64.04998016357422 12.950051307678223 0
endloop
endfacet
facet normal 0 1 0
outer loop
vertex -21.499977111816406 -44.049949645996094 0
vertex -26.049978256225586 -44.049949645996094 0
vertex -21.499977111816406 -44.049949645996094 3.549999952316284
endloop
endfacet
facet normal 0 -1 0
outer loop
vertex 7.050022125244141 8.05005168914795 0
vertex 2.5000221729278564 8.05005168914795 3.549999952316284
vertex 2.5000221729278564 8.05005168914795 0
endloop
endfacet
facet normal 0 -1 0
outer loop
vertex 16.500022888183594 8.05005168914795 0
vertex 16.500022888183594 8.05005168914795 3.549999952316284
vertex 11.950021743774414 8.05005168914795 0
endloop
endfacet
facet normal 1 0 0
outer loop
vertex -26.049978256225586 31.95005226135254 0
vertex -26.049978256225586 35.50004959106445 1
vertex -26.049978256225586 31.95005226135254 2.200000047683716
endloop
endfacet
facet normal -1 0 0
outer loop
vertex -30.94997787475586 46.050052642822266 0
vertex -30.94997787475586 42.50004959106445 0
vertex -30.94997787475586 42.50004959106445 1
endloop
endfacet
facet normal 1 0 0
outer loop
vertex -26.049978256225586 42.50004959106445 1
vertex -26.049978256225586 42.50004959106445 0
vertex -26.049978256225586 46.050052642822266 0
endloop
endfacet
facet normal -1 0 0
outer loop
vertex 64.05001831054688 -29.949949264526367 0
vertex 64.05001831054688 -44.049949645996094 0
vertex 64.05001831054688 -29.949949264526367 5
endloop
endfacet
facet normal 0 -1 0
outer loop
vertex 54.500022888183594 46.050052642822266 0
vertex 54.500022888183594 46.050052642822266 3.549999952316284
vertex 49.95002365112305 46.050052642822266 0
endloop
endfacet
facet normal 0 1 0
outer loop
vertex -40.499977111816406 12.950051307678223 0
vertex -45.04997634887695 12.950051307678223 0
vertex -40.499977111816406 12.950051307678223 3.549999952316284
endloop
endfacet
facet normal 0 -1 0
outer loop
vertex 45.05002212524414 46.050052642822266 0
vertex 40.500022888183594 46.050052642822266 3.549999952316284
vertex 40.500022888183594 46.050052642822266 0
endloop
endfacet
facet normal 0 1 0
outer loop
vertex -49.94997787475586 12.950051307678223 0
vertex -54.499977111816406 12.950051307678223 0
vertex -54.499977111816406 12.950051307678223 3.549999952316284
endloop
endfacet
facet normal 0 1 0
outer loop
vertex 54.500022888183594 31.95005226135254 0
vertex 49.95002365112305 31.95005226135254 0
vertex 54.500022888183594 31.95005226135254 3.549999952316284
endloop
endfacet
facet normal 0 -1 0
outer loop
vertex 54.500022888183594 27.050050735473633 0
vertex 54.500022888183594 27.050050735473633 3.549999952316284
vertex 49.95002365112305 27.050050735473633 0
endloop
endfacet
facet normal 0 1 0
outer loop
vertex 45.05002212524414 31.95005226135254 0
vertex 40.500022888183594 31.95005226135254 0
vertex 40.500022888183594 31.95005226135254 3.549999952316284
endloop
endfacet
facet normal 0 -1 0
outer loop
vertex 45.05002212524414 27.050050735473633 0
vertex 40.500022888183594 27.050050735473633 3.549999952316284
vertex 40.500022888183594 27.050050735473633 0
endloop
endfacet
facet normal 0 -1 0
outer loop
vertex -40.499977111816406 8.05005168914795 0
vertex -40.499977111816406 8.05005168914795 3.549999952316284
vertex -45.04997634887695 8.05005168914795 0
endloop
endfacet
facet normal 1 0 0
outer loop
vertex -64.04998016357422 42.50004959106445 1
vertex -64.04998016357422 42.50004959106445 0
vertex -64.04998016357422 46.050052642822266 0
endloop
endfacet
facet normal -1 0 0
outer loop
vertex -30.94997787475586 8.05005168914795 0
vertex -30.94997787475586 -6.049948692321777 0
vertex -30.94997787475586 8.05005168914795 5
endloop
endfacet
facet normal 0 1 0
outer loop
vertex 45.05002212524414 -25.04994773864746 0
vertex 40.500022888183594 -25.04994773864746 0
vertex 40.500022888183594 -25.04994773864746 3.549999952316284
endloop
endfacet
facet normal 0 1 0
outer loop
vertex 54.500022888183594 -25.04994773864746 0
vertex 49.95002365112305 -25.04994773864746 0
vertex 54.500022888183594 -25.04994773864746 3.549999952316284
endloop
endfacet
facet normal 0 1 0
outer loop
vertex 7.050022125244141 12.950051307678223 0
vertex 2.5000221729278564 12.950051307678223 0
vertex 2.5000221729278564 12.950051307678223 3.549999952316284
endloop
endfacet
facet normal 0 1 0
outer loop
vertex 16.500022888183594 12.950051307678223 0
vertex 11.950021743774414 12.950051307678223 0
vertex 16.500022888183594 12.950051307678223 3.549999952316284
endloop
endfacet
facet normal -1 0 0
outer loop
vertex 64.05001831054688 27.050050735473633 0
vertex 64.05001831054688 12.950051307678223 0
vertex 64.05001831054688 27.050050735473633 5
endloop
endfacet
facet normal 0 -1 0
outer loop
vertex 40.500022888183594 -10.94994831085205 0
vertex 45.05002212524414 -10.94994831085205 0
vertex 40.500022888183594 -10.94994831085205 3.549999952316284
endloop
endfacet
facet normal 0 1 0
outer loop
vertex 45.05002212524414 -6.049948692321777 0
vertex 40.500022888183594 -6.049948692321777 0
vertex 40.500022888183594 -6.049948692321777 3.549999952316284
endloop
endfacet
facet normal 0 -1 0
outer loop
vertex 54.500022888183594 -10.94994831085205 0
vertex 54.500022888183594 -10.94994831085205 3.549999952316284
vertex 49.95002365112305 -10.94994831085205 0
endloop
endfacet
facet normal -1 0 0
outer loop
vertex 64.05001831054688 8.05005168914795 0
vertex 64.05001831054688 -6.049948692321777 0
vertex 64.05001831054688 8.05005168914795 5
endloop
endfacet
facet normal 0 1 0
outer loop
vertex 54.500022888183594 -6.049948692321777 0
vertex 49.95002365112305 -6.049948692321777 0
vertex 54.500022888183594 -6.049948692321777 3.549999952316284
endloop
endfacet
facet normal 1 0 0
outer loop
vertex -26.049978256225586 -6.049948692321777 5
vertex -26.049978256225586 -6.049948692321777 0
vertex -26.049978256225586 8.05005168914795 0
endloop
endfacet
facet normal 1 0 0
outer loop
vertex 49.95002365112305 27.050050735473633 0
vertex 49.95002365112305 12.950051307678223 5
vertex 49.95002365112305 12.950051307678223 0
endloop
endfacet
facet normal -1 0 0
outer loop
vertex 45.05002212524414 27.050050735473633 0
vertex 45.05002212524414 12.950051307678223 0
vertex 45.05002212524414 27.050050735473633 5
endloop
endfacet
facet normal -1 0 0
outer loop
vertex -30.94997787475586 27.050050735473633 0
vertex -30.94997787475586 12.950051307678223 0
vertex -30.94997787475586 27.050050735473633 5
endloop
endfacet
facet normal 1 0 0
outer loop
vertex -26.049978256225586 12.950051307678223 0
vertex -26.049978256225586 27.050050735473633 0
vertex -26.049978256225586 12.950051307678223 5
endloop
endfacet
facet normal 1 0 0
outer loop
vertex 49.95002365112305 -6.049948692321777 5
vertex 49.95002365112305 -6.049948692321777 0
vertex 49.95002365112305 8.05005168914795 0
endloop
endfacet
facet normal -1 0 0
outer loop
vertex 45.05002212524414 8.05005168914795 0
vertex 45.05002212524414 -6.049948692321777 0
vertex 45.05002212524414 8.05005168914795 5
endloop
endfacet
facet normal 0 1 0
outer loop
vertex 64.05001831054688 12.950051307678223 0
vertex 59.500022888183594 12.950051307678223 0
vertex 59.500022888183594 12.950051307678223 3.549999952316284
endloop
endfacet
facet normal 0 1 0
outer loop
vertex 64.05001831054688 -25.04994773864746 0
vertex 59.500022888183594 -25.04994773864746 0
vertex 59.500022888183594 -25.04994773864746 3.549999952316284
endloop
endfacet
facet normal 0 -1 0
outer loop
vertex 26.05002212524414 8.05005168914795 0
vertex 21.500022888183594 8.05005168914795 3.549999952316284
vertex 21.500022888183594 8.05005168914795 0
endloop
endfacet
facet normal 0 -1 0
outer loop
vertex 35.500022888183594 8.05005168914795 0
vertex 35.500022888183594 8.05005168914795 3.549999952316284
vertex 30.950021743774414 8.05005168914795 0
endloop
endfacet
facet normal 0 -1 0
outer loop
vertex 59.500022888183594 8.05005168914795 0
vertex 64.05001831054688 8.05005168914795 0
vertex 59.500022888183594 8.05005168914795 3.549999952316284
endloop
endfacet
facet normal 0 -1 0
outer loop
vertex -59.499977111816406 27.050050735473633 0
vertex -59.499977111816406 27.050050735473633 3.549999952316284
vertex -64.04998016357422 27.050050735473633 0
endloop
endfacet
facet normal 1 0 0
outer loop
vertex -26.049978256225586 -44.049949645996094 5
vertex -26.049978256225586 -39.10481643676758 0
vertex -26.049978256225586 -29.949949264526367 0
endloop
endfacet
facet normal 1 0 0
outer loop
vertex -26.049978256225586 -44.049949645996094 0
vertex -26.049978256225586 -39.10481643676758 0
vertex -26.049978256225586 -44.049949645996094 5
endloop
endfacet
facet normal 0 1 0
outer loop
vertex 54.500022888183594 12.950051307678223 0
vertex 49.95002365112305 12.950051307678223 0
vertex 54.500022888183594 12.950051307678223 3.549999952316284
endloop
endfacet
facet normal -1 0 0
outer loop
vertex -49.94997787475586 46.050052642822266 2.200000047683716
vertex -49.94997787475586 42.50004959106445 1
vertex -49.94997787475586 31.95005226135254 2.200000047683716
endloop
endfacet
facet normal 0 -1 0
outer loop
vertex 49.95002365112305 46.050052642822266 5
vertex 59.500022888183594 46.050052642822266 3.549999952316284
vertex 64.05001831054688 46.050052642822266 5
endloop
endfacet
facet normal 0 1 0
outer loop
vertex 64.05001831054688 31.95005226135254 5
vertex 54.500022888183594 31.95005226135254 3.549999952316284
vertex 49.95002365112305 31.95005226135254 5
endloop
endfacet
facet normal 0 1 0
outer loop
vertex 64.05001831054688 31.95005226135254 5
vertex 59.500022888183594 31.95005226135254 3.549999952316284
vertex 54.500022888183594 31.95005226135254 3.549999952316284
endloop
endfacet
facet normal 0 -1 0
outer loop
vertex 45.05002212524414 46.050052642822266 5
vertex 30.950021743774414 46.050052642822266 5
vertex 40.500022888183594 46.050052642822266 3.549999952316284
endloop
endfacet
facet normal 0 -1 0
outer loop
vertex 45.05002212524414 27.050050735473633 5
vertex 30.950021743774414 27.050050735473633 5
vertex 40.500022888183594 27.050050735473633 3.549999952316284
endloop
endfacet
facet normal 1 0 0
outer loop
vertex -26.049978256225586 -25.04994773864746 0
vertex -26.049978256225586 -10.94994831085205 0
vertex -26.049978256225586 -25.04994773864746 5
endloop
endfacet
facet normal -1 0 0
outer loop
vertex -30.94997787475586 -23.624313354492188 0
vertex -30.94997787475586 -25.04994773864746 0
vertex -30.94997787475586 -10.94994831085205 5
endloop
endfacet
facet normal 0 1 0
outer loop
vertex -49.94997787475586 31.95005226135254 0
vertex -64.04998016357422 31.95005226135254 0
vertex -49.94997787475586 31.95005226135254 2.200000047683716
endloop
endfacet
facet normal 0 -1 0
outer loop
vertex -2.4999778270721436 -29.949949264526367 0
vertex -2.4999778270721436 -29.949949264526367 3.549999952316284
vertex -7.049977779388428 -29.949949264526367 0
endloop
endfacet
facet normal -1 0 0
outer loop
vertex 26.05002212524414 46.050052642822266 0
vertex 26.05002212524414 31.95005226135254 0
vertex 26.05002212524414 46.050052642822266 5
endloop
endfacet
facet normal -1 0 0
outer loop
vertex -11.94997787475586 8.05005168914795 5
vertex -11.94997787475586 -6.049948692321777 0
vertex -11.94997787475586 -6.049948692321777 5
endloop
endfacet
facet normal 0 -1 0
outer loop
vertex -7.049977779388428 8.05005168914795 0
vertex -2.4999778270721436 8.05005168914795 3.549999952316284
vertex -7.049977779388428 8.05005168914795 5
endloop
endfacet
facet normal 0 -1 0
outer loop
vertex -16.499977111816406 8.05005168914795 3.549999952316284
vertex -11.94997787475586 8.05005168914795 0
vertex -11.94997787475586 8.05005168914795 5
endloop
endfacet
facet normal 1 0 0
outer loop
vertex -26.049978256225586 12.950051307678223 5
vertex -26.049978256225586 27.050050735473633 0
vertex -26.049978256225586 27.050050735473633 5
endloop
endfacet
facet normal -1 0 0
outer loop
vertex -30.94997787475586 27.050050735473633 5
vertex -30.94997787475586 12.950051307678223 0
vertex -30.94997787475586 12.950051307678223 5
endloop
endfacet
facet normal 0 1 0
outer loop
vertex -21.499977111816406 12.950051307678223 3.549999952316284
vertex -26.049978256225586 12.950051307678223 0
vertex -26.049978256225586 12.950051307678223 5
endloop
endfacet
facet normal 1 0 0
outer loop
vertex 30.950021743774414 31.95005226135254 0
vertex 30.950021743774414 46.050052642822266 0
vertex 30.950021743774414 31.95005226135254 5
endloop
endfacet
facet normal 0 1 0
outer loop
vertex -30.94997787475586 12.950051307678223 0
vertex -35.499977111816406 12.950051307678223 3.549999952316284
vertex -30.94997787475586 12.950051307678223 5
endloop
endfacet
facet normal 1 0 0
outer loop
vertex -64.04998016357422 31.95005226135254 0
vertex -64.04998016357422 35.50004959106445 1
vertex -64.04998016357422 31.95005226135254 2.200000047683716
endloop
endfacet
facet normal -1 0 0
outer loop
vertex 7.050022125244141 46.050052642822266 0
vertex 7.050022125244141 31.95005226135254 0
vertex 7.050022125244141 46.050052642822266 5
endloop
endfacet
facet normal 0 -1 0
outer loop
vertex -16.499977111816406 -29.949949264526367 3.549999952316284
vertex -11.94997787475586 -29.949949264526367 0
vertex -11.94997787475586 -29.949949264526367 5
endloop
endfacet
facet normal 0 -1 0
outer loop
vertex -7.049977779388428 -29.949949264526367 0
vertex -2.4999778270721436 -29.949949264526367 3.549999952316284
vertex -7.049977779388428 -29.949949264526367 5
endloop
endfacet
facet normal -1 0 0
outer loop
vertex -11.94997787475586 -29.949949264526367 5
vertex -11.94997787475586 -44.049949645996094 0
vertex -11.94997787475586 -44.049949645996094 5
endloop
endfacet
facet normal 1 0 0
outer loop
vertex -7.049977779388428 -44.049949645996094 5
vertex -7.049977779388428 -29.949949264526367 0
vertex -7.049977779388428 -31.462177276611328 5
endloop
endfacet
facet normal 1 0 0
outer loop
vertex -7.049977779388428 -31.462177276611328 5
vertex -7.049977779388428 -29.949949264526367 0
vertex -7.049977779388428 -29.949949264526367 5
endloop
endfacet
facet normal 1 0 0
outer loop
vertex 11.950021743774414 46.050052642822266 0
vertex 11.950021743774414 31.95005226135254 5
vertex 11.950021743774414 31.95005226135254 0
endloop
endfacet
facet normal 0 1 0
outer loop
vertex 26.05002212524414 12.950051307678223 0
vertex 21.500022888183594 12.950051307678223 0
vertex 21.500022888183594 12.950051307678223 3.549999952316284
endloop
endfacet
facet normal 0 -1 0
outer loop
vertex 35.500022888183594 46.050052642822266 0
vertex 35.500022888183594 46.050052642822266 3.549999952316284
vertex 30.950021743774414 46.050052642822266 0
endloop
endfacet
facet normal 0 1 0
outer loop
vertex -35.499977111816406 -44.049949645996094 3.549999952316284
vertex -40.499977111816406 -44.049949645996094 3.549999952316284
vertex -30.94997787475586 -44.049949645996094 5
endloop
endfacet
facet normal 1 0 0
outer loop
vertex -26.049978256225586 -6.049948692321777 5
vertex -26.049978256225586 8.05005168914795 0
vertex -26.049978256225586 8.05005168914795 5
endloop
endfacet
facet normal -1 0 0
outer loop
vertex -30.94997787475586 8.05005168914795 5
vertex -30.94997787475586 -6.049948692321777 0
vertex -30.94997787475586 -6.049948692321777 5
endloop
endfacet
facet normal 0 -1 0
outer loop
vertex -26.049978256225586 8.05005168914795 0
vertex -21.499977111816406 8.05005168914795 3.549999952316284
vertex -26.049978256225586 8.05005168914795 5
endloop
endfacet
facet normal 0 -1 0
outer loop
vertex -35.499977111816406 8.05005168914795 3.549999952316284
vertex -30.94997787475586 8.05005168914795 0
vertex -30.94997787475586 8.05005168914795 5
endloop
endfacet
facet normal 0 -1 0
outer loop
vertex -30.94997787475586 27.050050735473633 5
vertex -45.04997634887695 27.050050735473633 5
vertex -35.499977111816406 27.050050735473633 3.549999952316284
endloop
endfacet
facet normal 0 -1 0
outer loop
vertex -45.04997634887695 27.050050735473633 5
vertex -40.499977111816406 27.050050735473633 3.549999952316284
vertex -35.499977111816406 27.050050735473633 3.549999952316284
endloop
endfacet
facet normal 0 1 0
outer loop
vertex -21.499977111816406 -44.049949645996094 3.549999952316284
vertex -26.049978256225586 -44.049949645996094 5
vertex -11.94997787475586 -44.049949645996094 5
endloop
endfacet
facet normal 0 -1 0
outer loop
vertex -26.049978256225586 -29.949949264526367 5
vertex -21.499977111816406 -29.949949264526367 3.549999952316284
vertex -16.499977111816406 -29.949949264526367 3.549999952316284
endloop
endfacet
facet normal 0 -1 0
outer loop
vertex -64.04998016357422 27.050050735473633 5
vertex -54.499977111816406 27.050050735473633 3.549999952316284
vertex -49.94997787475586 27.050050735473633 5
endloop
endfacet
facet normal 0 -1 0
outer loop
vertex -26.049978256225586 -29.949949264526367 5
vertex -16.499977111816406 -29.949949264526367 3.549999952316284
vertex -11.94997787475586 -29.949949264526367 5
endloop
endfacet
facet normal 0 1 0
outer loop
vertex -16.499977111816406 -44.049949645996094 3.549999952316284
vertex -21.499977111816406 -44.049949645996094 3.549999952316284
vertex -11.94997787475586 -44.049949645996094 5
endloop
endfacet
facet normal 0 -1 0
outer loop
vertex -64.04998016357422 27.050050735473633 5
vertex -59.499977111816406 27.050050735473633 3.549999952316284
vertex -54.499977111816406 27.050050735473633 3.549999952316284
endloop
endfacet
facet normal 0 -1 0
outer loop
vertex -45.04997634887695 27.050050735473633 5
vertex -45.04997634887695 27.050050735473633 0
vertex -40.499977111816406 27.050050735473633 3.549999952316284
endloop
endfacet
facet normal 0 -1 0
outer loop
vertex -54.499977111816406 27.050050735473633 3.549999952316284
vertex -49.94997787475586 27.050050735473633 0
vertex -49.94997787475586 27.050050735473633 5
endloop
endfacet
facet normal 0 -1 0
outer loop
vertex -64.04998016357422 27.050050735473633 5
vertex -64.04998016357422 27.050050735473633 0
vertex -59.499977111816406 27.050050735473633 3.549999952316284
endloop
endfacet
facet normal 0 1 0
outer loop
vertex -45.04997634887695 12.950051307678223 5
vertex -30.94997787475586 12.950051307678223 5
vertex -40.499977111816406 12.950051307678223 3.549999952316284
endloop
endfacet
facet normal 0 -1 0
outer loop
vertex -45.04997634887695 8.05005168914795 5
vertex -35.499977111816406 8.05005168914795 3.549999952316284
vertex -30.94997787475586 8.05005168914795 5
endloop
endfacet
facet normal 0 -1 0
outer loop
vertex -45.04997634887695 8.05005168914795 5
vertex -40.499977111816406 8.05005168914795 3.549999952316284
vertex -35.499977111816406 8.05005168914795 3.549999952316284
endloop
endfacet
facet normal 0 1 0
outer loop
vertex -49.94997787475586 12.950051307678223 5
vertex -59.499977111816406 12.950051307678223 3.549999952316284
vertex -64.04998016357422 12.950051307678223 5
endloop
endfacet
facet normal 0 1 0
outer loop
vertex -54.499977111816406 12.950051307678223 3.549999952316284
vertex -59.499977111816406 12.950051307678223 3.549999952316284
vertex -49.94997787475586 12.950051307678223 5
endloop
endfacet
facet normal 1 0 0
outer loop
vertex -45.04997634887695 12.950051307678223 5
vertex -45.04997634887695 27.050050735473633 0
vertex -45.04997634887695 27.050050735473633 5
endloop
endfacet
facet normal 0 1 0
outer loop
vertex -2.4999778270721436 -44.049949645996094 3.549999952316284
vertex -7.049977779388428 -44.049949645996094 5
vertex 7.050022125244141 -44.049949645996094 5
endloop
endfacet
facet normal -1 0 0
outer loop
vertex -49.94997787475586 27.050050735473633 5
vertex -49.94997787475586 12.950051307678223 0
vertex -49.94997787475586 12.950051307678223 5
endloop
endfacet
facet normal 0 1 0
outer loop
vertex -40.499977111816406 12.950051307678223 3.549999952316284
vertex -45.04997634887695 12.950051307678223 0
vertex -45.04997634887695 12.950051307678223 5
endloop
endfacet
facet normal 0 1 0
outer loop
vertex -49.94997787475586 12.950051307678223 0
vertex -54.499977111816406 12.950051307678223 3.549999952316284
vertex -49.94997787475586 12.950051307678223 5
endloop
endfacet
facet normal 1 0 0
outer loop
vertex -45.04997634887695 8.05005168914795 5
vertex -45.04997634887695 -6.049948692321777 5
vertex -45.04997634887695 8.05005168914795 0
endloop
endfacet
facet normal 0 -1 0
outer loop
vertex -45.04997634887695 8.05005168914795 0
vertex -40.499977111816406 8.05005168914795 3.549999952316284
vertex -45.04997634887695 8.05005168914795 5
endloop
endfacet
facet normal 0 -1 0
outer loop
vertex -7.049977779388428 -29.949949264526367 5
vertex -2.4999778270721436 -29.949949264526367 3.549999952316284
vertex 2.5000221729278564 -29.949949264526367 3.549999952316284
endloop
endfacet
facet normal 0 -1 0
outer loop
vertex -11.94997787475586 -29.949949264526367 0
vertex -16.499977111816406 -29.949949264526367 3.549999952316284
vertex -16.499977111816406 -29.949949264526367 0
endloop
endfacet
facet normal 0 1 0
outer loop
vertex 35.500022888183594 12.950051307678223 0
vertex 30.950021743774414 12.950051307678223 0
vertex 35.500022888183594 12.950051307678223 3.549999952316284
endloop
endfacet
facet normal 0 1 0
outer loop
vertex -30.94997787475586 -25.04994773864746 0
vertex -35.499977111816406 -25.04994773864746 3.549999952316284
vertex -30.94997787475586 -25.04994773864746 5
endloop
endfacet
facet normal 0 1 0
outer loop
vertex -21.499977111816406 -25.04994773864746 3.549999952316284
vertex -26.049978256225586 -25.04994773864746 0
vertex -26.049978256225586 -25.04994773864746 5
endloop
endfacet
facet normal -1 0 0
outer loop
vertex -30.94997787475586 -25.04994773864746 0
vertex -30.94997787475586 -25.04994773864746 5
vertex -30.94997787475586 -23.624313354492188 5
endloop
endfacet
facet normal -1 0 0
outer loop
vertex -30.94997787475586 -10.94994831085205 5
vertex -30.94997787475586 -25.04994773864746 0
vertex -30.94997787475586 -23.624313354492188 5
endloop
endfacet
facet normal 1 0 0
outer loop
vertex -26.049978256225586 -25.04994773864746 5
vertex -26.049978256225586 -10.94994831085205 0
vertex -26.049978256225586 -10.94994831085205 5
endloop
endfacet
facet normal 0 -1 0
outer loop
vertex -35.499977111816406 -10.94994831085205 3.549999952316284
vertex -30.94997787475586 -10.94994831085205 0
vertex -30.94997787475586 -10.94994831085205 5
endloop
endfacet
facet normal 0 1 0
outer loop
vertex -30.94997787475586 -6.049948692321777 0
vertex -35.499977111816406 -6.049948692321777 3.549999952316284
vertex -30.94997787475586 -6.049948692321777 5
endloop
endfacet
facet normal 0 -1 0
outer loop
vertex -26.049978256225586 -10.94994831085205 5
vertex -26.049978256225586 -10.94994831085205 0
vertex -21.499977111816406 -10.94994831085205 3.549999952316284
endloop
endfacet
facet normal 0 1 0
outer loop
vertex -21.499977111816406 -6.049948692321777 3.549999952316284
vertex -26.049978256225586 -6.049948692321777 0
vertex -26.049978256225586 -6.049948692321777 5
endloop
endfacet
facet normal 0 1 0
outer loop
vertex -11.94997787475586 -25.04994773864746 0
vertex -16.499977111816406 -25.04994773864746 3.549999952316284
vertex -11.94997787475586 -25.04994773864746 5
endloop
endfacet
facet normal 0 1 0
outer loop
vertex -2.4999778270721436 -25.04994773864746 3.549999952316284
vertex -7.049977779388428 -25.04994773864746 0
vertex -7.049977779388428 -25.04994773864746 5
endloop
endfacet
facet normal -1 0 0
outer loop
vertex -11.94997787475586 -10.94994831085205 5
vertex -11.94997787475586 -25.04994773864746 0
vertex -11.94997787475586 -25.04994773864746 5
endloop
endfacet
facet normal -1 0 0
outer loop
vertex -11.94997787475586 8.05005168914795 0
vertex -11.94997787475586 -6.049948692321777 0
vertex -11.94997787475586 8.05005168914795 5
endloop
endfacet
facet normal 1 0 0
outer loop
vertex -7.049977779388428 -25.04994773864746 5
vertex -7.049977779388428 -10.94994831085205 0
vertex -7.049977779388428 -10.94994831085205 5
endloop
endfacet
facet normal 0 -1 0
outer loop
vertex -16.499977111816406 -10.94994831085205 3.549999952316284
vertex -11.94997787475586 -10.94994831085205 0
vertex -11.94997787475586 -10.94994831085205 5
endloop
endfacet
facet normal 0 1 0
outer loop
vertex -11.94997787475586 -6.049948692321777 0
vertex -16.499977111816406 -6.049948692321777 3.549999952316284
vertex -11.94997787475586 -6.049948692321777 5
endloop
endfacet
facet normal 0 -1 0
outer loop
vertex -7.049977779388428 -10.94994831085205 5
vertex -7.049977779388428 -10.94994831085205 0
vertex -2.4999778270721436 -10.94994831085205 3.549999952316284
endloop
endfacet
facet normal 0 1 0
outer loop
vertex -2.4999778270721436 -6.049948692321777 3.549999952316284
vertex -7.049977779388428 -6.049948692321777 0
vertex -7.049977779388428 -6.049948692321777 5
endloop
endfacet
facet normal -1 0 0
outer loop
vertex 7.050022125244141 8.05005168914795 0
vertex 7.050022125244141 -6.049948692321777 0
vertex 7.050022125244141 8.05005168914795 5
endloop
endfacet
facet normal 0 1 0
outer loop
vertex -35.499977111816406 -25.04994773864746 3.549999952316284
vertex -40.499977111816406 -25.04994773864746 3.549999952316284
vertex -30.94997787475586 -25.04994773864746 5
endloop
endfacet
facet normal 1 0 0
outer loop
vertex -64.04998016357422 12.950051307678223 5
vertex -64.04998016357422 27.050050735473633 0
vertex -64.04998016357422 27.050050735473633 5
endloop
endfacet
facet normal 0 1 0
outer loop
vertex -59.499977111816406 12.950051307678223 3.549999952316284
vertex -64.04998016357422 12.950051307678223 0
vertex -64.04998016357422 12.950051307678223 5
endloop
endfacet
facet normal 0 1 0
outer loop
vertex -21.499977111816406 -25.04994773864746 3.549999952316284
vertex -26.049978256225586 -25.04994773864746 5
vertex -11.94997787475586 -25.04994773864746 5
endloop
endfacet
facet normal 1 0 0
outer loop
vertex 11.950021743774414 -6.049948692321777 5
vertex 11.950021743774414 -6.049948692321777 0
vertex 11.950021743774414 8.05005168914795 0
endloop
endfacet
facet normal 1 0 0
outer loop
vertex -64.04998016357422 35.50004959106445 0
vertex -64.04998016357422 35.50004959106445 1
vertex -64.04998016357422 31.95005226135254 0
endloop
endfacet
facet normal 1 0 0
outer loop
vertex -7.049977779388428 -6.049948692321777 5
vertex -7.049977779388428 -6.049948692321777 0
vertex -7.049977779388428 8.05005168914795 0
endloop
endfacet
facet normal 0 -1 0
outer loop
vertex 64.05001831054688 -10.94994831085205 0
vertex 59.500022888183594 -10.94994831085205 3.549999952316284
vertex 59.500022888183594 -10.94994831085205 0
endloop
endfacet
facet normal 0 1 0
outer loop
vertex 64.05001831054688 -6.049948692321777 0
vertex 59.500022888183594 -6.049948692321777 0
vertex 59.500022888183594 -6.049948692321777 3.549999952316284
endloop
endfacet
facet normal 0 1 0
outer loop
vertex -35.499977111816406 -6.049948692321777 3.549999952316284
vertex -40.499977111816406 -6.049948692321777 3.549999952316284
vertex -30.94997787475586 -6.049948692321777 5
endloop
endfacet
facet normal 0 -1 0
outer loop
vertex -26.049978256225586 -10.94994831085205 5
vertex -21.499977111816406 -10.94994831085205 3.549999952316284
vertex -16.499977111816406 -10.94994831085205 3.549999952316284
endloop
endfacet
facet normal -1 0 0
outer loop
vertex -11.94997787475586 46.050052642822266 2.200000047683716
vertex -11.94997787475586 42.50004959106445 1
vertex -11.94997787475586 31.95005226135254 2.200000047683716
endloop
endfacet
facet normal 0 -1 0
outer loop
vertex -26.049978256225586 46.050052642822266 2.200000047683716
vertex -11.94997787475586 46.050052642822266 0
vertex -11.94997787475586 46.050052642822266 2.200000047683716
endloop
endfacet
facet normal 0 -1 0
outer loop
vertex -64.04998016357422 46.050052642822266 2.200000047683716
vertex -49.94997787475586 46.050052642822266 0
vertex -49.94997787475586 46.050052642822266 2.200000047683716
endloop
endfacet
facet normal 1 0 0
outer loop
vertex -64.04998016357422 31.95005226135254 2.200000047683716
vertex -64.04998016357422 42.50004959106445 1
vertex -64.04998016357422 46.050052642822266 2.200000047683716
endloop
endfacet
facet normal 0 -1 0
outer loop
vertex -26.049978256225586 -10.94994831085205 5
vertex -16.499977111816406 -10.94994831085205 3.549999952316284
vertex -11.94997787475586 -10.94994831085205 5
endloop
endfacet
facet normal 0 1 0
outer loop
vertex -26.049978256225586 -6.049948692321777 5
vertex -11.94997787475586 -6.049948692321777 5
vertex -21.499977111816406 -6.049948692321777 3.549999952316284
endloop
endfacet
facet normal 0 1 0
outer loop
vertex -16.499977111816406 -25.04994773864746 3.549999952316284
vertex -21.499977111816406 -25.04994773864746 3.549999952316284
vertex -11.94997787475586 -25.04994773864746 5
endloop
endfacet
facet normal 0 1 0
outer loop
vertex -7.049977779388428 -25.04994773864746 5
vertex 7.050022125244141 -25.04994773864746 5
vertex -2.4999778270721436 -25.04994773864746 3.549999952316284
endloop
endfacet
facet normal 1 0 0
outer loop
vertex -7.049977779388428 46.050052642822266 0
vertex -7.049977779388428 31.95005226135254 5
vertex -7.049977779388428 31.95005226135254 0
endloop
endfacet
facet normal -1 0 0
outer loop
vertex -11.94997787475586 42.50004959106445 1
vertex -11.94997787475586 35.50004959106445 1
vertex -11.94997787475586 31.95005226135254 2.200000047683716
endloop
endfacet
facet normal 0 1 0
outer loop
vertex -16.499977111816406 -6.049948692321777 3.549999952316284
vertex -21.499977111816406 -6.049948692321777 3.549999952316284
vertex -11.94997787475586 -6.049948692321777 5
endloop
endfacet
facet normal 0 -1 0
outer loop
vertex -7.049977779388428 -10.94994831085205 5
vertex -2.4999778270721436 -10.94994831085205 3.549999952316284
vertex 2.5000221729278564 -10.94994831085205 3.549999952316284
endloop
endfacet
facet normal 1 0 0
outer loop
vertex -26.049978256225586 31.95005226135254 2.200000047683716
vertex -26.049978256225586 42.50004959106445 1
vertex -26.049978256225586 46.050052642822266 2.200000047683716
endloop
endfacet
facet normal 0 1 0
outer loop
vertex -2.4999778270721436 -6.049948692321777 3.549999952316284
vertex -7.049977779388428 -6.049948692321777 5
vertex 7.050022125244141 -6.049948692321777 5
endloop
endfacet
facet normal -1 0 0
outer loop
vertex -30.94997787475586 46.050052642822266 2.200000047683716
vertex -30.94997787475586 42.50004959106445 1
vertex -30.94997787475586 31.95005226135254 2.200000047683716
endloop
endfacet
facet normal 0 -1 0
outer loop
vertex -45.04997634887695 46.050052642822266 2.200000047683716
vertex -30.94997787475586 46.050052642822266 0
vertex -30.94997787475586 46.050052642822266 2.200000047683716
endloop
endfacet
facet normal 1 0 0
outer loop
vertex -26.049978256225586 31.95005226135254 2.200000047683716
vertex -26.049978256225586 35.50004959106445 1
vertex -26.049978256225586 42.50004959106445 1
endloop
endfacet
facet normal 0 1 0
outer loop
vertex -11.94997787475586 31.95005226135254 2.200000047683716
vertex -26.049978256225586 31.95005226135254 0
vertex -26.049978256225586 31.95005226135254 2.200000047683716
endloop
endfacet
facet normal -1 0 0
outer loop
vertex -30.94997787475586 42.50004959106445 1
vertex -30.94997787475586 35.50004959106445 1
vertex -30.94997787475586 31.95005226135254 2.200000047683716
endloop
endfacet
facet normal 0 -1 0
outer loop
vertex -2.4999778270721436 46.050052642822266 0
vertex -2.4999778270721436 46.050052642822266 3.549999952316284
vertex -7.049977779388428 46.050052642822266 0
endloop
endfacet
facet normal -1 0 0
outer loop
vertex -11.94997787475586 46.050052642822266 0
vertex -11.94997787475586 42.50004959106445 1
vertex -11.94997787475586 46.050052642822266 2.200000047683716
endloop
endfacet
facet normal 0 1 0
outer loop
vertex -59.499977111816406 12.950051307678223 0
vertex -64.04998016357422 12.950051307678223 0
vertex -59.499977111816406 12.950051307678223 3.549999952316284
endloop
endfacet
facet normal -1 0 0
outer loop
vertex -11.94997787475586 46.050052642822266 0
vertex -11.94997787475586 42.50004959106445 0
vertex -11.94997787475586 42.50004959106445 1
endloop
endfacet
facet normal 0 1 0
outer loop
vertex -2.4999778270721436 31.95005226135254 0
vertex -7.049977779388428 31.95005226135254 0
vertex -2.4999778270721436 31.95005226135254 3.549999952316284
endloop
endfacet
facet normal 0 -1 0
outer loop
vertex -2.4999778270721436 27.050050735473633 0
vertex -2.4999778270721436 27.050050735473633 3.549999952316284
vertex -7.049977779388428 27.050050735473633 0
endloop
endfacet
facet normal -1 0 0
outer loop
vertex -11.94997787475586 35.50004959106445 1
vertex -11.94997787475586 31.95005226135254 0
vertex -11.94997787475586 31.95005226135254 2.200000047683716
endloop
endfacet
facet normal 0 -1 0
outer loop
vertex -11.94997787475586 27.050050735473633 0
vertex -16.499977111816406 27.050050735473633 3.549999952316284
vertex -16.499977111816406 27.050050735473633 0
endloop
endfacet
facet normal 0 1 0
outer loop
vertex -11.94997787475586 31.95005226135254 0
vertex -26.049978256225586 31.95005226135254 0
vertex -11.94997787475586 31.95005226135254 2.200000047683716
endloop
endfacet
facet normal 0 -1 0
outer loop
vertex 26.05002212524414 46.050052642822266 0
vertex 21.500022888183594 46.050052642822266 3.549999952316284
vertex 21.500022888183594 46.050052642822266 0
endloop
endfacet
facet normal -1 0 0
outer loop
vertex -11.94997787475586 35.50004959106445 0
vertex -11.94997787475586 31.95005226135254 0
vertex -11.94997787475586 35.50004959106445 1
endloop
endfacet
facet normal -1 0 0
outer loop
vertex 45.05002212524414 -10.94994831085205 0
vertex 45.05002212524414 -25.04994773864746 0
vertex 45.05002212524414 -10.94994831085205 5
endloop
endfacet
facet normal 0 1 0
outer loop
vertex 35.500022888183594 31.95005226135254 0
vertex 30.950021743774414 31.95005226135254 0
vertex 35.500022888183594 31.95005226135254 3.549999952316284
endloop
endfacet
facet normal 1 0 0
outer loop
vertex 49.95002365112305 -10.94994831085205 0
vertex 49.95002365112305 -25.04994773864746 5
vertex 49.95002365112305 -25.04994773864746 0
endloop
endfacet
facet normal 0 -1 0
outer loop
vertex 35.500022888183594 27.050050735473633 0
vertex 35.500022888183594 27.050050735473633 3.549999952316284
vertex 30.950021743774414 27.050050735473633 0
endloop
endfacet
facet normal 0 1 0
outer loop
vertex 26.05002212524414 31.95005226135254 0
vertex 21.500022888183594 31.95005226135254 0
vertex 21.500022888183594 31.95005226135254 3.549999952316284
endloop
endfacet
facet normal 0 -1 0
outer loop
vertex 26.05002212524414 27.050050735473633 0
vertex 21.500022888183594 27.050050735473633 3.549999952316284
vertex 21.500022888183594 27.050050735473633 0
endloop
endfacet
facet normal -1 0 0
outer loop
vertex 7.050022125244141 27.050050735473633 0
vertex 7.050022125244141 12.950051307678223 0
vertex 7.050022125244141 27.050050735473633 5
endloop
endfacet
facet normal 1 0 0
outer loop
vertex 11.950021743774414 27.050050735473633 0
vertex 11.950021743774414 12.950051307678223 5
vertex 11.950021743774414 12.950051307678223 0
endloop
endfacet
facet normal -1 0 0
outer loop
vertex -11.94997787475586 27.050050735473633 0
vertex -11.94997787475586 12.950051307678223 0
vertex -11.94997787475586 27.050050735473633 5
endloop
endfacet
facet normal 1 0 0
outer loop
vertex -7.049977779388428 12.950051307678223 0
vertex -7.049977779388428 27.050050735473633 0
vertex -7.049977779388428 12.950051307678223 5
endloop
endfacet
facet normal -1 0 0
outer loop
vertex 64.05001831054688 -10.94994831085205 0
vertex 64.05001831054688 -25.04994773864746 0
vertex 64.05001831054688 -10.94994831085205 5
endloop
endfacet
facet normal 0 -1 0
outer loop
vertex 16.500022888183594 46.050052642822266 0
vertex 16.500022888183594 46.050052642822266 3.549999952316284
vertex 11.950021743774414 46.050052642822266 0
endloop
endfacet
facet normal -1 0 0
outer loop
vertex -30.94997787475586 35.50004959106445 0
vertex -30.94997787475586 31.95005226135254 0
vertex -30.94997787475586 35.50004959106445 1
endloop
endfacet
facet normal 0 -1 0
outer loop
vertex 7.050022125244141 46.050052642822266 0
vertex 2.5000221729278564 46.050052642822266 3.549999952316284
vertex 2.5000221729278564 46.050052642822266 0
endloop
endfacet
facet normal -1 0 0
outer loop
vertex 26.05002212524414 8.05005168914795 0
vertex 26.05002212524414 -6.049948692321777 0
vertex 26.05002212524414 8.05005168914795 5
endloop
endfacet
facet normal 1 0 0
outer loop
vertex 30.950021743774414 -6.049948692321777 5
vertex 30.950021743774414 -6.049948692321777 0
vertex 30.950021743774414 8.05005168914795 0
endloop
endfacet
facet normal 0 1 0
outer loop
vertex 16.500022888183594 31.95005226135254 0
vertex 11.950021743774414 31.95005226135254 0
vertex 16.500022888183594 31.95005226135254 3.549999952316284
endloop
endfacet
facet normal 1 0 0
outer loop
vertex -26.049978256225586 35.50004959106445 0
vertex -26.049978256225586 35.50004959106445 1
vertex -26.049978256225586 31.95005226135254 0
endloop
endfacet
facet normal 0 -1 0
outer loop
vertex 16.500022888183594 27.050050735473633 0
vertex 16.500022888183594 27.050050735473633 3.549999952316284
vertex 11.950021743774414 27.050050735473633 0
endloop
endfacet
facet normal 0 1 0
outer loop
vertex 7.050022125244141 31.95005226135254 0
vertex 2.5000221729278564 31.95005226135254 0
vertex 2.5000221729278564 31.95005226135254 3.549999952316284
endloop
endfacet
facet normal 1 0 0
outer loop
vertex -45.04997634887695 12.950051307678223 0
vertex -45.04997634887695 27.050050735473633 0
vertex -45.04997634887695 12.950051307678223 5
endloop
endfacet
facet normal 0 -1 0
outer loop
vertex 7.050022125244141 27.050050735473633 0
vertex 2.5000221729278564 27.050050735473633 3.549999952316284
vertex 2.5000221729278564 27.050050735473633 0
endloop
endfacet
facet normal -1 0 0
outer loop
vertex -49.94997787475586 27.050050735473633 0
vertex -49.94997787475586 12.950051307678223 0
vertex -49.94997787475586 27.050050735473633 5
endloop
endfacet
facet normal 0 1 0
outer loop
vertex 7.050022125244141 -44.049949645996094 0
vertex 2.5000221729278564 -44.049949645996094 3.549999952316284
vertex 7.050022125244141 -44.049949645996094 5
endloop
endfacet
facet normal 0 1 0
outer loop
vertex 16.500022888183594 -44.049949645996094 3.549999952316284
vertex 11.950021743774414 -44.049949645996094 0
vertex 11.950021743774414 -44.049949645996094 5
endloop
endfacet
facet normal -1 0 0
outer loop
vertex 26.05002212524414 27.050050735473633 0
vertex 26.05002212524414 12.950051307678223 0
vertex 26.05002212524414 27.050050735473633 5
endloop
endfacet
facet normal 0 -1 0
outer loop
vertex 2.5000221729278564 -29.949949264526367 3.549999952316284
vertex 7.050022125244141 -29.949949264526367 0
vertex 7.050022125244141 -29.949949264526367 5
endloop
endfacet
facet normal 1 0 0
outer loop
vertex 30.950021743774414 27.050050735473633 0
vertex 30.950021743774414 12.950051307678223 5
vertex 30.950021743774414 12.950051307678223 0
endloop
endfacet
facet normal 0 -1 0
outer loop
vertex 11.950021743774414 -29.949949264526367 0
vertex 16.500022888183594 -29.949949264526367 3.549999952316284
vertex 11.950021743774414 -29.949949264526367 5
endloop
endfacet
facet normal -1 0 0
outer loop
vertex 7.050022125244141 -29.949949264526367 5
vertex 7.050022125244141 -44.049949645996094 0
vertex 7.050022125244141 -44.049949645996094 5
endloop
endfacet
facet normal 0 -1 0
outer loop
vertex -21.499977111816406 -29.949949264526367 0
vertex -21.499977111816406 -29.949949264526367 3.549999952316284
vertex -26.049978256225586 -29.949949264526367 0
endloop
endfacet
facet normal 1 0 0
outer loop
vertex 11.950021743774414 -44.049949645996094 5
vertex 11.950021743774414 -29.949949264526367 0
vertex 11.950021743774414 -29.949949264526367 5
endloop
endfacet
facet normal 0 1 0
outer loop
vertex 26.05002212524414 -44.049949645996094 0
vertex 21.500022888183594 -44.049949645996094 3.549999952316284
vertex 26.05002212524414 -44.049949645996094 5
endloop
endfacet
facet normal 0 1 0
outer loop
vertex 35.500022888183594 -44.049949645996094 3.549999952316284
vertex 30.950021743774414 -44.049949645996094 0
vertex 30.950021743774414 -44.049949645996094 5
endloop
endfacet
facet normal -1 0 0
outer loop
vertex -30.94997787475586 46.050052642822266 0
vertex -30.94997787475586 42.50004959106445 1
vertex -30.94997787475586 46.050052642822266 2.200000047683716
endloop
endfacet
facet normal 0 -1 0
outer loop
vertex -26.049978256225586 46.050052642822266 0
vertex -11.94997787475586 46.050052642822266 0
vertex -26.049978256225586 46.050052642822266 2.200000047683716
endloop
endfacet
facet normal 0 -1 0
outer loop
vertex 21.500022888183594 -29.949949264526367 3.549999952316284
vertex 26.05002212524414 -29.949949264526367 0
vertex 26.05002212524414 -29.949949264526367 5
endloop
endfacet
facet normal 0 -1 0
outer loop
vertex 30.950021743774414 -29.949949264526367 0
vertex 35.500022888183594 -29.949949264526367 3.549999952316284
vertex 30.950021743774414 -29.949949264526367 5
endloop
endfacet
facet normal -1 0 0
outer loop
vertex 26.05002212524414 -29.949949264526367 5
vertex 26.05002212524414 -44.049949645996094 0
vertex 26.05002212524414 -44.049949645996094 5
endloop
endfacet
facet normal 1 0 0
outer loop
vertex -26.049978256225586 42.50004959106445 1
vertex -26.049978256225586 46.050052642822266 0
vertex -26.049978256225586 46.050052642822266 2.200000047683716
endloop
endfacet
facet normal 0 1 0
outer loop
vertex -30.94997787475586 31.95005226135254 0
vertex -45.04997634887695 31.95005226135254 0
vertex -30.94997787475586 31.95005226135254 2.200000047683716
endloop
endfacet
facet normal 1 0 0
outer loop
vertex 30.950021743774414 -44.049949645996094 5
vertex 30.950021743774414 -29.949949264526367 0
vertex 30.950021743774414 -29.949949264526367 5
endloop
endfacet
facet normal 0 1 0
outer loop
vertex 7.050022125244141 -44.049949645996094 5
vertex 2.5000221729278564 -44.049949645996094 3.549999952316284
vertex -2.4999778270721436 -44.049949645996094 3.549999952316284
endloop
endfacet
facet normal 0 -1 0
outer loop
vertex 11.950021743774414 -29.949949264526367 5
vertex 16.500022888183594 -29.949949264526367 3.549999952316284
vertex 21.500022888183594 -29.949949264526367 3.549999952316284
endloop
endfacet
facet normal 0 -1 0
outer loop
vertex 7.050022125244141 -29.949949264526367 5
vertex -7.049977779388428 -29.949949264526367 5
vertex 2.5000221729278564 -29.949949264526367 3.549999952316284
endloop
endfacet
facet normal 0 1 0
outer loop
vertex 26.05002212524414 -44.049949645996094 5
vertex 21.500022888183594 -44.049949645996094 3.549999952316284
vertex 16.500022888183594 -44.049949645996094 3.549999952316284
endloop
endfacet
facet normal 0 1 0
outer loop
vertex 26.05002212524414 -44.049949645996094 5
vertex 16.500022888183594 -44.049949645996094 3.549999952316284
vertex 11.950021743774414 -44.049949645996094 5
endloop
endfacet
facet normal 0 -1 0
outer loop
vertex 30.950021743774414 -29.949949264526367 5
vertex 35.500022888183594 -29.949949264526367 3.549999952316284
vertex 40.500022888183594 -29.949949264526367 3.549999952316284
endloop
endfacet
facet normal 0 -1 0
outer loop
vertex 11.950021743774414 -29.949949264526367 5
vertex 21.500022888183594 -29.949949264526367 3.549999952316284
vertex 26.05002212524414 -29.949949264526367 5
endloop
endfacet
facet normal 0 1 0
outer loop
vertex 7.050022125244141 -25.04994773864746 0
vertex 2.5000221729278564 -25.04994773864746 3.549999952316284
vertex 7.050022125244141 -25.04994773864746 5
endloop
endfacet
facet normal 0 1 0
outer loop
vertex 16.500022888183594 -25.04994773864746 3.549999952316284
vertex 11.950021743774414 -25.04994773864746 0
vertex 11.950021743774414 -25.04994773864746 5
endloop
endfacet
facet normal 0 -1 0
outer loop
vertex -30.94997787475586 -29.949949264526367 0
vertex -35.499977111816406 -29.949949264526367 3.549999952316284
vertex -35.499977111816406 -29.949949264526367 0
endloop
endfacet
facet normal -1 0 0
outer loop
vertex 7.050022125244141 -10.94994831085205 5
vertex 7.050022125244141 -25.04994773864746 0
vertex 7.050022125244141 -25.04994773864746 5
endloop
endfacet
facet normal 1 0 0
outer loop
vertex 11.950021743774414 -25.04994773864746 5
vertex 11.950021743774414 -10.94994831085205 0
vertex 11.950021743774414 -10.94994831085205 5
endloop
endfacet
facet normal 0 -1 0
outer loop
vertex 2.5000221729278564 -10.94994831085205 3.549999952316284
vertex 7.050022125244141 -10.94994831085205 0
vertex 7.050022125244141 -10.94994831085205 5
endloop
endfacet
facet normal 0 1 0
outer loop
vertex 7.050022125244141 -6.049948692321777 0
vertex 2.5000221729278564 -6.049948692321777 3.549999952316284
vertex 7.050022125244141 -6.049948692321777 5
endloop
endfacet
facet normal 0 -1 0
outer loop
vertex 11.950021743774414 -10.94994831085205 5
vertex 11.950021743774414 -10.94994831085205 0
vertex 16.500022888183594 -10.94994831085205 3.549999952316284
endloop
endfacet
facet normal 0 1 0
outer loop
vertex 16.500022888183594 -6.049948692321777 3.549999952316284
vertex 11.950021743774414 -6.049948692321777 0
vertex 11.950021743774414 -6.049948692321777 5
endloop
endfacet
facet normal 1 0 0
outer loop
vertex -45.04997634887695 -6.049948692321777 5
vertex -45.04997634887695 -6.049948692321777 0
vertex -45.04997634887695 8.05005168914795 0
endloop
endfacet
facet normal 0 1 0
outer loop
vertex 26.05002212524414 -25.04994773864746 0
vertex 21.500022888183594 -25.04994773864746 3.549999952316284
vertex 26.05002212524414 -25.04994773864746 5
endloop
endfacet
facet normal 0 0 -1
outer loop
vertex 59.500022888183594 -29.249948501586914 3.549999952316284
vertex 59.500022888183594 -29.949949264526367 3.549999952316284
vertex 54.500022888183594 -29.249948501586914 3.549999952316284
endloop
endfacet
facet normal 1 0 0
outer loop
vertex 54.500022888183594 -29.949949264526367 3.549999952316284
vertex 54.500022888183594 -29.949949264526367 0
vertex 54.500022888183594 -29.249948501586914 0
endloop
endfacet
facet normal 0 0 -1
outer loop
vertex 59.500022888183594 -44.049949645996094 3.549999952316284
vertex 59.500022888183594 -44.74995040893555 3.549999952316284
vertex 54.500022888183594 -44.049949645996094 3.549999952316284
endloop
endfacet
facet normal 0 0 -1
outer loop
vertex 59.500022888183594 -44.74995040893555 3.549999952316284
vertex 54.500022888183594 -44.74995040893555 3.549999952316284
vertex 54.500022888183594 -44.049949645996094 3.549999952316284
endloop
endfacet
facet normal 1 0 0
outer loop
vertex 54.500022888183594 -44.049949645996094 0
vertex 54.500022888183594 -44.74995040893555 3.549999952316284
vertex 54.500022888183594 -44.74995040893555 0
endloop
endfacet
facet normal -1 0 0
outer loop
vertex 59.500022888183594 -29.249948501586914 3.549999952316284
vertex 59.500022888183594 -29.949949264526367 0
vertex 59.500022888183594 -29.949949264526367 3.549999952316284
endloop
endfacet
facet normal 0 -1 0
outer loop
vertex 54.500022888183594 -29.249948501586914 3.549999952316284
vertex 54.500022888183594 -29.249948501586914 0
vertex 59.500022888183594 -29.249948501586914 3.549999952316284
endloop
endfacet
facet normal 1 0 0
outer loop
vertex 54.500022888183594 -29.949949264526367 3.549999952316284
vertex 54.500022888183594 -29.249948501586914 0
vertex 54.500022888183594 -29.249948501586914 3.549999952316284
endloop
endfacet
facet normal -1 0 0
outer loop
vertex 59.500022888183594 -44.049949645996094 3.549999952316284
vertex 59.500022888183594 -44.74995040893555 0
vertex 59.500022888183594 -44.74995040893555 3.549999952316284
endloop
endfacet
facet normal 0 1 0
outer loop
vertex 59.500022888183594 -44.74995040893555 0
vertex 54.500022888183594 -44.74995040893555 3.549999952316284
vertex 59.500022888183594 -44.74995040893555 3.549999952316284
endloop
endfacet
facet normal 1 0 0
outer loop
vertex 54.500022888183594 -44.74995040893555 3.549999952316284
vertex 54.500022888183594 -44.049949645996094 0
vertex 54.500022888183594 -44.049949645996094 3.549999952316284
endloop
endfacet
facet normal 0 1 0
outer loop
vertex 59.500022888183594 -44.74995040893555 0
vertex 54.500022888183594 -44.74995040893555 0
vertex 54.500022888183594 -44.74995040893555 3.549999952316284
endloop
endfacet
facet normal -1 0 0
outer loop
vertex 59.500022888183594 -44.049949645996094 0
vertex 59.500022888183594 -44.74995040893555 0
vertex 59.500022888183594 -44.049949645996094 3.549999952316284
endloop
endfacet
facet normal 0 0 -1
outer loop
vertex 54.500022888183594 -29.249948501586914 3.549999952316284
vertex 59.500022888183594 -29.949949264526367 3.549999952316284
vertex 54.500022888183594 -29.949949264526367 3.549999952316284
endloop
endfacet
facet normal -1 0 0
outer loop
vertex 59.500022888183594 -29.249948501586914 0
vertex 59.500022888183594 -29.949949264526367 0
vertex 59.500022888183594 -29.249948501586914 3.549999952316284
endloop
endfacet
facet normal 0 -1 0
outer loop
vertex 54.500022888183594 -29.249948501586914 0
vertex 59.500022888183594 -29.249948501586914 0
vertex 59.500022888183594 -29.249948501586914 3.549999952316284
endloop
endfacet
facet normal -1 0 0
outer loop
vertex 40.500022888183594 -44.049949645996094 3.549999952316284
vertex 40.500022888183594 -44.74995040893555 0
vertex 40.500022888183594 -44.74995040893555 3.549999952316284
endloop
endfacet
facet normal 1 0 0
outer loop
vertex 35.500022888183594 -29.949949264526367 3.549999952316284
vertex 35.500022888183594 -29.249948501586914 0
vertex 35.500022888183594 -29.249948501586914 3.549999952316284
endloop
endfacet
facet normal 0 1 0
outer loop
vertex 40.500022888183594 -44.74995040893555 0
vertex 35.500022888183594 -44.74995040893555 3.549999952316284
vertex 40.500022888183594 -44.74995040893555 3.549999952316284
endloop
endfacet
facet normal 0 1 0
outer loop
vertex 40.500022888183594 -44.74995040893555 0
vertex 35.500022888183594 -44.74995040893555 0
vertex 35.500022888183594 -44.74995040893555 3.549999952316284
endloop
endfacet
facet normal -1 0 0
outer loop
vertex 40.500022888183594 -44.049949645996094 0
vertex 40.500022888183594 -44.74995040893555 0
vertex 40.500022888183594 -44.049949645996094 3.549999952316284
endloop
endfacet
facet normal 1 0 0
outer loop
vertex 35.500022888183594 -44.049949645996094 0
vertex 35.500022888183594 -44.74995040893555 3.549999952316284
vertex 35.500022888183594 -44.74995040893555 0
endloop
endfacet
facet normal 0 0 -1
outer loop
vertex 40.500022888183594 -29.249948501586914 3.549999952316284
vertex 40.500022888183594 -29.949949264526367 3.549999952316284
vertex 35.500022888183594 -29.249948501586914 3.549999952316284
endloop
endfacet
facet normal 0 0 -1
outer loop
vertex 40.500022888183594 -29.949949264526367 3.549999952316284
vertex 35.500022888183594 -29.949949264526367 3.549999952316284
vertex 35.500022888183594 -29.249948501586914 3.549999952316284
endloop
endfacet
facet normal 1 0 0
outer loop
vertex 35.500022888183594 -29.949949264526367 3.549999952316284
vertex 35.500022888183594 -29.949949264526367 0
vertex 35.500022888183594 -29.249948501586914 0
endloop
endfacet
facet normal 0 -1 0
outer loop
vertex 35.500022888183594 -29.249948501586914 0
vertex 40.500022888183594 -29.249948501586914 0
vertex 40.500022888183594 -29.249948501586914 3.549999952316284
endloop
endfacet
facet normal -1 0 0
outer loop
vertex 40.500022888183594 -29.249948501586914 0
vertex 40.500022888183594 -29.949949264526367 0
vertex 40.500022888183594 -29.249948501586914 3.549999952316284
endloop
endfacet
facet normal 0 0 -1
outer loop
vertex 40.500022888183594 -44.049949645996094 3.549999952316284
vertex 40.500022888183594 -44.74995040893555 3.549999952316284
vertex 35.500022888183594 -44.049949645996094 3.549999952316284
endloop
endfacet
facet normal 0 0 -1
outer loop
vertex 40.500022888183594 -44.74995040893555 3.549999952316284
vertex 35.500022888183594 -44.74995040893555 3.549999952316284
vertex 35.500022888183594 -44.049949645996094 3.549999952316284
endloop
endfacet
facet normal 1 0 0
outer loop
vertex 35.500022888183594 -44.74995040893555 3.549999952316284
vertex 35.500022888183594 -44.049949645996094 0
vertex 35.500022888183594 -44.049949645996094 3.549999952316284
endloop
endfacet
facet normal -1 0 0
outer loop
vertex 40.500022888183594 -29.249948501586914 3.549999952316284
vertex 40.500022888183594 -29.949949264526367 0
vertex 40.500022888183594 -29.949949264526367 3.549999952316284
endloop
endfacet
facet normal 0 -1 0
outer loop
vertex 35.500022888183594 -29.249948501586914 3.549999952316284
vertex 35.500022888183594 -29.249948501586914 0
vertex 40.500022888183594 -29.249948501586914 3.549999952316284
endloop
endfacet
facet normal 1 0 0
outer loop
vertex 16.500022888183594 -44.049949645996094 0
vertex 16.500022888183594 -44.74995040893555 3.549999952316284
vertex 16.500022888183594 -44.74995040893555 0
endloop
endfacet
facet normal -1 0 0
outer loop
vertex 21.500022888183594 -29.249948501586914 3.549999952316284
vertex 21.500022888183594 -29.949949264526367 0
vertex 21.500022888183594 -29.949949264526367 3.549999952316284
endloop
endfacet
facet normal 0 -1 0
outer loop
vertex 16.500022888183594 -29.249948501586914 3.549999952316284
vertex 16.500022888183594 -29.249948501586914 0
vertex 21.500022888183594 -29.249948501586914 3.549999952316284
endloop
endfacet
facet normal -1 0 0
outer loop
vertex 21.500022888183594 -44.049949645996094 3.549999952316284
vertex 21.500022888183594 -44.74995040893555 0
vertex 21.500022888183594 -44.74995040893555 3.549999952316284
endloop
endfacet
facet normal 0 1 0
outer loop
vertex 21.500022888183594 -44.74995040893555 0
vertex 16.500022888183594 -44.74995040893555 3.549999952316284
vertex 21.500022888183594 -44.74995040893555 3.549999952316284
endloop
endfacet
facet normal 0 0 -1
outer loop
vertex 21.500022888183594 -44.74995040893555 3.549999952316284
vertex 16.500022888183594 -44.74995040893555 3.549999952316284
vertex 16.500022888183594 -44.049949645996094 3.549999952316284
endloop
endfacet
facet normal 1 0 0
outer loop
vertex 16.500022888183594 -29.949949264526367 3.549999952316284
vertex 16.500022888183594 -29.249948501586914 0
vertex 16.500022888183594 -29.249948501586914 3.549999952316284
endloop
endfacet
facet normal 1 0 0
outer loop
vertex 16.500022888183594 -44.74995040893555 3.549999952316284
vertex 16.500022888183594 -44.049949645996094 0
vertex 16.500022888183594 -44.049949645996094 3.549999952316284
endloop
endfacet
facet normal -1 0 0
outer loop
vertex 21.500022888183594 -29.249948501586914 0
vertex 21.500022888183594 -29.949949264526367 0
vertex 21.500022888183594 -29.249948501586914 3.549999952316284
endloop
endfacet
facet normal 0 -1 0
outer loop
vertex 16.500022888183594 -29.249948501586914 0
vertex 21.500022888183594 -29.249948501586914 0
vertex 21.500022888183594 -29.249948501586914 3.549999952316284
endloop
endfacet
facet normal -1 0 0
outer loop
vertex 21.500022888183594 -44.049949645996094 0
vertex 21.500022888183594 -44.74995040893555 0
vertex 21.500022888183594 -44.049949645996094 3.549999952316284
endloop
endfacet
facet normal 0 1 0
outer loop
vertex 21.500022888183594 -44.74995040893555 0
vertex 16.500022888183594 -44.74995040893555 0
vertex 16.500022888183594 -44.74995040893555 3.549999952316284
endloop
endfacet
facet normal 0 0 -1
outer loop
vertex 21.500022888183594 -44.049949645996094 3.549999952316284
vertex 21.500022888183594 -44.74995040893555 3.549999952316284
vertex 16.500022888183594 -44.049949645996094 3.549999952316284
endloop
endfacet
facet normal 0 0 -1
outer loop
vertex 16.500022888183594 -29.249948501586914 3.549999952316284
vertex 21.500022888183594 -29.949949264526367 3.549999952316284
vertex 16.500022888183594 -29.949949264526367 3.549999952316284
endloop
endfacet
facet normal 1 0 0
outer loop
vertex 16.500022888183594 -29.949949264526367 3.549999952316284
vertex 16.500022888183594 -29.949949264526367 0
vertex 16.500022888183594 -29.249948501586914 0
endloop
endfacet
facet normal 0 0 -1
outer loop
vertex 21.500022888183594 -29.249948501586914 3.549999952316284
vertex 21.500022888183594 -29.949949264526367 3.549999952316284
vertex 16.500022888183594 -29.249948501586914 3.549999952316284
endloop
endfacet
facet normal 1 0 0
outer loop
vertex -2.4999778270721436 -29.949949264526367 3.549999952316284
vertex -2.4999778270721436 -29.949949264526367 0
vertex -2.4999778270721436 -29.249948501586914 0
endloop
endfacet
facet normal 0 0 -1
outer loop
vertex -2.4999778270721436 -29.249948501586914 3.549999952316284
vertex 2.5000221729278564 -29.949949264526367 3.549999952316284
vertex -2.4999778270721436 -29.949949264526367 3.549999952316284
endloop
endfacet
facet normal 0 1 0
outer loop
vertex -2.4999778270721436 -44.74995040893555 0
vertex -2.4999778270721436 -44.74995040893555 3.549999952316284
vertex 2.5000221729278564 -44.74995040893555 0
endloop
endfacet
facet normal 0 -1 0
outer loop
vertex -2.4999778270721436 -29.249948501586914 3.549999952316284
vertex -2.4999778270721436 -29.249948501586914 0
vertex 2.5000221729278564 -29.249948501586914 3.549999952316284
endloop
endfacet
facet normal 1 0 0
outer loop
vertex -2.4999778270721436 -44.049949645996094 0
vertex -2.4999778270721436 -44.74995040893555 3.549999952316284
vertex -2.4999778270721436 -44.74995040893555 0
endloop
endfacet
facet normal 1 0 0
outer loop
vertex -2.4999778270721436 -29.949949264526367 3.549999952316284
vertex -2.4999778270721436 -29.249948501586914 0
vertex -2.4999778270721436 -29.249948501586914 3.549999952316284
endloop
endfacet
facet normal -1 0 0
outer loop
vertex 2.5000221729278564 -29.249948501586914 3.549999952316284
vertex 2.5000221729278564 -29.949949264526367 0
vertex 2.5000221729278564 -29.949949264526367 3.549999952316284
endloop
endfacet
facet normal -1 0 0
outer loop
vertex 2.5000221729278564 -44.049949645996094 3.549999952316284
vertex 2.5000221729278564 -44.74995040893555 0
vertex 2.5000221729278564 -44.74995040893555 3.549999952316284
endloop
endfacet
facet normal 0 1 0
outer loop
vertex 2.5000221729278564 -44.74995040893555 0
vertex -2.4999778270721436 -44.74995040893555 3.549999952316284
vertex 2.5000221729278564 -44.74995040893555 3.549999952316284
endloop
endfacet
facet normal -1 0 0
outer loop
vertex 2.5000221729278564 -29.249948501586914 0
vertex 2.5000221729278564 -29.949949264526367 0
vertex 2.5000221729278564 -29.249948501586914 3.549999952316284
endloop
endfacet
facet normal 0 0 -1
outer loop
vertex 2.5000221729278564 -29.949949264526367 3.549999952316284
vertex -2.4999778270721436 -29.249948501586914 3.549999952316284
vertex 2.5000221729278564 -29.249948501586914 3.549999952316284
endloop
endfacet
facet normal 0 -1 0
outer loop
vertex 2.5000221729278564 -29.249948501586914 3.549999952316284
vertex -2.4999778270721436 -29.249948501586914 0
vertex 2.5000221729278564 -29.249948501586914 0
endloop
endfacet
facet normal 1 0 0
outer loop
vertex -2.4999778270721436 -44.74995040893555 3.549999952316284
vertex -2.4999778270721436 -44.049949645996094 0
vertex -2.4999778270721436 -44.049949645996094 3.549999952316284
endloop
endfacet
facet normal 0 0 -1
outer loop
vertex 2.5000221729278564 -44.74995040893555 3.549999952316284
vertex -2.4999778270721436 -44.049949645996094 3.549999952316284
vertex 2.5000221729278564 -44.049949645996094 3.549999952316284
endloop
endfacet
facet normal -1 0 0
outer loop
vertex 2.5000221729278564 -44.049949645996094 0
vertex 2.5000221729278564 -44.74995040893555 0
vertex 2.5000221729278564 -44.049949645996094 3.549999952316284
endloop
endfacet
facet normal 0 0 -1
outer loop
vertex -2.4999778270721436 -44.74995040893555 3.549999952316284
vertex -2.4999778270721436 -44.049949645996094 3.549999952316284
vertex 2.5000221729278564 -44.74995040893555 3.549999952316284
endloop
endfacet
facet normal 1 0 0
outer loop
vertex -21.499977111816406 -44.74995040893555 3.549999952316284
vertex -21.499977111816406 -44.049949645996094 0
vertex -21.499977111816406 -44.049949645996094 3.549999952316284
endloop
endfacet
facet normal -1 0 0
outer loop
vertex -16.499977111816406 -44.049949645996094 0
vertex -16.499977111816406 -44.74995040893555 0
vertex -16.499977111816406 -44.049949645996094 3.549999952316284
endloop
endfacet
facet normal 0 0 -1
outer loop
vertex -16.499977111816406 -44.049949645996094 3.549999952316284
vertex -16.499977111816406 -44.74995040893555 3.549999952316284
vertex -21.499977111816406 -44.049949645996094 3.549999952316284
endloop
endfacet
facet normal 0 0 -1
outer loop
vertex -21.499977111816406 -29.249948501586914 3.549999952316284
vertex -16.499977111816406 -29.949949264526367 3.549999952316284
vertex -21.499977111816406 -29.949949264526367 3.549999952316284
endloop
endfacet
facet normal 0 0 -1
outer loop
vertex -16.499977111816406 -29.249948501586914 3.549999952316284
vertex -16.499977111816406 -29.949949264526367 3.549999952316284
vertex -21.499977111816406 -29.249948501586914 3.549999952316284
endloop
endfacet
facet normal 1 0 0
outer loop
vertex -21.499977111816406 -44.049949645996094 0
vertex -21.499977111816406 -44.74995040893555 3.549999952316284
vertex -21.499977111816406 -44.74995040893555 0
endloop
endfacet
facet normal 0 1 0
outer loop
vertex -21.499977111816406 -44.74995040893555 0
vertex -21.499977111816406 -44.74995040893555 3.549999952316284
vertex -16.499977111816406 -44.74995040893555 0
endloop
endfacet
facet normal -1 0 0
outer loop
vertex -16.499977111816406 -44.049949645996094 3.549999952316284
vertex -16.499977111816406 -44.74995040893555 0
vertex -16.499977111816406 -44.74995040893555 3.549999952316284
endloop
endfacet
facet normal 0 -1 0
outer loop
vertex -21.499977111816406 -29.249948501586914 0
vertex -16.499977111816406 -29.249948501586914 0
vertex -16.499977111816406 -29.249948501586914 3.549999952316284
endloop
endfacet
facet normal 1 0 0
outer loop
vertex -21.499977111816406 -29.949949264526367 3.549999952316284
vertex -21.499977111816406 -29.949949264526367 0
vertex -21.499977111816406 -29.249948501586914 0
endloop
endfacet
facet normal 0 -1 0
outer loop
vertex -21.499977111816406 -29.249948501586914 3.549999952316284
vertex -21.499977111816406 -29.249948501586914 0
vertex -16.499977111816406 -29.249948501586914 3.549999952316284
endloop
endfacet
facet normal -1 0 0
outer loop
vertex -16.499977111816406 -29.249948501586914 3.549999952316284
vertex -16.499977111816406 -29.949949264526367 0
vertex -16.499977111816406 -29.949949264526367 3.549999952316284
endloop
endfacet
facet normal 1 0 0
outer loop
vertex -21.499977111816406 -29.949949264526367 3.549999952316284
vertex -21.499977111816406 -29.249948501586914 0
vertex -21.499977111816406 -29.249948501586914 3.549999952316284
endloop
endfacet
facet normal -1 0 0
outer loop
vertex -16.499977111816406 -29.249948501586914 3.549999952316284
vertex -16.499977111816406 -29.249948501586914 0
vertex -16.499977111816406 -29.949949264526367 0
endloop
endfacet
facet normal 0 1 0
outer loop
vertex -16.499977111816406 -44.74995040893555 0
vertex -21.499977111816406 -44.74995040893555 3.549999952316284
vertex -16.499977111816406 -44.74995040893555 3.549999952316284
endloop
endfacet
facet normal 0 0 -1
outer loop
vertex -16.499977111816406 -44.74995040893555 3.549999952316284
vertex -21.499977111816406 -44.74995040893555 3.549999952316284
vertex -21.499977111816406 -44.049949645996094 3.549999952316284
endloop
endfacet
facet normal 0 0 -1
outer loop
vertex -35.499977111816406 -44.049949645996094 3.549999952316284
vertex -35.499977111816406 -44.74995040893555 3.549999952316284
vertex -40.499977111816406 -44.049949645996094 3.549999952316284
endloop
endfacet
facet normal -1 0 0
outer loop
vertex -35.499977111816406 -29.249948501586914 3.549999952316284
vertex -35.499977111816406 -29.949949264526367 0
vertex -35.499977111816406 -29.949949264526367 3.549999952316284
endloop
endfacet
facet normal 0 0 -1
outer loop
vertex -35.499977111816406 -44.74995040893555 3.549999952316284
vertex -40.499977111816406 -44.74995040893555 3.549999952316284
vertex -40.499977111816406 -44.049949645996094 3.549999952316284
endloop
endfacet
facet normal 0 -1 0
outer loop
vertex -40.499977111816406 -29.249948501586914 3.549999952316284
vertex -40.499977111816406 -29.249948501586914 0
vertex -35.499977111816406 -29.249948501586914 3.549999952316284
endloop
endfacet
facet normal 0 0 -1
outer loop
vertex -40.499977111816406 -29.249948501586914 3.549999952316284
vertex -35.499977111816406 -29.949949264526367 3.549999952316284
vertex -40.499977111816406 -29.949949264526367 3.549999952316284
endloop
endfacet
facet normal 0 0 -1
outer loop
vertex -35.499977111816406 -29.249948501586914 3.549999952316284
vertex -35.499977111816406 -29.949949264526367 3.549999952316284
vertex -40.499977111816406 -29.249948501586914 3.549999952316284
endloop
endfacet
facet normal -1 0 0
outer loop
vertex -35.499977111816406 -29.249948501586914 3.549999952316284
vertex -35.499977111816406 -29.249948501586914 0
vertex -35.499977111816406 -29.949949264526367 0
endloop
endfacet
facet normal 1 0 0
outer loop
vertex -40.499977111816406 -29.949949264526367 3.549999952316284
vertex -40.499977111816406 -29.249948501586914 0
vertex -40.499977111816406 -29.249948501586914 3.549999952316284
endloop
endfacet
facet normal -1 0 0
outer loop
vertex -35.499977111816406 -44.049949645996094 0
vertex -35.499977111816406 -44.74995040893555 0
vertex -35.499977111816406 -44.049949645996094 3.549999952316284
endloop
endfacet
facet normal 0 1 0
outer loop
vertex -35.499977111816406 -44.74995040893555 0
vertex -40.499977111816406 -44.74995040893555 3.549999952316284
vertex -35.499977111816406 -44.74995040893555 3.549999952316284
endloop
endfacet
facet normal 1 0 0
outer loop
vertex -40.499977111816406 -44.74995040893555 3.549999952316284
vertex -40.499977111816406 -44.049949645996094 0
vertex -40.499977111816406 -44.049949645996094 3.549999952316284
endloop
endfacet
facet normal 0 -1 0
outer loop
vertex -40.499977111816406 -29.249948501586914 0
vertex -35.499977111816406 -29.249948501586914 0
vertex -35.499977111816406 -29.249948501586914 3.549999952316284
endloop
endfacet
facet normal 1 0 0
outer loop
vertex -40.499977111816406 -29.949949264526367 3.549999952316284
vertex -40.499977111816406 -29.949949264526367 0
vertex -40.499977111816406 -29.249948501586914 0
endloop
endfacet
facet normal 0 1 0
outer loop
vertex -35.499977111816406 -44.74995040893555 0
vertex -40.499977111816406 -44.74995040893555 0
vertex -40.499977111816406 -44.74995040893555 3.549999952316284
endloop
endfacet
facet normal -1 0 0
outer loop
vertex -35.499977111816406 -44.049949645996094 3.549999952316284
vertex -35.499977111816406 -44.74995040893555 0
vertex -35.499977111816406 -44.74995040893555 3.549999952316284
endloop
endfacet
facet normal 1 0 0
outer loop
vertex -40.499977111816406 -44.049949645996094 0
vertex -40.499977111816406 -44.74995040893555 3.549999952316284
vertex -40.499977111816406 -44.74995040893555 0
endloop
endfacet
facet normal -1 0 0
outer loop
vertex 59.500022888183594 -25.04994773864746 3.549999952316284
vertex 59.500022888183594 -25.749948501586914 0
vertex 59.500022888183594 -25.749948501586914 3.549999952316284
endloop
endfacet
facet normal 1 0 0
outer loop
vertex 54.500022888183594 -10.94994831085205 3.549999952316284
vertex 54.500022888183594 -10.249948501586914 0
vertex 54.500022888183594 -10.249948501586914 3.549999952316284
endloop
endfacet
facet normal 0 0 -1
outer loop
vertex 54.500022888183594 -10.249948501586914 3.549999952316284
vertex 59.500022888183594 -10.94994831085205 3.549999952316284
vertex 54.500022888183594 -10.94994831085205 3.549999952316284
endloop
endfacet
facet normal 0 0 -1
outer loop
vertex 59.500022888183594 -25.04994773864746 3.549999952316284
vertex 59.500022888183594 -25.749948501586914 3.549999952316284
vertex 54.500022888183594 -25.04994773864746 3.549999952316284
endloop
endfacet
facet normal 0 0 -1
outer loop
vertex 59.500022888183594 -25.749948501586914 3.549999952316284
vertex 54.500022888183594 -25.749948501586914 3.549999952316284
vertex 54.500022888183594 -25.04994773864746 3.549999952316284
endloop
endfacet
facet normal 1 0 0
outer loop
vertex 54.500022888183594 -10.94994831085205 3.549999952316284
vertex 54.500022888183594 -10.94994831085205 0
vertex 54.500022888183594 -10.249948501586914 0
endloop
endfacet
facet normal 1 0 0
outer loop
vertex 54.500022888183594 -25.749948501586914 3.549999952316284
vertex 54.500022888183594 -25.04994773864746 0
vertex 54.500022888183594 -25.04994773864746 3.549999952316284
endloop
endfacet
facet normal 0 1 0
outer loop
vertex 59.500022888183594 -25.749948501586914 0
vertex 54.500022888183594 -25.749948501586914 0
vertex 54.500022888183594 -25.749948501586914 3.549999952316284
endloop
endfacet
facet normal 0 1 0
outer loop
vertex 59.500022888183594 -25.749948501586914 0
vertex 54.500022888183594 -25.749948501586914 3.549999952316284
vertex 59.500022888183594 -25.749948501586914 3.549999952316284
endloop
endfacet
facet normal 0 -1 0
outer loop
vertex 54.500022888183594 -10.249948501586914 0
vertex 59.500022888183594 -10.249948501586914 0
vertex 59.500022888183594 -10.249948501586914 3.549999952316284
endloop
endfacet
facet normal 1 0 0
outer loop
vertex 54.500022888183594 -25.749948501586914 3.549999952316284
vertex 54.500022888183594 -25.749948501586914 0
vertex 54.500022888183594 -25.04994773864746 0
endloop
endfacet
facet normal -1 0 0
outer loop
vertex 59.500022888183594 -25.04994773864746 0
vertex 59.500022888183594 -25.749948501586914 0
vertex 59.500022888183594 -25.04994773864746 3.549999952316284
endloop
endfacet
facet normal -1 0 0
outer loop
vertex 59.500022888183594 -10.249948501586914 0
vertex 59.500022888183594 -10.94994831085205 0
vertex 59.500022888183594 -10.249948501586914 3.549999952316284
endloop
endfacet
facet normal 0 -1 0
outer loop
vertex 54.500022888183594 -10.249948501586914 3.549999952316284
vertex 54.500022888183594 -10.249948501586914 0
vertex 59.500022888183594 -10.249948501586914 3.549999952316284
endloop
endfacet
facet normal -1 0 0
outer loop
vertex 59.500022888183594 -10.249948501586914 3.549999952316284
vertex 59.500022888183594 -10.94994831085205 0
vertex 59.500022888183594 -10.94994831085205 3.549999952316284
endloop
endfacet
facet normal 0 0 -1
outer loop
vertex 59.500022888183594 -10.249948501586914 3.549999952316284
vertex 59.500022888183594 -10.94994831085205 3.549999952316284
vertex 54.500022888183594 -10.249948501586914 3.549999952316284
endloop
endfacet
facet normal -1 0 0
outer loop
vertex 40.500022888183594 -25.04994773864746 3.549999952316284
vertex 40.500022888183594 -25.749948501586914 0
vertex 40.500022888183594 -25.749948501586914 3.549999952316284
endloop
endfacet
facet normal 0 -1 0
outer loop
vertex 35.500022888183594 -10.249948501586914 3.549999952316284
vertex 35.500022888183594 -10.249948501586914 0
vertex 40.500022888183594 -10.249948501586914 3.549999952316284
endloop
endfacet
facet normal -1 0 0
outer loop
vertex 40.500022888183594 -10.249948501586914 3.549999952316284
vertex 40.500022888183594 -10.94994831085205 0
vertex 40.500022888183594 -10.94994831085205 3.549999952316284
endloop
endfacet
facet normal -1 0 0
outer loop
vertex 40.500022888183594 -10.249948501586914 0
vertex 40.500022888183594 -10.94994831085205 0
vertex 40.500022888183594 -10.249948501586914 3.549999952316284
endloop
endfacet
facet normal 1 0 0
outer loop
vertex 35.500022888183594 -25.04994773864746 0
vertex 35.500022888183594 -25.749948501586914 3.549999952316284
vertex 35.500022888183594 -25.749948501586914 0
endloop
endfacet
facet normal 0 0 -1
outer loop
vertex 40.500022888183594 -25.749948501586914 3.549999952316284
vertex 35.500022888183594 -25.749948501586914 3.549999952316284
vertex 35.500022888183594 -25.04994773864746 3.549999952316284
endloop
endfacet
facet normal 0 0 -1
outer loop
vertex 40.500022888183594 -25.04994773864746 3.549999952316284
vertex 40.500022888183594 -25.749948501586914 3.549999952316284
vertex 35.500022888183594 -25.04994773864746 3.549999952316284
endloop
endfacet
facet normal 1 0 0
outer loop
vertex 35.500022888183594 -10.94994831085205 3.549999952316284
vertex 35.500022888183594 -10.94994831085205 0
vertex 35.500022888183594 -10.249948501586914 0
endloop
endfacet
facet normal 1 0 0
outer loop
vertex 35.500022888183594 -25.749948501586914 3.549999952316284
vertex 35.500022888183594 -25.04994773864746 0
vertex 35.500022888183594 -25.04994773864746 3.549999952316284
endloop
endfacet
facet normal 1 0 0
outer loop
vertex 35.500022888183594 -10.94994831085205 3.549999952316284
vertex 35.500022888183594 -10.249948501586914 0
vertex 35.500022888183594 -10.249948501586914 3.549999952316284
endloop
endfacet
facet normal 0 0 -1
outer loop
vertex 40.500022888183594 -10.94994831085205 3.549999952316284
vertex 35.500022888183594 -10.94994831085205 3.549999952316284
vertex 35.500022888183594 -10.249948501586914 3.549999952316284
endloop
endfacet
facet normal 0 0 -1
outer loop
vertex 40.500022888183594 -10.249948501586914 3.549999952316284
vertex 40.500022888183594 -10.94994831085205 3.549999952316284
vertex 35.500022888183594 -10.249948501586914 3.549999952316284
endloop
endfacet
facet normal 0 -1 0
outer loop
vertex 35.500022888183594 -10.249948501586914 0
vertex 40.500022888183594 -10.249948501586914 0
vertex 40.500022888183594 -10.249948501586914 3.549999952316284
endloop
endfacet
facet normal -1 0 0
outer loop
vertex 40.500022888183594 -25.04994773864746 0
vertex 40.500022888183594 -25.749948501586914 0
vertex 40.500022888183594 -25.04994773864746 3.549999952316284
endloop
endfacet
facet normal 0 1 0
outer loop
vertex 40.500022888183594 -25.749948501586914 0
vertex 35.500022888183594 -25.749948501586914 0
vertex 35.500022888183594 -25.749948501586914 3.549999952316284
endloop
endfacet
facet normal 0 1 0
outer loop
vertex 40.500022888183594 -25.749948501586914 0
vertex 35.500022888183594 -25.749948501586914 3.549999952316284
vertex 40.500022888183594 -25.749948501586914 3.549999952316284
endloop
endfacet
facet normal 0 0 -1
outer loop
vertex 21.500022888183594 -10.249948501586914 3.549999952316284
vertex 21.500022888183594 -10.94994831085205 3.549999952316284
vertex 16.500022888183594 -10.249948501586914 3.549999952316284
endloop
endfacet
facet normal 0 0 -1
outer loop
vertex 21.500022888183594 -25.04994773864746 3.549999952316284
vertex 21.500022888183594 -25.749948501586914 3.549999952316284
vertex 16.500022888183594 -25.04994773864746 3.549999952316284
endloop
endfacet
facet normal 0 0 -1
outer loop
vertex 21.500022888183594 -25.749948501586914 3.549999952316284
vertex 16.500022888183594 -25.749948501586914 3.549999952316284
vertex 16.500022888183594 -25.04994773864746 3.549999952316284
endloop
endfacet
facet normal -1 0 0
outer loop
vertex 21.500022888183594 -10.249948501586914 3.549999952316284
vertex 21.500022888183594 -10.94994831085205 0
vertex 21.500022888183594 -10.94994831085205 3.549999952316284
endloop
endfacet
facet normal 0 -1 0
outer loop
vertex 16.500022888183594 -10.249948501586914 3.549999952316284
vertex 16.500022888183594 -10.249948501586914 0
vertex 21.500022888183594 -10.249948501586914 3.549999952316284
endloop
endfacet
facet normal -1 0 0
outer loop
vertex 21.500022888183594 -25.04994773864746 3.549999952316284
vertex 21.500022888183594 -25.749948501586914 0
vertex 21.500022888183594 -25.749948501586914 3.549999952316284
endloop
endfacet
facet normal 1 0 0
outer loop
vertex 16.500022888183594 -25.04994773864746 0
vertex 16.500022888183594 -25.749948501586914 3.549999952316284
vertex 16.500022888183594 -25.749948501586914 0
endloop
endfacet
facet normal 1 0 0
outer loop
vertex 16.500022888183594 -10.94994831085205 3.549999952316284
vertex 16.500022888183594 -10.94994831085205 0
vertex 16.500022888183594 -10.249948501586914 0
endloop
endfacet
facet normal 0 1 0
outer loop
vertex 21.500022888183594 -25.749948501586914 0
vertex 16.500022888183594 -25.749948501586914 3.549999952316284
vertex 21.500022888183594 -25.749948501586914 3.549999952316284
endloop
endfacet
facet normal 1 0 0
outer loop
vertex 16.500022888183594 -10.94994831085205 3.549999952316284
vertex 16.500022888183594 -10.249948501586914 0
vertex 16.500022888183594 -10.249948501586914 3.549999952316284
endloop
endfacet
facet normal 1 0 0
outer loop
vertex 16.500022888183594 -25.749948501586914 3.549999952316284
vertex 16.500022888183594 -25.04994773864746 0
vertex 16.500022888183594 -25.04994773864746 3.549999952316284
endloop
endfacet
facet normal 0 1 0
outer loop
vertex 21.500022888183594 -25.749948501586914 0
vertex 16.500022888183594 -25.749948501586914 0
vertex 16.500022888183594 -25.749948501586914 3.549999952316284
endloop
endfacet
facet normal 0 0 -1
outer loop
vertex 16.500022888183594 -10.249948501586914 3.549999952316284
vertex 21.500022888183594 -10.94994831085205 3.549999952316284
vertex 16.500022888183594 -10.94994831085205 3.549999952316284
endloop
endfacet
facet normal -1 0 0
outer loop
vertex 21.500022888183594 -10.249948501586914 0
vertex 21.500022888183594 -10.94994831085205 0
vertex 21.500022888183594 -10.249948501586914 3.549999952316284
endloop
endfacet
facet normal 0 -1 0
outer loop
vertex 16.500022888183594 -10.249948501586914 0
vertex 21.500022888183594 -10.249948501586914 0
vertex 21.500022888183594 -10.249948501586914 3.549999952316284
endloop
endfacet
facet normal -1 0 0
outer loop
vertex 21.500022888183594 -25.04994773864746 0
vertex 21.500022888183594 -25.749948501586914 0
vertex 21.500022888183594 -25.04994773864746 3.549999952316284
endloop
endfacet
facet normal 1 0 0
outer loop
vertex -2.4999778270721436 -25.749948501586914 3.549999952316284
vertex -2.4999778270721436 -25.749948501586914 0
vertex -2.4999778270721436 -25.04994773864746 0
endloop
endfacet
facet normal 0 0 -1
outer loop
vertex -2.4999778270721436 -10.249948501586914 3.549999952316284
vertex 2.5000221729278564 -10.94994831085205 3.549999952316284
vertex -2.4999778270721436 -10.94994831085205 3.549999952316284
endloop
endfacet
facet normal 1 0 0
outer loop
vertex -2.4999778270721436 -25.749948501586914 3.549999952316284
vertex -2.4999778270721436 -25.04994773864746 0
vertex -2.4999778270721436 -25.04994773864746 3.549999952316284
endloop
endfacet
facet normal 1 0 0
outer loop
vertex -2.4999778270721436 -10.94994831085205 3.549999952316284
vertex -2.4999778270721436 -10.249948501586914 0
vertex -2.4999778270721436 -10.249948501586914 3.549999952316284
endloop
endfacet
facet normal 0 -1 0
outer loop
vertex -2.4999778270721436 -10.249948501586914 3.549999952316284
vertex -2.4999778270721436 -10.249948501586914 0
vertex 2.5000221729278564 -10.249948501586914 3.549999952316284
endloop
endfacet
facet normal -1 0 0
outer loop
vertex 2.5000221729278564 -10.249948501586914 3.549999952316284
vertex 2.5000221729278564 -10.94994831085205 0
vertex 2.5000221729278564 -10.94994831085205 3.549999952316284
endloop
endfacet
facet normal -1 0 0
outer loop
vertex 2.5000221729278564 -25.04994773864746 3.549999952316284
vertex 2.5000221729278564 -25.749948501586914 0
vertex 2.5000221729278564 -25.749948501586914 3.549999952316284
endloop
endfacet
facet normal -1 0 0
outer loop
vertex 2.5000221729278564 -10.249948501586914 0
vertex 2.5000221729278564 -10.94994831085205 0
vertex 2.5000221729278564 -10.249948501586914 3.549999952316284
endloop
endfacet
facet normal 0 -1 0
outer loop
vertex 2.5000221729278564 -10.249948501586914 3.549999952316284
vertex -2.4999778270721436 -10.249948501586914 0
vertex 2.5000221729278564 -10.249948501586914 0
endloop
endfacet
facet normal 0 0 -1
outer loop
vertex -2.4999778270721436 -25.749948501586914 3.549999952316284
vertex -2.4999778270721436 -25.04994773864746 3.549999952316284
vertex 2.5000221729278564 -25.749948501586914 3.549999952316284
endloop
endfacet
facet normal 0 1 0
outer loop
vertex 2.5000221729278564 -25.749948501586914 0
vertex -2.4999778270721436 -25.749948501586914 3.549999952316284
vertex 2.5000221729278564 -25.749948501586914 3.549999952316284
endloop
endfacet
facet normal -1 0 0
outer loop
vertex 2.5000221729278564 -25.04994773864746 0
vertex 2.5000221729278564 -25.749948501586914 0
vertex 2.5000221729278564 -25.04994773864746 3.549999952316284
endloop
endfacet
facet normal 0 1 0
outer loop
vertex 2.5000221729278564 -25.749948501586914 0
vertex -2.4999778270721436 -25.749948501586914 0
vertex -2.4999778270721436 -25.749948501586914 3.549999952316284
endloop
endfacet
facet normal 0 0 -1
outer loop
vertex 2.5000221729278564 -10.94994831085205 3.549999952316284
vertex -2.4999778270721436 -10.249948501586914 3.549999952316284
vertex 2.5000221729278564 -10.249948501586914 3.549999952316284
endloop
endfacet
facet normal 0 0 -1
outer loop
vertex 2.5000221729278564 -25.749948501586914 3.549999952316284
vertex -2.4999778270721436 -25.04994773864746 3.549999952316284
vertex 2.5000221729278564 -25.04994773864746 3.549999952316284
endloop
endfacet
facet normal 1 0 0
outer loop
vertex -2.4999778270721436 -10.94994831085205 3.549999952316284
vertex -2.4999778270721436 -10.94994831085205 0
vertex -2.4999778270721436 -10.249948501586914 0
endloop
endfacet
facet normal 0 -1 0
outer loop
vertex -21.499977111816406 -10.249948501586914 3.549999952316284
vertex -21.499977111816406 -10.249948501586914 0
vertex -16.499977111816406 -10.249948501586914 3.549999952316284
endloop
endfacet
facet normal -1 0 0
outer loop
vertex -16.499977111816406 -25.04994773864746 0
vertex -16.499977111816406 -25.749948501586914 0
vertex -16.499977111816406 -25.04994773864746 3.549999952316284
endloop
endfacet
facet normal 0 -1 0
outer loop
vertex -21.499977111816406 -10.249948501586914 0
vertex -16.499977111816406 -10.249948501586914 0
vertex -16.499977111816406 -10.249948501586914 3.549999952316284
endloop
endfacet
facet normal 1 0 0
outer loop
vertex -21.499977111816406 -10.94994831085205 3.549999952316284
vertex -21.499977111816406 -10.94994831085205 0
vertex -21.499977111816406 -10.249948501586914 0
endloop
endfacet
facet normal 1 0 0
outer loop
vertex -21.499977111816406 -25.749948501586914 3.549999952316284
vertex -21.499977111816406 -25.04994773864746 0
vertex -21.499977111816406 -25.04994773864746 3.549999952316284
endloop
endfacet
facet normal 0 0 -1
outer loop
vertex -16.499977111816406 -10.249948501586914 3.549999952316284
vertex -16.499977111816406 -10.94994831085205 3.549999952316284
vertex -21.499977111816406 -10.249948501586914 3.549999952316284
endloop
endfacet
facet normal 0 1 0
outer loop
vertex -16.499977111816406 -25.749948501586914 0
vertex -21.499977111816406 -25.749948501586914 3.549999952316284
vertex -16.499977111816406 -25.749948501586914 3.549999952316284
endloop
endfacet
facet normal 1 0 0
outer loop
vertex -21.499977111816406 -25.749948501586914 3.549999952316284
vertex -21.499977111816406 -25.749948501586914 0
vertex -21.499977111816406 -25.04994773864746 0
endloop
endfacet
facet normal 0 0 -1
outer loop
vertex -21.499977111816406 -10.249948501586914 3.549999952316284
vertex -16.499977111816406 -10.94994831085205 3.549999952316284
vertex -21.499977111816406 -10.94994831085205 3.549999952316284
endloop
endfacet
facet normal 0 0 -1
outer loop
vertex -16.499977111816406 -25.04994773864746 3.549999952316284
vertex -16.499977111816406 -25.749948501586914 3.549999952316284
vertex -21.499977111816406 -25.04994773864746 3.549999952316284
endloop
endfacet
facet normal 0 0 -1
outer loop
vertex -16.499977111816406 -25.749948501586914 3.549999952316284
vertex -21.499977111816406 -25.749948501586914 3.549999952316284
vertex -21.499977111816406 -25.04994773864746 3.549999952316284
endloop
endfacet
facet normal 1 0 0
outer loop
vertex -21.499977111816406 -10.94994831085205 3.549999952316284
vertex -21.499977111816406 -10.249948501586914 0
vertex -21.499977111816406 -10.249948501586914 3.549999952316284
endloop
endfacet
facet normal 0 1 0
outer loop
vertex -21.499977111816406 -25.749948501586914 0
vertex -21.499977111816406 -25.749948501586914 3.549999952316284
vertex -16.499977111816406 -25.749948501586914 0
endloop
endfacet
facet normal -1 0 0
outer loop
vertex -16.499977111816406 -25.04994773864746 3.549999952316284
vertex -16.499977111816406 -25.749948501586914 0
vertex -16.499977111816406 -25.749948501586914 3.549999952316284
endloop
endfacet
facet normal -1 0 0
outer loop
vertex -16.499977111816406 -10.249948501586914 3.549999952316284
vertex -16.499977111816406 -10.249948501586914 0
vertex -16.499977111816406 -10.94994831085205 0
endloop
endfacet
facet normal -1 0 0
outer loop
vertex -16.499977111816406 -10.249948501586914 3.549999952316284
vertex -16.499977111816406 -10.94994831085205 0
vertex -16.499977111816406 -10.94994831085205 3.549999952316284
endloop
endfacet
facet normal 0 0 -1
outer loop
vertex -35.499977111816406 -25.749948501586914 3.549999952316284
vertex -40.499977111816406 -25.749948501586914 3.549999952316284
vertex -40.499977111816406 -25.04994773864746 3.549999952316284
endloop
endfacet
facet normal 0 0 -1
outer loop
vertex -35.499977111816406 -25.04994773864746 3.549999952316284
vertex -35.499977111816406 -25.749948501586914 3.549999952316284
vertex -40.499977111816406 -25.04994773864746 3.549999952316284
endloop
endfacet
facet normal 0 0 -1
outer loop
vertex -40.499977111816406 -10.249948501586914 3.549999952316284
vertex -35.499977111816406 -10.94994831085205 3.549999952316284
vertex -40.499977111816406 -10.94994831085205 3.549999952316284
endloop
endfacet
facet normal 0 0 -1
outer loop
vertex -35.499977111816406 -10.249948501586914 3.549999952316284
vertex -35.499977111816406 -10.94994831085205 3.549999952316284
vertex -40.499977111816406 -10.249948501586914 3.549999952316284
endloop
endfacet
facet normal -1 0 0
outer loop
vertex -35.499977111816406 -25.04994773864746 3.549999952316284
vertex -35.499977111816406 -25.749948501586914 0
vertex -35.499977111816406 -25.749948501586914 3.549999952316284
endloop
endfacet
facet normal -1 0 0
outer loop
vertex -35.499977111816406 -10.249948501586914 3.549999952316284
vertex -35.499977111816406 -10.249948501586914 0
vertex -35.499977111816406 -10.94994831085205 0
endloop
endfacet
facet normal 0 -1 0
outer loop
vertex -40.499977111816406 -10.249948501586914 3.549999952316284
vertex -40.499977111816406 -10.249948501586914 0
vertex -35.499977111816406 -10.249948501586914 3.549999952316284
endloop
endfacet
facet normal 1 0 0
outer loop
vertex -40.499977111816406 -10.94994831085205 3.549999952316284
vertex -40.499977111816406 -10.249948501586914 0
vertex -40.499977111816406 -10.249948501586914 3.549999952316284
endloop
endfacet
facet normal -1 0 0
outer loop
vertex -35.499977111816406 -10.249948501586914 3.549999952316284
vertex -35.499977111816406 -10.94994831085205 0
vertex -35.499977111816406 -10.94994831085205 3.549999952316284
endloop
endfacet
facet normal -1 0 0
outer loop
vertex -35.499977111816406 -25.04994773864746 0
vertex -35.499977111816406 -25.749948501586914 0
vertex -35.499977111816406 -25.04994773864746 3.549999952316284
endloop
endfacet
facet normal 1 0 0
outer loop
vertex -40.499977111816406 -25.749948501586914 3.549999952316284
vertex -40.499977111816406 -25.04994773864746 0
vertex -40.499977111816406 -25.04994773864746 3.549999952316284
endloop
endfacet
facet normal 0 1 0
outer loop
vertex -35.499977111816406 -25.749948501586914 0
vertex -40.499977111816406 -25.749948501586914 3.549999952316284
vertex -35.499977111816406 -25.749948501586914 3.549999952316284
endloop
endfacet
facet normal 0 1 0
outer loop
vertex -35.499977111816406 -25.749948501586914 0
vertex -40.499977111816406 -25.749948501586914 0
vertex -40.499977111816406 -25.749948501586914 3.549999952316284
endloop
endfacet
facet normal 1 0 0
outer loop
vertex -40.499977111816406 -25.749948501586914 3.549999952316284
vertex -40.499977111816406 -25.749948501586914 0
vertex -40.499977111816406 -25.04994773864746 0
endloop
endfacet
facet normal 0 -1 0
outer loop
vertex -40.499977111816406 -10.249948501586914 0
vertex -35.499977111816406 -10.249948501586914 0
vertex -35.499977111816406 -10.249948501586914 3.549999952316284
endloop
endfacet
facet normal 1 0 0
outer loop
vertex -40.499977111816406 -10.94994831085205 3.549999952316284
vertex -40.499977111816406 -10.94994831085205 0
vertex -40.499977111816406 -10.249948501586914 0
endloop
endfacet
facet normal 0 1 0
outer loop
vertex 59.500022888183594 -6.749948501586914 0
vertex 54.500022888183594 -6.749948501586914 3.549999952316284
vertex 59.500022888183594 -6.749948501586914 3.549999952316284
endloop
endfacet
facet normal 1 0 0
outer loop
vertex 54.500022888183594 -6.749948501586914 3.549999952316284
vertex 54.500022888183594 -6.749948501586914 0
vertex 54.500022888183594 -6.049948692321777 0
endloop
endfacet
facet normal -1 0 0
outer loop
vertex 59.500022888183594 8.750051498413086 0
vertex 59.500022888183594 8.05005168914795 0
vertex 59.500022888183594 8.750051498413086 3.549999952316284
endloop
endfacet
facet normal 0 0 -1
outer loop
vertex 59.500022888183594 -6.749948501586914 3.549999952316284
vertex 54.500022888183594 -6.749948501586914 3.549999952316284
vertex 54.500022888183594 -6.049948692321777 3.549999952316284
endloop
endfacet
facet normal 0 0 -1
outer loop
vertex 59.500022888183594 -6.049948692321777 3.549999952316284
vertex 59.500022888183594 -6.749948501586914 3.549999952316284
vertex 54.500022888183594 -6.049948692321777 3.549999952316284
endloop
endfacet
facet normal 0 -1 0
outer loop
vertex 54.500022888183594 8.750051498413086 0
vertex 59.500022888183594 8.750051498413086 0
vertex 59.500022888183594 8.750051498413086 3.549999952316284
endloop
endfacet
facet normal 1 0 0
outer loop
vertex 54.500022888183594 8.05005168914795 3.549999952316284
vertex 54.500022888183594 8.05005168914795 0
vertex 54.500022888183594 8.750051498413086 0
endloop
endfacet
facet normal 0 0 -1
outer loop
vertex 59.500022888183594 8.750051498413086 3.549999952316284
vertex 59.500022888183594 8.05005168914795 3.549999952316284
vertex 54.500022888183594 8.750051498413086 3.549999952316284
endloop
endfacet
facet normal 1 0 0
outer loop
vertex 54.500022888183594 8.05005168914795 3.549999952316284
vertex 54.500022888183594 8.750051498413086 0
vertex 54.500022888183594 8.750051498413086 3.549999952316284
endloop
endfacet
facet normal -1 0 0
outer loop
vertex 59.500022888183594 -6.049948692321777 3.549999952316284
vertex 59.500022888183594 -6.749948501586914 0
vertex 59.500022888183594 -6.749948501586914 3.549999952316284
endloop
endfacet
facet normal 0 -1 0
outer loop
vertex 54.500022888183594 8.750051498413086 3.549999952316284
vertex 54.500022888183594 8.750051498413086 0
vertex 59.500022888183594 8.750051498413086 3.549999952316284
endloop
endfacet
facet normal -1 0 0
outer loop
vertex 59.500022888183594 8.750051498413086 3.549999952316284
vertex 59.500022888183594 8.05005168914795 0
vertex 59.500022888183594 8.05005168914795 3.549999952316284
endloop
endfacet
facet normal 0 0 -1
outer loop
vertex 54.500022888183594 8.750051498413086 3.549999952316284
vertex 59.500022888183594 8.05005168914795 3.549999952316284
vertex 54.500022888183594 8.05005168914795 3.549999952316284
endloop
endfacet
facet normal 0 1 0
outer loop
vertex 59.500022888183594 -6.749948501586914 0
vertex 54.500022888183594 -6.749948501586914 0
vertex 54.500022888183594 -6.749948501586914 3.549999952316284
endloop
endfacet
facet normal 1 0 0
outer loop
vertex 54.500022888183594 -6.749948501586914 3.549999952316284
vertex 54.500022888183594 -6.049948692321777 0
vertex 54.500022888183594 -6.049948692321777 3.549999952316284
endloop
endfacet
facet normal -1 0 0
outer loop
vertex 59.500022888183594 -6.049948692321777 0
vertex 59.500022888183594 -6.749948501586914 0
vertex 59.500022888183594 -6.049948692321777 3.549999952316284
endloop
endfacet
facet normal 1 0 0
outer loop
vertex 35.500022888183594 8.05005168914795 3.549999952316284
vertex 35.500022888183594 8.05005168914795 0
vertex 35.500022888183594 8.750051498413086 0
endloop
endfacet
facet normal 1 0 0
outer loop
vertex 35.500022888183594 -6.049948692321777 0
vertex 35.500022888183594 -6.749948501586914 3.549999952316284
vertex 35.500022888183594 -6.749948501586914 0
endloop
endfacet
facet normal 0 0 -1
outer loop
vertex 40.500022888183594 8.750051498413086 3.549999952316284
vertex 40.500022888183594 8.05005168914795 3.549999952316284
vertex 35.500022888183594 8.750051498413086 3.549999952316284
endloop
endfacet
facet normal -1 0 0
outer loop
vertex 40.500022888183594 8.750051498413086 0
vertex 40.500022888183594 8.05005168914795 0
vertex 40.500022888183594 8.750051498413086 3.549999952316284
endloop
endfacet
facet normal 0 -1 0
outer loop
vertex 35.500022888183594 8.750051498413086 0
vertex 40.500022888183594 8.750051498413086 0
vertex 40.500022888183594 8.750051498413086 3.549999952316284
endloop
endfacet
facet normal 0 0 -1
outer loop
vertex 40.500022888183594 8.05005168914795 3.549999952316284
vertex 35.500022888183594 8.05005168914795 3.549999952316284
vertex 35.500022888183594 8.750051498413086 3.549999952316284
endloop
endfacet
facet normal 1 0 0
outer loop
vertex 35.500022888183594 8.05005168914795 3.549999952316284
vertex 35.500022888183594 8.750051498413086 0
vertex 35.500022888183594 8.750051498413086 3.549999952316284
endloop
endfacet
facet normal 1 0 0
outer loop
vertex 35.500022888183594 -6.749948501586914 3.549999952316284
vertex 35.500022888183594 -6.049948692321777 0
vertex 35.500022888183594 -6.049948692321777 3.549999952316284
endloop
endfacet
facet normal 0 1 0
outer loop
vertex 40.500022888183594 -6.749948501586914 0
vertex 35.500022888183594 -6.749948501586914 3.549999952316284
vertex 40.500022888183594 -6.749948501586914 3.549999952316284
endloop
endfacet
facet normal 0 -1 0
outer loop
vertex 35.500022888183594 8.750051498413086 3.549999952316284
vertex 35.500022888183594 8.750051498413086 0
vertex 40.500022888183594 8.750051498413086 3.549999952316284
endloop
endfacet
facet normal 0 0 -1
outer loop
vertex 40.500022888183594 -6.749948501586914 3.549999952316284
vertex 35.500022888183594 -6.749948501586914 3.549999952316284
vertex 35.500022888183594 -6.049948692321777 3.549999952316284
endloop
endfacet
facet normal 0 0 -1
outer loop
vertex 40.500022888183594 -6.049948692321777 3.549999952316284
vertex 40.500022888183594 -6.749948501586914 3.549999952316284
vertex 35.500022888183594 -6.049948692321777 3.549999952316284
endloop
endfacet
facet normal -1 0 0
outer loop
vertex 40.500022888183594 8.750051498413086 3.549999952316284
vertex 40.500022888183594 8.05005168914795 0
vertex 40.500022888183594 8.05005168914795 3.549999952316284
endloop
endfacet
facet normal -1 0 0
outer loop
vertex 40.500022888183594 -6.049948692321777 3.549999952316284
vertex 40.500022888183594 -6.749948501586914 0
vertex 40.500022888183594 -6.749948501586914 3.549999952316284
endloop
endfacet
facet normal 0 1 0
outer loop
vertex 40.500022888183594 -6.749948501586914 0
vertex 35.500022888183594 -6.749948501586914 0
vertex 35.500022888183594 -6.749948501586914 3.549999952316284
endloop
endfacet
facet normal -1 0 0
outer loop
vertex 40.500022888183594 -6.049948692321777 0
vertex 40.500022888183594 -6.749948501586914 0
vertex 40.500022888183594 -6.049948692321777 3.549999952316284
endloop
endfacet
facet normal 1 0 0
outer loop
vertex 16.500022888183594 -6.749948501586914 3.549999952316284
vertex 16.500022888183594 -6.049948692321777 0
vertex 16.500022888183594 -6.049948692321777 3.549999952316284
endloop
endfacet
facet normal 1 0 0
outer loop
vertex 16.500022888183594 8.05005168914795 3.549999952316284
vertex 16.500022888183594 8.05005168914795 0
vertex 16.500022888183594 8.750051498413086 0
endloop
endfacet
facet normal 0 0 -1
outer loop
vertex 21.500022888183594 8.750051498413086 3.549999952316284
vertex 21.500022888183594 8.05005168914795 3.549999952316284
vertex 16.500022888183594 8.750051498413086 3.549999952316284
endloop
endfacet
facet normal -1 0 0
outer loop
vertex 21.500022888183594 -6.049948692321777 0
vertex 21.500022888183594 -6.749948501586914 0
vertex 21.500022888183594 -6.049948692321777 3.549999952316284
endloop
endfacet
facet normal 1 0 0
outer loop
vertex 16.500022888183594 8.05005168914795 3.549999952316284
vertex 16.500022888183594 8.750051498413086 0
vertex 16.500022888183594 8.750051498413086 3.549999952316284
endloop
endfacet
facet normal 0 0 -1
outer loop
vertex 21.500022888183594 -6.049948692321777 3.549999952316284
vertex 21.500022888183594 -6.749948501586914 3.549999952316284
vertex 16.500022888183594 -6.049948692321777 3.549999952316284
endloop
endfacet
facet normal 0 1 0
outer loop
vertex 21.500022888183594 -6.749948501586914 0
vertex 16.500022888183594 -6.749948501586914 3.549999952316284
vertex 21.500022888183594 -6.749948501586914 3.549999952316284
endloop
endfacet
facet normal -1 0 0
outer loop
vertex 21.500022888183594 -6.049948692321777 3.549999952316284
vertex 21.500022888183594 -6.749948501586914 0
vertex 21.500022888183594 -6.749948501586914 3.549999952316284
endloop
endfacet
facet normal 0 1 0
outer loop
vertex 21.500022888183594 -6.749948501586914 0
vertex 16.500022888183594 -6.749948501586914 0
vertex 16.500022888183594 -6.749948501586914 3.549999952316284
endloop
endfacet
facet normal -1 0 0
outer loop
vertex 21.500022888183594 8.750051498413086 0
vertex 21.500022888183594 8.05005168914795 0
vertex 21.500022888183594 8.750051498413086 3.549999952316284
endloop
endfacet
facet normal 0 -1 0
outer loop
vertex 16.500022888183594 8.750051498413086 0
vertex 21.500022888183594 8.750051498413086 0
vertex 21.500022888183594 8.750051498413086 3.549999952316284
endloop
endfacet
facet normal 0 0 -1
outer loop
vertex 16.500022888183594 8.750051498413086 3.549999952316284
vertex 21.500022888183594 8.05005168914795 3.549999952316284
vertex 16.500022888183594 8.05005168914795 3.549999952316284
endloop
endfacet
facet normal 1 0 0
outer loop
vertex 16.500022888183594 -6.049948692321777 0
vertex 16.500022888183594 -6.749948501586914 3.549999952316284
vertex 16.500022888183594 -6.749948501586914 0
endloop
endfacet
facet normal -1 0 0
outer loop
vertex 21.500022888183594 8.750051498413086 3.549999952316284
vertex 21.500022888183594 8.05005168914795 0
vertex 21.500022888183594 8.05005168914795 3.549999952316284
endloop
endfacet
facet normal 0 0 -1
outer loop
vertex 21.500022888183594 -6.749948501586914 3.549999952316284
vertex 16.500022888183594 -6.749948501586914 3.549999952316284
vertex 16.500022888183594 -6.049948692321777 3.549999952316284
endloop
endfacet
facet normal 0 -1 0
outer loop
vertex 16.500022888183594 8.750051498413086 3.549999952316284
vertex 16.500022888183594 8.750051498413086 0
vertex 21.500022888183594 8.750051498413086 3.549999952316284
endloop
endfacet
facet normal 1 0 0
outer loop
vertex -2.4999778270721436 -6.749948501586914 3.549999952316284
vertex -2.4999778270721436 -6.049948692321777 0
vertex -2.4999778270721436 -6.049948692321777 3.549999952316284
endloop
endfacet
facet normal 0 0 -1
outer loop
vertex -2.4999778270721436 8.750051498413086 3.549999952316284
vertex 2.5000221729278564 8.05005168914795 3.549999952316284
vertex -2.4999778270721436 8.05005168914795 3.549999952316284
endloop
endfacet
facet normal 0 0 -1
outer loop
vertex 2.5000221729278564 -6.749948501586914 3.549999952316284
vertex -2.4999778270721436 -6.049948692321777 3.549999952316284
vertex 2.5000221729278564 -6.049948692321777 3.549999952316284
endloop
endfacet
facet normal 0 -1 0
outer loop
vertex -2.4999778270721436 8.750051498413086 3.549999952316284
vertex -2.4999778270721436 8.750051498413086 0
vertex 2.5000221729278564 8.750051498413086 3.549999952316284
endloop
endfacet
facet normal 1 0 0
outer loop
vertex -2.4999778270721436 8.05005168914795 3.549999952316284
vertex -2.4999778270721436 8.750051498413086 0
vertex -2.4999778270721436 8.750051498413086 3.549999952316284
endloop
endfacet
facet normal 1 0 0
outer loop
vertex -2.4999778270721436 8.05005168914795 3.549999952316284
vertex -2.4999778270721436 8.05005168914795 0
vertex -2.4999778270721436 8.750051498413086 0
endloop
endfacet
facet normal -1 0 0
outer loop
vertex 2.5000221729278564 8.750051498413086 3.549999952316284
vertex 2.5000221729278564 8.05005168914795 0
vertex 2.5000221729278564 8.05005168914795 3.549999952316284
endloop
endfacet
facet normal 0 0 -1
outer loop
vertex 2.5000221729278564 8.05005168914795 3.549999952316284
vertex -2.4999778270721436 8.750051498413086 3.549999952316284
vertex 2.5000221729278564 8.750051498413086 3.549999952316284
endloop
endfacet
facet normal -1 0 0
outer loop
vertex 2.5000221729278564 -6.049948692321777 0
vertex 2.5000221729278564 -6.749948501586914 0
vertex 2.5000221729278564 -6.049948692321777 3.549999952316284
endloop
endfacet
facet normal 0 -1 0
outer loop
vertex 2.5000221729278564 8.750051498413086 3.549999952316284
vertex -2.4999778270721436 8.750051498413086 0
vertex 2.5000221729278564 8.750051498413086 0
endloop
endfacet
facet normal -1 0 0
outer loop
vertex 2.5000221729278564 8.750051498413086 0
vertex 2.5000221729278564 8.05005168914795 0
vertex 2.5000221729278564 8.750051498413086 3.549999952316284
endloop
endfacet
facet normal 0 0 -1
outer loop
vertex -2.4999778270721436 -6.749948501586914 3.549999952316284
vertex -2.4999778270721436 -6.049948692321777 3.549999952316284
vertex 2.5000221729278564 -6.749948501586914 3.549999952316284
endloop
endfacet
facet normal 1 0 0
outer loop
vertex -2.4999778270721436 -6.749948501586914 0
vertex -2.4999778270721436 -6.049948692321777 0
vertex -2.4999778270721436 -6.749948501586914 3.549999952316284
endloop
endfacet
facet normal -1 0 0
outer loop
vertex 2.5000221729278564 -6.049948692321777 3.549999952316284
vertex 2.5000221729278564 -6.749948501586914 0
vertex 2.5000221729278564 -6.749948501586914 3.549999952316284
endloop
endfacet
facet normal 0 1 0
outer loop
vertex 2.5000221729278564 -6.749948501586914 0
vertex -2.4999778270721436 -6.749948501586914 3.549999952316284
vertex 2.5000221729278564 -6.749948501586914 3.549999952316284
endloop
endfacet
facet normal 0 1 0
outer loop
vertex 2.5000221729278564 -6.749948501586914 0
vertex -2.4999778270721436 -6.749948501586914 0
vertex -2.4999778270721436 -6.749948501586914 3.549999952316284
endloop
endfacet
facet normal 1 0 0
outer loop
vertex -21.499977111816406 -6.049948692321777 0
vertex -21.499977111816406 -6.749948501586914 3.549999952316284
vertex -21.499977111816406 -6.749948501586914 0
endloop
endfacet
facet normal 0 0 -1
outer loop
vertex -16.499977111816406 -6.749948501586914 3.549999952316284
vertex -21.499977111816406 -6.749948501586914 3.549999952316284
vertex -21.499977111816406 -6.049948692321777 3.549999952316284
endloop
endfacet
facet normal 0 0 -1
outer loop
vertex -16.499977111816406 -6.049948692321777 3.549999952316284
vertex -16.499977111816406 -6.749948501586914 3.549999952316284
vertex -21.499977111816406 -6.049948692321777 3.549999952316284
endloop
endfacet
facet normal 0 0 -1
outer loop
vertex -21.499977111816406 8.750051498413086 3.549999952316284
vertex -16.499977111816406 8.05005168914795 3.549999952316284
vertex -21.499977111816406 8.05005168914795 3.549999952316284
endloop
endfacet
facet normal -1 0 0
outer loop
vertex -16.499977111816406 -6.049948692321777 0
vertex -16.499977111816406 -6.749948501586914 0
vertex -16.499977111816406 -6.049948692321777 3.549999952316284
endloop
endfacet
facet normal 0 -1 0
outer loop
vertex -21.499977111816406 8.750051498413086 3.549999952316284
vertex -21.499977111816406 8.750051498413086 0
vertex -16.499977111816406 8.750051498413086 3.549999952316284
endloop
endfacet
facet normal -1 0 0
outer loop
vertex -16.499977111816406 8.750051498413086 3.549999952316284
vertex -16.499977111816406 8.750051498413086 0
vertex -16.499977111816406 8.05005168914795 0
endloop
endfacet
facet normal 1 0 0
outer loop
vertex -21.499977111816406 8.05005168914795 3.549999952316284
vertex -21.499977111816406 8.750051498413086 0
vertex -21.499977111816406 8.750051498413086 3.549999952316284
endloop
endfacet
facet normal 0 0 -1
outer loop
vertex -16.499977111816406 8.750051498413086 3.549999952316284
vertex -16.499977111816406 8.05005168914795 3.549999952316284
vertex -21.499977111816406 8.750051498413086 3.549999952316284
endloop
endfacet
facet normal 1 0 0
outer loop
vertex -21.499977111816406 8.05005168914795 3.549999952316284
vertex -21.499977111816406 8.05005168914795 0
vertex -21.499977111816406 8.750051498413086 0
endloop
endfacet
facet normal 0 -1 0
outer loop
vertex -21.499977111816406 8.750051498413086 0
vertex -16.499977111816406 8.750051498413086 0
vertex -16.499977111816406 8.750051498413086 3.549999952316284
endloop
endfacet
facet normal 0 1 0
outer loop
vertex -16.499977111816406 -6.749948501586914 0
vertex -21.499977111816406 -6.749948501586914 0
vertex -21.499977111816406 -6.749948501586914 3.549999952316284
endloop
endfacet
facet normal 1 0 0
outer loop
vertex -21.499977111816406 -6.749948501586914 3.549999952316284
vertex -21.499977111816406 -6.049948692321777 0
vertex -21.499977111816406 -6.049948692321777 3.549999952316284
endloop
endfacet
facet normal 0 1 0
outer loop
vertex -16.499977111816406 -6.749948501586914 0
vertex -21.499977111816406 -6.749948501586914 3.549999952316284
vertex -16.499977111816406 -6.749948501586914 3.549999952316284
endloop
endfacet
facet normal -1 0 0
outer loop
vertex -16.499977111816406 8.750051498413086 3.549999952316284
vertex -16.499977111816406 8.05005168914795 0
vertex -16.499977111816406 8.05005168914795 3.549999952316284
endloop
endfacet
facet normal -1 0 0
outer loop
vertex -16.499977111816406 -6.049948692321777 3.549999952316284
vertex -16.499977111816406 -6.749948501586914 0
vertex -16.499977111816406 -6.749948501586914 3.549999952316284
endloop
endfacet
facet normal -1 0 0
outer loop
vertex -35.499977111816406 -6.049948692321777 3.549999952316284
vertex -35.499977111816406 -6.749948501586914 0
vertex -35.499977111816406 -6.749948501586914 3.549999952316284
endloop
endfacet
facet normal 0 0 -1
outer loop
vertex -35.499977111816406 -6.749948501586914 3.549999952316284
vertex -40.499977111816406 -6.749948501586914 3.549999952316284
vertex -40.499977111816406 -6.049948692321777 3.549999952316284
endloop
endfacet
facet normal -1 0 0
outer loop
vertex -35.499977111816406 8.750051498413086 3.549999952316284
vertex -35.499977111816406 8.750051498413086 0
vertex -35.499977111816406 8.05005168914795 0
endloop
endfacet
facet normal 1 0 0
outer loop
vertex -40.499977111816406 -6.749948501586914 3.549999952316284
vertex -40.499977111816406 -6.749948501586914 0
vertex -40.499977111816406 -6.049948692321777 0
endloop
endfacet
facet normal 0 1 0
outer loop
vertex -35.499977111816406 -6.749948501586914 0
vertex -40.499977111816406 -6.749948501586914 0
vertex -40.499977111816406 -6.749948501586914 3.549999952316284
endloop
endfacet
facet normal -1 0 0
outer loop
vertex -35.499977111816406 8.750051498413086 3.549999952316284
vertex -35.499977111816406 8.05005168914795 0
vertex -35.499977111816406 8.05005168914795 3.549999952316284
endloop
endfacet
facet normal 1 0 0
outer loop
vertex -40.499977111816406 8.05005168914795 3.549999952316284
vertex -40.499977111816406 8.05005168914795 0
vertex -40.499977111816406 8.750051498413086 0
endloop
endfacet
facet normal 0 -1 0
outer loop
vertex -40.499977111816406 8.750051498413086 0
vertex -35.499977111816406 8.750051498413086 0
vertex -35.499977111816406 8.750051498413086 3.549999952316284
endloop
endfacet
facet normal 0 -1 0
outer loop
vertex -40.499977111816406 8.750051498413086 3.549999952316284
vertex -40.499977111816406 8.750051498413086 0
vertex -35.499977111816406 8.750051498413086 3.549999952316284
endloop
endfacet
facet normal 1 0 0
outer loop
vertex -40.499977111816406 8.05005168914795 3.549999952316284
vertex -40.499977111816406 8.750051498413086 0
vertex -40.499977111816406 8.750051498413086 3.549999952316284
endloop
endfacet
facet normal -1 0 0
outer loop
vertex -35.499977111816406 -6.049948692321777 0
vertex -35.499977111816406 -6.749948501586914 0
vertex -35.499977111816406 -6.049948692321777 3.549999952316284
endloop
endfacet
facet normal 1 0 0
outer loop
vertex -40.499977111816406 -6.749948501586914 3.549999952316284
vertex -40.499977111816406 -6.049948692321777 0
vertex -40.499977111816406 -6.049948692321777 3.549999952316284
endloop
endfacet
facet normal 0 1 0
outer loop
vertex -35.499977111816406 -6.749948501586914 0
vertex -40.499977111816406 -6.749948501586914 3.549999952316284
vertex -35.499977111816406 -6.749948501586914 3.549999952316284
endloop
endfacet
facet normal 0 0 -1
outer loop
vertex -35.499977111816406 8.750051498413086 3.549999952316284
vertex -35.499977111816406 8.05005168914795 3.549999952316284
vertex -40.499977111816406 8.750051498413086 3.549999952316284
endloop
endfacet
facet normal 0 0 -1
outer loop
vertex -35.499977111816406 -6.049948692321777 3.549999952316284
vertex -35.499977111816406 -6.749948501586914 3.549999952316284
vertex -40.499977111816406 -6.049948692321777 3.549999952316284
endloop
endfacet
facet normal 0 0 -1
outer loop
vertex -40.499977111816406 8.750051498413086 3.549999952316284
vertex -35.499977111816406 8.05005168914795 3.549999952316284
vertex -40.499977111816406 8.05005168914795 3.549999952316284
endloop
endfacet
facet normal 0 0 -1
outer loop
vertex 59.500022888183594 12.950051307678223 3.549999952316284
vertex 59.500022888183594 12.250051498413086 3.549999952316284
vertex 54.500022888183594 12.950051307678223 3.549999952316284
endloop
endfacet
facet normal 0 0 -1
outer loop
vertex 59.500022888183594 12.250051498413086 3.549999952316284
vertex 54.500022888183594 12.250051498413086 3.549999952316284
vertex 54.500022888183594 12.950051307678223 3.549999952316284
endloop
endfacet
facet normal 0 -1 0
outer loop
vertex 54.500022888183594 27.750051498413086 0
vertex 59.500022888183594 27.750051498413086 0
vertex 59.500022888183594 27.750051498413086 3.549999952316284
endloop
endfacet
facet normal 1 0 0
outer loop
vertex 54.500022888183594 27.050050735473633 3.549999952316284
vertex 54.500022888183594 27.050050735473633 0
vertex 54.500022888183594 27.750051498413086 0
endloop
endfacet
facet normal 0 0 -1
outer loop
vertex 59.500022888183594 27.750051498413086 3.549999952316284
vertex 59.500022888183594 27.050050735473633 3.549999952316284
vertex 54.500022888183594 27.750051498413086 3.549999952316284
endloop
endfacet
facet normal -1 0 0
outer loop
vertex 59.500022888183594 12.950051307678223 3.549999952316284
vertex 59.500022888183594 12.250051498413086 0
vertex 59.500022888183594 12.250051498413086 3.549999952316284
endloop
endfacet
facet normal 0 1 0
outer loop
vertex 59.500022888183594 12.250051498413086 0
vertex 54.500022888183594 12.250051498413086 3.549999952316284
vertex 59.500022888183594 12.250051498413086 3.549999952316284
endloop
endfacet
facet normal 1 0 0
outer loop
vertex 54.500022888183594 12.250051498413086 3.549999952316284
vertex 54.500022888183594 12.950051307678223 0
vertex 54.500022888183594 12.950051307678223 3.549999952316284
endloop
endfacet
facet normal -1 0 0
outer loop
vertex 59.500022888183594 27.750051498413086 0
vertex 59.500022888183594 27.050050735473633 0
vertex 59.500022888183594 27.750051498413086 3.549999952316284
endloop
endfacet
facet normal -1 0 0
outer loop
vertex 59.500022888183594 27.750051498413086 3.549999952316284
vertex 59.500022888183594 27.050050735473633 0
vertex 59.500022888183594 27.050050735473633 3.549999952316284
endloop
endfacet
facet normal 1 0 0
outer loop
vertex 54.500022888183594 27.050050735473633 3.549999952316284
vertex 54.500022888183594 27.750051498413086 0
vertex 54.500022888183594 27.750051498413086 3.549999952316284
endloop
endfacet
facet normal 1 0 0
outer loop
vertex 54.500022888183594 12.950051307678223 0
vertex 54.500022888183594 12.250051498413086 3.549999952316284
vertex 54.500022888183594 12.250051498413086 0
endloop
endfacet
facet normal 0 1 0
outer loop
vertex 59.500022888183594 12.250051498413086 0
vertex 54.500022888183594 12.250051498413086 0
vertex 54.500022888183594 12.250051498413086 3.549999952316284
endloop
endfacet
facet normal -1 0 0
outer loop
vertex 59.500022888183594 12.950051307678223 0
vertex 59.500022888183594 12.250051498413086 0
vertex 59.500022888183594 12.950051307678223 3.549999952316284
endloop
endfacet
facet normal 0 0 -1
outer loop
vertex 54.500022888183594 27.750051498413086 3.549999952316284
vertex 59.500022888183594 27.050050735473633 3.549999952316284
vertex 54.500022888183594 27.050050735473633 3.549999952316284
endloop
endfacet
facet normal 0 -1 0
outer loop
vertex 54.500022888183594 27.750051498413086 3.549999952316284
vertex 54.500022888183594 27.750051498413086 0
vertex 59.500022888183594 27.750051498413086 3.549999952316284
endloop
endfacet
facet normal 1 0 0
outer loop
vertex 35.500022888183594 27.050050735473633 3.549999952316284
vertex 35.500022888183594 27.050050735473633 0
vertex 35.500022888183594 27.750051498413086 0
endloop
endfacet
facet normal -1 0 0
outer loop
vertex 40.500022888183594 27.750051498413086 0
vertex 40.500022888183594 27.050050735473633 0
vertex 40.500022888183594 27.750051498413086 3.549999952316284
endloop
endfacet
facet normal 0 0 -1
outer loop
vertex 40.500022888183594 27.750051498413086 3.549999952316284
vertex 40.500022888183594 27.050050735473633 3.549999952316284
vertex 35.500022888183594 27.750051498413086 3.549999952316284
endloop
endfacet
facet normal 0 -1 0
outer loop
vertex 35.500022888183594 27.750051498413086 3.549999952316284
vertex 35.500022888183594 27.750051498413086 0
vertex 40.500022888183594 27.750051498413086 3.549999952316284
endloop
endfacet
facet normal 0 -1 0
outer loop
vertex 35.500022888183594 27.750051498413086 0
vertex 40.500022888183594 27.750051498413086 0
vertex 40.500022888183594 27.750051498413086 3.549999952316284
endloop
endfacet
facet normal -1 0 0
outer loop
vertex 40.500022888183594 12.950051307678223 3.549999952316284
vertex 40.500022888183594 12.250051498413086 0
vertex 40.500022888183594 12.250051498413086 3.549999952316284
endloop
endfacet
facet normal 0 1 0
outer loop
vertex 40.500022888183594 12.250051498413086 0
vertex 35.500022888183594 12.250051498413086 3.549999952316284
vertex 40.500022888183594 12.250051498413086 3.549999952316284
endloop
endfacet
facet normal 0 0 -1
outer loop
vertex 40.500022888183594 27.050050735473633 3.549999952316284
vertex 35.500022888183594 27.050050735473633 3.549999952316284
vertex 35.500022888183594 27.750051498413086 3.549999952316284
endloop
endfacet
facet normal 1 0 0
outer loop
vertex 35.500022888183594 27.050050735473633 3.549999952316284
vertex 35.500022888183594 27.750051498413086 0
vertex 35.500022888183594 27.750051498413086 3.549999952316284
endloop
endfacet
facet normal -1 0 0
outer loop
vertex 40.500022888183594 27.750051498413086 3.549999952316284
vertex 40.500022888183594 27.050050735473633 0
vertex 40.500022888183594 27.050050735473633 3.549999952316284
endloop
endfacet
facet normal 1 0 0
outer loop
vertex 35.500022888183594 12.950051307678223 0
vertex 35.500022888183594 12.250051498413086 3.549999952316284
vertex 35.500022888183594 12.250051498413086 0
endloop
endfacet
facet normal 0 0 -1
outer loop
vertex 40.500022888183594 12.250051498413086 3.549999952316284
vertex 35.500022888183594 12.250051498413086 3.549999952316284
vertex 35.500022888183594 12.950051307678223 3.549999952316284
endloop
endfacet
facet normal 0 0 -1
outer loop
vertex 40.500022888183594 12.950051307678223 3.549999952316284
vertex 40.500022888183594 12.250051498413086 3.549999952316284
vertex 35.500022888183594 12.950051307678223 3.549999952316284
endloop
endfacet
facet normal 0 1 0
outer loop
vertex 40.500022888183594 12.250051498413086 0
vertex 35.500022888183594 12.250051498413086 0
vertex 35.500022888183594 12.250051498413086 3.549999952316284
endloop
endfacet
facet normal 1 0 0
outer loop
vertex 35.500022888183594 12.250051498413086 3.549999952316284
vertex 35.500022888183594 12.950051307678223 0
vertex 35.500022888183594 12.950051307678223 3.549999952316284
endloop
endfacet
facet normal -1 0 0
outer loop
vertex 40.500022888183594 12.950051307678223 0
vertex 40.500022888183594 12.250051498413086 0
vertex 40.500022888183594 12.950051307678223 3.549999952316284
endloop
endfacet
facet normal 0 0 -1
outer loop
vertex 21.500022888183594 12.250051498413086 3.549999952316284
vertex 16.500022888183594 12.250051498413086 3.549999952316284
vertex 16.500022888183594 12.950051307678223 3.549999952316284
endloop
endfacet
facet normal 1 0 0
outer loop
vertex 16.500022888183594 12.250051498413086 3.549999952316284
vertex 16.500022888183594 12.950051307678223 0
vertex 16.500022888183594 12.950051307678223 3.549999952316284
endloop
endfacet
facet normal 1 0 0
outer loop
vertex 16.500022888183594 27.050050735473633 3.549999952316284
vertex 16.500022888183594 27.050050735473633 0
vertex 16.500022888183594 27.750051498413086 0
endloop
endfacet
facet normal 0 0 -1
outer loop
vertex 21.500022888183594 12.950051307678223 3.549999952316284
vertex 21.500022888183594 12.250051498413086 3.549999952316284
vertex 16.500022888183594 12.950051307678223 3.549999952316284
endloop
endfacet
facet normal 0 0 -1
outer loop
vertex 21.500022888183594 27.750051498413086 3.549999952316284
vertex 21.500022888183594 27.050050735473633 3.549999952316284
vertex 16.500022888183594 27.750051498413086 3.549999952316284
endloop
endfacet
facet normal 1 0 0
outer loop
vertex 16.500022888183594 12.950051307678223 0
vertex 16.500022888183594 12.250051498413086 3.549999952316284
vertex 16.500022888183594 12.250051498413086 0
endloop
endfacet
facet normal -1 0 0
outer loop
vertex 21.500022888183594 27.750051498413086 0
vertex 21.500022888183594 27.050050735473633 0
vertex 21.500022888183594 27.750051498413086 3.549999952316284
endloop
endfacet
facet normal 0 1 0
outer loop
vertex 21.500022888183594 12.250051498413086 0
vertex 16.500022888183594 12.250051498413086 0
vertex 16.500022888183594 12.250051498413086 3.549999952316284
endloop
endfacet
facet normal 0 -1 0
outer loop
vertex 16.500022888183594 27.750051498413086 0
vertex 21.500022888183594 27.750051498413086 0
vertex 21.500022888183594 27.750051498413086 3.549999952316284
endloop
endfacet
facet normal -1 0 0
outer loop
vertex 21.500022888183594 12.950051307678223 0
vertex 21.500022888183594 12.250051498413086 0
vertex 21.500022888183594 12.950051307678223 3.549999952316284
endloop
endfacet
facet normal -1 0 0
outer loop
vertex 21.500022888183594 27.750051498413086 3.549999952316284
vertex 21.500022888183594 27.050050735473633 0
vertex 21.500022888183594 27.050050735473633 3.549999952316284
endloop
endfacet
facet normal 0 -1 0
outer loop
vertex 16.500022888183594 27.750051498413086 3.549999952316284
vertex 16.500022888183594 27.750051498413086 0
vertex 21.500022888183594 27.750051498413086 3.549999952316284
endloop
endfacet
facet normal 0 1 0
outer loop
vertex 21.500022888183594 12.250051498413086 0
vertex 16.500022888183594 12.250051498413086 3.549999952316284
vertex 21.500022888183594 12.250051498413086 3.549999952316284
endloop
endfacet
facet normal 1 0 0
outer loop
vertex 16.500022888183594 27.050050735473633 3.549999952316284
vertex 16.500022888183594 27.750051498413086 0
vertex 16.500022888183594 27.750051498413086 3.549999952316284
endloop
endfacet
facet normal -1 0 0
outer loop
vertex 21.500022888183594 12.950051307678223 3.549999952316284
vertex 21.500022888183594 12.250051498413086 0
vertex 21.500022888183594 12.250051498413086 3.549999952316284
endloop
endfacet
facet normal 0 0 -1
outer loop
vertex 16.500022888183594 27.750051498413086 3.549999952316284
vertex 21.500022888183594 27.050050735473633 3.549999952316284
vertex 16.500022888183594 27.050050735473633 3.549999952316284
endloop
endfacet
facet normal 1 0 0
outer loop
vertex -2.4999778270721436 12.250051498413086 3.549999952316284
vertex -2.4999778270721436 12.950051307678223 0
vertex -2.4999778270721436 12.950051307678223 3.549999952316284
endloop
endfacet
facet normal -1 0 0
outer loop
vertex 2.5000221729278564 27.750051498413086 0
vertex 2.5000221729278564 27.050050735473633 0
vertex 2.5000221729278564 27.750051498413086 3.549999952316284
endloop
endfacet
facet normal 0 0 -1
outer loop
vertex 2.5000221729278564 12.250051498413086 3.549999952316284
vertex -2.4999778270721436 12.950051307678223 3.549999952316284
vertex 2.5000221729278564 12.950051307678223 3.549999952316284
endloop
endfacet
facet normal -1 0 0
outer loop
vertex 2.5000221729278564 27.750051498413086 3.549999952316284
vertex 2.5000221729278564 27.050050735473633 0
vertex 2.5000221729278564 27.050050735473633 3.549999952316284
endloop
endfacet
facet normal 1 0 0
outer loop
vertex -2.4999778270721436 12.950051307678223 0
vertex -2.4999778270721436 12.250051498413086 3.549999952316284
vertex -2.4999778270721436 12.250051498413086 0
endloop
endfacet
facet normal 0 1 0
outer loop
vertex 2.5000221729278564 12.250051498413086 0
vertex -2.4999778270721436 12.250051498413086 3.549999952316284
vertex 2.5000221729278564 12.250051498413086 3.549999952316284
endloop
endfacet
facet normal 0 -1 0
outer loop
vertex 2.5000221729278564 27.750051498413086 3.549999952316284
vertex -2.4999778270721436 27.750051498413086 0
vertex 2.5000221729278564 27.750051498413086 0
endloop
endfacet
facet normal -1 0 0
outer loop
vertex 2.5000221729278564 12.950051307678223 3.549999952316284
vertex 2.5000221729278564 12.250051498413086 0
vertex 2.5000221729278564 12.250051498413086 3.549999952316284
endloop
endfacet
facet normal 0 0 -1
outer loop
vertex -2.4999778270721436 27.750051498413086 3.549999952316284
vertex 2.5000221729278564 27.050050735473633 3.549999952316284
vertex -2.4999778270721436 27.050050735473633 3.549999952316284
endloop
endfacet
facet normal -1 0 0
outer loop
vertex 2.5000221729278564 12.950051307678223 0
vertex 2.5000221729278564 12.250051498413086 0
vertex 2.5000221729278564 12.950051307678223 3.549999952316284
endloop
endfacet
facet normal 0 1 0
outer loop
vertex -2.4999778270721436 12.250051498413086 0
vertex -2.4999778270721436 12.250051498413086 3.549999952316284
vertex 2.5000221729278564 12.250051498413086 0
endloop
endfacet
facet normal 0 0 -1
outer loop
vertex -2.4999778270721436 12.250051498413086 3.549999952316284
vertex -2.4999778270721436 12.950051307678223 3.549999952316284
vertex 2.5000221729278564 12.250051498413086 3.549999952316284
endloop
endfacet
facet normal 0 -1 0
outer loop
vertex -2.4999778270721436 27.750051498413086 3.549999952316284
vertex -2.4999778270721436 27.750051498413086 0
vertex 2.5000221729278564 27.750051498413086 3.549999952316284
endloop
endfacet
facet normal 1 0 0
outer loop
vertex -2.4999778270721436 27.050050735473633 3.549999952316284
vertex -2.4999778270721436 27.750051498413086 0
vertex -2.4999778270721436 27.750051498413086 3.549999952316284
endloop
endfacet
facet normal 0 0 -1
outer loop
vertex 2.5000221729278564 27.050050735473633 3.549999952316284
vertex -2.4999778270721436 27.750051498413086 3.549999952316284
vertex 2.5000221729278564 27.750051498413086 3.549999952316284
endloop
endfacet
facet normal 1 0 0
outer loop
vertex -2.4999778270721436 27.050050735473633 3.549999952316284
vertex -2.4999778270721436 27.050050735473633 0
vertex -2.4999778270721436 27.750051498413086 0
endloop
endfacet
facet normal 1 0 0
outer loop
vertex -21.499977111816406 27.050050735473633 3.549999952316284
vertex -21.499977111816406 27.750051498413086 0
vertex -21.499977111816406 27.750051498413086 3.549999952316284
endloop
endfacet
facet normal 0 -1 0
outer loop
vertex -21.499977111816406 27.750051498413086 3.549999952316284
vertex -21.499977111816406 27.750051498413086 0
vertex -16.499977111816406 27.750051498413086 3.549999952316284
endloop
endfacet
facet normal -1 0 0
outer loop
vertex -16.499977111816406 27.750051498413086 3.549999952316284
vertex -16.499977111816406 27.750051498413086 0
vertex -16.499977111816406 27.050050735473633 0
endloop
endfacet
facet normal 1 0 0
outer loop
vertex -21.499977111816406 27.050050735473633 3.549999952316284
vertex -21.499977111816406 27.050050735473633 0
vertex -21.499977111816406 27.750051498413086 0
endloop
endfacet
facet normal -1 0 0
outer loop
vertex -16.499977111816406 27.750051498413086 3.549999952316284
vertex -16.499977111816406 27.050050735473633 0
vertex -16.499977111816406 27.050050735473633 3.549999952316284
endloop
endfacet
facet normal 0 -1 0
outer loop
vertex -21.499977111816406 27.750051498413086 0
vertex -16.499977111816406 27.750051498413086 0
vertex -16.499977111816406 27.750051498413086 3.549999952316284
endloop
endfacet
facet normal -1 0 0
outer loop
vertex -16.499977111816406 12.950051307678223 3.549999952316284
vertex -16.499977111816406 12.250051498413086 0
vertex -16.499977111816406 12.250051498413086 3.549999952316284
endloop
endfacet
facet normal 0 1 0
outer loop
vertex -16.499977111816406 12.250051498413086 0
vertex -21.499977111816406 12.250051498413086 0
vertex -21.499977111816406 12.250051498413086 3.549999952316284
endloop
endfacet
facet normal 0 0 -1
outer loop
vertex -21.499977111816406 27.750051498413086 3.549999952316284
vertex -16.499977111816406 27.050050735473633 3.549999952316284
vertex -21.499977111816406 27.050050735473633 3.549999952316284
endloop
endfacet
facet normal 0 0 -1
outer loop
vertex -16.499977111816406 27.750051498413086 3.549999952316284
vertex -16.499977111816406 27.050050735473633 3.549999952316284
vertex -21.499977111816406 27.750051498413086 3.549999952316284
endloop
endfacet
facet normal 1 0 0
outer loop
vertex -21.499977111816406 12.950051307678223 0
vertex -21.499977111816406 12.250051498413086 3.549999952316284
vertex -21.499977111816406 12.250051498413086 0
endloop
endfacet
facet normal 0 0 -1
outer loop
vertex -16.499977111816406 12.950051307678223 3.549999952316284
vertex -16.499977111816406 12.250051498413086 3.549999952316284
vertex -21.499977111816406 12.950051307678223 3.549999952316284
endloop
endfacet
facet normal 0 0 -1
outer loop
vertex -16.499977111816406 12.250051498413086 3.549999952316284
vertex -21.499977111816406 12.250051498413086 3.549999952316284
vertex -21.499977111816406 12.950051307678223 3.549999952316284
endloop
endfacet
facet normal -1 0 0
outer loop
vertex -16.499977111816406 12.950051307678223 0
vertex -16.499977111816406 12.250051498413086 0
vertex -16.499977111816406 12.950051307678223 3.549999952316284
endloop
endfacet
facet normal 1 0 0
outer loop
vertex -21.499977111816406 12.250051498413086 3.549999952316284
vertex -21.499977111816406 12.950051307678223 0
vertex -21.499977111816406 12.950051307678223 3.549999952316284
endloop
endfacet
facet normal 0 1 0
outer loop
vertex -16.499977111816406 12.250051498413086 0
vertex -21.499977111816406 12.250051498413086 3.549999952316284
vertex -16.499977111816406 12.250051498413086 3.549999952316284
endloop
endfacet
facet normal 0 -1 0
outer loop
vertex -40.499977111816406 27.750051498413086 3.549999952316284
vertex -40.499977111816406 27.750051498413086 0
vertex -35.499977111816406 27.750051498413086 3.549999952316284
endloop
endfacet
facet normal 0 0 -1
outer loop
vertex -35.499977111816406 27.750051498413086 3.549999952316284
vertex -35.499977111816406 27.050050735473633 3.549999952316284
vertex -40.499977111816406 27.750051498413086 3.549999952316284
endloop
endfacet
facet normal -1 0 0
outer loop
vertex -35.499977111816406 27.750051498413086 3.549999952316284
vertex -35.499977111816406 27.050050735473633 0
vertex -35.499977111816406 27.050050735473633 3.549999952316284
endloop
endfacet
facet normal 0 1 0
outer loop
vertex -35.499977111816406 12.250051498413086 0
vertex -40.499977111816406 12.250051498413086 3.549999952316284
vertex -35.499977111816406 12.250051498413086 3.549999952316284
endloop
endfacet
facet normal 0 1 0
outer loop
vertex -35.499977111816406 12.250051498413086 0
vertex -40.499977111816406 12.250051498413086 0
vertex -40.499977111816406 12.250051498413086 3.549999952316284
endloop
endfacet
facet normal -1 0 0
outer loop
vertex -35.499977111816406 27.750051498413086 3.549999952316284
vertex -35.499977111816406 27.750051498413086 0
vertex -35.499977111816406 27.050050735473633 0
endloop
endfacet
facet normal 1 0 0
outer loop
vertex -40.499977111816406 27.050050735473633 3.549999952316284
vertex -40.499977111816406 27.750051498413086 0
vertex -40.499977111816406 27.750051498413086 3.549999952316284
endloop
endfacet
facet normal 1 0 0
outer loop
vertex -40.499977111816406 27.050050735473633 3.549999952316284
vertex -40.499977111816406 27.050050735473633 0
vertex -40.499977111816406 27.750051498413086 0
endloop
endfacet
facet normal 1 0 0
outer loop
vertex -40.499977111816406 12.950051307678223 0
vertex -40.499977111816406 12.250051498413086 3.549999952316284
vertex -40.499977111816406 12.250051498413086 0
endloop
endfacet
facet normal 0 0 -1
outer loop
vertex -35.499977111816406 12.250051498413086 3.549999952316284
vertex -40.499977111816406 12.250051498413086 3.549999952316284
vertex -40.499977111816406 12.950051307678223 3.549999952316284
endloop
endfacet
facet normal 0 0 -1
outer loop
vertex -35.499977111816406 12.950051307678223 3.549999952316284
vertex -35.499977111816406 12.250051498413086 3.549999952316284
vertex -40.499977111816406 12.950051307678223 3.549999952316284
endloop
endfacet
facet normal 0 -1 0
outer loop
vertex -40.499977111816406 27.750051498413086 0
vertex -35.499977111816406 27.750051498413086 0
vertex -35.499977111816406 27.750051498413086 3.549999952316284
endloop
endfacet
facet normal 1 0 0
outer loop
vertex -40.499977111816406 12.250051498413086 3.549999952316284
vertex -40.499977111816406 12.950051307678223 0
vertex -40.499977111816406 12.950051307678223 3.549999952316284
endloop
endfacet
facet normal -1 0 0
outer loop
vertex -35.499977111816406 12.950051307678223 0
vertex -35.499977111816406 12.250051498413086 0
vertex -35.499977111816406 12.950051307678223 3.549999952316284
endloop
endfacet
facet normal -1 0 0
outer loop
vertex -35.499977111816406 12.950051307678223 3.549999952316284
vertex -35.499977111816406 12.250051498413086 0
vertex -35.499977111816406 12.250051498413086 3.549999952316284
endloop
endfacet
facet normal 0 0 -1
outer loop
vertex -40.499977111816406 27.750051498413086 3.549999952316284
vertex -35.499977111816406 27.050050735473633 3.549999952316284
vertex -40.499977111816406 27.050050735473633 3.549999952316284
endloop
endfacet
facet normal 0 1 0
outer loop
vertex -54.499977111816406 12.250051498413086 0
vertex -59.499977111816406 12.250051498413086 3.549999952316284
vertex -54.499977111816406 12.250051498413086 3.549999952316284
endloop
endfacet
facet normal 0 1 0
outer loop
vertex -54.499977111816406 12.250051498413086 0
vertex -59.499977111816406 12.250051498413086 0
vertex -59.499977111816406 12.250051498413086 3.549999952316284
endloop
endfacet
facet normal -1 0 0
outer loop
vertex -54.499977111816406 12.950051307678223 3.549999952316284
vertex -54.499977111816406 12.250051498413086 0
vertex -54.499977111816406 12.250051498413086 3.549999952316284
endloop
endfacet
facet normal 0 -1 0
outer loop
vertex -59.499977111816406 27.750051498413086 0
vertex -54.499977111816406 27.750051498413086 0
vertex -54.499977111816406 27.750051498413086 3.549999952316284
endloop
endfacet
facet normal 1 0 0
outer loop
vertex -59.499977111816406 27.050050735473633 3.549999952316284
vertex -59.499977111816406 27.750051498413086 0
vertex -59.499977111816406 27.750051498413086 3.549999952316284
endloop
endfacet
facet normal 0 0 -1
outer loop
vertex -54.499977111816406 12.250051498413086 3.549999952316284
vertex -59.499977111816406 12.250051498413086 3.549999952316284
vertex -59.499977111816406 12.950051307678223 3.549999952316284
endloop
endfacet
facet normal 0 0 -1
outer loop
vertex -54.499977111816406 27.750051498413086 3.549999952316284
vertex -54.499977111816406 27.050050735473633 3.549999952316284
vertex -59.499977111816406 27.750051498413086 3.549999952316284
endloop
endfacet
facet normal 0 0 -1
outer loop
vertex -54.499977111816406 12.950051307678223 3.549999952316284
vertex -54.499977111816406 12.250051498413086 3.549999952316284
vertex -59.499977111816406 12.950051307678223 3.549999952316284
endloop
endfacet
facet normal -1 0 0
outer loop
vertex -54.499977111816406 27.050050735473633 0
vertex -54.499977111816406 27.750051498413086 3.549999952316284
vertex -54.499977111816406 27.750051498413086 0
endloop
endfacet
facet normal 0 0 -1
outer loop
vertex -59.499977111816406 27.750051498413086 3.549999952316284
vertex -54.499977111816406 27.050050735473633 3.549999952316284
vertex -59.499977111816406 27.050050735473633 3.549999952316284
endloop
endfacet
facet normal 0 -1 0
outer loop
vertex -59.499977111816406 27.750051498413086 3.549999952316284
vertex -59.499977111816406 27.750051498413086 0
vertex -54.499977111816406 27.750051498413086 3.549999952316284
endloop
endfacet
facet normal 1 0 0
outer loop
vertex -59.499977111816406 12.250051498413086 3.549999952316284
vertex -59.499977111816406 12.950051307678223 0
vertex -59.499977111816406 12.950051307678223 3.549999952316284
endloop
endfacet
facet normal -1 0 0
outer loop
vertex -54.499977111816406 27.750051498413086 3.549999952316284
vertex -54.499977111816406 27.050050735473633 0
vertex -54.499977111816406 27.050050735473633 3.549999952316284
endloop
endfacet
facet normal 1 0 0
outer loop
vertex -59.499977111816406 27.050050735473633 3.549999952316284
vertex -59.499977111816406 27.050050735473633 0
vertex -59.499977111816406 27.750051498413086 0
endloop
endfacet
facet normal 1 0 0
outer loop
vertex -59.499977111816406 12.250051498413086 0
vertex -59.499977111816406 12.950051307678223 0
vertex -59.499977111816406 12.250051498413086 3.549999952316284
endloop
endfacet
facet normal -1 0 0
outer loop
vertex -54.499977111816406 12.250051498413086 0
vertex -54.499977111816406 12.950051307678223 3.549999952316284
vertex -54.499977111816406 12.950051307678223 0
endloop
endfacet
facet normal 1 0 0
outer loop
vertex 54.500022888183594 31.250051498413086 3.549999952316284
vertex 54.500022888183594 31.95005226135254 0
vertex 54.500022888183594 31.95005226135254 3.549999952316284
endloop
endfacet
facet normal -1 0 0
outer loop
vertex 59.500022888183594 31.95005226135254 3.549999952316284
vertex 59.500022888183594 31.250051498413086 0
vertex 59.500022888183594 31.250051498413086 3.549999952316284
endloop
endfacet
facet normal 1 0 0
outer loop
vertex 54.500022888183594 46.050052642822266 3.549999952316284
vertex 54.500022888183594 46.75004959106445 0
vertex 54.500022888183594 46.75004959106445 3.549999952316284
endloop
endfacet
facet normal -1 0 0
outer loop
vertex 59.500022888183594 46.75004959106445 3.549999952316284
vertex 59.500022888183594 46.050052642822266 0
vertex 59.500022888183594 46.050052642822266 3.549999952316284
endloop
endfacet
facet normal 0 1 0
outer loop
vertex 59.500022888183594 31.250051498413086 0
vertex 54.500022888183594 31.250051498413086 3.549999952316284
vertex 59.500022888183594 31.250051498413086 3.549999952316284
endloop
endfacet
facet normal 0 0 -1
outer loop
vertex 59.500022888183594 46.75004959106445 3.549999952316284
vertex 59.500022888183594 46.050052642822266 3.549999952316284
vertex 54.500022888183594 46.75004959106445 3.549999952316284
endloop
endfacet
facet normal 0 0 -1
outer loop
vertex 59.500022888183594 31.95005226135254 3.549999952316284
vertex 59.500022888183594 31.250051498413086 3.549999952316284
vertex 54.500022888183594 31.95005226135254 3.549999952316284
endloop
endfacet
facet normal -1 0 0
outer loop
vertex 59.500022888183594 46.75004959106445 0
vertex 59.500022888183594 46.050052642822266 0
vertex 59.500022888183594 46.75004959106445 3.549999952316284
endloop
endfacet
facet normal 1 0 0
outer loop
vertex 54.500022888183594 46.050052642822266 3.549999952316284
vertex 54.500022888183594 46.050052642822266 0
vertex 54.500022888183594 46.75004959106445 0
endloop
endfacet
facet normal -1 0 0
outer loop
vertex 59.500022888183594 31.95005226135254 0
vertex 59.500022888183594 31.250051498413086 0
vertex 59.500022888183594 31.95005226135254 3.549999952316284
endloop
endfacet
facet normal 0 -1 0
outer loop
vertex 54.500022888183594 46.75004959106445 0
vertex 59.500022888183594 46.75004959106445 0
vertex 59.500022888183594 46.75004959106445 3.549999952316284
endloop
endfacet
facet normal 0 -1 0
outer loop
vertex 54.500022888183594 46.75004959106445 3.549999952316284
vertex 54.500022888183594 46.75004959106445 0
vertex 59.500022888183594 46.75004959106445 3.549999952316284
endloop
endfacet
facet normal 0 1 0
outer loop
vertex 59.500022888183594 31.250051498413086 0
vertex 54.500022888183594 31.250051498413086 0
vertex 54.500022888183594 31.250051498413086 3.549999952316284
endloop
endfacet
facet normal 1 0 0
outer loop
vertex 54.500022888183594 31.250051498413086 0
vertex 54.500022888183594 31.95005226135254 0
vertex 54.500022888183594 31.250051498413086 3.549999952316284
endloop
endfacet
facet normal 0 0 -1
outer loop
vertex 54.500022888183594 46.050052642822266 3.549999952316284
vertex 54.500022888183594 46.75004959106445 3.549999952316284
vertex 59.500022888183594 46.050052642822266 3.549999952316284
endloop
endfacet
facet normal 0 0 -1
outer loop
vertex 59.500022888183594 31.250051498413086 3.549999952316284
vertex 54.500022888183594 31.250051498413086 3.549999952316284
vertex 54.500022888183594 31.95005226135254 3.549999952316284
endloop
endfacet
facet normal -1 0 0
outer loop
vertex 40.500022888183594 31.95005226135254 3.549999952316284
vertex 40.500022888183594 31.250051498413086 0
vertex 40.500022888183594 31.250051498413086 3.549999952316284
endloop
endfacet
facet normal 0 -1 0
outer loop
vertex 35.500022888183594 46.75004959106445 0
vertex 40.500022888183594 46.75004959106445 0
vertex 40.500022888183594 46.75004959106445 3.549999952316284
endloop
endfacet
facet normal -1 0 0
outer loop
vertex 40.500022888183594 46.75004959106445 0
vertex 40.500022888183594 46.050052642822266 0
vertex 40.500022888183594 46.75004959106445 3.549999952316284
endloop
endfacet
facet normal -1 0 0
outer loop
vertex 40.500022888183594 31.95005226135254 0
vertex 40.500022888183594 31.250051498413086 0
vertex 40.500022888183594 31.95005226135254 3.549999952316284
endloop
endfacet
facet normal 0 1 0
outer loop
vertex 40.500022888183594 31.250051498413086 0
vertex 35.500022888183594 31.250051498413086 0
vertex 35.500022888183594 31.250051498413086 3.549999952316284
endloop
endfacet
facet normal 0 0 -1
outer loop
vertex 40.500022888183594 31.250051498413086 3.549999952316284
vertex 35.500022888183594 31.250051498413086 3.549999952316284
vertex 35.500022888183594 31.95005226135254 3.549999952316284
endloop
endfacet
facet normal 0 0 -1
outer loop
vertex 40.500022888183594 31.95005226135254 3.549999952316284
vertex 40.500022888183594 31.250051498413086 3.549999952316284
vertex 35.500022888183594 31.95005226135254 3.549999952316284
endloop
endfacet
facet normal 0 0 -1
outer loop
vertex 40.500022888183594 46.050052642822266 3.549999952316284
vertex 35.500022888183594 46.050052642822266 3.549999952316284
vertex 35.500022888183594 46.75004959106445 3.549999952316284
endloop
endfacet
facet normal 0 0 -1
outer loop
vertex 40.500022888183594 46.75004959106445 3.549999952316284
vertex 40.500022888183594 46.050052642822266 3.549999952316284
vertex 35.500022888183594 46.75004959106445 3.549999952316284
endloop
endfacet
facet normal 1 0 0
outer loop
vertex 35.500022888183594 46.050052642822266 3.549999952316284
vertex 35.500022888183594 46.75004959106445 0
vertex 35.500022888183594 46.75004959106445 3.549999952316284
endloop
endfacet
facet normal -1 0 0
outer loop
vertex 40.500022888183594 46.75004959106445 3.549999952316284
vertex 40.500022888183594 46.050052642822266 0
vertex 40.500022888183594 46.050052642822266 3.549999952316284
endloop
endfacet
facet normal 0 -1 0
outer loop
vertex 35.500022888183594 46.75004959106445 3.549999952316284
vertex 35.500022888183594 46.75004959106445 0
vertex 40.500022888183594 46.75004959106445 3.549999952316284
endloop
endfacet
facet normal 1 0 0
outer loop
vertex 35.500022888183594 31.250051498413086 3.549999952316284
vertex 35.500022888183594 31.95005226135254 0
vertex 35.500022888183594 31.95005226135254 3.549999952316284
endloop
endfacet
facet normal 1 0 0
outer loop
vertex 35.500022888183594 31.250051498413086 0
vertex 35.500022888183594 31.95005226135254 0
vertex 35.500022888183594 31.250051498413086 3.549999952316284
endloop
endfacet
facet normal 1 0 0
outer loop
vertex 35.500022888183594 46.050052642822266 3.549999952316284
vertex 35.500022888183594 46.050052642822266 0
vertex 35.500022888183594 46.75004959106445 0
endloop
endfacet
facet normal 0 1 0
outer loop
vertex 40.500022888183594 31.250051498413086 0
vertex 35.500022888183594 31.250051498413086 3.549999952316284
vertex 40.500022888183594 31.250051498413086 3.549999952316284
endloop
endfacet
facet normal 0 0 -1
outer loop
vertex 21.500022888183594 31.250051498413086 3.549999952316284
vertex 16.500022888183594 31.250051498413086 3.549999952316284
vertex 16.500022888183594 31.95005226135254 3.549999952316284
endloop
endfacet
facet normal 0 0 -1
outer loop
vertex 21.500022888183594 46.75004959106445 3.549999952316284
vertex 21.500022888183594 46.050052642822266 3.549999952316284
vertex 16.500022888183594 46.75004959106445 3.549999952316284
endloop
endfacet
facet normal 0 -1 0
outer loop
vertex 16.500022888183594 46.75004959106445 3.549999952316284
vertex 16.500022888183594 46.75004959106445 0
vertex 21.500022888183594 46.75004959106445 3.549999952316284
endloop
endfacet
facet normal -1 0 0
outer loop
vertex 21.500022888183594 46.75004959106445 3.549999952316284
vertex 21.500022888183594 46.050052642822266 0
vertex 21.500022888183594 46.050052642822266 3.549999952316284
endloop
endfacet
facet normal 0 -1 0
outer loop
vertex 16.500022888183594 46.75004959106445 0
vertex 21.500022888183594 46.75004959106445 0
vertex 21.500022888183594 46.75004959106445 3.549999952316284
endloop
endfacet
facet normal -1 0 0
outer loop
vertex 21.500022888183594 46.75004959106445 0
vertex 21.500022888183594 46.050052642822266 0
vertex 21.500022888183594 46.75004959106445 3.549999952316284
endloop
endfacet
facet normal -1 0 0
outer loop
vertex 21.500022888183594 31.95005226135254 0
vertex 21.500022888183594 31.250051498413086 0
vertex 21.500022888183594 31.95005226135254 3.549999952316284
endloop
endfacet
facet normal 1 0 0
outer loop
vertex 16.500022888183594 31.250051498413086 3.549999952316284
vertex 16.500022888183594 31.95005226135254 0
vertex 16.500022888183594 31.95005226135254 3.549999952316284
endloop
endfacet
facet normal 0 1 0
outer loop
vertex 21.500022888183594 31.250051498413086 0
vertex 16.500022888183594 31.250051498413086 0
vertex 16.500022888183594 31.250051498413086 3.549999952316284
endloop
endfacet
facet normal -1 0 0
outer loop
vertex 21.500022888183594 31.95005226135254 3.549999952316284
vertex 21.500022888183594 31.250051498413086 0
vertex 21.500022888183594 31.250051498413086 3.549999952316284
endloop
endfacet
facet normal 0 0 -1
outer loop
vertex 16.500022888183594 46.75004959106445 3.549999952316284
vertex 21.500022888183594 46.050052642822266 3.549999952316284
vertex 16.500022888183594 46.050052642822266 3.549999952316284
endloop
endfacet
facet normal 0 1 0
outer loop
vertex 21.500022888183594 31.250051498413086 0
vertex 16.500022888183594 31.250051498413086 3.549999952316284
vertex 21.500022888183594 31.250051498413086 3.549999952316284
endloop
endfacet
facet normal 1 0 0
outer loop
vertex 16.500022888183594 46.050052642822266 3.549999952316284
vertex 16.500022888183594 46.050052642822266 0
vertex 16.500022888183594 46.75004959106445 0
endloop
endfacet
facet normal 1 0 0
outer loop
vertex 16.500022888183594 46.050052642822266 3.549999952316284
vertex 16.500022888183594 46.75004959106445 0
vertex 16.500022888183594 46.75004959106445 3.549999952316284
endloop
endfacet
facet normal 1 0 0
outer loop
vertex 16.500022888183594 31.250051498413086 0
vertex 16.500022888183594 31.95005226135254 0
vertex 16.500022888183594 31.250051498413086 3.549999952316284
endloop
endfacet
facet normal 0 0 -1
outer loop
vertex 21.500022888183594 31.95005226135254 3.549999952316284
vertex 21.500022888183594 31.250051498413086 3.549999952316284
vertex 16.500022888183594 31.95005226135254 3.549999952316284
endloop
endfacet
facet normal -1 0 0
outer loop
vertex 2.5000221729278564 31.95005226135254 3.549999952316284
vertex 2.5000221729278564 31.250051498413086 0
vertex 2.5000221729278564 31.250051498413086 3.549999952316284
endloop
endfacet
facet normal 0 0 -1
outer loop
vertex -2.4999778270721436 46.75004959106445 3.549999952316284
vertex 2.5000221729278564 46.050052642822266 3.549999952316284
vertex -2.4999778270721436 46.050052642822266 3.549999952316284
endloop
endfacet
facet normal 0 0 -1
outer loop
vertex 2.5000221729278564 31.250051498413086 3.549999952316284
vertex -2.4999778270721436 31.95005226135254 3.549999952316284
vertex 2.5000221729278564 31.95005226135254 3.549999952316284
endloop
endfacet
facet normal 0 -1 0
outer loop
vertex -2.4999778270721436 46.75004959106445 3.549999952316284
vertex -2.4999778270721436 46.75004959106445 0
vertex 2.5000221729278564 46.75004959106445 3.549999952316284
endloop
endfacet
facet normal -1 0 0
outer loop
vertex 2.5000221729278564 46.75004959106445 0
vertex 2.5000221729278564 46.050052642822266 0
vertex 2.5000221729278564 46.75004959106445 3.549999952316284
endloop
endfacet
facet normal -1 0 0
outer loop
vertex 2.5000221729278564 46.75004959106445 3.549999952316284
vertex 2.5000221729278564 46.050052642822266 0
vertex 2.5000221729278564 46.050052642822266 3.549999952316284
endloop
endfacet
facet normal 0 1 0
outer loop
vertex 2.5000221729278564 31.250051498413086 0
vertex -2.4999778270721436 31.250051498413086 3.549999952316284
vertex 2.5000221729278564 31.250051498413086 3.549999952316284
endloop
endfacet
facet normal 0 -1 0
outer loop
vertex 2.5000221729278564 46.75004959106445 3.549999952316284
vertex -2.4999778270721436 46.75004959106445 0
vertex 2.5000221729278564 46.75004959106445 0
endloop
endfacet
facet normal 1 0 0
outer loop
vertex -2.4999778270721436 46.050052642822266 3.549999952316284
vertex -2.4999778270721436 46.75004959106445 0
vertex -2.4999778270721436 46.75004959106445 3.549999952316284
endloop
endfacet
facet normal 1 0 0
outer loop
vertex -2.4999778270721436 31.250051498413086 0
vertex -2.4999778270721436 31.95005226135254 0
vertex -2.4999778270721436 31.250051498413086 3.549999952316284
endloop
endfacet
facet normal 0 1 0
outer loop
vertex -2.4999778270721436 31.250051498413086 0
vertex -2.4999778270721436 31.250051498413086 3.549999952316284
vertex 2.5000221729278564 31.250051498413086 0
endloop
endfacet
facet normal -1 0 0
outer loop
vertex 2.5000221729278564 31.95005226135254 0
vertex 2.5000221729278564 31.250051498413086 0
vertex 2.5000221729278564 31.95005226135254 3.549999952316284
endloop
endfacet
facet normal 1 0 0
outer loop
vertex -2.4999778270721436 31.250051498413086 3.549999952316284
vertex -2.4999778270721436 31.95005226135254 0
vertex -2.4999778270721436 31.95005226135254 3.549999952316284
endloop
endfacet
facet normal 0 0 -1
outer loop
vertex 2.5000221729278564 46.050052642822266 3.549999952316284
vertex -2.4999778270721436 46.75004959106445 3.549999952316284
vertex 2.5000221729278564 46.75004959106445 3.549999952316284
endloop
endfacet
facet normal 1 0 0
outer loop
vertex -2.4999778270721436 46.050052642822266 3.549999952316284
vertex -2.4999778270721436 46.050052642822266 0
vertex -2.4999778270721436 46.75004959106445 0
endloop
endfacet
facet normal 0 0 -1
outer loop
vertex -2.4999778270721436 31.250051498413086 3.549999952316284
vertex -2.4999778270721436 31.95005226135254 3.549999952316284
vertex 2.5000221729278564 31.250051498413086 3.549999952316284
endloop
endfacet
facet normal 1 0 0
outer loop
vertex -26.749977111816406 35.50004959106445 1
vertex -26.749977111816406 35.50004959106445 0
vertex -26.749977111816406 42.50004959106445 1
endloop
endfacet
facet normal 0 0 -1
outer loop
vertex -26.049978256225586 35.50004959106445 1
vertex -26.749977111816406 35.50004959106445 1
vertex -26.749977111816406 42.50004959106445 1
endloop
endfacet
facet normal 0 1 0
outer loop
vertex -26.049978256225586 35.50004959106445 0
vertex -26.749977111816406 35.50004959106445 0
vertex -26.049978256225586 35.50004959106445 1
endloop
endfacet
facet normal 0 1 0
outer loop
vertex -11.249978065490723 35.50004959106445 0
vertex -11.94997787475586 35.50004959106445 0
vertex -11.94997787475586 35.50004959106445 1
endloop
endfacet
facet normal -1 0 0
outer loop
vertex -11.249978065490723 42.50004959106445 0
vertex -11.249978065490723 35.50004959106445 0
vertex -11.249978065490723 35.50004959106445 1
endloop
endfacet
facet normal 0 1 0
outer loop
vertex -11.249978065490723 35.50004959106445 1
vertex -11.249978065490723 35.50004959106445 0
vertex -11.94997787475586 35.50004959106445 1
endloop
endfacet
facet normal 0 0 -1
outer loop
vertex -11.249978065490723 35.50004959106445 1
vertex -11.94997787475586 35.50004959106445 1
vertex -11.249978065490723 42.50004959106445 1
endloop
endfacet
facet normal 0 -1 0
outer loop
vertex -11.94997787475586 42.50004959106445 0
vertex -11.249978065490723 42.50004959106445 0
vertex -11.94997787475586 42.50004959106445 1
endloop
endfacet
facet normal 0 0 -1
outer loop
vertex -26.049978256225586 35.50004959106445 1
vertex -26.749977111816406 42.50004959106445 1
vertex -26.049978256225586 42.50004959106445 1
endloop
endfacet
facet normal 0 -1 0
outer loop
vertex -26.749977111816406 42.50004959106445 1
vertex -26.749977111816406 42.50004959106445 0
vertex -26.049978256225586 42.50004959106445 1
endloop
endfacet
facet normal 0 -1 0
outer loop
vertex -11.94997787475586 42.50004959106445 1
vertex -11.249978065490723 42.50004959106445 0
vertex -11.249978065490723 42.50004959106445 1
endloop
endfacet
facet normal -1 0 0
outer loop
vertex -11.249978065490723 42.50004959106445 0
vertex -11.249978065490723 35.50004959106445 1
vertex -11.249978065490723 42.50004959106445 1
endloop
endfacet
facet normal 0 -1 0
outer loop
vertex -26.049978256225586 42.50004959106445 0
vertex -26.049978256225586 42.50004959106445 1
vertex -26.749977111816406 42.50004959106445 0
endloop
endfacet
facet normal 1 0 0
outer loop
vertex -26.749977111816406 42.50004959106445 1
vertex -26.749977111816406 35.50004959106445 0
vertex -26.749977111816406 42.50004959106445 0
endloop
endfacet
facet normal 0 0 -1
outer loop
vertex -11.249978065490723 42.50004959106445 1
vertex -11.94997787475586 35.50004959106445 1
vertex -11.94997787475586 42.50004959106445 1
endloop
endfacet
facet normal 0 1 0
outer loop
vertex -26.049978256225586 35.50004959106445 1
vertex -26.749977111816406 35.50004959106445 0
vertex -26.749977111816406 35.50004959106445 1
endloop
endfacet
facet normal -1 0 0
outer loop
vertex -30.249977111816406 42.50004959106445 0
vertex -30.249977111816406 35.50004959106445 0
vertex -30.249977111816406 35.50004959106445 1
endloop
endfacet
facet normal 0 -1 0
outer loop
vertex -45.749977111816406 42.50004959106445 1
vertex -45.749977111816406 42.50004959106445 0
vertex -45.04997634887695 42.50004959106445 1
endloop
endfacet
facet normal 0 -1 0
outer loop
vertex -30.249977111816406 42.50004959106445 0
vertex -30.94997787475586 42.50004959106445 1
vertex -30.94997787475586 42.50004959106445 0
endloop
endfacet
facet normal 0 1 0
outer loop
vertex -30.249977111816406 35.50004959106445 0
vertex -30.94997787475586 35.50004959106445 0
vertex -30.94997787475586 35.50004959106445 1
endloop
endfacet
facet normal 0 1 0
outer loop
vertex -30.249977111816406 35.50004959106445 1
vertex -30.249977111816406 35.50004959106445 0
vertex -30.94997787475586 35.50004959106445 1
endloop
endfacet
facet normal 0 1 0
outer loop
vertex -45.04997634887695 35.50004959106445 0
vertex -45.749977111816406 35.50004959106445 0
vertex -45.04997634887695 35.50004959106445 1
endloop
endfacet
facet normal 1 0 0
outer loop
vertex -45.749977111816406 42.50004959106445 1
vertex -45.749977111816406 35.50004959106445 0
vertex -45.749977111816406 42.50004959106445 0
endloop
endfacet
facet normal -1 0 0
outer loop
vertex -30.249977111816406 42.50004959106445 0
vertex -30.249977111816406 35.50004959106445 1
vertex -30.249977111816406 42.50004959106445 1
endloop
endfacet
facet normal 0 0 -1
outer loop
vertex -45.04997634887695 35.50004959106445 1
vertex -45.749977111816406 35.50004959106445 1
vertex -45.749977111816406 42.50004959106445 1
endloop
endfacet
facet normal 0 0 -1
outer loop
vertex -30.249977111816406 35.50004959106445 1
vertex -30.94997787475586 35.50004959106445 1
vertex -30.249977111816406 42.50004959106445 1
endloop
endfacet
facet normal 0 -1 0
outer loop
vertex -30.94997787475586 42.50004959106445 1
vertex -30.249977111816406 42.50004959106445 0
vertex -30.249977111816406 42.50004959106445 1
endloop
endfacet
facet normal 0 0 -1
outer loop
vertex -30.249977111816406 42.50004959106445 1
vertex -30.94997787475586 35.50004959106445 1
vertex -30.94997787475586 42.50004959106445 1
endloop
endfacet
facet normal 0 -1 0
outer loop
vertex -45.04997634887695 42.50004959106445 0
vertex -45.04997634887695 42.50004959106445 1
vertex -45.749977111816406 42.50004959106445 0
endloop
endfacet
facet normal 0 0 -1
outer loop
vertex -45.04997634887695 35.50004959106445 1
vertex -45.749977111816406 42.50004959106445 1
vertex -45.04997634887695 42.50004959106445 1
endloop
endfacet
facet normal 1 0 0
outer loop
vertex -45.749977111816406 35.50004959106445 1
vertex -45.749977111816406 35.50004959106445 0
vertex -45.749977111816406 42.50004959106445 1
endloop
endfacet
facet normal 0 1 0
outer loop
vertex -45.04997634887695 35.50004959106445 1
vertex -45.749977111816406 35.50004959106445 0
vertex -45.749977111816406 35.50004959106445 1
endloop
endfacet
facet normal 1 0 0
outer loop
vertex -64.7499771118164 42.50004959106445 1
vertex -64.7499771118164 35.50004959106445 0
vertex -64.7499771118164 42.50004959106445 0
endloop
endfacet
facet normal 0 1 0
outer loop
vertex -64.04998016357422 35.50004959106445 1
vertex -64.04998016357422 35.50004959106445 0
vertex -64.7499771118164 35.50004959106445 1
endloop
endfacet
facet normal 0 1 0
outer loop
vertex -49.249977111816406 35.50004959106445 1
vertex -49.249977111816406 35.50004959106445 0
vertex -49.94997787475586 35.50004959106445 1
endloop
endfacet
facet normal 1 0 0
outer loop
vertex -64.7499771118164 35.50004959106445 1
vertex -64.7499771118164 35.50004959106445 0
vertex -64.7499771118164 42.50004959106445 1
endloop
endfacet
facet normal 0 -1 0
outer loop
vertex -49.94997787475586 42.50004959106445 1
vertex -49.249977111816406 42.50004959106445 0
vertex -49.249977111816406 42.50004959106445 1
endloop
endfacet
facet normal 0 0 -1
outer loop
vertex -49.249977111816406 42.50004959106445 1
vertex -49.94997787475586 35.50004959106445 1
vertex -49.94997787475586 42.50004959106445 1
endloop
endfacet
facet normal -1 0 0
outer loop
vertex -49.249977111816406 42.50004959106445 0
vertex -49.249977111816406 35.50004959106445 1
vertex -49.249977111816406 42.50004959106445 1
endloop
endfacet
facet normal 0 0 -1
outer loop
vertex -64.04998016357422 35.50004959106445 1
vertex -64.7499771118164 35.50004959106445 1
vertex -64.7499771118164 42.50004959106445 1
endloop
endfacet
facet normal 0 -1 0
outer loop
vertex -49.249977111816406 42.50004959106445 0
vertex -49.94997787475586 42.50004959106445 1
vertex -49.94997787475586 42.50004959106445 0
endloop
endfacet
facet normal 0 0 -1
outer loop
vertex -49.249977111816406 35.50004959106445 1
vertex -49.94997787475586 35.50004959106445 1
vertex -49.249977111816406 42.50004959106445 1
endloop
endfacet
facet normal 0 1 0
outer loop
vertex -49.249977111816406 35.50004959106445 0
vertex -49.94997787475586 35.50004959106445 0
vertex -49.94997787475586 35.50004959106445 1
endloop
endfacet
facet normal 0 1 0
outer loop
vertex -64.04998016357422 35.50004959106445 0
vertex -64.7499771118164 35.50004959106445 0
vertex -64.7499771118164 35.50004959106445 1
endloop
endfacet
facet normal 0 -1 0
outer loop
vertex -64.7499771118164 42.50004959106445 1
vertex -64.7499771118164 42.50004959106445 0
vertex -64.04998016357422 42.50004959106445 1
endloop
endfacet
facet normal 0 -1 0
outer loop
vertex -64.04998016357422 42.50004959106445 0
vertex -64.04998016357422 42.50004959106445 1
vertex -64.7499771118164 42.50004959106445 0
endloop
endfacet
facet normal -1 0 0
outer loop
vertex -49.249977111816406 42.50004959106445 0
vertex -49.249977111816406 35.50004959106445 0
vertex -49.249977111816406 35.50004959106445 1
endloop
endfacet
facet normal 0 0 -1
outer loop
vertex -64.04998016357422 35.50004959106445 1
vertex -64.7499771118164 42.50004959106445 1
vertex -64.04998016357422 42.50004959106445 1
endloop
endfacet
facet normal 0 0 -1
outer loop
vertex -28.072185516357422 -46.08420181274414 1.7000000476837158
vertex -28.218175888061523 -46.818145751953125 1.7000000476837158
vertex -28.218175888061523 -46.1817512512207 1.7000000476837158
endloop
endfacet
facet normal -0.9807861114401027 -0.19508614406513386 0
outer loop
vertex -27.48423194885254 -46.32773971557617 1.7000000476837158
vertex -27.48423194885254 -46.32773971557617 0
vertex -27.44997787475586 -46.49995040893555 1.7000000476837158
endloop
endfacet
facet normal -0.19507777299013523 -0.9807877764762413 0
outer loop
vertex -27.72776985168457 -46.08420181274414 0
vertex -27.72776985168457 -46.08420181274414 1.7000000476837158
vertex -27.899978637695312 -46.049949645996094 0
endloop
endfacet
facet normal 0.1950798514286955 -0.9807873630744628 0
outer loop
vertex -27.899978637695312 -46.049949645996094 0
vertex -27.899978637695312 -46.049949645996094 1.7000000476837158
vertex -28.072185516357422 -46.08420181274414 0
endloop
endfacet
facet normal 0.5555772839934787 -0.8314649009491799 0
outer loop
vertex -28.072185516357422 -46.08420181274414 0
vertex -28.072185516357422 -46.08420181274414 1.7000000476837158
vertex -28.218175888061523 -46.1817512512207 0
endloop
endfacet
facet normal -0.5555772839934787 -0.8314649009491799 0
outer loop
vertex -27.72776985168457 -46.08420181274414 0
vertex -27.58177947998047 -46.1817512512207 0
vertex -27.58177947998047 -46.1817512512207 1.7000000476837158
endloop
endfacet
facet normal -0.8314665660174577 -0.5555747920803612 0
outer loop
vertex -27.48423194885254 -46.32773971557617 0
vertex -27.48423194885254 -46.32773971557617 1.7000000476837158
vertex -27.58177947998047 -46.1817512512207 0
endloop
endfacet
facet normal -0.9807861114401027 -0.19508614406513386 0
outer loop
vertex -27.44997787475586 -46.49995040893555 0
vertex -27.44997787475586 -46.49995040893555 1.7000000476837158
vertex -27.48423194885254 -46.32773971557617 0
endloop
endfacet
facet normal -0.9807852845629332 0.19509030110388895 0
outer loop
vertex -27.48423194885254 -46.672157287597656 0
vertex -27.48423194885254 -46.672157287597656 1.7000000476837158
vertex -27.44997787475586 -46.49995040893555 0
endloop
endfacet
facet normal 0.8314665660174577 0.5555747920803612 0
outer loop
vertex -28.218175888061523 -46.818145751953125 1.7000000476837158
vertex -28.218175888061523 -46.818145751953125 0
vertex -28.315723419189453 -46.672157287597656 1.7000000476837158
endloop
endfacet
facet normal 0.9807852845629332 0.19509030110388895 0
outer loop
vertex -28.315723419189453 -46.672157287597656 1.7000000476837158
vertex -28.315723419189453 -46.672157287597656 0
vertex -28.349977493286133 -46.49995040893555 1.7000000476837158
endloop
endfacet
facet normal 0.9807861114401027 -0.19508614406513386 0
outer loop
vertex -28.349977493286133 -46.49995040893555 1.7000000476837158
vertex -28.349977493286133 -46.49995040893555 0
vertex -28.315723419189453 -46.32773971557617 1.7000000476837158
endloop
endfacet
facet normal 0.8314665660174577 -0.5555747920803612 0
outer loop
vertex -28.315723419189453 -46.32773971557617 1.7000000476837158
vertex -28.315723419189453 -46.32773971557617 0
vertex -28.218175888061523 -46.1817512512207 1.7000000476837158
endloop
endfacet
facet normal 0.5555772839934787 0.8314649009491799 0
outer loop
vertex -28.072185516357422 -46.91569519042969 1.7000000476837158
vertex -28.072185516357422 -46.91569519042969 0
vertex -28.218175888061523 -46.818145751953125 1.7000000476837158
endloop
endfacet
facet normal 0.1950798514286955 0.9807873630744628 0
outer loop
vertex -27.899978637695312 -46.949947357177734 1.7000000476837158
vertex -27.899978637695312 -46.949947357177734 0
vertex -28.072185516357422 -46.91569519042969 1.7000000476837158
endloop
endfacet
facet normal 0 0 -1
outer loop
vertex -27.72776985168457 -46.91569519042969 1.7000000476837158
vertex -27.899978637695312 -46.949947357177734 1.7000000476837158
vertex -27.72776985168457 -46.08420181274414 1.7000000476837158
endloop
endfacet
facet normal -0.5555772839934787 -0.8314649009491799 0
outer loop
vertex -27.72776985168457 -46.08420181274414 1.7000000476837158
vertex -27.72776985168457 -46.08420181274414 0
vertex -27.58177947998047 -46.1817512512207 1.7000000476837158
endloop
endfacet
facet normal 0.8314665660174577 0.5555747920803612 0
outer loop
vertex -28.315723419189453 -46.672157287597656 0
vertex -28.315723419189453 -46.672157287597656 1.7000000476837158
vertex -28.218175888061523 -46.818145751953125 0
endloop
endfacet
facet normal 0.9807852845629332 0.19509030110388895 0
outer loop
vertex -28.349977493286133 -46.49995040893555 0
vertex -28.349977493286133 -46.49995040893555 1.7000000476837158
vertex -28.315723419189453 -46.672157287597656 0
endloop
endfacet
facet normal -0.19507777299013523 -0.9807877764762413 0
outer loop
vertex -27.899978637695312 -46.049949645996094 1.7000000476837158
vertex -27.899978637695312 -46.049949645996094 0
vertex -27.72776985168457 -46.08420181274414 1.7000000476837158
endloop
endfacet
facet normal 0.1950798514286955 -0.9807873630744628 0
outer loop
vertex -28.072185516357422 -46.08420181274414 1.7000000476837158
vertex -28.072185516357422 -46.08420181274414 0
vertex -27.899978637695312 -46.049949645996094 1.7000000476837158
endloop
endfacet
facet normal 0.9807861114401027 -0.19508614406513386 0
outer loop
vertex -28.315723419189453 -46.32773971557617 0
vertex -28.315723419189453 -46.32773971557617 1.7000000476837158
vertex -28.349977493286133 -46.49995040893555 0
endloop
endfacet
facet normal 0.8314665660174577 -0.5555747920803612 0
outer loop
vertex -28.218175888061523 -46.1817512512207 0
vertex -28.218175888061523 -46.1817512512207 1.7000000476837158
vertex -28.315723419189453 -46.32773971557617 0
endloop
endfacet
facet normal 0.5555772839934787 0.8314649009491799 0
outer loop
vertex -28.072185516357422 -46.91569519042969 0
vertex -28.218175888061523 -46.818145751953125 0
vertex -28.218175888061523 -46.818145751953125 1.7000000476837158
endloop
endfacet
facet normal 0.1950798514286955 0.9807873630744628 0
outer loop
vertex -28.072185516357422 -46.91569519042969 0
vertex -28.072185516357422 -46.91569519042969 1.7000000476837158
vertex -27.899978637695312 -46.949947357177734 0
endloop
endfacet
facet normal 0 0 -1
outer loop
vertex -28.218175888061523 -46.818145751953125 1.7000000476837158
vertex -28.315723419189453 -46.672157287597656 1.7000000476837158
vertex -28.218175888061523 -46.1817512512207 1.7000000476837158
endloop
endfacet
facet normal 0 0 -1
outer loop
vertex -28.315723419189453 -46.672157287597656 1.7000000476837158
vertex -28.349977493286133 -46.49995040893555 1.7000000476837158
vertex -28.315723419189453 -46.32773971557617 1.7000000476837158
endloop
endfacet
facet normal 0 0 -1
outer loop
vertex -28.218175888061523 -46.1817512512207 1.7000000476837158
vertex -28.315723419189453 -46.672157287597656 1.7000000476837158
vertex -28.315723419189453 -46.32773971557617 1.7000000476837158
endloop
endfacet
facet normal 0 0 -1
outer loop
vertex -28.072185516357422 -46.91569519042969 1.7000000476837158
vertex -28.218175888061523 -46.818145751953125 1.7000000476837158
vertex -28.072185516357422 -46.08420181274414 1.7000000476837158
endloop
endfacet
facet normal 0 0 -1
outer loop
vertex -27.899978637695312 -46.949947357177734 1.7000000476837158
vertex -28.072185516357422 -46.91569519042969 1.7000000476837158
vertex -27.899978637695312 -46.049949645996094 1.7000000476837158
endloop
endfacet
facet normal -0.19507777299013523 0.9807877764762413 0
outer loop
vertex -27.899978637695312 -46.949947357177734 0
vertex -27.899978637695312 -46.949947357177734 1.7000000476837158
vertex -27.72776985168457 -46.91569519042969 0
endloop
endfacet
facet normal -0.5555772839934787 0.8314649009491799 0
outer loop
vertex -27.72776985168457 -46.91569519042969 0
vertex -27.72776985168457 -46.91569519042969 1.7000000476837158
vertex -27.58177947998047 -46.818145751953125 0
endloop
endfacet
facet normal -0.8314665660174577 0.5555747920803612 0
outer loop
vertex -27.58177947998047 -46.818145751953125 0
vertex -27.58177947998047 -46.818145751953125 1.7000000476837158
vertex -27.48423194885254 -46.672157287597656 0
endloop
endfacet
facet normal 0 0 -1
outer loop
vertex -27.72776985168457 -46.08420181274414 1.7000000476837158
vertex -27.58177947998047 -46.1817512512207 1.7000000476837158
vertex -27.72776985168457 -46.91569519042969 1.7000000476837158
endloop
endfacet
facet normal 0 0 -1
outer loop
vertex -27.72776985168457 -46.08420181274414 1.7000000476837158
vertex -27.899978637695312 -46.949947357177734 1.7000000476837158
vertex -27.899978637695312 -46.049949645996094 1.7000000476837158
endloop
endfacet
facet normal 0 0 -1
outer loop
vertex -27.58177947998047 -46.818145751953125 1.7000000476837158
vertex -27.72776985168457 -46.91569519042969 1.7000000476837158
vertex -27.58177947998047 -46.1817512512207 1.7000000476837158
endloop
endfacet
facet normal 0 0 -1
outer loop
vertex -27.48423194885254 -46.672157287597656 1.7000000476837158
vertex -27.58177947998047 -46.818145751953125 1.7000000476837158
vertex -27.48423194885254 -46.32773971557617 1.7000000476837158
endloop
endfacet
facet normal 0 0 -1
outer loop
vertex -27.48423194885254 -46.32773971557617 1.7000000476837158
vertex -27.58177947998047 -46.818145751953125 1.7000000476837158
vertex -27.58177947998047 -46.1817512512207 1.7000000476837158
endloop
endfacet
facet normal 0 0 -1
outer loop
vertex -27.44997787475586 -46.49995040893555 1.7000000476837158
vertex -27.48423194885254 -46.672157287597656 1.7000000476837158
vertex -27.48423194885254 -46.32773971557617 1.7000000476837158
endloop
endfacet
facet normal -0.19507777299013523 0.9807877764762413 0
outer loop
vertex -27.72776985168457 -46.91569519042969 1.7000000476837158
vertex -27.72776985168457 -46.91569519042969 0
vertex -27.899978637695312 -46.949947357177734 1.7000000476837158
endloop
endfacet
facet normal 0 0 -1
outer loop
vertex -27.899978637695312 -46.049949645996094 1.7000000476837158
vertex -28.072185516357422 -46.91569519042969 1.7000000476837158
vertex -28.072185516357422 -46.08420181274414 1.7000000476837158
endloop
endfacet
facet normal -0.5555772839934787 0.8314649009491799 0
outer loop
vertex -27.58177947998047 -46.818145751953125 1.7000000476837158
vertex -27.58177947998047 -46.818145751953125 0
vertex -27.72776985168457 -46.91569519042969 1.7000000476837158
endloop
endfacet
facet normal -0.8314665660174577 0.5555747920803612 0
outer loop
vertex -27.48423194885254 -46.672157287597656 1.7000000476837158
vertex -27.48423194885254 -46.672157287597656 0
vertex -27.58177947998047 -46.818145751953125 1.7000000476837158
endloop
endfacet
facet normal -0.9807852845629332 0.19509030110388895 0
outer loop
vertex -27.44997787475586 -46.49995040893555 1.7000000476837158
vertex -27.44997787475586 -46.49995040893555 0
vertex -27.48423194885254 -46.672157287597656 1.7000000476837158
endloop
endfacet
facet normal -0.8314665660174577 -0.5555747920803612 0
outer loop
vertex -27.58177947998047 -46.1817512512207 1.7000000476837158
vertex -27.58177947998047 -46.1817512512207 0
vertex -27.48423194885254 -46.32773971557617 1.7000000476837158
endloop
endfacet
facet normal 0.5555772839934787 -0.8314649009491799 0
outer loop
vertex -28.218175888061523 -46.1817512512207 1.7000000476837158
vertex -28.218175888061523 -46.1817512512207 0
vertex -28.072185516357422 -46.08420181274414 1.7000000476837158
endloop
endfacet
facet normal 0.1950798514286955 0.9807873630744628 0
outer loop
vertex -27.899978637695312 -45.67994689941406 0
vertex -28.072185516357422 -45.645694732666016 0
vertex -28.072185516357422 -45.645694732666016 1.7000000476837158
endloop
endfacet
facet normal -0.5555772839934787 0.8314649009491799 0
outer loop
vertex -27.58177947998047 -45.54814529418945 0
vertex -27.72776985168457 -45.645694732666016 0
vertex -27.72776985168457 -45.645694732666016 1.7000000476837158
endloop
endfacet
facet normal 0 0 -1
outer loop
vertex -27.899978637695312 -44.77994918823242 1.7000000476837158
vertex -28.072185516357422 -45.645694732666016 1.7000000476837158
vertex -28.072185516357422 -44.81420135498047 1.7000000476837158
endloop
endfacet
facet normal 0 0 -1
outer loop
vertex -27.58177947998047 -44.91175079345703 1.7000000476837158
vertex -27.72776985168457 -45.645694732666016 1.7000000476837158
vertex -27.72776985168457 -44.81420135498047 1.7000000476837158
endloop
endfacet
facet normal 0 0 -1
outer loop
vertex -27.72776985168457 -44.81420135498047 1.7000000476837158
vertex -27.899978637695312 -45.67994689941406 1.7000000476837158
vertex -27.899978637695312 -44.77994918823242 1.7000000476837158
endloop
endfacet
facet normal 0 0 -1
outer loop
vertex -27.48423194885254 -45.0577392578125 1.7000000476837158
vertex -27.58177947998047 -45.54814529418945 1.7000000476837158
vertex -27.58177947998047 -44.91175079345703 1.7000000476837158
endloop
endfacet
facet normal 0 0 -1
outer loop
vertex -27.44997787475586 -45.229949951171875 1.7000000476837158
vertex -27.48423194885254 -45.402156829833984 1.7000000476837158
vertex -27.48423194885254 -45.0577392578125 1.7000000476837158
endloop
endfacet
facet normal 0 0 -1
outer loop
vertex -27.48423194885254 -45.402156829833984 1.7000000476837158
vertex -27.58177947998047 -45.54814529418945 1.7000000476837158
vertex -27.48423194885254 -45.0577392578125 1.7000000476837158
endloop
endfacet
facet normal 0.8314665660174577 -0.5555747920803612 0
outer loop
vertex -28.315723419189453 -45.0577392578125 1.7000000476837158
vertex -28.315723419189453 -45.0577392578125 0
vertex -28.218175888061523 -44.91175079345703 1.7000000476837158
endloop
endfacet
facet normal 0.9807861114401027 -0.19508614406513386 0
outer loop
vertex -28.349977493286133 -45.229949951171875 1.7000000476837158
vertex -28.349977493286133 -45.229949951171875 0
vertex -28.315723419189453 -45.0577392578125 1.7000000476837158
endloop
endfacet
facet normal 0.9807852845629332 0.19509030110388895 0
outer loop
vertex -28.315723419189453 -45.402156829833984 1.7000000476837158
vertex -28.315723419189453 -45.402156829833984 0
vertex -28.349977493286133 -45.229949951171875 1.7000000476837158
endloop
endfacet
facet normal 0.8314665660174577 0.5555747920803612 0
outer loop
vertex -28.218175888061523 -45.54814529418945 1.7000000476837158
vertex -28.218175888061523 -45.54814529418945 0
vertex -28.315723419189453 -45.402156829833984 1.7000000476837158
endloop
endfacet
facet normal 0 0 -1
outer loop
vertex -27.58177947998047 -45.54814529418945 1.7000000476837158
vertex -27.72776985168457 -45.645694732666016 1.7000000476837158
vertex -27.58177947998047 -44.91175079345703 1.7000000476837158
endloop
endfacet
facet normal 0 0 -1
outer loop
vertex -27.72776985168457 -45.645694732666016 1.7000000476837158
vertex -27.899978637695312 -45.67994689941406 1.7000000476837158
vertex -27.72776985168457 -44.81420135498047 1.7000000476837158
endloop
endfacet
facet normal 0 0 -1
outer loop
vertex -27.899978637695312 -45.67994689941406 1.7000000476837158
vertex -28.072185516357422 -45.645694732666016 1.7000000476837158
vertex -27.899978637695312 -44.77994918823242 1.7000000476837158
endloop
endfacet
facet normal 0 0 -1
outer loop
vertex -28.072185516357422 -45.645694732666016 1.7000000476837158
vertex -28.218175888061523 -45.54814529418945 1.7000000476837158
vertex -28.072185516357422 -44.81420135498047 1.7000000476837158
endloop
endfacet
facet normal 0 0 -1
outer loop
vertex -28.218175888061523 -44.91175079345703 1.7000000476837158
vertex -28.315723419189453 -45.402156829833984 1.7000000476837158
vertex -28.315723419189453 -45.0577392578125 1.7000000476837158
endloop
endfacet
facet normal 0 0 -1
outer loop
vertex -28.218175888061523 -45.54814529418945 1.7000000476837158
vertex -28.315723419189453 -45.402156829833984 1.7000000476837158
vertex -28.218175888061523 -44.91175079345703 1.7000000476837158
endloop
endfacet
facet normal 0 0 -1
outer loop
vertex -28.315723419189453 -45.402156829833984 1.7000000476837158
vertex -28.349977493286133 -45.229949951171875 1.7000000476837158
vertex -28.315723419189453 -45.0577392578125 1.7000000476837158
endloop
endfacet
facet normal 0.5555772839934787 0.8314649009491799 0
outer loop
vertex -28.072185516357422 -45.645694732666016 1.7000000476837158
vertex -28.072185516357422 -45.645694732666016 0
vertex -28.218175888061523 -45.54814529418945 1.7000000476837158
endloop
endfacet
facet normal 0.1950798514286955 0.9807873630744628 0
outer loop
vertex -27.899978637695312 -45.67994689941406 1.7000000476837158
vertex -27.899978637695312 -45.67994689941406 0
vertex -28.072185516357422 -45.645694732666016 1.7000000476837158
endloop
endfacet
facet normal -0.19507777299013523 0.9807877764762413 0
outer loop
vertex -27.72776985168457 -45.645694732666016 1.7000000476837158
vertex -27.72776985168457 -45.645694732666016 0
vertex -27.899978637695312 -45.67994689941406 1.7000000476837158
endloop
endfacet
facet normal -0.5555772839934787 0.8314649009491799 0
outer loop
vertex -27.58177947998047 -45.54814529418945 1.7000000476837158
vertex -27.58177947998047 -45.54814529418945 0
vertex -27.72776985168457 -45.645694732666016 1.7000000476837158
endloop
endfacet
facet normal -0.8314665660174577 0.5555747920803612 0
outer loop
vertex -27.48423194885254 -45.402156829833984 1.7000000476837158
vertex -27.48423194885254 -45.402156829833984 0
vertex -27.58177947998047 -45.54814529418945 1.7000000476837158
endloop
endfacet
facet normal 0.5555772839934787 -0.8314649009491799 0
outer loop
vertex -28.218175888061523 -44.91175079345703 1.7000000476837158
vertex -28.218175888061523 -44.91175079345703 0
vertex -28.072185516357422 -44.81420135498047 1.7000000476837158
endloop
endfacet
facet normal 0.1950798514286955 -0.9807873630744628 0
outer loop
vertex -28.072185516357422 -44.81420135498047 1.7000000476837158
vertex -28.072185516357422 -44.81420135498047 0
vertex -27.899978637695312 -44.77994918823242 1.7000000476837158
endloop
endfacet
facet normal -0.5555772839934787 -0.8314649009491799 0
outer loop
vertex -27.58177947998047 -44.91175079345703 0
vertex -27.58177947998047 -44.91175079345703 1.7000000476837158
vertex -27.72776985168457 -44.81420135498047 0
endloop
endfacet
facet normal -0.19507777299013523 -0.9807877764762413 0
outer loop
vertex -27.899978637695312 -44.77994918823242 1.7000000476837158
vertex -27.899978637695312 -44.77994918823242 0
vertex -27.72776985168457 -44.81420135498047 1.7000000476837158
endloop
endfacet
facet normal -0.5555772839934787 -0.8314649009491799 0
outer loop
vertex -27.72776985168457 -44.81420135498047 1.7000000476837158
vertex -27.72776985168457 -44.81420135498047 0
vertex -27.58177947998047 -44.91175079345703 1.7000000476837158
endloop
endfacet
facet normal -0.9807852845629332 0.19509030110388895 0
outer loop
vertex -27.44997787475586 -45.229949951171875 1.7000000476837158
vertex -27.44997787475586 -45.229949951171875 0
vertex -27.48423194885254 -45.402156829833984 1.7000000476837158
endloop
endfacet
facet normal -0.8314665660174577 -0.5555747920803612 0
outer loop
vertex -27.48423194885254 -45.0577392578125 0
vertex -27.48423194885254 -45.0577392578125 1.7000000476837158
vertex -27.58177947998047 -44.91175079345703 0
endloop
endfacet
facet normal -0.9807861114401027 -0.19508614406513386 0
outer loop
vertex -27.44997787475586 -45.229949951171875 0
vertex -27.44997787475586 -45.229949951171875 1.7000000476837158
vertex -27.48423194885254 -45.0577392578125 0
endloop
endfacet
facet normal 0.8314665660174577 0.5555747920803612 0
outer loop
vertex -28.315723419189453 -45.402156829833984 0
vertex -28.315723419189453 -45.402156829833984 1.7000000476837158
vertex -28.218175888061523 -45.54814529418945 0
endloop
endfacet
facet normal 0.9807852845629332 0.19509030110388895 0
outer loop
vertex -28.349977493286133 -45.229949951171875 0
vertex -28.349977493286133 -45.229949951171875 1.7000000476837158
vertex -28.315723419189453 -45.402156829833984 0
endloop
endfacet
facet normal 0.9807861114401027 -0.19508614406513386 0
outer loop
vertex -28.315723419189453 -45.0577392578125 0
vertex -28.315723419189453 -45.0577392578125 1.7000000476837158
vertex -28.349977493286133 -45.229949951171875 0
endloop
endfacet
facet normal -0.19507777299013523 -0.9807877764762413 0
outer loop
vertex -27.72776985168457 -44.81420135498047 0
vertex -27.72776985168457 -44.81420135498047 1.7000000476837158
vertex -27.899978637695312 -44.77994918823242 0
endloop
endfacet
facet normal 0.1950798514286955 -0.9807873630744628 0
outer loop
vertex -27.899978637695312 -44.77994918823242 0
vertex -27.899978637695312 -44.77994918823242 1.7000000476837158
vertex -28.072185516357422 -44.81420135498047 0
endloop
endfacet
facet normal 0.5555772839934787 -0.8314649009491799 0
outer loop
vertex -28.072185516357422 -44.81420135498047 0
vertex -28.072185516357422 -44.81420135498047 1.7000000476837158
vertex -28.218175888061523 -44.91175079345703 0
endloop
endfacet
facet normal -0.9807852845629332 0.19509030110388895 0
outer loop
vertex -27.48423194885254 -45.402156829833984 0
vertex -27.48423194885254 -45.402156829833984 1.7000000476837158
vertex -27.44997787475586 -45.229949951171875 0
endloop
endfacet
facet normal -0.8314665660174577 0.5555747920803612 0
outer loop
vertex -27.48423194885254 -45.402156829833984 0
vertex -27.58177947998047 -45.54814529418945 0
vertex -27.58177947998047 -45.54814529418945 1.7000000476837158
endloop
endfacet
facet normal -0.9807861114401027 -0.19508614406513386 0
outer loop
vertex -27.48423194885254 -45.0577392578125 1.7000000476837158
vertex -27.48423194885254 -45.0577392578125 0
vertex -27.44997787475586 -45.229949951171875 1.7000000476837158
endloop
endfacet
facet normal 0.8314665660174577 -0.5555747920803612 0
outer loop
vertex -28.218175888061523 -44.91175079345703 0
vertex -28.218175888061523 -44.91175079345703 1.7000000476837158
vertex -28.315723419189453 -45.0577392578125 0
endloop
endfacet
facet normal -0.8314665660174577 -0.5555747920803612 0
outer loop
vertex -27.58177947998047 -44.91175079345703 1.7000000476837158
vertex -27.58177947998047 -44.91175079345703 0
vertex -27.48423194885254 -45.0577392578125 1.7000000476837158
endloop
endfacet
facet normal -0.19507777299013523 0.9807877764762413 0
outer loop
vertex -27.72776985168457 -45.645694732666016 0
vertex -27.899978637695312 -45.67994689941406 0
vertex -27.899978637695312 -45.67994689941406 1.7000000476837158
endloop
endfacet
facet normal 0.5555772839934787 0.8314649009491799 0
outer loop
vertex -28.072185516357422 -45.645694732666016 0
vertex -28.218175888061523 -45.54814529418945 0
vertex -28.218175888061523 -45.54814529418945 1.7000000476837158
endloop
endfacet
facet normal 0 0 -1
outer loop
vertex -28.072185516357422 -44.81420135498047 1.7000000476837158
vertex -28.218175888061523 -45.54814529418945 1.7000000476837158
vertex -28.218175888061523 -44.91175079345703 1.7000000476837158
endloop
endfacet
facet normal 0.9807852845629332 0.19509030110388895 0
outer loop
vertex -28.315723419189453 -44.13215637207031 1.7000000476837158
vertex -28.315723419189453 -44.13215637207031 0
vertex -28.349977493286133 -43.9599494934082 1.7000000476837158
endloop
endfacet
facet normal 0 0 -1
outer loop
vertex -27.72776985168457 -43.54420471191406 1.7000000476837158
vertex -27.899978637695312 -44.409950256347656 1.7000000476837158
vertex -27.899978637695312 -43.50994873046875 1.7000000476837158
endloop
endfacet
facet normal 0.8314732719568675 -0.5555647559208026 0
outer loop
vertex -28.315723419189453 -43.787742614746094 1.7000000476837158
vertex -28.315723419189453 -43.787742614746094 0
vertex -28.218175888061523 -43.64175033569336 1.7000000476837158
endloop
endfacet
facet normal -0.5555622638012966 -0.8314749371087372 0
outer loop
vertex -27.72776985168457 -43.54420471191406 1.7000000476837158
vertex -27.72776985168457 -43.54420471191406 0
vertex -27.58177947998047 -43.64175033569336 1.7000000476837158
endloop
endfacet
facet normal -0.1950986720690384 -0.9807836194374872 0
outer loop
vertex -27.899978637695312 -43.50994873046875 1.7000000476837158
vertex -27.899978637695312 -43.50994873046875 0
vertex -27.72776985168457 -43.54420471191406 1.7000000476837158
endloop
endfacet
facet normal 0.1951007507126451 -0.9807832059488795 0
outer loop
vertex -28.072185516357422 -43.54420471191406 1.7000000476837158
vertex -28.072185516357422 -43.54420471191406 0
vertex -27.899978637695312 -43.50994873046875 1.7000000476837158
endloop
endfacet
facet normal -0.8314732719568675 -0.5555647559208026 0
outer loop
vertex -27.58177947998047 -43.64175033569336 1.7000000476837158
vertex -27.58177947998047 -43.64175033569336 0
vertex -27.48423194885254 -43.787742614746094 1.7000000476837158
endloop
endfacet
facet normal -0.9807852845629332 -0.19509030110388895 0
outer loop
vertex -27.48423194885254 -43.787742614746094 1.7000000476837158
vertex -27.48423194885254 -43.787742614746094 0
vertex -27.44997787475586 -43.9599494934082 1.7000000476837158
endloop
endfacet
facet normal -0.9807852845629332 0.19509030110388895 0
outer loop
vertex -27.44997787475586 -43.9599494934082 1.7000000476837158
vertex -27.44997787475586 -43.9599494934082 0
vertex -27.48423194885254 -44.13215637207031 1.7000000476837158
endloop
endfacet
facet normal -0.8314665660174577 0.5555747920803612 0
outer loop
vertex -27.48423194885254 -44.13215637207031 1.7000000476837158
vertex -27.48423194885254 -44.13215637207031 0
vertex -27.58177947998047 -44.27814483642578 1.7000000476837158
endloop
endfacet
facet normal -0.5555772839934787 0.8314649009491799 0
outer loop
vertex -27.58177947998047 -44.27814483642578 1.7000000476837158
vertex -27.58177947998047 -44.27814483642578 0
vertex -27.72776985168457 -44.375694274902344 1.7000000476837158
endloop
endfacet
facet normal 0.5555622638012966 -0.8314749371087372 0
outer loop
vertex -28.218175888061523 -43.64175033569336 1.7000000476837158
vertex -28.218175888061523 -43.64175033569336 0
vertex -28.072185516357422 -43.54420471191406 1.7000000476837158
endloop
endfacet
facet normal 0.8314665660174577 0.5555747920803612 0
outer loop
vertex -28.315723419189453 -44.13215637207031 0
vertex -28.315723419189453 -44.13215637207031 1.7000000476837158
vertex -28.218175888061523 -44.27814483642578 0
endloop
endfacet
facet normal 0.9807852845629332 0.19509030110388895 0
outer loop
vertex -28.349977493286133 -43.9599494934082 0
vertex -28.349977493286133 -43.9599494934082 1.7000000476837158
vertex -28.315723419189453 -44.13215637207031 0
endloop
endfacet
facet normal 0.9807852845629332 -0.19509030110388895 0
outer loop
vertex -28.315723419189453 -43.787742614746094 0
vertex -28.315723419189453 -43.787742614746094 1.7000000476837158
vertex -28.349977493286133 -43.9599494934082 0
endloop
endfacet
facet normal 0.8314732719568675 -0.5555647559208026 0
outer loop
vertex -28.218175888061523 -43.64175033569336 0
vertex -28.218175888061523 -43.64175033569336 1.7000000476837158
vertex -28.315723419189453 -43.787742614746094 0
endloop
endfacet
facet normal -0.1950986720690384 0.9807836194374872 0
outer loop
vertex -27.72776985168457 -44.375694274902344 1.7000000476837158
vertex -27.72776985168457 -44.375694274902344 0
vertex -27.899978637695312 -44.409950256347656 1.7000000476837158
endloop
endfacet
facet normal 0.1951007507126451 0.9807832059488795 0
outer loop
vertex -27.899978637695312 -44.409950256347656 1.7000000476837158
vertex -27.899978637695312 -44.409950256347656 0
vertex -28.072185516357422 -44.375694274902344 1.7000000476837158
endloop
endfacet
facet normal 0.5555772839934787 0.8314649009491799 0
outer loop
vertex -28.072185516357422 -44.375694274902344 0
vertex -28.218175888061523 -44.27814483642578 0
vertex -28.218175888061523 -44.27814483642578 1.7000000476837158
endloop
endfacet
facet normal 0.1951007507126451 0.9807832059488795 0
outer loop
vertex -27.899978637695312 -44.409950256347656 0
vertex -28.072185516357422 -44.375694274902344 0
vertex -28.072185516357422 -44.375694274902344 1.7000000476837158
endloop
endfacet
facet normal -0.1950986720690384 0.9807836194374872 0
outer loop
vertex -27.72776985168457 -44.375694274902344 0
vertex -27.899978637695312 -44.409950256347656 0
vertex -27.899978637695312 -44.409950256347656 1.7000000476837158
endloop
endfacet
facet normal -0.5555772839934787 0.8314649009491799 0
outer loop
vertex -27.58177947998047 -44.27814483642578 0
vertex -27.72776985168457 -44.375694274902344 0
vertex -27.72776985168457 -44.375694274902344 1.7000000476837158
endloop
endfacet
facet normal -0.8314665660174577 0.5555747920803612 0
outer loop
vertex -27.48423194885254 -44.13215637207031 0
vertex -27.58177947998047 -44.27814483642578 0
vertex -27.58177947998047 -44.27814483642578 1.7000000476837158
endloop
endfacet
facet normal -0.9807852845629332 0.19509030110388895 0
outer loop
vertex -27.48423194885254 -44.13215637207031 0
vertex -27.48423194885254 -44.13215637207031 1.7000000476837158
vertex -27.44997787475586 -43.9599494934082 0
endloop
endfacet
facet normal -0.9807852845629332 -0.19509030110388895 0
outer loop
vertex -27.44997787475586 -43.9599494934082 0
vertex -27.44997787475586 -43.9599494934082 1.7000000476837158
vertex -27.48423194885254 -43.787742614746094 0
endloop
endfacet
facet normal -0.8314732719568675 -0.5555647559208026 0
outer loop
vertex -27.48423194885254 -43.787742614746094 0
vertex -27.48423194885254 -43.787742614746094 1.7000000476837158
vertex -27.58177947998047 -43.64175033569336 0
endloop
endfacet
facet normal -0.5555622638012966 -0.8314749371087372 0
outer loop
vertex -27.72776985168457 -43.54420471191406 0
vertex -27.58177947998047 -43.64175033569336 0
vertex -27.58177947998047 -43.64175033569336 1.7000000476837158
endloop
endfacet
facet normal 0.5555622638012966 -0.8314749371087372 0
outer loop
vertex -28.072185516357422 -43.54420471191406 0
vertex -28.072185516357422 -43.54420471191406 1.7000000476837158
vertex -28.218175888061523 -43.64175033569336 0
endloop
endfacet
facet normal 0.1951007507126451 -0.9807832059488795 0
outer loop
vertex -27.899978637695312 -43.50994873046875 0
vertex -27.899978637695312 -43.50994873046875 1.7000000476837158
vertex -28.072185516357422 -43.54420471191406 0
endloop
endfacet
facet normal -0.1950986720690384 -0.9807836194374872 0
outer loop
vertex -27.72776985168457 -43.54420471191406 0
vertex -27.72776985168457 -43.54420471191406 1.7000000476837158
vertex -27.899978637695312 -43.50994873046875 0
endloop
endfacet
facet normal 0.5555772839934787 0.8314649009491799 0
outer loop
vertex -28.072185516357422 -44.375694274902344 1.7000000476837158
vertex -28.072185516357422 -44.375694274902344 0
vertex -28.218175888061523 -44.27814483642578 1.7000000476837158
endloop
endfacet
facet normal 0.9807852845629332 -0.19509030110388895 0
outer loop
vertex -28.349977493286133 -43.9599494934082 1.7000000476837158
vertex -28.349977493286133 -43.9599494934082 0
vertex -28.315723419189453 -43.787742614746094 1.7000000476837158
endloop
endfacet
facet normal 0.8314665660174577 0.5555747920803612 0
outer loop
vertex -28.218175888061523 -44.27814483642578 1.7000000476837158
vertex -28.218175888061523 -44.27814483642578 0
vertex -28.315723419189453 -44.13215637207031 1.7000000476837158
endloop
endfacet
facet normal 0 0 -1
outer loop
vertex -28.218175888061523 -44.27814483642578 1.7000000476837158
vertex -28.315723419189453 -44.13215637207031 1.7000000476837158
vertex -28.218175888061523 -43.64175033569336 1.7000000476837158
endloop
endfacet
facet normal 0 0 -1
outer loop
vertex -28.315723419189453 -44.13215637207031 1.7000000476837158
vertex -28.349977493286133 -43.9599494934082 1.7000000476837158
vertex -28.315723419189453 -43.787742614746094 1.7000000476837158
endloop
endfacet
facet normal 0 0 -1
outer loop
vertex -28.218175888061523 -43.64175033569336 1.7000000476837158
vertex -28.315723419189453 -44.13215637207031 1.7000000476837158
vertex -28.315723419189453 -43.787742614746094 1.7000000476837158
endloop
endfacet
facet normal 0 0 -1
outer loop
vertex -28.072185516357422 -44.375694274902344 1.7000000476837158
vertex -28.218175888061523 -44.27814483642578 1.7000000476837158
vertex -28.072185516357422 -43.54420471191406 1.7000000476837158
endloop
endfacet
facet normal 0 0 -1
outer loop
vertex -27.899978637695312 -44.409950256347656 1.7000000476837158
vertex -28.072185516357422 -44.375694274902344 1.7000000476837158
vertex -27.899978637695312 -43.50994873046875 1.7000000476837158
endloop
endfacet
facet normal 0 0 -1
outer loop
vertex -27.72776985168457 -44.375694274902344 1.7000000476837158
vertex -27.899978637695312 -44.409950256347656 1.7000000476837158
vertex -27.72776985168457 -43.54420471191406 1.7000000476837158
endloop
endfacet
facet normal 0 0 -1
outer loop
vertex -28.072185516357422 -43.54420471191406 1.7000000476837158
vertex -28.218175888061523 -44.27814483642578 1.7000000476837158
vertex -28.218175888061523 -43.64175033569336 1.7000000476837158
endloop
endfacet
facet normal 0 0 -1
outer loop
vertex -27.44997787475586 -43.9599494934082 1.7000000476837158
vertex -27.48423194885254 -44.13215637207031 1.7000000476837158
vertex -27.48423194885254 -43.787742614746094 1.7000000476837158
endloop
endfacet
facet normal 0 0 -1
outer loop
vertex -27.48423194885254 -43.787742614746094 1.7000000476837158
vertex -27.58177947998047 -44.27814483642578 1.7000000476837158
vertex -27.58177947998047 -43.64175033569336 1.7000000476837158
endloop
endfacet
facet normal 0 0 -1
outer loop
vertex -27.48423194885254 -44.13215637207031 1.7000000476837158
vertex -27.58177947998047 -44.27814483642578 1.7000000476837158
vertex -27.48423194885254 -43.787742614746094 1.7000000476837158
endloop
endfacet
facet normal 0 0 -1
outer loop
vertex -27.58177947998047 -44.27814483642578 1.7000000476837158
vertex -27.72776985168457 -44.375694274902344 1.7000000476837158
vertex -27.58177947998047 -43.64175033569336 1.7000000476837158
endloop
endfacet
facet normal 0 0 -1
outer loop
vertex -27.72776985168457 -43.54420471191406 1.7000000476837158
vertex -27.58177947998047 -43.64175033569336 1.7000000476837158
vertex -27.72776985168457 -44.375694274902344 1.7000000476837158
endloop
endfacet
facet normal 0 0 -1
outer loop
vertex -27.899978637695312 -43.50994873046875 1.7000000476837158
vertex -28.072185516357422 -44.375694274902344 1.7000000476837158
vertex -28.072185516357422 -43.54420471191406 1.7000000476837158
endloop
endfacet
facet normal -0.9807852845629332 0.19509030110388895 0
outer loop
vertex -27.44997787475586 -42.68994903564453 0
vertex -27.48423194885254 -42.86215591430664 1.7000000476837158
vertex -27.44997787475586 -42.68994903564453 1.7000000476837158
endloop
endfacet
facet normal -0.8314732719568675 0.5555647559208026 0
outer loop
vertex -27.48423194885254 -42.86215591430664 1.7000000476837158
vertex -27.48423194885254 -42.86215591430664 0
vertex -27.58177947998047 -43.008148193359375 1.7000000476837158
endloop
endfacet
facet normal 0 0 -1
outer loop
vertex -27.899978637695312 -43.139949798583984 1.7000000476837158
vertex -28.072185516357422 -43.10569381713867 1.7000000476837158
vertex -27.899978637695312 -42.23994827270508 1.7000000476837158
endloop
endfacet
facet normal 0 0 -1
outer loop
vertex -27.72776985168457 -43.10569381713867 1.7000000476837158
vertex -27.899978637695312 -43.139949798583984 1.7000000476837158
vertex -27.72776985168457 -42.27420425415039 1.7000000476837158
endloop
endfacet
facet normal 0 0 -1
outer loop
vertex -27.58177947998047 -43.008148193359375 1.7000000476837158
vertex -27.72776985168457 -43.10569381713867 1.7000000476837158
vertex -27.58177947998047 -42.37174987792969 1.7000000476837158
endloop
endfacet
facet normal 0 0 -1
outer loop
vertex -28.218175888061523 -43.008148193359375 1.7000000476837158
vertex -28.315723419189453 -42.86215591430664 1.7000000476837158
vertex -28.218175888061523 -42.37174987792969 1.7000000476837158
endloop
endfacet
facet normal -0.9807852845629332 0.19509030110388895 0
outer loop
vertex -27.48423194885254 -42.86215591430664 0
vertex -27.48423194885254 -42.86215591430664 1.7000000476837158
vertex -27.44997787475586 -42.68994903564453 0
endloop
endfacet
facet normal -0.8314732719568675 0.5555647559208026 0
outer loop
vertex -27.48423194885254 -42.86215591430664 0
vertex -27.58177947998047 -43.008148193359375 0
vertex -27.58177947998047 -43.008148193359375 1.7000000476837158
endloop
endfacet
facet normal -0.5555622638012966 0.8314749371087372 0
outer loop
vertex -27.58177947998047 -43.008148193359375 0
vertex -27.72776985168457 -43.10569381713867 0
vertex -27.72776985168457 -43.10569381713867 1.7000000476837158
endloop
endfacet
facet normal -0.5555622638012966 -0.8314749371087372 0
outer loop
vertex -27.58177947998047 -42.37174987792969 0
vertex -27.58177947998047 -42.37174987792969 1.7000000476837158
vertex -27.72776985168457 -42.27420425415039 0
endloop
endfacet
facet normal -0.8314732719568675 -0.5555647559208026 0
outer loop
vertex -27.48423194885254 -42.51774215698242 0
vertex -27.48423194885254 -42.51774215698242 1.7000000476837158
vertex -27.58177947998047 -42.37174987792969 0
endloop
endfacet
facet normal -0.8314732719568675 -0.5555647559208026 0
outer loop
vertex -27.58177947998047 -42.37174987792969 1.7000000476837158
vertex -27.58177947998047 -42.37174987792969 0
vertex -27.48423194885254 -42.51774215698242 1.7000000476837158
endloop
endfacet
facet normal -0.9807852845629332 -0.19509030110388895 0
outer loop
vertex -27.48423194885254 -42.51774215698242 1.7000000476837158
vertex -27.48423194885254 -42.51774215698242 0
vertex -27.44997787475586 -42.68994903564453 1.7000000476837158
endloop
endfacet
facet normal -0.9807852845629332 -0.19509030110388895 0
outer loop
vertex -27.48423194885254 -42.51774215698242 0
vertex -27.44997787475586 -42.68994903564453 0
vertex -27.44997787475586 -42.68994903564453 1.7000000476837158
endloop
endfacet
facet normal -0.5555622638012966 -0.8314749371087372 0
outer loop
vertex -27.72776985168457 -42.27420425415039 1.7000000476837158
vertex -27.72776985168457 -42.27420425415039 0
vertex -27.58177947998047 -42.37174987792969 1.7000000476837158
endloop
endfacet
facet normal -0.1950986720690384 -0.9807836194374872 0
outer loop
vertex -27.72776985168457 -42.27420425415039 0
vertex -27.72776985168457 -42.27420425415039 1.7000000476837158
vertex -27.899978637695312 -42.23994827270508 0
endloop
endfacet
facet normal 0.1951007507126451 -0.9807832059488795 0
outer loop
vertex -27.899978637695312 -42.23994827270508 0
vertex -27.899978637695312 -42.23994827270508 1.7000000476837158
vertex -28.072185516357422 -42.27420425415039 0
endloop
endfacet
facet normal -0.1950986720690384 -0.9807836194374872 0
outer loop
vertex -27.899978637695312 -42.23994827270508 1.7000000476837158
vertex -27.899978637695312 -42.23994827270508 0
vertex -27.72776985168457 -42.27420425415039 1.7000000476837158
endloop
endfacet
facet normal 0.5555622638012966 -0.8314749371087372 0
outer loop
vertex -28.072185516357422 -42.27420425415039 0
vertex -28.072185516357422 -42.27420425415039 1.7000000476837158
vertex -28.218175888061523 -42.37174987792969 0
endloop
endfacet
facet normal 0.1951007507126451 -0.9807832059488795 0
outer loop
vertex -28.072185516357422 -42.27420425415039 1.7000000476837158
vertex -28.072185516357422 -42.27420425415039 0
vertex -27.899978637695312 -42.23994827270508 1.7000000476837158
endloop
endfacet
facet normal 0.5555622638012966 -0.8314749371087372 0
outer loop
vertex -28.218175888061523 -42.37174987792969 1.7000000476837158
vertex -28.218175888061523 -42.37174987792969 0
vertex -28.072185516357422 -42.27420425415039 1.7000000476837158
endloop
endfacet
facet normal 0.8314732719568675 -0.5555647559208026 0
outer loop
vertex -28.315723419189453 -42.51774215698242 1.7000000476837158
vertex -28.315723419189453 -42.51774215698242 0
vertex -28.218175888061523 -42.37174987792969 1.7000000476837158
endloop
endfacet
facet normal 0.9807852845629332 -0.19509030110388895 0
outer loop
vertex -28.315723419189453 -42.51774215698242 0
vertex -28.315723419189453 -42.51774215698242 1.7000000476837158
vertex -28.349977493286133 -42.68994903564453 0
endloop
endfacet
facet normal 0.9807852845629332 -0.19509030110388895 0
outer loop
vertex -28.349977493286133 -42.68994903564453 1.7000000476837158
vertex -28.349977493286133 -42.68994903564453 0
vertex -28.315723419189453 -42.51774215698242 1.7000000476837158
endloop
endfacet
facet normal -0.1950986720690384 0.9807836194374872 0
outer loop
vertex -27.72776985168457 -43.10569381713867 0
vertex -27.899978637695312 -43.139949798583984 0
vertex -27.899978637695312 -43.139949798583984 1.7000000476837158
endloop
endfacet
facet normal 0.1951007507126451 0.9807832059488795 0
outer loop
vertex -27.899978637695312 -43.139949798583984 0
vertex -28.072185516357422 -43.10569381713867 0
vertex -28.072185516357422 -43.10569381713867 1.7000000476837158
endloop
endfacet
facet normal 0.8314732719568675 -0.5555647559208026 0
outer loop
vertex -28.218175888061523 -42.37174987792969 0
vertex -28.218175888061523 -42.37174987792969 1.7000000476837158
vertex -28.315723419189453 -42.51774215698242 0
endloop
endfacet
facet normal 0.8314732719568675 0.5555647559208026 0
outer loop
vertex -28.218175888061523 -43.008148193359375 1.7000000476837158
vertex -28.218175888061523 -43.008148193359375 0
vertex -28.315723419189453 -42.86215591430664 1.7000000476837158
endloop
endfacet
facet normal 0.9807852845629332 0.19509030110388895 0
outer loop
vertex -28.315723419189453 -42.86215591430664 1.7000000476837158
vertex -28.315723419189453 -42.86215591430664 0
vertex -28.349977493286133 -42.68994903564453 1.7000000476837158
endloop
endfacet
facet normal 0.5555622638012966 0.8314749371087372 0
outer loop
vertex -28.072185516357422 -43.10569381713867 0
vertex -28.218175888061523 -43.008148193359375 0
vertex -28.218175888061523 -43.008148193359375 1.7000000476837158
endloop
endfacet
facet normal 0.9807852845629332 0.19509030110388895 0
outer loop
vertex -28.349977493286133 -42.68994903564453 0
vertex -28.349977493286133 -42.68994903564453 1.7000000476837158
vertex -28.315723419189453 -42.86215591430664 0
endloop
endfacet
facet normal 0.8314732719568675 0.5555647559208026 0
outer loop
vertex -28.315723419189453 -42.86215591430664 0
vertex -28.315723419189453 -42.86215591430664 1.7000000476837158
vertex -28.218175888061523 -43.008148193359375 0
endloop
endfacet
facet normal 0 0 -1
outer loop
vertex -27.48423194885254 -42.86215591430664 1.7000000476837158
vertex -27.58177947998047 -43.008148193359375 1.7000000476837158
vertex -27.48423194885254 -42.51774215698242 1.7000000476837158
endloop
endfacet
facet normal 0 0 -1
outer loop
vertex -28.315723419189453 -42.86215591430664 1.7000000476837158
vertex -28.349977493286133 -42.68994903564453 1.7000000476837158
vertex -28.315723419189453 -42.51774215698242 1.7000000476837158
endloop
endfacet
facet normal 0 0 -1
outer loop
vertex -28.218175888061523 -42.37174987792969 1.7000000476837158
vertex -28.315723419189453 -42.86215591430664 1.7000000476837158
vertex -28.315723419189453 -42.51774215698242 1.7000000476837158
endloop
endfacet
facet normal 0 0 -1
outer loop
vertex -28.072185516357422 -42.27420425415039 1.7000000476837158
vertex -28.218175888061523 -43.008148193359375 1.7000000476837158
vertex -28.218175888061523 -42.37174987792969 1.7000000476837158
endloop
endfacet
facet normal 0 0 -1
outer loop
vertex -27.899978637695312 -42.23994827270508 1.7000000476837158
vertex -28.072185516357422 -43.10569381713867 1.7000000476837158
vertex -28.072185516357422 -42.27420425415039 1.7000000476837158
endloop
endfacet
facet normal 0 0 -1
outer loop
vertex -27.72776985168457 -42.27420425415039 1.7000000476837158
vertex -27.899978637695312 -43.139949798583984 1.7000000476837158
vertex -27.899978637695312 -42.23994827270508 1.7000000476837158
endloop
endfacet
facet normal 0 0 -1
outer loop
vertex -27.58177947998047 -42.37174987792969 1.7000000476837158
vertex -27.72776985168457 -43.10569381713867 1.7000000476837158
vertex -27.72776985168457 -42.27420425415039 1.7000000476837158
endloop
endfacet
facet normal 0 0 -1
outer loop
vertex -27.48423194885254 -42.51774215698242 1.7000000476837158
vertex -27.58177947998047 -43.008148193359375 1.7000000476837158
vertex -27.58177947998047 -42.37174987792969 1.7000000476837158
endloop
endfacet
facet normal 0 0 -1
outer loop
vertex -27.44997787475586 -42.68994903564453 1.7000000476837158
vertex -27.48423194885254 -42.86215591430664 1.7000000476837158
vertex -27.48423194885254 -42.51774215698242 1.7000000476837158
endloop
endfacet
facet normal 0.5555622638012966 0.8314749371087372 0
outer loop
vertex -28.072185516357422 -43.10569381713867 1.7000000476837158
vertex -28.072185516357422 -43.10569381713867 0
vertex -28.218175888061523 -43.008148193359375 1.7000000476837158
endloop
endfacet
facet normal 0.1951007507126451 0.9807832059488795 0
outer loop
vertex -27.899978637695312 -43.139949798583984 1.7000000476837158
vertex -27.899978637695312 -43.139949798583984 0
vertex -28.072185516357422 -43.10569381713867 1.7000000476837158
endloop
endfacet
facet normal -0.1950986720690384 0.9807836194374872 0
outer loop
vertex -27.72776985168457 -43.10569381713867 1.7000000476837158
vertex -27.72776985168457 -43.10569381713867 0
vertex -27.899978637695312 -43.139949798583984 1.7000000476837158
endloop
endfacet
facet normal -0.5555622638012966 0.8314749371087372 0
outer loop
vertex -27.58177947998047 -43.008148193359375 1.7000000476837158
vertex -27.58177947998047 -43.008148193359375 0
vertex -27.72776985168457 -43.10569381713867 1.7000000476837158
endloop
endfacet
facet normal 0 0 -1
outer loop
vertex -28.072185516357422 -43.10569381713867 1.7000000476837158
vertex -28.218175888061523 -43.008148193359375 1.7000000476837158
vertex -28.072185516357422 -42.27420425415039 1.7000000476837158
endloop
endfacet
facet normal 0.8314732719568675 0.5555647559208026 0
outer loop
vertex -28.315723419189453 -41.59215545654297 0
vertex -28.315723419189453 -41.59215545654297 1.7000000476837158
vertex -28.218175888061523 -41.7381477355957 0
endloop
endfacet
facet normal -0.9807852845629332 0.19509030110388895 0
outer loop
vertex -27.44997787475586 -41.41994857788086 1.7000000476837158
vertex -27.44997787475586 -41.41994857788086 0
vertex -27.48423194885254 -41.59215545654297 1.7000000476837158
endloop
endfacet
facet normal 0.9807852845629332 -0.19509030110388895 0
outer loop
vertex -28.315723419189453 -41.24774169921875 0
vertex -28.315723419189453 -41.24774169921875 1.7000000476837158
vertex -28.349977493286133 -41.41994857788086 0
endloop
endfacet
facet normal -0.9807852845629332 -0.19509030110388895 0
outer loop
vertex -27.48423194885254 -41.24774169921875 1.7000000476837158
vertex -27.48423194885254 -41.24774169921875 0
vertex -27.44997787475586 -41.41994857788086 1.7000000476837158
endloop
endfacet
facet normal -0.8314732719568675 -0.5555647559208026 0
outer loop
vertex -27.58177947998047 -41.101749420166016 1.7000000476837158
vertex -27.58177947998047 -41.101749420166016 0
vertex -27.48423194885254 -41.24774169921875 1.7000000476837158
endloop
endfacet
facet normal 0.8314732719568675 0.5555647559208026 0
outer loop
vertex -28.218175888061523 -41.7381477355957 1.7000000476837158
vertex -28.218175888061523 -41.7381477355957 0
vertex -28.315723419189453 -41.59215545654297 1.7000000476837158
endloop
endfacet
facet normal 0.9807852845629332 0.19509030110388895 0
outer loop
vertex -28.315723419189453 -41.59215545654297 1.7000000476837158
vertex -28.315723419189453 -41.59215545654297 0
vertex -28.349977493286133 -41.41994857788086 1.7000000476837158
endloop
endfacet
facet normal 0.9807852845629332 -0.19509030110388895 0
outer loop
vertex -28.349977493286133 -41.41994857788086 1.7000000476837158
vertex -28.349977493286133 -41.41994857788086 0
vertex -28.315723419189453 -41.24774169921875 1.7000000476837158
endloop
endfacet
facet normal 0.8314732719568675 -0.5555647559208026 0
outer loop
vertex -28.315723419189453 -41.24774169921875 1.7000000476837158
vertex -28.315723419189453 -41.24774169921875 0
vertex -28.218175888061523 -41.101749420166016 1.7000000476837158
endloop
endfacet
facet normal 0.8314732719568675 -0.5555647559208026 0
outer loop
vertex -28.218175888061523 -41.101749420166016 0
vertex -28.218175888061523 -41.101749420166016 1.7000000476837158
vertex -28.315723419189453 -41.24774169921875 0
endloop
endfacet
facet normal 0.1951007507126451 -0.9807832059488795 0
outer loop
vertex -28.072185516357422 -41.00420379638672 1.7000000476837158
vertex -28.072185516357422 -41.00420379638672 0
vertex -27.899978637695312 -40.969947814941406 1.7000000476837158
endloop
endfacet
facet normal -0.1950986720690384 -0.9807836194374872 0
outer loop
vertex -27.899978637695312 -40.969947814941406 1.7000000476837158
vertex -27.899978637695312 -40.969947814941406 0
vertex -27.72776985168457 -41.00420379638672 1.7000000476837158
endloop
endfacet
facet normal 0.5555622638012966 0.8314749371087372 0
outer loop
vertex -28.072185516357422 -41.835693359375 1.7000000476837158
vertex -28.072185516357422 -41.835693359375 0
vertex -28.218175888061523 -41.7381477355957 1.7000000476837158
endloop
endfacet
facet normal 0.1951007507126451 0.9807832059488795 0
outer loop
vertex -27.899978637695312 -41.86994934082031 1.7000000476837158
vertex -27.899978637695312 -41.86994934082031 0
vertex -28.072185516357422 -41.835693359375 1.7000000476837158
endloop
endfacet
facet normal -0.1950986720690384 0.9807836194374872 0
outer loop
vertex -27.72776985168457 -41.835693359375 1.7000000476837158
vertex -27.72776985168457 -41.835693359375 0
vertex -27.899978637695312 -41.86994934082031 1.7000000476837158
endloop
endfacet
facet normal 0.5555622638012966 -0.8314749371087372 0
outer loop
vertex -28.218175888061523 -41.101749420166016 1.7000000476837158
vertex -28.218175888061523 -41.101749420166016 0
vertex -28.072185516357422 -41.00420379638672 1.7000000476837158
endloop
endfacet
facet normal -0.1950986720690384 -0.9807836194374872 0
outer loop
vertex -27.72776985168457 -41.00420379638672 0
vertex -27.72776985168457 -41.00420379638672 1.7000000476837158
vertex -27.899978637695312 -40.969947814941406 0
endloop
endfacet
facet normal 0.1951007507126451 -0.9807832059488795 0
outer loop
vertex -27.899978637695312 -40.969947814941406 0
vertex -27.899978637695312 -40.969947814941406 1.7000000476837158
vertex -28.072185516357422 -41.00420379638672 0
endloop
endfacet
facet normal 0.5555622638012966 0.8314749371087372 0
outer loop
vertex -28.072185516357422 -41.835693359375 0
vertex -28.218175888061523 -41.7381477355957 0
vertex -28.218175888061523 -41.7381477355957 1.7000000476837158
endloop
endfacet
facet normal 0.1951007507126451 0.9807832059488795 0
outer loop
vertex -27.899978637695312 -41.86994934082031 0
vertex -28.072185516357422 -41.835693359375 0
vertex -28.072185516357422 -41.835693359375 1.7000000476837158
endloop
endfacet
facet normal -0.1950986720690384 0.9807836194374872 0
outer loop
vertex -27.72776985168457 -41.835693359375 0
vertex -27.899978637695312 -41.86994934082031 0
vertex -27.899978637695312 -41.86994934082031 1.7000000476837158
endloop
endfacet
facet normal -0.5555622638012966 0.8314749371087372 0
outer loop
vertex -27.58177947998047 -41.7381477355957 0
vertex -27.72776985168457 -41.835693359375 0
vertex -27.72776985168457 -41.835693359375 1.7000000476837158
endloop
endfacet
facet normal 0.5555622638012966 -0.8314749371087372 0
outer loop
vertex -28.072185516357422 -41.00420379638672 0
vertex -28.072185516357422 -41.00420379638672 1.7000000476837158
vertex -28.218175888061523 -41.101749420166016 0
endloop
endfacet
facet normal -0.8314732719568675 0.5555647559208026 0
outer loop
vertex -27.48423194885254 -41.59215545654297 0
vertex -27.58177947998047 -41.7381477355957 0
vertex -27.58177947998047 -41.7381477355957 1.7000000476837158
endloop
endfacet
facet normal 0.9807852845629332 0.19509030110388895 0
outer loop
vertex -28.349977493286133 -41.41994857788086 0
vertex -28.349977493286133 -41.41994857788086 1.7000000476837158
vertex -28.315723419189453 -41.59215545654297 0
endloop
endfacet
facet normal -0.9807852845629332 0.19509030110388895 0
outer loop
vertex -27.48423194885254 -41.59215545654297 0
vertex -27.48423194885254 -41.59215545654297 1.7000000476837158
vertex -27.44997787475586 -41.41994857788086 0
endloop
endfacet
facet normal 0 0 -1
outer loop
vertex -28.218175888061523 -41.7381477355957 1.7000000476837158
vertex -28.315723419189453 -41.59215545654297 1.7000000476837158
vertex -28.218175888061523 -41.101749420166016 1.7000000476837158
endloop
endfacet
facet normal 0 0 -1
outer loop
vertex -28.315723419189453 -41.59215545654297 1.7000000476837158
vertex -28.349977493286133 -41.41994857788086 1.7000000476837158
vertex -28.315723419189453 -41.24774169921875 1.7000000476837158
endloop
endfacet
facet normal 0 0 -1
outer loop
vertex -28.218175888061523 -41.101749420166016 1.7000000476837158
vertex -28.315723419189453 -41.59215545654297 1.7000000476837158
vertex -28.315723419189453 -41.24774169921875 1.7000000476837158
endloop
endfacet
facet normal 0 0 -1
outer loop
vertex -28.072185516357422 -41.835693359375 1.7000000476837158
vertex -28.218175888061523 -41.7381477355957 1.7000000476837158
vertex -28.072185516357422 -41.00420379638672 1.7000000476837158
endloop
endfacet
facet normal 0 0 -1
outer loop
vertex -27.899978637695312 -41.86994934082031 1.7000000476837158
vertex -28.072185516357422 -41.835693359375 1.7000000476837158
vertex -27.899978637695312 -40.969947814941406 1.7000000476837158
endloop
endfacet
facet normal -0.5555622638012966 -0.8314749371087372 0
outer loop
vertex -27.72776985168457 -41.00420379638672 0
vertex -27.58177947998047 -41.101749420166016 0
vertex -27.58177947998047 -41.101749420166016 1.7000000476837158
endloop
endfacet
facet normal 0 0 -1
outer loop
vertex -27.72776985168457 -41.835693359375 1.7000000476837158
vertex -27.899978637695312 -41.86994934082031 1.7000000476837158
vertex -27.72776985168457 -41.00420379638672 1.7000000476837158
endloop
endfacet
facet normal 0 0 -1
outer loop
vertex -28.072185516357422 -41.00420379638672 1.7000000476837158
vertex -28.218175888061523 -41.7381477355957 1.7000000476837158
vertex -28.218175888061523 -41.101749420166016 1.7000000476837158
endloop
endfacet
facet normal -0.8314732719568675 -0.5555647559208026 0
outer loop
vertex -27.58177947998047 -41.101749420166016 0
vertex -27.48423194885254 -41.24774169921875 0
vertex -27.48423194885254 -41.24774169921875 1.7000000476837158
endloop
endfacet
facet normal 0 0 -1
outer loop
vertex -27.899978637695312 -40.969947814941406 1.7000000476837158
vertex -28.072185516357422 -41.835693359375 1.7000000476837158
vertex -28.072185516357422 -41.00420379638672 1.7000000476837158
endloop
endfacet
facet normal 0 0 -1
outer loop
vertex -27.72776985168457 -41.00420379638672 1.7000000476837158
vertex -27.899978637695312 -41.86994934082031 1.7000000476837158
vertex -27.899978637695312 -40.969947814941406 1.7000000476837158
endloop
endfacet
facet normal 0 0 -1
outer loop
vertex -27.72776985168457 -41.00420379638672 1.7000000476837158
vertex -27.58177947998047 -41.101749420166016 1.7000000476837158
vertex -27.72776985168457 -41.835693359375 1.7000000476837158
endloop
endfacet
facet normal 0 0 -1
outer loop
vertex -27.58177947998047 -41.7381477355957 1.7000000476837158
vertex -27.72776985168457 -41.835693359375 1.7000000476837158
vertex -27.58177947998047 -41.101749420166016 1.7000000476837158
endloop
endfacet
facet normal 0 0 -1
outer loop
vertex -27.48423194885254 -41.59215545654297 1.7000000476837158
vertex -27.58177947998047 -41.7381477355957 1.7000000476837158
vertex -27.48423194885254 -41.24774169921875 1.7000000476837158
endloop
endfacet
facet normal 0 0 -1
outer loop
vertex -27.58177947998047 -41.101749420166016 1.7000000476837158
vertex -27.48423194885254 -41.24774169921875 1.7000000476837158
vertex -27.58177947998047 -41.7381477355957 1.7000000476837158
endloop
endfacet
facet normal 0 0 -1
outer loop
vertex -27.44997787475586 -41.41994857788086 1.7000000476837158
vertex -27.48423194885254 -41.59215545654297 1.7000000476837158
vertex -27.48423194885254 -41.24774169921875 1.7000000476837158
endloop
endfacet
facet normal -0.5555622638012966 -0.8314749371087372 0
outer loop
vertex -27.72776985168457 -41.00420379638672 1.7000000476837158
vertex -27.72776985168457 -41.00420379638672 0
vertex -27.58177947998047 -41.101749420166016 1.7000000476837158
endloop
endfacet
facet normal -0.5555622638012966 0.8314749371087372 0
outer loop
vertex -27.58177947998047 -41.7381477355957 1.7000000476837158
vertex -27.58177947998047 -41.7381477355957 0
vertex -27.72776985168457 -41.835693359375 1.7000000476837158
endloop
endfacet
facet normal -0.8314732719568675 0.5555647559208026 0
outer loop
vertex -27.48423194885254 -41.59215545654297 1.7000000476837158
vertex -27.48423194885254 -41.59215545654297 0
vertex -27.58177947998047 -41.7381477355957 1.7000000476837158
endloop
endfacet
facet normal -0.9807852845629332 -0.19509030110388895 0
outer loop
vertex -27.44997787475586 -41.41994857788086 0
vertex -27.44997787475586 -41.41994857788086 1.7000000476837158
vertex -27.48423194885254 -41.24774169921875 0
endloop
endfacet
facet normal 0 0 -1
outer loop
vertex -28.315723419189453 -40.3221549987793 1.7000000476837158
vertex -28.349977493286133 -40.14994812011719 1.7000000476837158
vertex -28.315723419189453 -39.97774124145508 1.7000000476837158
endloop
endfacet
facet normal 0.9807852845629332 -0.19509030110388895 0
outer loop
vertex -28.315723419189453 -39.97774124145508 0
vertex -28.315723419189453 -39.97774124145508 1.7000000476837158
vertex -28.349977493286133 -40.14994812011719 0
endloop
endfacet
facet normal 0.5555622638012966 -0.8314749371087372 0
outer loop
vertex -28.218175888061523 -39.831748962402344 1.7000000476837158
vertex -28.218175888061523 -39.831748962402344 0
vertex -28.072185516357422 -39.73420333862305 1.7000000476837158
endloop
endfacet
facet normal -0.9807852845629332 -0.19509030110388895 0
outer loop
vertex -27.44997787475586 -40.14994812011719 0
vertex -27.44997787475586 -40.14994812011719 1.7000000476837158
vertex -27.48423194885254 -39.97774124145508 0
endloop
endfacet
facet normal 0.9807852845629332 -0.19509030110388895 0
outer loop
vertex -28.349977493286133 -40.14994812011719 1.7000000476837158
vertex -28.349977493286133 -40.14994812011719 0
vertex -28.315723419189453 -39.97774124145508 1.7000000476837158
endloop
endfacet
facet normal 0.1951007507126451 -0.9807832059488795 0
outer loop
vertex -27.899978637695312 -39.699947357177734 0
vertex -27.899978637695312 -39.699947357177734 1.7000000476837158
vertex -28.072185516357422 -39.73420333862305 0
endloop
endfacet
facet normal 0.5555622638012966 -0.8314749371087372 0
outer loop
vertex -28.072185516357422 -39.73420333862305 0
vertex -28.072185516357422 -39.73420333862305 1.7000000476837158
vertex -28.218175888061523 -39.831748962402344 0
endloop
endfacet
facet normal -0.9807852845629332 0.19509030110388895 0
outer loop
vertex -27.48423194885254 -40.3221549987793 0
vertex -27.48423194885254 -40.3221549987793 1.7000000476837158
vertex -27.44997787475586 -40.14994812011719 0
endloop
endfacet
facet normal -0.8314732719568675 0.5555647559208026 0
outer loop
vertex -27.58177947998047 -40.46814727783203 0
vertex -27.58177947998047 -40.46814727783203 1.7000000476837158
vertex -27.48423194885254 -40.3221549987793 0
endloop
endfacet
facet normal -0.5555622638012966 0.8314749371087372 0
outer loop
vertex -27.58177947998047 -40.46814727783203 0
vertex -27.72776985168457 -40.56569290161133 0
vertex -27.72776985168457 -40.56569290161133 1.7000000476837158
endloop
endfacet
facet normal -0.9807852845629332 0.19509030110388895 0
outer loop
vertex -27.44997787475586 -40.14994812011719 1.7000000476837158
vertex -27.44997787475586 -40.14994812011719 0
vertex -27.48423194885254 -40.3221549987793 1.7000000476837158
endloop
endfacet
facet normal 0.8314732719568675 -0.5555647559208026 0
outer loop
vertex -28.315723419189453 -39.97774124145508 1.7000000476837158
vertex -28.315723419189453 -39.97774124145508 0
vertex -28.218175888061523 -39.831748962402344 1.7000000476837158
endloop
endfacet
facet normal -0.1950986720690384 0.9807836194374872 0
outer loop
vertex -27.72776985168457 -40.56569290161133 0
vertex -27.899978637695312 -40.59994888305664 0
vertex -27.899978637695312 -40.59994888305664 1.7000000476837158
endloop
endfacet
facet normal -0.9807852845629332 -0.19509030110388895 0
outer loop
vertex -27.48423194885254 -39.97774124145508 1.7000000476837158
vertex -27.48423194885254 -39.97774124145508 0
vertex -27.44997787475586 -40.14994812011719 1.7000000476837158
endloop
endfacet
facet normal 0.9807852845629332 0.19509030110388895 0
outer loop
vertex -28.315723419189453 -40.3221549987793 1.7000000476837158
vertex -28.315723419189453 -40.3221549987793 0
vertex -28.349977493286133 -40.14994812011719 1.7000000476837158
endloop
endfacet
facet normal 0.5555622638012966 0.8314749371087372 0
outer loop
vertex -28.072185516357422 -40.56569290161133 1.7000000476837158
vertex -28.072185516357422 -40.56569290161133 0
vertex -28.218175888061523 -40.46814727783203 1.7000000476837158
endloop
endfacet
facet normal 0.8314732719568675 0.5555647559208026 0
outer loop
vertex -28.218175888061523 -40.46814727783203 1.7000000476837158
vertex -28.218175888061523 -40.46814727783203 0
vertex -28.315723419189453 -40.3221549987793 1.7000000476837158
endloop
endfacet
facet normal -0.8314732719568675 -0.5555647559208026 0
outer loop
vertex -27.58177947998047 -39.831748962402344 1.7000000476837158
vertex -27.58177947998047 -39.831748962402344 0
vertex -27.48423194885254 -39.97774124145508 1.7000000476837158
endloop
endfacet
facet normal -0.1950986720690384 -0.9807836194374872 0
outer loop
vertex -27.899978637695312 -39.699947357177734 1.7000000476837158
vertex -27.899978637695312 -39.699947357177734 0
vertex -27.72776985168457 -39.73420333862305 1.7000000476837158
endloop
endfacet
facet normal -0.8314732719568675 0.5555647559208026 0
outer loop
vertex -27.48423194885254 -40.3221549987793 1.7000000476837158
vertex -27.48423194885254 -40.3221549987793 0
vertex -27.58177947998047 -40.46814727783203 1.7000000476837158
endloop
endfacet
facet normal 0.9807852845629332 0.19509030110388895 0
outer loop
vertex -28.349977493286133 -40.14994812011719 0
vertex -28.349977493286133 -40.14994812011719 1.7000000476837158
vertex -28.315723419189453 -40.3221549987793 0
endloop
endfacet
facet normal 0.8314732719568675 0.5555647559208026 0
outer loop
vertex -28.315723419189453 -40.3221549987793 0
vertex -28.315723419189453 -40.3221549987793 1.7000000476837158
vertex -28.218175888061523 -40.46814727783203 0
endloop
endfacet
facet normal 0.1951007507126451 0.9807832059488795 0
outer loop
vertex -27.899978637695312 -40.59994888305664 1.7000000476837158
vertex -27.899978637695312 -40.59994888305664 0
vertex -28.072185516357422 -40.56569290161133 1.7000000476837158
endloop
endfacet
facet normal 0.1951007507126451 0.9807832059488795 0
outer loop
vertex -28.072185516357422 -40.56569290161133 0
vertex -28.072185516357422 -40.56569290161133 1.7000000476837158
vertex -27.899978637695312 -40.59994888305664 0
endloop
endfacet
facet normal 0.5555622638012966 0.8314749371087372 0
outer loop
vertex -28.072185516357422 -40.56569290161133 0
vertex -28.218175888061523 -40.46814727783203 0
vertex -28.218175888061523 -40.46814727783203 1.7000000476837158
endloop
endfacet
facet normal 0.1951007507126451 -0.9807832059488795 0
outer loop
vertex -28.072185516357422 -39.73420333862305 1.7000000476837158
vertex -28.072185516357422 -39.73420333862305 0
vertex -27.899978637695312 -39.699947357177734 1.7000000476837158
endloop
endfacet
facet normal -0.5555622638012966 0.8314749371087372 0
outer loop
vertex -27.58177947998047 -40.46814727783203 1.7000000476837158
vertex -27.58177947998047 -40.46814727783203 0
vertex -27.72776985168457 -40.56569290161133 1.7000000476837158
endloop
endfacet
facet normal -0.1950986720690384 0.9807836194374872 0
outer loop
vertex -27.72776985168457 -40.56569290161133 1.7000000476837158
vertex -27.72776985168457 -40.56569290161133 0
vertex -27.899978637695312 -40.59994888305664 1.7000000476837158
endloop
endfacet
facet normal -0.1950986720690384 -0.9807836194374872 0
outer loop
vertex -27.899978637695312 -39.699947357177734 0
vertex -27.72776985168457 -39.73420333862305 0
vertex -27.72776985168457 -39.73420333862305 1.7000000476837158
endloop
endfacet
facet normal 0 0 -1
outer loop
vertex -28.218175888061523 -40.46814727783203 1.7000000476837158
vertex -28.315723419189453 -40.3221549987793 1.7000000476837158
vertex -28.218175888061523 -39.831748962402344 1.7000000476837158
endloop
endfacet
facet normal -0.8314732719568675 -0.5555647559208026 0
outer loop
vertex -27.48423194885254 -39.97774124145508 0
vertex -27.48423194885254 -39.97774124145508 1.7000000476837158
vertex -27.58177947998047 -39.831748962402344 0
endloop
endfacet
facet normal -0.5555622638012966 -0.8314749371087372 0
outer loop
vertex -27.58177947998047 -39.831748962402344 0
vertex -27.58177947998047 -39.831748962402344 1.7000000476837158
vertex -27.72776985168457 -39.73420333862305 0
endloop
endfacet
facet normal 0 0 -1
outer loop
vertex -28.218175888061523 -39.831748962402344 1.7000000476837158
vertex -28.315723419189453 -40.3221549987793 1.7000000476837158
vertex -28.315723419189453 -39.97774124145508 1.7000000476837158
endloop
endfacet
facet normal 0 0 -1
outer loop
vertex -28.072185516357422 -40.56569290161133 1.7000000476837158
vertex -28.218175888061523 -40.46814727783203 1.7000000476837158
vertex -28.072185516357422 -39.73420333862305 1.7000000476837158
endloop
endfacet
facet normal 0 0 -1
outer loop
vertex -27.899978637695312 -40.59994888305664 1.7000000476837158
vertex -28.072185516357422 -40.56569290161133 1.7000000476837158
vertex -27.899978637695312 -39.699947357177734 1.7000000476837158
endloop
endfacet
facet normal 0 0 -1
outer loop
vertex -27.72776985168457 -40.56569290161133 1.7000000476837158
vertex -27.899978637695312 -40.59994888305664 1.7000000476837158
vertex -27.72776985168457 -39.73420333862305 1.7000000476837158
endloop
endfacet
facet normal 0 0 -1
outer loop
vertex -27.58177947998047 -40.46814727783203 1.7000000476837158
vertex -27.72776985168457 -40.56569290161133 1.7000000476837158
vertex -27.58177947998047 -39.831748962402344 1.7000000476837158
endloop
endfacet
facet normal 0 0 -1
outer loop
vertex -27.48423194885254 -40.3221549987793 1.7000000476837158
vertex -27.58177947998047 -40.46814727783203 1.7000000476837158
vertex -27.48423194885254 -39.97774124145508 1.7000000476837158
endloop
endfacet
facet normal 0 0 -1
outer loop
vertex -28.072185516357422 -39.73420333862305 1.7000000476837158
vertex -28.218175888061523 -40.46814727783203 1.7000000476837158
vertex -28.218175888061523 -39.831748962402344 1.7000000476837158
endloop
endfacet
facet normal 0 0 -1
outer loop
vertex -27.899978637695312 -39.699947357177734 1.7000000476837158
vertex -28.072185516357422 -40.56569290161133 1.7000000476837158
vertex -28.072185516357422 -39.73420333862305 1.7000000476837158
endloop
endfacet
facet normal 0 0 -1
outer loop
vertex -27.899978637695312 -39.699947357177734 1.7000000476837158
vertex -27.72776985168457 -39.73420333862305 1.7000000476837158
vertex -27.899978637695312 -40.59994888305664 1.7000000476837158
endloop
endfacet
facet normal 0 0 -1
outer loop
vertex -27.58177947998047 -39.831748962402344 1.7000000476837158
vertex -27.72776985168457 -40.56569290161133 1.7000000476837158
vertex -27.72776985168457 -39.73420333862305 1.7000000476837158
endloop
endfacet
facet normal 0 0 -1
outer loop
vertex -27.58177947998047 -39.831748962402344 1.7000000476837158
vertex -27.48423194885254 -39.97774124145508 1.7000000476837158
vertex -27.58177947998047 -40.46814727783203 1.7000000476837158
endloop
endfacet
facet normal 0 0 -1
outer loop
vertex -27.44997787475586 -40.14994812011719 1.7000000476837158
vertex -27.48423194885254 -40.3221549987793 1.7000000476837158
vertex -27.48423194885254 -39.97774124145508 1.7000000476837158
endloop
endfacet
facet normal -0.5555622638012966 -0.8314749371087372 0
outer loop
vertex -27.72776985168457 -39.73420333862305 1.7000000476837158
vertex -27.72776985168457 -39.73420333862305 0
vertex -27.58177947998047 -39.831748962402344 1.7000000476837158
endloop
endfacet
facet normal 0.8314732719568675 -0.5555647559208026 0
outer loop
vertex -28.218175888061523 -39.831748962402344 0
vertex -28.218175888061523 -39.831748962402344 1.7000000476837158
vertex -28.315723419189453 -39.97774124145508 0
endloop
endfacet
facet normal 0 0 -1
outer loop
vertex -27.899978637695312 -38.42994689941406 1.7000000476837158
vertex -28.072185516357422 -39.29569625854492 1.7000000476837158
vertex -28.072185516357422 -38.464202880859375 1.7000000476837158
endloop
endfacet
facet normal 0 0 -1
outer loop
vertex -27.72776985168457 -39.29569625854492 1.7000000476837158
vertex -27.899978637695312 -39.32994842529297 1.7000000476837158
vertex -27.72776985168457 -38.464202880859375 1.7000000476837158
endloop
endfacet
facet normal 0 0 -1
outer loop
vertex -27.899978637695312 -39.32994842529297 1.7000000476837158
vertex -28.072185516357422 -39.29569625854492 1.7000000476837158
vertex -27.899978637695312 -38.42994689941406 1.7000000476837158
endloop
endfacet
facet normal 0 0 -1
outer loop
vertex -28.072185516357422 -39.29569625854492 1.7000000476837158
vertex -28.218175888061523 -39.19814682006836 1.7000000476837158
vertex -28.072185516357422 -38.464202880859375 1.7000000476837158
endloop
endfacet
facet normal -0.9807852845629332 0.19509030110388895 0
outer loop
vertex -27.48423194885254 -39.052154541015625 0
vertex -27.48423194885254 -39.052154541015625 1.7000000476837158
vertex -27.44997787475586 -38.879947662353516 0
endloop
endfacet
facet normal -0.8314732719568675 0.5555647559208026 0
outer loop
vertex -27.58177947998047 -39.19814682006836 0
vertex -27.58177947998047 -39.19814682006836 1.7000000476837158
vertex -27.48423194885254 -39.052154541015625 0
endloop
endfacet
facet normal 0 0 -1
outer loop
vertex -28.218175888061523 -38.56175231933594 1.7000000476837158
vertex -28.315723419189453 -39.052154541015625 1.7000000476837158
vertex -28.315723419189453 -38.707740783691406 1.7000000476837158
endloop
endfacet
facet normal 0 0 -1
outer loop
vertex -28.218175888061523 -39.19814682006836 1.7000000476837158
vertex -28.315723419189453 -39.052154541015625 1.7000000476837158
vertex -28.218175888061523 -38.56175231933594 1.7000000476837158
endloop
endfacet
facet normal 0 0 -1
outer loop
vertex -28.315723419189453 -39.052154541015625 1.7000000476837158
vertex -28.349977493286133 -38.879947662353516 1.7000000476837158
vertex -28.315723419189453 -38.707740783691406 1.7000000476837158
endloop
endfacet
facet normal 0 0 -1
outer loop
vertex -27.899978637695312 -38.42994689941406 1.7000000476837158
vertex -27.72776985168457 -38.464202880859375 1.7000000476837158
vertex -27.899978637695312 -39.32994842529297 1.7000000476837158
endloop
endfacet
facet normal 0 0 -1
outer loop
vertex -27.72776985168457 -38.464202880859375 1.7000000476837158
vertex -27.58177947998047 -38.56175231933594 1.7000000476837158
vertex -27.72776985168457 -39.29569625854492 1.7000000476837158
endloop
endfacet
facet normal 0 0 -1
outer loop
vertex -27.58177947998047 -39.19814682006836 1.7000000476837158
vertex -27.72776985168457 -39.29569625854492 1.7000000476837158
vertex -27.58177947998047 -38.56175231933594 1.7000000476837158
endloop
endfacet
facet normal 0 0 -1
outer loop
vertex -27.48423194885254 -39.052154541015625 1.7000000476837158
vertex -27.58177947998047 -39.19814682006836 1.7000000476837158
vertex -27.48423194885254 -38.707740783691406 1.7000000476837158
endloop
endfacet
facet normal 0 0 -1
outer loop
vertex -27.44997787475586 -38.879947662353516 1.7000000476837158
vertex -27.48423194885254 -39.052154541015625 1.7000000476837158
vertex -27.48423194885254 -38.707740783691406 1.7000000476837158
endloop
endfacet
facet normal -0.8314665660174577 -0.5555747920803612 0
outer loop
vertex -27.48423194885254 -38.707740783691406 0
vertex -27.48423194885254 -38.707740783691406 1.7000000476837158
vertex -27.58177947998047 -38.56175231933594 0
endloop
endfacet
facet normal -0.9807852845629332 -0.19509030110388895 0
outer loop
vertex -27.44997787475586 -38.879947662353516 0
vertex -27.44997787475586 -38.879947662353516 1.7000000476837158
vertex -27.48423194885254 -38.707740783691406 0
endloop
endfacet
facet normal 0.8314665660174577 -0.5555747920803612 0
outer loop
vertex -28.218175888061523 -38.56175231933594 0
vertex -28.218175888061523 -38.56175231933594 1.7000000476837158
vertex -28.315723419189453 -38.707740783691406 0
endloop
endfacet
facet normal 0.9807852845629332 -0.19509030110388895 0
outer loop
vertex -28.315723419189453 -38.707740783691406 0
vertex -28.315723419189453 -38.707740783691406 1.7000000476837158
vertex -28.349977493286133 -38.879947662353516 0
endloop
endfacet
facet normal -0.5555772839934787 -0.8314649009491799 0
outer loop
vertex -27.58177947998047 -38.56175231933594 0
vertex -27.58177947998047 -38.56175231933594 1.7000000476837158
vertex -27.72776985168457 -38.464202880859375 0
endloop
endfacet
facet normal -0.8314665660174577 -0.5555747920803612 0
outer loop
vertex -27.58177947998047 -38.56175231933594 1.7000000476837158
vertex -27.58177947998047 -38.56175231933594 0
vertex -27.48423194885254 -38.707740783691406 1.7000000476837158
endloop
endfacet
facet normal 0.9807852845629332 0.19509030110388895 0
outer loop
vertex -28.315723419189453 -39.052154541015625 0
vertex -28.349977493286133 -38.879947662353516 0
vertex -28.349977493286133 -38.879947662353516 1.7000000476837158
endloop
endfacet
facet normal 0.8314732719568675 0.5555647559208026 0
outer loop
vertex -28.315723419189453 -39.052154541015625 0
vertex -28.315723419189453 -39.052154541015625 1.7000000476837158
vertex -28.218175888061523 -39.19814682006836 0
endloop
endfacet
facet normal -0.1950986720690384 -0.9807836194374872 0
outer loop
vertex -27.899978637695312 -38.42994689941406 0
vertex -27.72776985168457 -38.464202880859375 0
vertex -27.72776985168457 -38.464202880859375 1.7000000476837158
endloop
endfacet
facet normal -0.9807852845629332 -0.19509030110388895 0
outer loop
vertex -27.48423194885254 -38.707740783691406 1.7000000476837158
vertex -27.48423194885254 -38.707740783691406 0
vertex -27.44997787475586 -38.879947662353516 1.7000000476837158
endloop
endfacet
facet normal 0.1950798514286955 0.9807873630744628 0
outer loop
vertex -28.072185516357422 -39.29569625854492 0
vertex -28.072185516357422 -39.29569625854492 1.7000000476837158
vertex -27.899978637695312 -39.32994842529297 0
endloop
endfacet
facet normal 0.1951007507126451 -0.9807832059488795 0
outer loop
vertex -27.899978637695312 -38.42994689941406 0
vertex -27.899978637695312 -38.42994689941406 1.7000000476837158
vertex -28.072185516357422 -38.464202880859375 0
endloop
endfacet
facet normal 0.5555772839934787 -0.8314649009491799 0
outer loop
vertex -28.072185516357422 -38.464202880859375 0
vertex -28.072185516357422 -38.464202880859375 1.7000000476837158
vertex -28.218175888061523 -38.56175231933594 0
endloop
endfacet
facet normal -0.9807852845629332 0.19509030110388895 0
outer loop
vertex -27.44997787475586 -38.879947662353516 1.7000000476837158
vertex -27.44997787475586 -38.879947662353516 0
vertex -27.48423194885254 -39.052154541015625 1.7000000476837158
endloop
endfacet
facet normal -0.5555772839934787 0.8314649009491799 0
outer loop
vertex -27.58177947998047 -39.19814682006836 0
vertex -27.72776985168457 -39.29569625854492 0
vertex -27.72776985168457 -39.29569625854492 1.7000000476837158
endloop
endfacet
facet normal 0.5555772839934787 0.8314649009491799 0
outer loop
vertex -28.072185516357422 -39.29569625854492 0
vertex -28.218175888061523 -39.19814682006836 0
vertex -28.218175888061523 -39.19814682006836 1.7000000476837158
endloop
endfacet
facet normal -0.8314732719568675 0.5555647559208026 0
outer loop
vertex -27.48423194885254 -39.052154541015625 1.7000000476837158
vertex -27.48423194885254 -39.052154541015625 0
vertex -27.58177947998047 -39.19814682006836 1.7000000476837158
endloop
endfacet
facet normal -0.5555772839934787 0.8314649009491799 0
outer loop
vertex -27.58177947998047 -39.19814682006836 1.7000000476837158
vertex -27.58177947998047 -39.19814682006836 0
vertex -27.72776985168457 -39.29569625854492 1.7000000476837158
endloop
endfacet
facet normal 0.8314732719568675 0.5555647559208026 0
outer loop
vertex -28.218175888061523 -39.19814682006836 1.7000000476837158
vertex -28.218175888061523 -39.19814682006836 0
vertex -28.315723419189453 -39.052154541015625 1.7000000476837158
endloop
endfacet
facet normal 0.1950798514286955 0.9807873630744628 0
outer loop
vertex -27.899978637695312 -39.32994842529297 1.7000000476837158
vertex -27.899978637695312 -39.32994842529297 0
vertex -28.072185516357422 -39.29569625854492 1.7000000476837158
endloop
endfacet
facet normal -0.5555772839934787 -0.8314649009491799 0
outer loop
vertex -27.72776985168457 -38.464202880859375 1.7000000476837158
vertex -27.72776985168457 -38.464202880859375 0
vertex -27.58177947998047 -38.56175231933594 1.7000000476837158
endloop
endfacet
facet normal -0.1950986720690384 -0.9807836194374872 0
outer loop
vertex -27.899978637695312 -38.42994689941406 1.7000000476837158
vertex -27.899978637695312 -38.42994689941406 0
vertex -27.72776985168457 -38.464202880859375 1.7000000476837158
endloop
endfacet
facet normal 0.1951007507126451 -0.9807832059488795 0
outer loop
vertex -28.072185516357422 -38.464202880859375 1.7000000476837158
vertex -28.072185516357422 -38.464202880859375 0
vertex -27.899978637695312 -38.42994689941406 1.7000000476837158
endloop
endfacet
facet normal 0.5555772839934787 -0.8314649009491799 0
outer loop
vertex -28.218175888061523 -38.56175231933594 1.7000000476837158
vertex -28.218175888061523 -38.56175231933594 0
vertex -28.072185516357422 -38.464202880859375 1.7000000476837158
endloop
endfacet
facet normal 0.5555772839934787 0.8314649009491799 0
outer loop
vertex -28.072185516357422 -39.29569625854492 1.7000000476837158
vertex -28.072185516357422 -39.29569625854492 0
vertex -28.218175888061523 -39.19814682006836 1.7000000476837158
endloop
endfacet
facet normal 0 0 -1
outer loop
vertex -27.58177947998047 -38.56175231933594 1.7000000476837158
vertex -27.48423194885254 -38.707740783691406 1.7000000476837158
vertex -27.58177947998047 -39.19814682006836 1.7000000476837158
endloop
endfacet
facet normal 0.8314665660174577 -0.5555747920803612 0
outer loop
vertex -28.315723419189453 -38.707740783691406 1.7000000476837158
vertex -28.315723419189453 -38.707740783691406 0
vertex -28.218175888061523 -38.56175231933594 1.7000000476837158
endloop
endfacet
facet normal 0.9807852845629332 -0.19509030110388895 0
outer loop
vertex -28.349977493286133 -38.879947662353516 1.7000000476837158
vertex -28.349977493286133 -38.879947662353516 0
vertex -28.315723419189453 -38.707740783691406 1.7000000476837158
endloop
endfacet
facet normal 0.9807852845629332 0.19509030110388895 0
outer loop
vertex -28.315723419189453 -39.052154541015625 1.7000000476837158
vertex -28.315723419189453 -39.052154541015625 0
vertex -28.349977493286133 -38.879947662353516 1.7000000476837158
endloop
endfacet
facet normal -0.19507777299013523 0.9807877764762413 0
outer loop
vertex -27.72776985168457 -39.29569625854492 1.7000000476837158
vertex -27.72776985168457 -39.29569625854492 0
vertex -27.899978637695312 -39.32994842529297 1.7000000476837158
endloop
endfacet
facet normal -0.19507777299013523 0.9807877764762413 0
outer loop
vertex -27.72776985168457 -39.29569625854492 0
vertex -27.899978637695312 -39.32994842529297 0
vertex -27.899978637695312 -39.32994842529297 1.7000000476837158
endloop
endfacet
facet normal 0 0 -1
outer loop
vertex -28.072185516357422 -38.464202880859375 1.7000000476837158
vertex -28.218175888061523 -39.19814682006836 1.7000000476837158
vertex -28.218175888061523 -38.56175231933594 1.7000000476837158
endloop
endfacet
facet normal 0 0 -1
outer loop
vertex -28.218175888061523 -37.291751861572266 1.7000000476837158
vertex -28.315723419189453 -37.78215789794922 1.7000000476837158
vertex -28.315723419189453 -37.437740325927734 1.7000000476837158
endloop
endfacet
facet normal -0.19507777299013523 0.9807877764762413 0
outer loop
vertex -27.72776985168457 -38.02569580078125 0
vertex -27.899978637695312 -38.0599479675293 0
vertex -27.899978637695312 -38.0599479675293 1.7000000476837158
endloop
endfacet
facet normal 0 0 -1
outer loop
vertex -27.44997787475586 -37.609947204589844 1.7000000476837158
vertex -27.48423194885254 -37.78215789794922 1.7000000476837158
vertex -27.48423194885254 -37.437740325927734 1.7000000476837158
endloop
endfacet
facet normal 0 0 -1
outer loop
vertex -27.58177947998047 -37.291751861572266 1.7000000476837158
vertex -27.48423194885254 -37.437740325927734 1.7000000476837158
vertex -27.58177947998047 -37.92814636230469 1.7000000476837158
endloop
endfacet
facet normal 0.8314665660174577 -0.5555747920803612 0
outer loop
vertex -28.315723419189453 -37.437740325927734 1.7000000476837158
vertex -28.315723419189453 -37.437740325927734 0
vertex -28.218175888061523 -37.291751861572266 1.7000000476837158
endloop
endfacet
facet normal 0.9807852845629332 -0.19509030110388895 0
outer loop
vertex -28.349977493286133 -37.609947204589844 1.7000000476837158
vertex -28.349977493286133 -37.609947204589844 0
vertex -28.315723419189453 -37.437740325927734 1.7000000476837158
endloop
endfacet
facet normal -0.9807861114401027 0.19508614406513386 0
outer loop
vertex -27.44997787475586 -37.609947204589844 1.7000000476837158
vertex -27.44997787475586 -37.609947204589844 0
vertex -27.48423194885254 -37.78215789794922 1.7000000476837158
endloop
endfacet
facet normal 0.8314665660174577 0.5555747920803612 0
outer loop
vertex -28.218175888061523 -37.92814636230469 1.7000000476837158
vertex -28.218175888061523 -37.92814636230469 0
vertex -28.315723419189453 -37.78215789794922 1.7000000476837158
endloop
endfacet
facet normal -0.8314665660174577 0.5555747920803612 0
outer loop
vertex -27.48423194885254 -37.78215789794922 1.7000000476837158
vertex -27.48423194885254 -37.78215789794922 0
vertex -27.58177947998047 -37.92814636230469 1.7000000476837158
endloop
endfacet
facet normal -0.5555772839934787 0.8314649009491799 0
outer loop
vertex -27.58177947998047 -37.92814636230469 1.7000000476837158
vertex -27.58177947998047 -37.92814636230469 0
vertex -27.72776985168457 -38.02569580078125 1.7000000476837158
endloop
endfacet
facet normal 0 0 -1
outer loop
vertex -27.58177947998047 -37.291751861572266 1.7000000476837158
vertex -27.72776985168457 -38.02569580078125 1.7000000476837158
vertex -27.72776985168457 -37.1942024230957 1.7000000476837158
endloop
endfacet
facet normal 0.5555772839934787 0.8314649009491799 0
outer loop
vertex -28.072185516357422 -38.02569580078125 1.7000000476837158
vertex -28.072185516357422 -38.02569580078125 0
vertex -28.218175888061523 -37.92814636230469 1.7000000476837158
endloop
endfacet
facet normal 0.9807861114401027 0.19508614406513386 0
outer loop
vertex -28.315723419189453 -37.78215789794922 0
vertex -28.349977493286133 -37.609947204589844 0
vertex -28.349977493286133 -37.609947204589844 1.7000000476837158
endloop
endfacet
facet normal 0 0 -1
outer loop
vertex -27.72776985168457 -37.1942024230957 1.7000000476837158
vertex -27.899978637695312 -38.0599479675293 1.7000000476837158
vertex -27.899978637695312 -37.159950256347656 1.7000000476837158
endloop
endfacet
facet normal 0 0 -1
outer loop
vertex -27.899978637695312 -37.159950256347656 1.7000000476837158
vertex -28.072185516357422 -38.02569580078125 1.7000000476837158
vertex -28.072185516357422 -37.1942024230957 1.7000000476837158
endloop
endfacet
facet normal 0 0 -1
outer loop
vertex -28.072185516357422 -37.1942024230957 1.7000000476837158
vertex -28.218175888061523 -37.92814636230469 1.7000000476837158
vertex -28.218175888061523 -37.291751861572266 1.7000000476837158
endloop
endfacet
facet normal 0 0 -1
outer loop
vertex -27.48423194885254 -37.78215789794922 1.7000000476837158
vertex -27.58177947998047 -37.92814636230469 1.7000000476837158
vertex -27.48423194885254 -37.437740325927734 1.7000000476837158
endloop
endfacet
facet normal 0.5555772839934787 -0.8314649009491799 0
outer loop
vertex -28.218175888061523 -37.291751861572266 1.7000000476837158
vertex -28.218175888061523 -37.291751861572266 0
vertex -28.072185516357422 -37.1942024230957 1.7000000476837158
endloop
endfacet
facet normal 0.1950798514286955 -0.9807873630744628 0
outer loop
vertex -28.072185516357422 -37.1942024230957 1.7000000476837158
vertex -28.072185516357422 -37.1942024230957 0
vertex -27.899978637695312 -37.159950256347656 1.7000000476837158
endloop
endfacet
facet normal -0.19507777299013523 -0.9807877764762413 0
outer loop
vertex -27.899978637695312 -37.159950256347656 1.7000000476837158
vertex -27.899978637695312 -37.159950256347656 0
vertex -27.72776985168457 -37.1942024230957 1.7000000476837158
endloop
endfacet
facet normal -0.5555772839934787 -0.8314649009491799 0
outer loop
vertex -27.72776985168457 -37.1942024230957 1.7000000476837158
vertex -27.72776985168457 -37.1942024230957 0
vertex -27.58177947998047 -37.291751861572266 1.7000000476837158
endloop
endfacet
facet normal -0.5555772839934787 -0.8314649009491799 0
outer loop
vertex -27.58177947998047 -37.291751861572266 0
vertex -27.58177947998047 -37.291751861572266 1.7000000476837158
vertex -27.72776985168457 -37.1942024230957 0
endloop
endfacet
facet normal -0.9807852845629332 -0.19509030110388895 0
outer loop
vertex -27.44997787475586 -37.609947204589844 0
vertex -27.44997787475586 -37.609947204589844 1.7000000476837158
vertex -27.48423194885254 -37.437740325927734 0
endloop
endfacet
facet normal 0 0 -1
outer loop
vertex -27.58177947998047 -37.92814636230469 1.7000000476837158
vertex -27.72776985168457 -38.02569580078125 1.7000000476837158
vertex -27.58177947998047 -37.291751861572266 1.7000000476837158
endloop
endfacet
facet normal -0.9807852845629332 -0.19509030110388895 0
outer loop
vertex -27.48423194885254 -37.437740325927734 1.7000000476837158
vertex -27.48423194885254 -37.437740325927734 0
vertex -27.44997787475586 -37.609947204589844 1.7000000476837158
endloop
endfacet
facet normal -0.8314665660174577 -0.5555747920803612 0
outer loop
vertex -27.58177947998047 -37.291751861572266 1.7000000476837158
vertex -27.58177947998047 -37.291751861572266 0
vertex -27.48423194885254 -37.437740325927734 1.7000000476837158
endloop
endfacet
facet normal 0 0 -1
outer loop
vertex -27.72776985168457 -38.02569580078125 1.7000000476837158
vertex -27.899978637695312 -38.0599479675293 1.7000000476837158
vertex -27.72776985168457 -37.1942024230957 1.7000000476837158
endloop
endfacet
facet normal -0.8314665660174577 -0.5555747920803612 0
outer loop
vertex -27.48423194885254 -37.437740325927734 0
vertex -27.48423194885254 -37.437740325927734 1.7000000476837158
vertex -27.58177947998047 -37.291751861572266 0
endloop
endfacet
facet normal -0.19507777299013523 -0.9807877764762413 0
outer loop
vertex -27.72776985168457 -37.1942024230957 0
vertex -27.72776985168457 -37.1942024230957 1.7000000476837158
vertex -27.899978637695312 -37.159950256347656 0
endloop
endfacet
facet normal 0.1950798514286955 -0.9807873630744628 0
outer loop
vertex -27.899978637695312 -37.159950256347656 0
vertex -27.899978637695312 -37.159950256347656 1.7000000476837158
vertex -28.072185516357422 -37.1942024230957 0
endloop
endfacet
facet normal 0.5555772839934787 -0.8314649009491799 0
outer loop
vertex -28.072185516357422 -37.1942024230957 0
vertex -28.072185516357422 -37.1942024230957 1.7000000476837158
vertex -28.218175888061523 -37.291751861572266 0
endloop
endfacet
facet normal 0 0 -1
outer loop
vertex -27.899978637695312 -38.0599479675293 1.7000000476837158
vertex -28.072185516357422 -38.02569580078125 1.7000000476837158
vertex -27.899978637695312 -37.159950256347656 1.7000000476837158
endloop
endfacet
facet normal 0 0 -1
outer loop
vertex -28.072185516357422 -38.02569580078125 1.7000000476837158
vertex -28.218175888061523 -37.92814636230469 1.7000000476837158
vertex -28.072185516357422 -37.1942024230957 1.7000000476837158
endloop
endfacet
facet normal 0.8314665660174577 -0.5555747920803612 0
outer loop
vertex -28.218175888061523 -37.291751861572266 0
vertex -28.218175888061523 -37.291751861572266 1.7000000476837158
vertex -28.315723419189453 -37.437740325927734 0
endloop
endfacet
facet normal 0.9807861114401027 0.19508614406513386 0
outer loop
vertex -28.315723419189453 -37.78215789794922 1.7000000476837158
vertex -28.315723419189453 -37.78215789794922 0
vertex -28.349977493286133 -37.609947204589844 1.7000000476837158
endloop
endfacet
facet normal 0.9807852845629332 -0.19509030110388895 0
outer loop
vertex -28.315723419189453 -37.437740325927734 0
vertex -28.315723419189453 -37.437740325927734 1.7000000476837158
vertex -28.349977493286133 -37.609947204589844 0
endloop
endfacet
facet normal 0 0 -1
outer loop
vertex -28.315723419189453 -37.78215789794922 1.7000000476837158
vertex -28.349977493286133 -37.609947204589844 1.7000000476837158
vertex -28.315723419189453 -37.437740325927734 1.7000000476837158
endloop
endfacet
facet normal -0.9807861114401027 0.19508614406513386 0
outer loop
vertex -27.48423194885254 -37.78215789794922 0
vertex -27.48423194885254 -37.78215789794922 1.7000000476837158
vertex -27.44997787475586 -37.609947204589844 0
endloop
endfacet
facet normal 0 0 -1
outer loop
vertex -28.218175888061523 -37.92814636230469 1.7000000476837158
vertex -28.315723419189453 -37.78215789794922 1.7000000476837158
vertex -28.218175888061523 -37.291751861572266 1.7000000476837158
endloop
endfacet
facet normal -0.8314665660174577 0.5555747920803612 0
outer loop
vertex -27.58177947998047 -37.92814636230469 0
vertex -27.58177947998047 -37.92814636230469 1.7000000476837158
vertex -27.48423194885254 -37.78215789794922 0
endloop
endfacet
facet normal 0.8314665660174577 0.5555747920803612 0
outer loop
vertex -28.315723419189453 -37.78215789794922 0
vertex -28.315723419189453 -37.78215789794922 1.7000000476837158
vertex -28.218175888061523 -37.92814636230469 0
endloop
endfacet
facet normal -0.19507777299013523 0.9807877764762413 0
outer loop
vertex -27.72776985168457 -38.02569580078125 1.7000000476837158
vertex -27.72776985168457 -38.02569580078125 0
vertex -27.899978637695312 -38.0599479675293 1.7000000476837158
endloop
endfacet
facet normal -0.5555772839934787 0.8314649009491799 0
outer loop
vertex -27.58177947998047 -37.92814636230469 0
vertex -27.72776985168457 -38.02569580078125 0
vertex -27.72776985168457 -38.02569580078125 1.7000000476837158
endloop
endfacet
facet normal 0.1950798514286955 0.9807873630744628 0
outer loop
vertex -27.899978637695312 -38.0599479675293 1.7000000476837158
vertex -27.899978637695312 -38.0599479675293 0
vertex -28.072185516357422 -38.02569580078125 1.7000000476837158
endloop
endfacet
facet normal 0.5555772839934787 0.8314649009491799 0
outer loop
vertex -28.072185516357422 -38.02569580078125 0
vertex -28.218175888061523 -37.92814636230469 0
vertex -28.218175888061523 -37.92814636230469 1.7000000476837158
endloop
endfacet
facet normal 0.1950798514286955 0.9807873630744628 0
outer loop
vertex -27.899978637695312 -38.0599479675293 0
vertex -28.072185516357422 -38.02569580078125 0
vertex -28.072185516357422 -38.02569580078125 1.7000000476837158
endloop
endfacet
facet normal 0.8314665660174577 0.5555747920803612 0
outer loop
vertex -28.218175888061523 -36.658145904541016 1.7000000476837158
vertex -28.218175888061523 -36.658145904541016 0
vertex -28.315723419189453 -36.51215744018555 1.7000000476837158
endloop
endfacet
facet normal 0 0 -1
outer loop
vertex -28.072185516357422 -36.75569534301758 1.7000000476837158
vertex -28.218175888061523 -36.658145904541016 1.7000000476837158
vertex -28.072185516357422 -35.92420196533203 1.7000000476837158
endloop
endfacet
facet normal 0 0 -1
outer loop
vertex -27.72776985168457 -36.75569534301758 1.7000000476837158
vertex -27.899978637695312 -36.789947509765625 1.7000000476837158
vertex -27.72776985168457 -35.92420196533203 1.7000000476837158
endloop
endfacet
facet normal 0 0 -1
outer loop
vertex -28.072185516357422 -35.92420196533203 1.7000000476837158
vertex -28.218175888061523 -36.658145904541016 1.7000000476837158
vertex -28.218175888061523 -36.021751403808594 1.7000000476837158
endloop
endfacet
facet normal -0.8314665660174577 -0.5555747920803612 0
outer loop
vertex -27.58177947998047 -36.021751403808594 1.7000000476837158
vertex -27.58177947998047 -36.021751403808594 0
vertex -27.48423194885254 -36.16773986816406 1.7000000476837158
endloop
endfacet
facet normal -0.9807852845629332 -0.19509030110388895 0
outer loop
vertex -27.48423194885254 -36.16773986816406 1.7000000476837158
vertex -27.48423194885254 -36.16773986816406 0
vertex -27.44997787475586 -36.33994674682617 1.7000000476837158
endloop
endfacet
facet normal -0.9807861114401027 0.19508614406513386 0
outer loop
vertex -27.44997787475586 -36.33994674682617 1.7000000476837158
vertex -27.44997787475586 -36.33994674682617 0
vertex -27.48423194885254 -36.51215744018555 1.7000000476837158
endloop
endfacet
facet normal -0.8314665660174577 0.5555747920803612 0
outer loop
vertex -27.48423194885254 -36.51215744018555 1.7000000476837158
vertex -27.48423194885254 -36.51215744018555 0
vertex -27.58177947998047 -36.658145904541016 1.7000000476837158
endloop
endfacet
facet normal -0.5555772839934787 0.8314649009491799 0
outer loop
vertex -27.58177947998047 -36.658145904541016 1.7000000476837158
vertex -27.58177947998047 -36.658145904541016 0
vertex -27.72776985168457 -36.75569534301758 1.7000000476837158
endloop
endfacet
facet normal 0 0 -1
outer loop
vertex -27.899978637695312 -35.889949798583984 1.7000000476837158
vertex -28.072185516357422 -36.75569534301758 1.7000000476837158
vertex -28.072185516357422 -35.92420196533203 1.7000000476837158
endloop
endfacet
facet normal 0.8314665660174577 0.5555747920803612 0
outer loop
vertex -28.315723419189453 -36.51215744018555 0
vertex -28.315723419189453 -36.51215744018555 1.7000000476837158
vertex -28.218175888061523 -36.658145904541016 0
endloop
endfacet
facet normal 0 0 -1
outer loop
vertex -27.72776985168457 -35.92420196533203 1.7000000476837158
vertex -27.899978637695312 -36.789947509765625 1.7000000476837158
vertex -27.899978637695312 -35.889949798583984 1.7000000476837158
endloop
endfacet
facet normal 0.9807861114401027 0.19508614406513386 0
outer loop
vertex -28.349977493286133 -36.33994674682617 0
vertex -28.349977493286133 -36.33994674682617 1.7000000476837158
vertex -28.315723419189453 -36.51215744018555 0
endloop
endfacet
facet normal -0.5555772839934787 -0.8314649009491799 0
outer loop
vertex -27.72776985168457 -35.92420196533203 1.7000000476837158
vertex -27.72776985168457 -35.92420196533203 0
vertex -27.58177947998047 -36.021751403808594 1.7000000476837158
endloop
endfacet
facet normal 0.9807852845629332 -0.19509030110388895 0
outer loop
vertex -28.315723419189453 -36.16773986816406 0
vertex -28.315723419189453 -36.16773986816406 1.7000000476837158
vertex -28.349977493286133 -36.33994674682617 0
endloop
endfacet
facet normal 0.8314665660174577 -0.5555747920803612 0
outer loop
vertex -28.218175888061523 -36.021751403808594 0
vertex -28.218175888061523 -36.021751403808594 1.7000000476837158
vertex -28.315723419189453 -36.16773986816406 0
endloop
endfacet
facet normal -0.19507777299013523 -0.9807877764762413 0
outer loop
vertex -27.899978637695312 -35.889949798583984 1.7000000476837158
vertex -27.899978637695312 -35.889949798583984 0
vertex -27.72776985168457 -35.92420196533203 1.7000000476837158
endloop
endfacet
facet normal 0 0 -1
outer loop
vertex -27.72776985168457 -35.92420196533203 1.7000000476837158
vertex -27.58177947998047 -36.021751403808594 1.7000000476837158
vertex -27.72776985168457 -36.75569534301758 1.7000000476837158
endloop
endfacet
facet normal 0 0 -1
outer loop
vertex -27.58177947998047 -36.658145904541016 1.7000000476837158
vertex -27.72776985168457 -36.75569534301758 1.7000000476837158
vertex -27.58177947998047 -36.021751403808594 1.7000000476837158
endloop
endfacet
facet normal 0.1950798514286955 0.9807873630744628 0
outer loop
vertex -27.899978637695312 -36.789947509765625 0
vertex -28.072185516357422 -36.75569534301758 0
vertex -28.072185516357422 -36.75569534301758 1.7000000476837158
endloop
endfacet
facet normal -0.19507777299013523 0.9807877764762413 0
outer loop
vertex -27.72776985168457 -36.75569534301758 0
vertex -27.899978637695312 -36.789947509765625 0
vertex -27.899978637695312 -36.789947509765625 1.7000000476837158
endloop
endfacet
facet normal -0.5555772839934787 0.8314649009491799 0
outer loop
vertex -27.58177947998047 -36.658145904541016 0
vertex -27.72776985168457 -36.75569534301758 0
vertex -27.72776985168457 -36.75569534301758 1.7000000476837158
endloop
endfacet
facet normal 0.1950798514286955 -0.9807873630744628 0
outer loop
vertex -28.072185516357422 -35.92420196533203 1.7000000476837158
vertex -28.072185516357422 -35.92420196533203 0
vertex -27.899978637695312 -35.889949798583984 1.7000000476837158
endloop
endfacet
facet normal 0.5555772839934787 -0.8314649009491799 0
outer loop
vertex -28.218175888061523 -36.021751403808594 1.7000000476837158
vertex -28.218175888061523 -36.021751403808594 0
vertex -28.072185516357422 -35.92420196533203 1.7000000476837158
endloop
endfacet
facet normal -0.19507777299013523 0.9807877764762413 0
outer loop
vertex -27.72776985168457 -36.75569534301758 1.7000000476837158
vertex -27.72776985168457 -36.75569534301758 0
vertex -27.899978637695312 -36.789947509765625 1.7000000476837158
endloop
endfacet
facet normal 0.1950798514286955 0.9807873630744628 0
outer loop
vertex -27.899978637695312 -36.789947509765625 1.7000000476837158
vertex -27.899978637695312 -36.789947509765625 0
vertex -28.072185516357422 -36.75569534301758 1.7000000476837158
endloop
endfacet
facet normal 0.5555772839934787 0.8314649009491799 0
outer loop
vertex -28.072185516357422 -36.75569534301758 1.7000000476837158
vertex -28.072185516357422 -36.75569534301758 0
vertex -28.218175888061523 -36.658145904541016 1.7000000476837158
endloop
endfacet
facet normal 0.5555772839934787 0.8314649009491799 0
outer loop
vertex -28.072185516357422 -36.75569534301758 0
vertex -28.218175888061523 -36.658145904541016 0
vertex -28.218175888061523 -36.658145904541016 1.7000000476837158
endloop
endfacet
facet normal 0.5555772839934787 -0.8314649009491799 0
outer loop
vertex -28.072185516357422 -35.92420196533203 0
vertex -28.072185516357422 -35.92420196533203 1.7000000476837158
vertex -28.218175888061523 -36.021751403808594 0
endloop
endfacet
facet normal 0.1950798514286955 -0.9807873630744628 0
outer loop
vertex -27.899978637695312 -35.889949798583984 0
vertex -27.899978637695312 -35.889949798583984 1.7000000476837158
vertex -28.072185516357422 -35.92420196533203 0
endloop
endfacet
facet normal -0.19507777299013523 -0.9807877764762413 0
outer loop
vertex -27.72776985168457 -35.92420196533203 0
vertex -27.72776985168457 -35.92420196533203 1.7000000476837158
vertex -27.899978637695312 -35.889949798583984 0
endloop
endfacet
facet normal -0.8314665660174577 0.5555747920803612 0
outer loop
vertex -27.48423194885254 -36.51215744018555 0
vertex -27.58177947998047 -36.658145904541016 0
vertex -27.58177947998047 -36.658145904541016 1.7000000476837158
endloop
endfacet
facet normal -0.9807861114401027 0.19508614406513386 0
outer loop
vertex -27.48423194885254 -36.51215744018555 0
vertex -27.48423194885254 -36.51215744018555 1.7000000476837158
vertex -27.44997787475586 -36.33994674682617 0
endloop
endfacet
facet normal 0.8314665660174577 -0.5555747920803612 0
outer loop
vertex -28.315723419189453 -36.16773986816406 1.7000000476837158
vertex -28.315723419189453 -36.16773986816406 0
vertex -28.218175888061523 -36.021751403808594 1.7000000476837158
endloop
endfacet
facet normal -0.8314665660174577 -0.5555747920803612 0
outer loop
vertex -27.48423194885254 -36.16773986816406 0
vertex -27.48423194885254 -36.16773986816406 1.7000000476837158
vertex -27.58177947998047 -36.021751403808594 0
endloop
endfacet
facet normal -0.9807852845629332 -0.19509030110388895 0
outer loop
vertex -27.44997787475586 -36.33994674682617 0
vertex -27.44997787475586 -36.33994674682617 1.7000000476837158
vertex -27.48423194885254 -36.16773986816406 0
endloop
endfacet
facet normal -0.5555772839934787 -0.8314649009491799 0
outer loop
vertex -27.58177947998047 -36.021751403808594 0
vertex -27.58177947998047 -36.021751403808594 1.7000000476837158
vertex -27.72776985168457 -35.92420196533203 0
endloop
endfacet
facet normal 0 0 -1
outer loop
vertex -28.218175888061523 -36.658145904541016 1.7000000476837158
vertex -28.315723419189453 -36.51215744018555 1.7000000476837158
vertex -28.218175888061523 -36.021751403808594 1.7000000476837158
endloop
endfacet
facet normal 0 0 -1
outer loop
vertex -28.218175888061523 -36.021751403808594 1.7000000476837158
vertex -28.315723419189453 -36.51215744018555 1.7000000476837158
vertex -28.315723419189453 -36.16773986816406 1.7000000476837158
endloop
endfacet
facet normal 0.9807852845629332 -0.19509030110388895 0
outer loop
vertex -28.349977493286133 -36.33994674682617 1.7000000476837158
vertex -28.349977493286133 -36.33994674682617 0
vertex -28.315723419189453 -36.16773986816406 1.7000000476837158
endloop
endfacet
facet normal 0 0 -1
outer loop
vertex -27.48423194885254 -36.51215744018555 1.7000000476837158
vertex -27.58177947998047 -36.658145904541016 1.7000000476837158
vertex -27.48423194885254 -36.16773986816406 1.7000000476837158
endloop
endfacet
facet normal 0 0 -1
outer loop
vertex -27.44997787475586 -36.33994674682617 1.7000000476837158
vertex -27.48423194885254 -36.51215744018555 1.7000000476837158
vertex -27.48423194885254 -36.16773986816406 1.7000000476837158
endloop
endfacet
facet normal 0 0 -1
outer loop
vertex -27.58177947998047 -36.021751403808594 1.7000000476837158
vertex -27.48423194885254 -36.16773986816406 1.7000000476837158
vertex -27.58177947998047 -36.658145904541016 1.7000000476837158
endloop
endfacet
facet normal 0 0 -1
outer loop
vertex -28.315723419189453 -36.51215744018555 1.7000000476837158
vertex -28.349977493286133 -36.33994674682617 1.7000000476837158
vertex -28.315723419189453 -36.16773986816406 1.7000000476837158
endloop
endfacet
facet normal 0.9807861114401027 0.19508614406513386 0
outer loop
vertex -28.315723419189453 -36.51215744018555 1.7000000476837158
vertex -28.315723419189453 -36.51215744018555 0
vertex -28.349977493286133 -36.33994674682617 1.7000000476837158
endloop
endfacet
facet normal 0 0 -1
outer loop
vertex -27.899978637695312 -36.789947509765625 1.7000000476837158
vertex -28.072185516357422 -36.75569534301758 1.7000000476837158
vertex -27.899978637695312 -35.889949798583984 1.7000000476837158
endloop
endfacet
facet normal -0.5555772839934787 0.8314649009491799 0
outer loop
vertex -8.582072257995605 -36.658145904541016 0
vertex -8.728062629699707 -36.75569534301758 0
vertex -8.728062629699707 -36.75569534301758 1.7000000476837158
endloop
endfacet
facet normal -0.5555772839934787 -0.8314649009491799 0
outer loop
vertex -8.728062629699707 -35.92420196533203 1.7000000476837158
vertex -8.728062629699707 -35.92420196533203 0
vertex -8.582072257995605 -36.021751403808594 1.7000000476837158
endloop
endfacet
facet normal 0 0 -1
outer loop
vertex -8.582072257995605 -36.021751403808594 1.7000000476837158
vertex -8.728062629699707 -36.75569534301758 1.7000000476837158
vertex -8.728062629699707 -35.92420196533203 1.7000000476837158
endloop
endfacet
facet normal 0 0 -1
outer loop
vertex -8.728062629699707 -35.92420196533203 1.7000000476837158
vertex -8.900269508361816 -36.789947509765625 1.7000000476837158
vertex -8.900269508361816 -35.889949798583984 1.7000000476837158
endloop
endfacet
facet normal 0 0 -1
outer loop
vertex -8.900269508361816 -35.889949798583984 1.7000000476837158
vertex -9.072477340698242 -36.75569534301758 1.7000000476837158
vertex -9.072477340698242 -35.92420196533203 1.7000000476837158
endloop
endfacet
facet normal 0 0 -1
outer loop
vertex -8.45026969909668 -36.33994674682617 1.7000000476837158
vertex -8.48452377319336 -36.51215744018555 1.7000000476837158
vertex -8.48452377319336 -36.16773986816406 1.7000000476837158
endloop
endfacet
facet normal 0 0 -1
outer loop
vertex -8.48452377319336 -36.51215744018555 1.7000000476837158
vertex -8.582072257995605 -36.658145904541016 1.7000000476837158
vertex -8.48452377319336 -36.16773986816406 1.7000000476837158
endloop
endfacet
facet normal 0 0 -1
outer loop
vertex -8.582072257995605 -36.658145904541016 1.7000000476837158
vertex -8.728062629699707 -36.75569534301758 1.7000000476837158
vertex -8.582072257995605 -36.021751403808594 1.7000000476837158
endloop
endfacet
facet normal 0 0 -1
outer loop
vertex -8.728062629699707 -36.75569534301758 1.7000000476837158
vertex -8.900269508361816 -36.789947509765625 1.7000000476837158
vertex -8.728062629699707 -35.92420196533203 1.7000000476837158
endloop
endfacet
facet normal 0 0 -1
outer loop
vertex -8.900269508361816 -36.789947509765625 1.7000000476837158
vertex -9.072477340698242 -36.75569534301758 1.7000000476837158
vertex -8.900269508361816 -35.889949798583984 1.7000000476837158
endloop
endfacet
facet normal 0.8314665660174577 -0.5555747920803612 0
outer loop
vertex -9.316015243530273 -36.16773986816406 1.7000000476837158
vertex -9.316015243530273 -36.16773986816406 0
vertex -9.218467712402344 -36.021751403808594 1.7000000476837158
endloop
endfacet
facet normal 0.5555772839934787 -0.8314649009491799 0
outer loop
vertex -9.072477340698242 -35.92420196533203 0
vertex -9.072477340698242 -35.92420196533203 1.7000000476837158
vertex -9.218467712402344 -36.021751403808594 0
endloop
endfacet
facet normal 0.8314665660174577 -0.5555747920803612 0
outer loop
vertex -9.218467712402344 -36.021751403808594 0
vertex -9.218467712402344 -36.021751403808594 1.7000000476837158
vertex -9.316015243530273 -36.16773986816406 0
endloop
endfacet
facet normal 0.9807842452687219 -0.1950955259165719 0
outer loop
vertex -9.316015243530273 -36.16773986816406 0
vertex -9.316015243530273 -36.16773986816406 1.7000000476837158
vertex -9.35027027130127 -36.33994674682617 0
endloop
endfacet
facet normal 0.8314665660174577 0.5555747920803612 0
outer loop
vertex -9.218467712402344 -36.658145904541016 0
vertex -9.316015243530273 -36.51215744018555 0
vertex -9.316015243530273 -36.51215744018555 1.7000000476837158
endloop
endfacet
facet normal 0.5555772839934787 0.8314649009491799 0
outer loop
vertex -9.218467712402344 -36.658145904541016 0
vertex -9.218467712402344 -36.658145904541016 1.7000000476837158
vertex -9.072477340698242 -36.75569534301758 0
endloop
endfacet
facet normal 0.9807850721893059 0.19509136877529504 0
outer loop
vertex -9.35027027130127 -36.33994674682617 0
vertex -9.35027027130127 -36.33994674682617 1.7000000476837158
vertex -9.316015243530273 -36.51215744018555 0
endloop
endfacet
facet normal 0.1950788122039888 0.9807875697770038 0
outer loop
vertex -8.900269508361816 -36.789947509765625 0
vertex -9.072477340698242 -36.75569534301758 0
vertex -9.072477340698242 -36.75569534301758 1.7000000476837158
endloop
endfacet
facet normal -0.1950798514286955 0.9807873630744628 0
outer loop
vertex -8.728062629699707 -36.75569534301758 0
vertex -8.900269508361816 -36.789947509765625 0
vertex -8.900269508361816 -36.789947509765625 1.7000000476837158
endloop
endfacet
facet normal 0.9807842452687219 -0.1950955259165719 0
outer loop
vertex -9.35027027130127 -36.33994674682617 1.7000000476837158
vertex -9.35027027130127 -36.33994674682617 0
vertex -9.316015243530273 -36.16773986816406 1.7000000476837158
endloop
endfacet
facet normal 0.8314665660174577 0.5555747920803612 0
outer loop
vertex -9.218467712402344 -36.658145904541016 1.7000000476837158
vertex -9.218467712402344 -36.658145904541016 0
vertex -9.316015243530273 -36.51215744018555 1.7000000476837158
endloop
endfacet
facet normal 0.9807850721893059 0.19509136877529504 0
outer loop
vertex -9.316015243530273 -36.51215744018555 1.7000000476837158
vertex -9.316015243530273 -36.51215744018555 0
vertex -9.35027027130127 -36.33994674682617 1.7000000476837158
endloop
endfacet
facet normal 0.5555772839934787 0.8314649009491799 0
outer loop
vertex -9.072477340698242 -36.75569534301758 1.7000000476837158
vertex -9.072477340698242 -36.75569534301758 0
vertex -9.218467712402344 -36.658145904541016 1.7000000476837158
endloop
endfacet
facet normal -0.9807861114401027 0.19508614406513386 0
outer loop
vertex -8.45026969909668 -36.33994674682617 0
vertex -8.48452377319336 -36.51215744018555 0
vertex -8.48452377319336 -36.51215744018555 1.7000000476837158
endloop
endfacet
facet normal 0.1950788122039888 -0.9807875697770038 0
outer loop
vertex -8.900269508361816 -35.889949798583984 0
vertex -8.900269508361816 -35.889949798583984 1.7000000476837158
vertex -9.072477340698242 -35.92420196533203 0
endloop
endfacet
facet normal -0.1950798514286955 -0.9807873630744628 0
outer loop
vertex -8.728062629699707 -35.92420196533203 0
vertex -8.728062629699707 -35.92420196533203 1.7000000476837158
vertex -8.900269508361816 -35.889949798583984 0
endloop
endfacet
facet normal -0.9807852845629332 -0.19509030110388895 0
outer loop
vertex -8.45026969909668 -36.33994674682617 0
vertex -8.45026969909668 -36.33994674682617 1.7000000476837158
vertex -8.48452377319336 -36.16773986816406 0
endloop
endfacet
facet normal -0.8314640569414533 -0.5555785471150407 0
outer loop
vertex -8.48452377319336 -36.16773986816406 0
vertex -8.48452377319336 -36.16773986816406 1.7000000476837158
vertex -8.582072257995605 -36.021751403808594 0
endloop
endfacet
facet normal -0.5555772839934787 -0.8314649009491799 0
outer loop
vertex -8.582072257995605 -36.021751403808594 0
vertex -8.582072257995605 -36.021751403808594 1.7000000476837158
vertex -8.728062629699707 -35.92420196533203 0
endloop
endfacet
facet normal 0 0 -1
outer loop
vertex -8.582072257995605 -36.021751403808594 1.7000000476837158
vertex -8.48452377319336 -36.16773986816406 1.7000000476837158
vertex -8.582072257995605 -36.658145904541016 1.7000000476837158
endloop
endfacet
facet normal -0.8314640569414533 0.5555785471150407 0
outer loop
vertex -8.48452377319336 -36.51215744018555 0
vertex -8.582072257995605 -36.658145904541016 0
vertex -8.582072257995605 -36.658145904541016 1.7000000476837158
endloop
endfacet
facet normal 0 0 -1
outer loop
vertex -9.316015243530273 -36.51215744018555 1.7000000476837158
vertex -9.35027027130127 -36.33994674682617 1.7000000476837158
vertex -9.316015243530273 -36.16773986816406 1.7000000476837158
endloop
endfacet
facet normal 0 0 -1
outer loop
vertex -9.218467712402344 -36.658145904541016 1.7000000476837158
vertex -9.316015243530273 -36.51215744018555 1.7000000476837158
vertex -9.218467712402344 -36.021751403808594 1.7000000476837158
endloop
endfacet
facet normal 0 0 -1
outer loop
vertex -9.072477340698242 -36.75569534301758 1.7000000476837158
vertex -9.218467712402344 -36.658145904541016 1.7000000476837158
vertex -9.072477340698242 -35.92420196533203 1.7000000476837158
endloop
endfacet
facet normal 0 0 -1
outer loop
vertex -9.218467712402344 -36.021751403808594 1.7000000476837158
vertex -9.316015243530273 -36.51215744018555 1.7000000476837158
vertex -9.316015243530273 -36.16773986816406 1.7000000476837158
endloop
endfacet
facet normal 0 0 -1
outer loop
vertex -9.072477340698242 -35.92420196533203 1.7000000476837158
vertex -9.218467712402344 -36.658145904541016 1.7000000476837158
vertex -9.218467712402344 -36.021751403808594 1.7000000476837158
endloop
endfacet
facet normal -0.8314640569414533 -0.5555785471150407 0
outer loop
vertex -8.582072257995605 -36.021751403808594 1.7000000476837158
vertex -8.582072257995605 -36.021751403808594 0
vertex -8.48452377319336 -36.16773986816406 1.7000000476837158
endloop
endfacet
facet normal 0.1950788122039888 0.9807875697770038 0
outer loop
vertex -8.900269508361816 -36.789947509765625 1.7000000476837158
vertex -8.900269508361816 -36.789947509765625 0
vertex -9.072477340698242 -36.75569534301758 1.7000000476837158
endloop
endfacet
facet normal -0.1950798514286955 0.9807873630744628 0
outer loop
vertex -8.728062629699707 -36.75569534301758 1.7000000476837158
vertex -8.728062629699707 -36.75569534301758 0
vertex -8.900269508361816 -36.789947509765625 1.7000000476837158
endloop
endfacet
facet normal -0.5555772839934787 0.8314649009491799 0
outer loop
vertex -8.582072257995605 -36.658145904541016 1.7000000476837158
vertex -8.582072257995605 -36.658145904541016 0
vertex -8.728062629699707 -36.75569534301758 1.7000000476837158
endloop
endfacet
facet normal -0.8314640569414533 0.5555785471150407 0
outer loop
vertex -8.48452377319336 -36.51215744018555 1.7000000476837158
vertex -8.48452377319336 -36.51215744018555 0
vertex -8.582072257995605 -36.658145904541016 1.7000000476837158
endloop
endfacet
facet normal -0.9807861114401027 0.19508614406513386 0
outer loop
vertex -8.45026969909668 -36.33994674682617 1.7000000476837158
vertex -8.45026969909668 -36.33994674682617 0
vertex -8.48452377319336 -36.51215744018555 1.7000000476837158
endloop
endfacet
facet normal 0.1950788122039888 -0.9807875697770038 0
outer loop
vertex -9.072477340698242 -35.92420196533203 1.7000000476837158
vertex -9.072477340698242 -35.92420196533203 0
vertex -8.900269508361816 -35.889949798583984 1.7000000476837158
endloop
endfacet
facet normal -0.1950798514286955 -0.9807873630744628 0
outer loop
vertex -8.900269508361816 -35.889949798583984 1.7000000476837158
vertex -8.900269508361816 -35.889949798583984 0
vertex -8.728062629699707 -35.92420196533203 1.7000000476837158
endloop
endfacet
facet normal -0.9807852845629332 -0.19509030110388895 0
outer loop
vertex -8.48452377319336 -36.16773986816406 1.7000000476837158
vertex -8.48452377319336 -36.16773986816406 0
vertex -8.45026969909668 -36.33994674682617 1.7000000476837158
endloop
endfacet
facet normal 0.5555772839934787 -0.8314649009491799 0
outer loop
vertex -9.218467712402344 -36.021751403808594 1.7000000476837158
vertex -9.218467712402344 -36.021751403808594 0
vertex -9.072477340698242 -35.92420196533203 1.7000000476837158
endloop
endfacet
facet normal -0.8314640569414533 -0.5555785471150407 0
outer loop
vertex -8.582072257995605 -37.291751861572266 1.7000000476837158
vertex -8.582072257995605 -37.291751861572266 0
vertex -8.48452377319336 -37.437740325927734 1.7000000476837158
endloop
endfacet
facet normal 0.8314665660174577 0.5555747920803612 0
outer loop
vertex -9.218467712402344 -37.92814636230469 1.7000000476837158
vertex -9.218467712402344 -37.92814636230469 0
vertex -9.316015243530273 -37.78215789794922 1.7000000476837158
endloop
endfacet
facet normal 0.9807850721893059 0.19509136877529504 0
outer loop
vertex -9.316015243530273 -37.78215789794922 1.7000000476837158
vertex -9.316015243530273 -37.78215789794922 0
vertex -9.35027027130127 -37.609947204589844 1.7000000476837158
endloop
endfacet
facet normal 0.9807850721893059 0.19509136877529504 0
outer loop
vertex -9.35027027130127 -37.609947204589844 0
vertex -9.35027027130127 -37.609947204589844 1.7000000476837158
vertex -9.316015243530273 -37.78215789794922 0
endloop
endfacet
facet normal 0.5555772839934787 0.8314649009491799 0
outer loop
vertex -9.218467712402344 -37.92814636230469 0
vertex -9.218467712402344 -37.92814636230469 1.7000000476837158
vertex -9.072477340698242 -38.02569580078125 0
endloop
endfacet
facet normal -0.5555772839934787 -0.8314649009491799 0
outer loop
vertex -8.728062629699707 -37.1942024230957 1.7000000476837158
vertex -8.728062629699707 -37.1942024230957 0
vertex -8.582072257995605 -37.291751861572266 1.7000000476837158
endloop
endfacet
facet normal -0.9807852845629332 -0.19509030110388895 0
outer loop
vertex -8.48452377319336 -37.437740325927734 1.7000000476837158
vertex -8.48452377319336 -37.437740325927734 0
vertex -8.45026969909668 -37.609947204589844 1.7000000476837158
endloop
endfacet
facet normal -0.1950798514286955 -0.9807873630744628 0
outer loop
vertex -8.900269508361816 -37.159950256347656 1.7000000476837158
vertex -8.900269508361816 -37.159950256347656 0
vertex -8.728062629699707 -37.1942024230957 1.7000000476837158
endloop
endfacet
facet normal 0.1950788122039888 -0.9807875697770038 0
outer loop
vertex -9.072477340698242 -37.1942024230957 1.7000000476837158
vertex -9.072477340698242 -37.1942024230957 0
vertex -8.900269508361816 -37.159950256347656 1.7000000476837158
endloop
endfacet
facet normal -0.9807861114401027 0.19508614406513386 0
outer loop
vertex -8.45026969909668 -37.609947204589844 1.7000000476837158
vertex -8.45026969909668 -37.609947204589844 0
vertex -8.48452377319336 -37.78215789794922 1.7000000476837158
endloop
endfacet
facet normal 0 0 -1
outer loop
vertex -9.072477340698242 -37.1942024230957 1.7000000476837158
vertex -9.218467712402344 -37.92814636230469 1.7000000476837158
vertex -9.218467712402344 -37.291751861572266 1.7000000476837158
endloop
endfacet
facet normal 0 0 -1
outer loop
vertex -9.218467712402344 -37.291751861572266 1.7000000476837158
vertex -9.316015243530273 -37.78215789794922 1.7000000476837158
vertex -9.316015243530273 -37.437740325927734 1.7000000476837158
endloop
endfacet
facet normal 0 0 -1
outer loop
vertex -9.072477340698242 -38.02569580078125 1.7000000476837158
vertex -9.218467712402344 -37.92814636230469 1.7000000476837158
vertex -9.072477340698242 -37.1942024230957 1.7000000476837158
endloop
endfacet
facet normal 0 0 -1
outer loop
vertex -9.218467712402344 -37.92814636230469 1.7000000476837158
vertex -9.316015243530273 -37.78215789794922 1.7000000476837158
vertex -9.218467712402344 -37.291751861572266 1.7000000476837158
endloop
endfacet
facet normal 0 0 -1
outer loop
vertex -9.316015243530273 -37.78215789794922 1.7000000476837158
vertex -9.35027027130127 -37.609947204589844 1.7000000476837158
vertex -9.316015243530273 -37.437740325927734 1.7000000476837158
endloop
endfacet
facet normal -0.8314640569414533 0.5555785471150407 0
outer loop
vertex -8.48452377319336 -37.78215789794922 1.7000000476837158
vertex -8.48452377319336 -37.78215789794922 0
vertex -8.582072257995605 -37.92814636230469 1.7000000476837158
endloop
endfacet
facet normal -0.5555772839934787 0.8314649009491799 0
outer loop
vertex -8.582072257995605 -37.92814636230469 1.7000000476837158
vertex -8.582072257995605 -37.92814636230469 0
vertex -8.728062629699707 -38.02569580078125 1.7000000476837158
endloop
endfacet
facet normal -0.1950798514286955 0.9807873630744628 0
outer loop
vertex -8.728062629699707 -38.02569580078125 1.7000000476837158
vertex -8.728062629699707 -38.02569580078125 0
vertex -8.900269508361816 -38.0599479675293 1.7000000476837158
endloop
endfacet
facet normal 0.1950788122039888 0.9807875697770038 0
outer loop
vertex -8.900269508361816 -38.0599479675293 1.7000000476837158
vertex -8.900269508361816 -38.0599479675293 0
vertex -9.072477340698242 -38.02569580078125 1.7000000476837158
endloop
endfacet
facet normal 0.5555772839934787 0.8314649009491799 0
outer loop
vertex -9.072477340698242 -38.02569580078125 1.7000000476837158
vertex -9.072477340698242 -38.02569580078125 0
vertex -9.218467712402344 -37.92814636230469 1.7000000476837158
endloop
endfacet
facet normal 0.9807842452687219 -0.1950955259165719 0
outer loop
vertex -9.35027027130127 -37.609947204589844 1.7000000476837158
vertex -9.35027027130127 -37.609947204589844 0
vertex -9.316015243530273 -37.437740325927734 1.7000000476837158
endloop
endfacet
facet normal 0.8314665660174577 -0.5555747920803612 0
outer loop
vertex -9.316015243530273 -37.437740325927734 1.7000000476837158
vertex -9.316015243530273 -37.437740325927734 0
vertex -9.218467712402344 -37.291751861572266 1.7000000476837158
endloop
endfacet
facet normal 0.5555772839934787 -0.8314649009491799 0
outer loop
vertex -9.218467712402344 -37.291751861572266 1.7000000476837158
vertex -9.218467712402344 -37.291751861572266 0
vertex -9.072477340698242 -37.1942024230957 1.7000000476837158
endloop
endfacet
facet normal 0 0 -1
outer loop
vertex -8.900269508361816 -38.0599479675293 1.7000000476837158
vertex -9.072477340698242 -38.02569580078125 1.7000000476837158
vertex -8.900269508361816 -37.159950256347656 1.7000000476837158
endloop
endfacet
facet normal 0 0 -1
outer loop
vertex -8.728062629699707 -38.02569580078125 1.7000000476837158
vertex -8.900269508361816 -38.0599479675293 1.7000000476837158
vertex -8.728062629699707 -37.1942024230957 1.7000000476837158
endloop
endfacet
facet normal 0.8314665660174577 0.5555747920803612 0
outer loop
vertex -9.218467712402344 -37.92814636230469 0
vertex -9.316015243530273 -37.78215789794922 0
vertex -9.316015243530273 -37.78215789794922 1.7000000476837158
endloop
endfacet
facet normal 0.9807842452687219 -0.1950955259165719 0
outer loop
vertex -9.316015243530273 -37.437740325927734 0
vertex -9.316015243530273 -37.437740325927734 1.7000000476837158
vertex -9.35027027130127 -37.609947204589844 0
endloop
endfacet
facet normal 0.8314665660174577 -0.5555747920803612 0
outer loop
vertex -9.218467712402344 -37.291751861572266 0
vertex -9.218467712402344 -37.291751861572266 1.7000000476837158
vertex -9.316015243530273 -37.437740325927734 0
endloop
endfacet
facet normal 0.5555772839934787 -0.8314649009491799 0
outer loop
vertex -9.072477340698242 -37.1942024230957 0
vertex -9.072477340698242 -37.1942024230957 1.7000000476837158
vertex -9.218467712402344 -37.291751861572266 0
endloop
endfacet
facet normal 0 0 -1
outer loop
vertex -8.582072257995605 -37.92814636230469 1.7000000476837158
vertex -8.728062629699707 -38.02569580078125 1.7000000476837158
vertex -8.582072257995605 -37.291751861572266 1.7000000476837158
endloop
endfacet
facet normal 0 0 -1
outer loop
vertex -8.48452377319336 -37.78215789794922 1.7000000476837158
vertex -8.582072257995605 -37.92814636230469 1.7000000476837158
vertex -8.48452377319336 -37.437740325927734 1.7000000476837158
endloop
endfacet
facet normal 0 0 -1
outer loop
vertex -8.45026969909668 -37.609947204589844 1.7000000476837158
vertex -8.48452377319336 -37.78215789794922 1.7000000476837158
vertex -8.48452377319336 -37.437740325927734 1.7000000476837158
endloop
endfacet
facet normal 0 0 -1
outer loop
vertex -8.900269508361816 -37.159950256347656 1.7000000476837158
vertex -9.072477340698242 -38.02569580078125 1.7000000476837158
vertex -9.072477340698242 -37.1942024230957 1.7000000476837158
endloop
endfacet
facet normal 0 0 -1
outer loop
vertex -8.728062629699707 -37.1942024230957 1.7000000476837158
vertex -8.900269508361816 -38.0599479675293 1.7000000476837158
vertex -8.900269508361816 -37.159950256347656 1.7000000476837158
endloop
endfacet
facet normal 0 0 -1
outer loop
vertex -8.582072257995605 -37.291751861572266 1.7000000476837158
vertex -8.728062629699707 -38.02569580078125 1.7000000476837158
vertex -8.728062629699707 -37.1942024230957 1.7000000476837158
endloop
endfacet
facet normal -0.5555772839934787 -0.8314649009491799 0
outer loop
vertex -8.582072257995605 -37.291751861572266 0
vertex -8.582072257995605 -37.291751861572266 1.7000000476837158
vertex -8.728062629699707 -37.1942024230957 0
endloop
endfacet
facet normal -0.8314640569414533 -0.5555785471150407 0
outer loop
vertex -8.582072257995605 -37.291751861572266 0
vertex -8.48452377319336 -37.437740325927734 0
vertex -8.48452377319336 -37.437740325927734 1.7000000476837158
endloop
endfacet
facet normal -0.9807852845629332 -0.19509030110388895 0
outer loop
vertex -8.48452377319336 -37.437740325927734 0
vertex -8.45026969909668 -37.609947204589844 0
vertex -8.45026969909668 -37.609947204589844 1.7000000476837158
endloop
endfacet
facet normal -0.1950798514286955 -0.9807873630744628 0
outer loop
vertex -8.728062629699707 -37.1942024230957 0
vertex -8.728062629699707 -37.1942024230957 1.7000000476837158
vertex -8.900269508361816 -37.159950256347656 0
endloop
endfacet
facet normal 0.1950788122039888 -0.9807875697770038 0
outer loop
vertex -8.900269508361816 -37.159950256347656 0
vertex -8.900269508361816 -37.159950256347656 1.7000000476837158
vertex -9.072477340698242 -37.1942024230957 0
endloop
endfacet
facet normal -0.9807861114401027 0.19508614406513386 0
outer loop
vertex -8.48452377319336 -37.78215789794922 0
vertex -8.48452377319336 -37.78215789794922 1.7000000476837158
vertex -8.45026969909668 -37.609947204589844 0
endloop
endfacet
facet normal -0.8314640569414533 0.5555785471150407 0
outer loop
vertex -8.48452377319336 -37.78215789794922 0
vertex -8.582072257995605 -37.92814636230469 0
vertex -8.582072257995605 -37.92814636230469 1.7000000476837158
endloop
endfacet
facet normal -0.5555772839934787 0.8314649009491799 0
outer loop
vertex -8.582072257995605 -37.92814636230469 0
vertex -8.728062629699707 -38.02569580078125 0
vertex -8.728062629699707 -38.02569580078125 1.7000000476837158
endloop
endfacet
facet normal -0.1950798514286955 0.9807873630744628 0
outer loop
vertex -8.728062629699707 -38.02569580078125 0
vertex -8.900269508361816 -38.0599479675293 0
vertex -8.900269508361816 -38.0599479675293 1.7000000476837158
endloop
endfacet
facet normal 0.1950788122039888 0.9807875697770038 0
outer loop
vertex -8.900269508361816 -38.0599479675293 0
vertex -9.072477340698242 -38.02569580078125 0
vertex -9.072477340698242 -38.02569580078125 1.7000000476837158
endloop
endfacet
facet normal 0 0 -1
outer loop
vertex -8.582072257995605 -37.291751861572266 1.7000000476837158
vertex -8.48452377319336 -37.437740325927734 1.7000000476837158
vertex -8.582072257995605 -37.92814636230469 1.7000000476837158
endloop
endfacet
facet normal 0.1950788122039888 0.9807875697770038 0
outer loop
vertex -8.900269508361816 -39.32994842529297 0
vertex -9.072477340698242 -39.29569625854492 0
vertex -9.072477340698242 -39.29569625854492 1.7000000476837158
endloop
endfacet
facet normal 0.5555772839934787 0.8314649009491799 0
outer loop
vertex -9.072477340698242 -39.29569625854492 0
vertex -9.218467712402344 -39.19814682006836 0
vertex -9.218467712402344 -39.19814682006836 1.7000000476837158
endloop
endfacet
facet normal -0.8314707629512766 0.5555685109482196 0
outer loop
vertex -8.48452377319336 -39.052154541015625 0
vertex -8.582072257995605 -39.19814682006836 0
vertex -8.582072257995605 -39.19814682006836 1.7000000476837158
endloop
endfacet
facet normal -0.9807852845629332 0.19509030110388895 0
outer loop
vertex -8.45026969909668 -38.879947662353516 0
vertex -8.48452377319336 -39.052154541015625 0
vertex -8.48452377319336 -39.052154541015625 1.7000000476837158
endloop
endfacet
facet normal 0.19509971138541468 -0.9807834126948354 0
outer loop
vertex -8.900269508361816 -38.42994689941406 0
vertex -8.900269508361816 -38.42994689941406 1.7000000476837158
vertex -9.072477340698242 -38.464202880859375 0
endloop
endfacet
facet normal -0.1951007507126451 -0.9807832059488795 0
outer loop
vertex -8.900269508361816 -38.42994689941406 0
vertex -8.728062629699707 -38.464202880859375 0
vertex -8.728062629699707 -38.464202880859375 1.7000000476837158
endloop
endfacet
facet normal -0.9807852845629332 -0.19509030110388895 0
outer loop
vertex -8.45026969909668 -38.879947662353516 0
vertex -8.45026969909668 -38.879947662353516 1.7000000476837158
vertex -8.48452377319336 -38.707740783691406 0
endloop
endfacet
facet normal -0.8314640569414533 -0.5555785471150407 0
outer loop
vertex -8.582072257995605 -38.56175231933594 0
vertex -8.48452377319336 -38.707740783691406 0
vertex -8.48452377319336 -38.707740783691406 1.7000000476837158
endloop
endfacet
facet normal -0.5555772839934787 -0.8314649009491799 0
outer loop
vertex -8.582072257995605 -38.56175231933594 0
vertex -8.582072257995605 -38.56175231933594 1.7000000476837158
vertex -8.728062629699707 -38.464202880859375 0
endloop
endfacet
facet normal -0.1950798514286955 0.9807873630744628 0
outer loop
vertex -8.728062629699707 -39.29569625854492 0
vertex -8.900269508361816 -39.32994842529297 0
vertex -8.900269508361816 -39.32994842529297 1.7000000476837158
endloop
endfacet
facet normal 0 0 -1
outer loop
vertex -8.582072257995605 -38.56175231933594 1.7000000476837158
vertex -8.48452377319336 -38.707740783691406 1.7000000476837158
vertex -8.582072257995605 -39.19814682006836 1.7000000476837158
endloop
endfacet
facet normal 0 0 -1
outer loop
vertex -8.582072257995605 -38.56175231933594 1.7000000476837158
vertex -8.728062629699707 -39.29569625854492 1.7000000476837158
vertex -8.728062629699707 -38.464202880859375 1.7000000476837158
endloop
endfacet
facet normal 0 0 -1
outer loop
vertex -8.900269508361816 -38.42994689941406 1.7000000476837158
vertex -8.728062629699707 -38.464202880859375 1.7000000476837158
vertex -8.900269508361816 -39.32994842529297 1.7000000476837158
endloop
endfacet
facet normal 0 0 -1
outer loop
vertex -8.900269508361816 -38.42994689941406 1.7000000476837158
vertex -9.072477340698242 -39.29569625854492 1.7000000476837158
vertex -9.072477340698242 -38.464202880859375 1.7000000476837158
endloop
endfacet
facet normal 0 0 -1
outer loop
vertex -8.45026969909668 -38.879947662353516 1.7000000476837158
vertex -8.48452377319336 -39.052154541015625 1.7000000476837158
vertex -8.48452377319336 -38.707740783691406 1.7000000476837158
endloop
endfacet
facet normal 0.1950788122039888 0.9807875697770038 0
outer loop
vertex -8.900269508361816 -39.32994842529297 1.7000000476837158
vertex -8.900269508361816 -39.32994842529297 0
vertex -9.072477340698242 -39.29569625854492 1.7000000476837158
endloop
endfacet
facet normal -0.1950798514286955 0.9807873630744628 0
outer loop
vertex -8.728062629699707 -39.29569625854492 1.7000000476837158
vertex -8.728062629699707 -39.29569625854492 0
vertex -8.900269508361816 -39.32994842529297 1.7000000476837158
endloop
endfacet
facet normal -0.5555772839934787 0.8314649009491799 0
outer loop
vertex -8.582072257995605 -39.19814682006836 1.7000000476837158
vertex -8.582072257995605 -39.19814682006836 0
vertex -8.728062629699707 -39.29569625854492 1.7000000476837158
endloop
endfacet
facet normal 0 0 -1
outer loop
vertex -8.48452377319336 -39.052154541015625 1.7000000476837158
vertex -8.582072257995605 -39.19814682006836 1.7000000476837158
vertex -8.48452377319336 -38.707740783691406 1.7000000476837158
endloop
endfacet
facet normal -0.8314707629512766 0.5555685109482196 0
outer loop
vertex -8.48452377319336 -39.052154541015625 1.7000000476837158
vertex -8.48452377319336 -39.052154541015625 0
vertex -8.582072257995605 -39.19814682006836 1.7000000476837158
endloop
endfacet
facet normal 0 0 -1
outer loop
vertex -8.582072257995605 -39.19814682006836 1.7000000476837158
vertex -8.728062629699707 -39.29569625854492 1.7000000476837158
vertex -8.582072257995605 -38.56175231933594 1.7000000476837158
endloop
endfacet
facet normal -0.9807852845629332 0.19509030110388895 0
outer loop
vertex -8.45026969909668 -38.879947662353516 1.7000000476837158
vertex -8.45026969909668 -38.879947662353516 0
vertex -8.48452377319336 -39.052154541015625 1.7000000476837158
endloop
endfacet
facet normal 0.19509971138541468 -0.9807834126948354 0
outer loop
vertex -9.072477340698242 -38.464202880859375 1.7000000476837158
vertex -9.072477340698242 -38.464202880859375 0
vertex -8.900269508361816 -38.42994689941406 1.7000000476837158
endloop
endfacet
facet normal -0.1951007507126451 -0.9807832059488795 0
outer loop
vertex -8.900269508361816 -38.42994689941406 1.7000000476837158
vertex -8.900269508361816 -38.42994689941406 0
vertex -8.728062629699707 -38.464202880859375 1.7000000476837158
endloop
endfacet
facet normal 0 0 -1
outer loop
vertex -9.316015243530273 -39.052154541015625 1.7000000476837158
vertex -9.35027027130127 -38.879947662353516 1.7000000476837158
vertex -9.316015243530273 -38.707740783691406 1.7000000476837158
endloop
endfacet
facet normal 0 0 -1
outer loop
vertex -9.218467712402344 -39.19814682006836 1.7000000476837158
vertex -9.316015243530273 -39.052154541015625 1.7000000476837158
vertex -9.218467712402344 -38.56175231933594 1.7000000476837158
endloop
endfacet
facet normal 0 0 -1
outer loop
vertex -9.072477340698242 -39.29569625854492 1.7000000476837158
vertex -9.218467712402344 -39.19814682006836 1.7000000476837158
vertex -9.072477340698242 -38.464202880859375 1.7000000476837158
endloop
endfacet
facet normal 0 0 -1
outer loop
vertex -9.218467712402344 -38.56175231933594 1.7000000476837158
vertex -9.316015243530273 -39.052154541015625 1.7000000476837158
vertex -9.316015243530273 -38.707740783691406 1.7000000476837158
endloop
endfacet
facet normal 0 0 -1
outer loop
vertex -9.072477340698242 -38.464202880859375 1.7000000476837158
vertex -9.218467712402344 -39.19814682006836 1.7000000476837158
vertex -9.218467712402344 -38.56175231933594 1.7000000476837158
endloop
endfacet
facet normal 0 0 -1
outer loop
vertex -8.728062629699707 -39.29569625854492 1.7000000476837158
vertex -8.900269508361816 -39.32994842529297 1.7000000476837158
vertex -8.728062629699707 -38.464202880859375 1.7000000476837158
endloop
endfacet
facet normal -0.9807852845629332 -0.19509030110388895 0
outer loop
vertex -8.48452377319336 -38.707740783691406 1.7000000476837158
vertex -8.48452377319336 -38.707740783691406 0
vertex -8.45026969909668 -38.879947662353516 1.7000000476837158
endloop
endfacet
facet normal -0.5555772839934787 -0.8314649009491799 0
outer loop
vertex -8.728062629699707 -38.464202880859375 1.7000000476837158
vertex -8.728062629699707 -38.464202880859375 0
vertex -8.582072257995605 -38.56175231933594 1.7000000476837158
endloop
endfacet
facet normal -0.8314640569414533 -0.5555785471150407 0
outer loop
vertex -8.582072257995605 -38.56175231933594 1.7000000476837158
vertex -8.582072257995605 -38.56175231933594 0
vertex -8.48452377319336 -38.707740783691406 1.7000000476837158
endloop
endfacet
facet normal 0 0 -1
outer loop
vertex -8.900269508361816 -39.32994842529297 1.7000000476837158
vertex -9.072477340698242 -39.29569625854492 1.7000000476837158
vertex -8.900269508361816 -38.42994689941406 1.7000000476837158
endloop
endfacet
facet normal 0.9807842452687219 0.1950955259165719 0
outer loop
vertex -9.35027027130127 -38.879947662353516 0
vertex -9.35027027130127 -38.879947662353516 1.7000000476837158
vertex -9.316015243530273 -39.052154541015625 0
endloop
endfacet
facet normal 0.9807842452687219 0.1950955259165719 0
outer loop
vertex -9.316015243530273 -39.052154541015625 1.7000000476837158
vertex -9.316015243530273 -39.052154541015625 0
vertex -9.35027027130127 -38.879947662353516 1.7000000476837158
endloop
endfacet
facet normal 0.8314732719568675 0.5555647559208026 0
outer loop
vertex -9.218467712402344 -39.19814682006836 1.7000000476837158
vertex -9.218467712402344 -39.19814682006836 0
vertex -9.316015243530273 -39.052154541015625 1.7000000476837158
endloop
endfacet
facet normal 0.5555772839934787 0.8314649009491799 0
outer loop
vertex -9.072477340698242 -39.29569625854492 1.7000000476837158
vertex -9.072477340698242 -39.29569625854492 0
vertex -9.218467712402344 -39.19814682006836 1.7000000476837158
endloop
endfacet
facet normal 0.9807842452687219 -0.1950955259165719 0
outer loop
vertex -9.35027027130127 -38.879947662353516 1.7000000476837158
vertex -9.35027027130127 -38.879947662353516 0
vertex -9.316015243530273 -38.707740783691406 1.7000000476837158
endloop
endfacet
facet normal 0.8314665660174577 -0.5555747920803612 0
outer loop
vertex -9.316015243530273 -38.707740783691406 1.7000000476837158
vertex -9.316015243530273 -38.707740783691406 0
vertex -9.218467712402344 -38.56175231933594 1.7000000476837158
endloop
endfacet
facet normal 0.5555772839934787 -0.8314649009491799 0
outer loop
vertex -9.218467712402344 -38.56175231933594 1.7000000476837158
vertex -9.218467712402344 -38.56175231933594 0
vertex -9.072477340698242 -38.464202880859375 1.7000000476837158
endloop
endfacet
facet normal 0.5555772839934787 -0.8314649009491799 0
outer loop
vertex -9.072477340698242 -38.464202880859375 0
vertex -9.072477340698242 -38.464202880859375 1.7000000476837158
vertex -9.218467712402344 -38.56175231933594 0
endloop
endfacet
facet normal 0.8314665660174577 -0.5555747920803612 0
outer loop
vertex -9.218467712402344 -38.56175231933594 0
vertex -9.218467712402344 -38.56175231933594 1.7000000476837158
vertex -9.316015243530273 -38.707740783691406 0
endloop
endfacet
facet normal 0.9807842452687219 -0.1950955259165719 0
outer loop
vertex -9.316015243530273 -38.707740783691406 0
vertex -9.316015243530273 -38.707740783691406 1.7000000476837158
vertex -9.35027027130127 -38.879947662353516 0
endloop
endfacet
facet normal 0.8314732719568675 0.5555647559208026 0
outer loop
vertex -9.218467712402344 -39.19814682006836 0
vertex -9.316015243530273 -39.052154541015625 0
vertex -9.316015243530273 -39.052154541015625 1.7000000476837158
endloop
endfacet
facet normal -0.5555772839934787 0.8314649009491799 0
outer loop
vertex -8.582072257995605 -39.19814682006836 0
vertex -8.728062629699707 -39.29569625854492 0
vertex -8.728062629699707 -39.29569625854492 1.7000000476837158
endloop
endfacet
facet normal 0.5555622638012966 -0.8314749371087372 0
outer loop
vertex -9.218467712402344 -39.831748962402344 1.7000000476837158
vertex -9.218467712402344 -39.831748962402344 0
vertex -9.072477340698242 -39.73420333862305 1.7000000476837158
endloop
endfacet
facet normal 0.5555622638012966 -0.8314749371087372 0
outer loop
vertex -9.072477340698242 -39.73420333862305 0
vertex -9.072477340698242 -39.73420333862305 1.7000000476837158
vertex -9.218467712402344 -39.831748962402344 0
endloop
endfacet
facet normal 0.8314732719568675 -0.5555647559208026 0
outer loop
vertex -9.218467712402344 -39.831748962402344 0
vertex -9.218467712402344 -39.831748962402344 1.7000000476837158
vertex -9.316015243530273 -39.97774124145508 0
endloop
endfacet
facet normal 0.9807842452687219 -0.1950955259165719 0
outer loop
vertex -9.316015243530273 -39.97774124145508 0
vertex -9.316015243530273 -39.97774124145508 1.7000000476837158
vertex -9.35027027130127 -40.14994812011719 0
endloop
endfacet
facet normal 0.8314732719568675 0.5555647559208026 0
outer loop
vertex -9.218467712402344 -40.46814727783203 0
vertex -9.316015243530273 -40.3221549987793 0
vertex -9.316015243530273 -40.3221549987793 1.7000000476837158
endloop
endfacet
facet normal 0.5555622638012966 0.8314749371087372 0
outer loop
vertex -9.072477340698242 -40.56569290161133 0
vertex -9.218467712402344 -40.46814727783203 0
vertex -9.218467712402344 -40.46814727783203 1.7000000476837158
endloop
endfacet
facet normal 0.9807842452687219 0.1950955259165719 0
outer loop
vertex -9.35027027130127 -40.14994812011719 0
vertex -9.35027027130127 -40.14994812011719 1.7000000476837158
vertex -9.316015243530273 -40.3221549987793 0
endloop
endfacet
facet normal 0 0 -1
outer loop
vertex -8.900269508361816 -40.59994888305664 1.7000000476837158
vertex -9.072477340698242 -40.56569290161133 1.7000000476837158
vertex -8.900269508361816 -39.699947357177734 1.7000000476837158
endloop
endfacet
facet normal 0 0 -1
outer loop
vertex -8.728062629699707 -40.56569290161133 1.7000000476837158
vertex -8.900269508361816 -40.59994888305664 1.7000000476837158
vertex -8.728062629699707 -39.73420333862305 1.7000000476837158
endloop
endfacet
facet normal 0 0 -1
outer loop
vertex -8.582072257995605 -40.46814727783203 1.7000000476837158
vertex -8.728062629699707 -40.56569290161133 1.7000000476837158
vertex -8.582072257995605 -39.831748962402344 1.7000000476837158
endloop
endfacet
facet normal 0 0 -1
outer loop
vertex -8.48452377319336 -40.3221549987793 1.7000000476837158
vertex -8.582072257995605 -40.46814727783203 1.7000000476837158
vertex -8.48452377319336 -39.97774124145508 1.7000000476837158
endloop
endfacet
facet normal 0 0 -1
outer loop
vertex -8.900269508361816 -39.699947357177734 1.7000000476837158
vertex -9.072477340698242 -40.56569290161133 1.7000000476837158
vertex -9.072477340698242 -39.73420333862305 1.7000000476837158
endloop
endfacet
facet normal 0 0 -1
outer loop
vertex -8.900269508361816 -39.699947357177734 1.7000000476837158
vertex -8.728062629699707 -39.73420333862305 1.7000000476837158
vertex -8.900269508361816 -40.59994888305664 1.7000000476837158
endloop
endfacet
facet normal 0 0 -1
outer loop
vertex -8.582072257995605 -39.831748962402344 1.7000000476837158
vertex -8.728062629699707 -40.56569290161133 1.7000000476837158
vertex -8.728062629699707 -39.73420333862305 1.7000000476837158
endloop
endfacet
facet normal 0 0 -1
outer loop
vertex -8.582072257995605 -39.831748962402344 1.7000000476837158
vertex -8.48452377319336 -39.97774124145508 1.7000000476837158
vertex -8.582072257995605 -40.46814727783203 1.7000000476837158
endloop
endfacet
facet normal 0 0 -1
outer loop
vertex -8.45026969909668 -40.14994812011719 1.7000000476837158
vertex -8.48452377319336 -40.3221549987793 1.7000000476837158
vertex -8.48452377319336 -39.97774124145508 1.7000000476837158
endloop
endfacet
facet normal 0.8314732719568675 -0.5555647559208026 0
outer loop
vertex -9.316015243530273 -39.97774124145508 1.7000000476837158
vertex -9.316015243530273 -39.97774124145508 0
vertex -9.218467712402344 -39.831748962402344 1.7000000476837158
endloop
endfacet
facet normal 0.9807842452687219 -0.1950955259165719 0
outer loop
vertex -9.35027027130127 -40.14994812011719 1.7000000476837158
vertex -9.35027027130127 -40.14994812011719 0
vertex -9.316015243530273 -39.97774124145508 1.7000000476837158
endloop
endfacet
facet normal 0.5555622638012966 0.8314749371087372 0
outer loop
vertex -9.072477340698242 -40.56569290161133 1.7000000476837158
vertex -9.072477340698242 -40.56569290161133 0
vertex -9.218467712402344 -40.46814727783203 1.7000000476837158
endloop
endfacet
facet normal 0.8314732719568675 0.5555647559208026 0
outer loop
vertex -9.218467712402344 -40.46814727783203 1.7000000476837158
vertex -9.218467712402344 -40.46814727783203 0
vertex -9.316015243530273 -40.3221549987793 1.7000000476837158
endloop
endfacet
facet normal 0.9807842452687219 0.1950955259165719 0
outer loop
vertex -9.316015243530273 -40.3221549987793 1.7000000476837158
vertex -9.316015243530273 -40.3221549987793 0
vertex -9.35027027130127 -40.14994812011719 1.7000000476837158
endloop
endfacet
facet normal 0 0 -1
outer loop
vertex -9.072477340698242 -39.73420333862305 1.7000000476837158
vertex -9.218467712402344 -40.46814727783203 1.7000000476837158
vertex -9.218467712402344 -39.831748962402344 1.7000000476837158
endloop
endfacet
facet normal 0 0 -1
outer loop
vertex -9.218467712402344 -39.831748962402344 1.7000000476837158
vertex -9.316015243530273 -40.3221549987793 1.7000000476837158
vertex -9.316015243530273 -39.97774124145508 1.7000000476837158
endloop
endfacet
facet normal 0 0 -1
outer loop
vertex -9.316015243530273 -40.3221549987793 1.7000000476837158
vertex -9.35027027130127 -40.14994812011719 1.7000000476837158
vertex -9.316015243530273 -39.97774124145508 1.7000000476837158
endloop
endfacet
facet normal 0 0 -1
outer loop
vertex -9.072477340698242 -40.56569290161133 1.7000000476837158
vertex -9.218467712402344 -40.46814727783203 1.7000000476837158
vertex -9.072477340698242 -39.73420333862305 1.7000000476837158
endloop
endfacet
facet normal 0 0 -1
outer loop
vertex -9.218467712402344 -40.46814727783203 1.7000000476837158
vertex -9.316015243530273 -40.3221549987793 1.7000000476837158
vertex -9.218467712402344 -39.831748962402344 1.7000000476837158
endloop
endfacet
facet normal 0.19509971138541468 0.9807834126948354 0
outer loop
vertex -8.900269508361816 -40.59994888305664 0
vertex -9.072477340698242 -40.56569290161133 0
vertex -9.072477340698242 -40.56569290161133 1.7000000476837158
endloop
endfacet
facet normal -0.1951007507126451 0.9807832059488795 0
outer loop
vertex -8.728062629699707 -40.56569290161133 0
vertex -8.900269508361816 -40.59994888305664 0
vertex -8.900269508361816 -40.59994888305664 1.7000000476837158
endloop
endfacet
facet normal -0.5555622638012966 0.8314749371087372 0
outer loop
vertex -8.582072257995605 -40.46814727783203 0
vertex -8.728062629699707 -40.56569290161133 0
vertex -8.728062629699707 -40.56569290161133 1.7000000476837158
endloop
endfacet
facet normal -0.8314707629512766 0.5555685109482196 0
outer loop
vertex -8.48452377319336 -40.3221549987793 0
vertex -8.582072257995605 -40.46814727783203 0
vertex -8.582072257995605 -40.46814727783203 1.7000000476837158
endloop
endfacet
facet normal -0.1951007507126451 -0.9807832059488795 0
outer loop
vertex -8.900269508361816 -39.699947357177734 1.7000000476837158
vertex -8.900269508361816 -39.699947357177734 0
vertex -8.728062629699707 -39.73420333862305 1.7000000476837158
endloop
endfacet
facet normal -0.9807852845629332 0.19509030110388895 0
outer loop
vertex -8.45026969909668 -40.14994812011719 0
vertex -8.48452377319336 -40.3221549987793 0
vertex -8.48452377319336 -40.3221549987793 1.7000000476837158
endloop
endfacet
facet normal -0.9807852845629332 -0.19509030110388895 0
outer loop
vertex -8.45026969909668 -40.14994812011719 0
vertex -8.45026969909668 -40.14994812011719 1.7000000476837158
vertex -8.48452377319336 -39.97774124145508 0
endloop
endfacet
facet normal 0.19509971138541468 -0.9807834126948354 0
outer loop
vertex -9.072477340698242 -39.73420333862305 1.7000000476837158
vertex -9.072477340698242 -39.73420333862305 0
vertex -8.900269508361816 -39.699947357177734 1.7000000476837158
endloop
endfacet
facet normal -0.8314707629512766 -0.5555685109482196 0
outer loop
vertex -8.582072257995605 -39.831748962402344 1.7000000476837158
vertex -8.582072257995605 -39.831748962402344 0
vertex -8.48452377319336 -39.97774124145508 1.7000000476837158
endloop
endfacet
facet normal -0.5555622638012966 -0.8314749371087372 0
outer loop
vertex -8.582072257995605 -39.831748962402344 0
vertex -8.582072257995605 -39.831748962402344 1.7000000476837158
vertex -8.728062629699707 -39.73420333862305 0
endloop
endfacet
facet normal -0.5555622638012966 -0.8314749371087372 0
outer loop
vertex -8.728062629699707 -39.73420333862305 1.7000000476837158
vertex -8.728062629699707 -39.73420333862305 0
vertex -8.582072257995605 -39.831748962402344 1.7000000476837158
endloop
endfacet
facet normal -0.9807852845629332 -0.19509030110388895 0
outer loop
vertex -8.48452377319336 -39.97774124145508 1.7000000476837158
vertex -8.48452377319336 -39.97774124145508 0
vertex -8.45026969909668 -40.14994812011719 1.7000000476837158
endloop
endfacet
facet normal -0.8314707629512766 -0.5555685109482196 0
outer loop
vertex -8.582072257995605 -39.831748962402344 0
vertex -8.48452377319336 -39.97774124145508 0
vertex -8.48452377319336 -39.97774124145508 1.7000000476837158
endloop
endfacet
facet normal -0.9807852845629332 0.19509030110388895 0
outer loop
vertex -8.45026969909668 -40.14994812011719 1.7000000476837158
vertex -8.45026969909668 -40.14994812011719 0
vertex -8.48452377319336 -40.3221549987793 1.7000000476837158
endloop
endfacet
facet normal -0.8314707629512766 0.5555685109482196 0
outer loop
vertex -8.48452377319336 -40.3221549987793 1.7000000476837158
vertex -8.48452377319336 -40.3221549987793 0
vertex -8.582072257995605 -40.46814727783203 1.7000000476837158
endloop
endfacet
facet normal 0.19509971138541468 -0.9807834126948354 0
outer loop
vertex -8.900269508361816 -39.699947357177734 0
vertex -8.900269508361816 -39.699947357177734 1.7000000476837158
vertex -9.072477340698242 -39.73420333862305 0
endloop
endfacet
facet normal -0.5555622638012966 0.8314749371087372 0
outer loop
vertex -8.582072257995605 -40.46814727783203 1.7000000476837158
vertex -8.582072257995605 -40.46814727783203 0
vertex -8.728062629699707 -40.56569290161133 1.7000000476837158
endloop
endfacet
facet normal -0.1951007507126451 0.9807832059488795 0
outer loop
vertex -8.728062629699707 -40.56569290161133 1.7000000476837158
vertex -8.728062629699707 -40.56569290161133 0
vertex -8.900269508361816 -40.59994888305664 1.7000000476837158
endloop
endfacet
facet normal 0.19509971138541468 0.9807834126948354 0
outer loop
vertex -8.900269508361816 -40.59994888305664 1.7000000476837158
vertex -8.900269508361816 -40.59994888305664 0
vertex -9.072477340698242 -40.56569290161133 1.7000000476837158
endloop
endfacet
facet normal -0.1951007507126451 -0.9807832059488795 0
outer loop
vertex -8.900269508361816 -39.699947357177734 0
vertex -8.728062629699707 -39.73420333862305 0
vertex -8.728062629699707 -39.73420333862305 1.7000000476837158
endloop
endfacet
facet normal 0.8314732719568675 0.5555647559208026 0
outer loop
vertex -9.218467712402344 -41.7381477355957 1.7000000476837158
vertex -9.218467712402344 -41.7381477355957 0
vertex -9.316015243530273 -41.59215545654297 1.7000000476837158
endloop
endfacet
facet normal -0.1951007507126451 -0.9807832059488795 0
outer loop
vertex -8.728062629699707 -41.00420379638672 0
vertex -8.728062629699707 -41.00420379638672 1.7000000476837158
vertex -8.900269508361816 -40.969947814941406 0
endloop
endfacet
facet normal -0.5555622638012966 -0.8314749371087372 0
outer loop
vertex -8.728062629699707 -41.00420379638672 1.7000000476837158
vertex -8.728062629699707 -41.00420379638672 0
vertex -8.582072257995605 -41.101749420166016 1.7000000476837158
endloop
endfacet
facet normal -0.9807852845629332 -0.19509030110388895 0
outer loop
vertex -8.48452377319336 -41.24774169921875 1.7000000476837158
vertex -8.48452377319336 -41.24774169921875 0
vertex -8.45026969909668 -41.41994857788086 1.7000000476837158
endloop
endfacet
facet normal -0.9807852845629332 0.19509030110388895 0
outer loop
vertex -8.45026969909668 -41.41994857788086 1.7000000476837158
vertex -8.45026969909668 -41.41994857788086 0
vertex -8.48452377319336 -41.59215545654297 1.7000000476837158
endloop
endfacet
facet normal -0.8314707629512766 0.5555685109482196 0
outer loop
vertex -8.48452377319336 -41.59215545654297 1.7000000476837158
vertex -8.48452377319336 -41.59215545654297 0
vertex -8.582072257995605 -41.7381477355957 1.7000000476837158
endloop
endfacet
facet normal -0.5555622638012966 0.8314749371087372 0
outer loop
vertex -8.582072257995605 -41.7381477355957 1.7000000476837158
vertex -8.582072257995605 -41.7381477355957 0
vertex -8.728062629699707 -41.835693359375 1.7000000476837158
endloop
endfacet
facet normal -0.1951007507126451 0.9807832059488795 0
outer loop
vertex -8.728062629699707 -41.835693359375 1.7000000476837158
vertex -8.728062629699707 -41.835693359375 0
vertex -8.900269508361816 -41.86994934082031 1.7000000476837158
endloop
endfacet
facet normal 0.19509971138541468 0.9807834126948354 0
outer loop
vertex -8.900269508361816 -41.86994934082031 1.7000000476837158
vertex -8.900269508361816 -41.86994934082031 0
vertex -9.072477340698242 -41.835693359375 1.7000000476837158
endloop
endfacet
facet normal 0.9807842452687219 0.1950955259165719 0
outer loop
vertex -9.316015243530273 -41.59215545654297 1.7000000476837158
vertex -9.316015243530273 -41.59215545654297 0
vertex -9.35027027130127 -41.41994857788086 1.7000000476837158
endloop
endfacet
facet normal 0.9807842452687219 0.1950955259165719 0
outer loop
vertex -9.35027027130127 -41.41994857788086 0
vertex -9.35027027130127 -41.41994857788086 1.7000000476837158
vertex -9.316015243530273 -41.59215545654297 0
endloop
endfacet
facet normal 0.5555622638012966 0.8314749371087372 0
outer loop
vertex -9.072477340698242 -41.835693359375 0
vertex -9.218467712402344 -41.7381477355957 0
vertex -9.218467712402344 -41.7381477355957 1.7000000476837158
endloop
endfacet
facet normal 0.8314732719568675 0.5555647559208026 0
outer loop
vertex -9.218467712402344 -41.7381477355957 0
vertex -9.316015243530273 -41.59215545654297 0
vertex -9.316015243530273 -41.59215545654297 1.7000000476837158
endloop
endfacet
facet normal 0.9807842452687219 -0.1950955259165719 0
outer loop
vertex -9.316015243530273 -41.24774169921875 0
vertex -9.316015243530273 -41.24774169921875 1.7000000476837158
vertex -9.35027027130127 -41.41994857788086 0
endloop
endfacet
facet normal 0.19509971138541468 -0.9807834126948354 0
outer loop
vertex -9.072477340698242 -41.00420379638672 1.7000000476837158
vertex -9.072477340698242 -41.00420379638672 0
vertex -8.900269508361816 -40.969947814941406 1.7000000476837158
endloop
endfacet
facet normal -0.1951007507126451 -0.9807832059488795 0
outer loop
vertex -8.900269508361816 -40.969947814941406 1.7000000476837158
vertex -8.900269508361816 -40.969947814941406 0
vertex -8.728062629699707 -41.00420379638672 1.7000000476837158
endloop
endfacet
facet normal 0.8314732719568675 -0.5555647559208026 0
outer loop
vertex -9.218467712402344 -41.101749420166016 0
vertex -9.218467712402344 -41.101749420166016 1.7000000476837158
vertex -9.316015243530273 -41.24774169921875 0
endloop
endfacet
facet normal 0.5555622638012966 -0.8314749371087372 0
outer loop
vertex -9.072477340698242 -41.00420379638672 0
vertex -9.072477340698242 -41.00420379638672 1.7000000476837158
vertex -9.218467712402344 -41.101749420166016 0
endloop
endfacet
facet normal -0.8314707629512766 -0.5555685109482196 0
outer loop
vertex -8.582072257995605 -41.101749420166016 1.7000000476837158
vertex -8.582072257995605 -41.101749420166016 0
vertex -8.48452377319336 -41.24774169921875 1.7000000476837158
endloop
endfacet
facet normal 0 0 -1
outer loop
vertex -8.582072257995605 -41.101749420166016 1.7000000476837158
vertex -8.48452377319336 -41.24774169921875 1.7000000476837158
vertex -8.582072257995605 -41.7381477355957 1.7000000476837158
endloop
endfacet
facet normal 0 0 -1
outer loop
vertex -8.728062629699707 -41.00420379638672 1.7000000476837158
vertex -8.582072257995605 -41.101749420166016 1.7000000476837158
vertex -8.728062629699707 -41.835693359375 1.7000000476837158
endloop
endfacet
facet normal 0 0 -1
outer loop
vertex -8.728062629699707 -41.00420379638672 1.7000000476837158
vertex -8.900269508361816 -41.86994934082031 1.7000000476837158
vertex -8.900269508361816 -40.969947814941406 1.7000000476837158
endloop
endfacet
facet normal 0 0 -1
outer loop
vertex -8.900269508361816 -40.969947814941406 1.7000000476837158
vertex -9.072477340698242 -41.835693359375 1.7000000476837158
vertex -9.072477340698242 -41.00420379638672 1.7000000476837158
endloop
endfacet
facet normal 0 0 -1
outer loop
vertex -8.48452377319336 -41.59215545654297 1.7000000476837158
vertex -8.582072257995605 -41.7381477355957 1.7000000476837158
vertex -8.48452377319336 -41.24774169921875 1.7000000476837158
endloop
endfacet
facet normal 0 0 -1
outer loop
vertex -8.582072257995605 -41.7381477355957 1.7000000476837158
vertex -8.728062629699707 -41.835693359375 1.7000000476837158
vertex -8.582072257995605 -41.101749420166016 1.7000000476837158
endloop
endfacet
facet normal 0 0 -1
outer loop
vertex -8.728062629699707 -41.835693359375 1.7000000476837158
vertex -8.900269508361816 -41.86994934082031 1.7000000476837158
vertex -8.728062629699707 -41.00420379638672 1.7000000476837158
endloop
endfacet
facet normal 0 0 -1
outer loop
vertex -8.900269508361816 -41.86994934082031 1.7000000476837158
vertex -9.072477340698242 -41.835693359375 1.7000000476837158
vertex -8.900269508361816 -40.969947814941406 1.7000000476837158
endloop
endfacet
facet normal 0 0 -1
outer loop
vertex -9.072477340698242 -41.00420379638672 1.7000000476837158
vertex -9.218467712402344 -41.7381477355957 1.7000000476837158
vertex -9.218467712402344 -41.101749420166016 1.7000000476837158
endloop
endfacet
facet normal 0 0 -1
outer loop
vertex -9.218467712402344 -41.101749420166016 1.7000000476837158
vertex -9.316015243530273 -41.59215545654297 1.7000000476837158
vertex -9.316015243530273 -41.24774169921875 1.7000000476837158
endloop
endfacet
facet normal 0 0 -1
outer loop
vertex -9.316015243530273 -41.59215545654297 1.7000000476837158
vertex -9.35027027130127 -41.41994857788086 1.7000000476837158
vertex -9.316015243530273 -41.24774169921875 1.7000000476837158
endloop
endfacet
facet normal 0 0 -1
outer loop
vertex -9.072477340698242 -41.835693359375 1.7000000476837158
vertex -9.218467712402344 -41.7381477355957 1.7000000476837158
vertex -9.072477340698242 -41.00420379638672 1.7000000476837158
endloop
endfacet
facet normal 0 0 -1
outer loop
vertex -9.218467712402344 -41.7381477355957 1.7000000476837158
vertex -9.316015243530273 -41.59215545654297 1.7000000476837158
vertex -9.218467712402344 -41.101749420166016 1.7000000476837158
endloop
endfacet
facet normal 0.19509971138541468 0.9807834126948354 0
outer loop
vertex -8.900269508361816 -41.86994934082031 0
vertex -9.072477340698242 -41.835693359375 0
vertex -9.072477340698242 -41.835693359375 1.7000000476837158
endloop
endfacet
facet normal -0.1951007507126451 0.9807832059488795 0
outer loop
vertex -8.728062629699707 -41.835693359375 0
vertex -8.900269508361816 -41.86994934082031 0
vertex -8.900269508361816 -41.86994934082031 1.7000000476837158
endloop
endfacet
facet normal -0.5555622638012966 0.8314749371087372 0
outer loop
vertex -8.582072257995605 -41.7381477355957 0
vertex -8.728062629699707 -41.835693359375 0
vertex -8.728062629699707 -41.835693359375 1.7000000476837158
endloop
endfacet
facet normal -0.8314707629512766 0.5555685109482196 0
outer loop
vertex -8.48452377319336 -41.59215545654297 0
vertex -8.582072257995605 -41.7381477355957 0
vertex -8.582072257995605 -41.7381477355957 1.7000000476837158
endloop
endfacet
facet normal -0.9807852845629332 0.19509030110388895 0
outer loop
vertex -8.45026969909668 -41.41994857788086 0
vertex -8.48452377319336 -41.59215545654297 0
vertex -8.48452377319336 -41.59215545654297 1.7000000476837158
endloop
endfacet
facet normal -0.9807852845629332 -0.19509030110388895 0
outer loop
vertex -8.45026969909668 -41.41994857788086 0
vertex -8.45026969909668 -41.41994857788086 1.7000000476837158
vertex -8.48452377319336 -41.24774169921875 0
endloop
endfacet
facet normal 0.5555622638012966 -0.8314749371087372 0
outer loop
vertex -9.218467712402344 -41.101749420166016 1.7000000476837158
vertex -9.218467712402344 -41.101749420166016 0
vertex -9.072477340698242 -41.00420379638672 1.7000000476837158
endloop
endfacet
facet normal 0.8314732719568675 -0.5555647559208026 0
outer loop
vertex -9.316015243530273 -41.24774169921875 1.7000000476837158
vertex -9.316015243530273 -41.24774169921875 0
vertex -9.218467712402344 -41.101749420166016 1.7000000476837158
endloop
endfacet
facet normal 0.9807842452687219 -0.1950955259165719 0
outer loop
vertex -9.35027027130127 -41.41994857788086 1.7000000476837158
vertex -9.35027027130127 -41.41994857788086 0
vertex -9.316015243530273 -41.24774169921875 1.7000000476837158
endloop
endfacet
facet normal 0.5555622638012966 0.8314749371087372 0
outer loop
vertex -9.072477340698242 -41.835693359375 1.7000000476837158
vertex -9.072477340698242 -41.835693359375 0
vertex -9.218467712402344 -41.7381477355957 1.7000000476837158
endloop
endfacet
facet normal -0.5555622638012966 -0.8314749371087372 0
outer loop
vertex -8.728062629699707 -41.00420379638672 0
vertex -8.582072257995605 -41.101749420166016 0
vertex -8.582072257995605 -41.101749420166016 1.7000000476837158
endloop
endfacet
facet normal -0.8314707629512766 -0.5555685109482196 0
outer loop
vertex -8.582072257995605 -41.101749420166016 0
vertex -8.48452377319336 -41.24774169921875 0
vertex -8.48452377319336 -41.24774169921875 1.7000000476837158
endloop
endfacet
facet normal 0.19509971138541468 -0.9807834126948354 0
outer loop
vertex -8.900269508361816 -40.969947814941406 0
vertex -8.900269508361816 -40.969947814941406 1.7000000476837158
vertex -9.072477340698242 -41.00420379638672 0
endloop
endfacet
facet normal 0 0 -1
outer loop
vertex -8.45026969909668 -41.41994857788086 1.7000000476837158
vertex -8.48452377319336 -41.59215545654297 1.7000000476837158
vertex -8.48452377319336 -41.24774169921875 1.7000000476837158
endloop
endfacet
facet normal -0.9807852845629332 -0.19509030110388895 0
outer loop
vertex -8.48452377319336 -42.51774215698242 1.7000000476837158
vertex -8.48452377319336 -42.51774215698242 0
vertex -8.45026969909668 -42.68994903564453 1.7000000476837158
endloop
endfacet
facet normal 0.19509971138541468 -0.9807834126948354 0
outer loop
vertex -9.072477340698242 -42.27420425415039 1.7000000476837158
vertex -9.072477340698242 -42.27420425415039 0
vertex -8.900269508361816 -42.23994827270508 1.7000000476837158
endloop
endfacet
facet normal -0.8314707629512766 -0.5555685109482196 0
outer loop
vertex -8.582072257995605 -42.37174987792969 1.7000000476837158
vertex -8.582072257995605 -42.37174987792969 0
vertex -8.48452377319336 -42.51774215698242 1.7000000476837158
endloop
endfacet
facet normal -0.1951007507126451 -0.9807832059488795 0
outer loop
vertex -8.900269508361816 -42.23994827270508 1.7000000476837158
vertex -8.900269508361816 -42.23994827270508 0
vertex -8.728062629699707 -42.27420425415039 1.7000000476837158
endloop
endfacet
facet normal 0 0 -1
outer loop
vertex -9.072477340698242 -43.10569381713867 1.7000000476837158
vertex -9.218467712402344 -43.008148193359375 1.7000000476837158
vertex -9.072477340698242 -42.27420425415039 1.7000000476837158
endloop
endfacet
facet normal 0.5555622638012966 -0.8314749371087372 0
outer loop
vertex -9.072477340698242 -42.27420425415039 0
vertex -9.072477340698242 -42.27420425415039 1.7000000476837158
vertex -9.218467712402344 -42.37174987792969 0
endloop
endfacet
facet normal 0.8314732719568675 0.5555647559208026 0
outer loop
vertex -9.218467712402344 -43.008148193359375 0
vertex -9.316015243530273 -42.86215591430664 0
vertex -9.316015243530273 -42.86215591430664 1.7000000476837158
endloop
endfacet
facet normal 0.5555622638012966 0.8314749371087372 0
outer loop
vertex -9.072477340698242 -43.10569381713867 0
vertex -9.218467712402344 -43.008148193359375 0
vertex -9.218467712402344 -43.008148193359375 1.7000000476837158
endloop
endfacet
facet normal 0.9807842452687219 0.1950955259165719 0
outer loop
vertex -9.35027027130127 -42.68994903564453 0
vertex -9.35027027130127 -42.68994903564453 1.7000000476837158
vertex -9.316015243530273 -42.86215591430664 0
endloop
endfacet
facet normal 0.8314732719568675 -0.5555647559208026 0
outer loop
vertex -9.218467712402344 -42.37174987792969 0
vertex -9.218467712402344 -42.37174987792969 1.7000000476837158
vertex -9.316015243530273 -42.51774215698242 0
endloop
endfacet
facet normal 0.9807842452687219 -0.1950955259165719 0
outer loop
vertex -9.316015243530273 -42.51774215698242 0
vertex -9.316015243530273 -42.51774215698242 1.7000000476837158
vertex -9.35027027130127 -42.68994903564453 0
endloop
endfacet
facet normal -0.9807852845629332 0.19509030110388895 0
outer loop
vertex -8.45026969909668 -42.68994903564453 0
vertex -8.48452377319336 -42.86215591430664 1.7000000476837158
vertex -8.45026969909668 -42.68994903564453 1.7000000476837158
endloop
endfacet
facet normal 0 0 -1
outer loop
vertex -8.45026969909668 -42.68994903564453 1.7000000476837158
vertex -8.48452377319336 -42.86215591430664 1.7000000476837158
vertex -8.48452377319336 -42.51774215698242 1.7000000476837158
endloop
endfacet
facet normal 0 0 -1
outer loop
vertex -8.582072257995605 -42.37174987792969 1.7000000476837158
vertex -8.48452377319336 -42.51774215698242 1.7000000476837158
vertex -8.582072257995605 -43.008148193359375 1.7000000476837158
endloop
endfacet
facet normal 0 0 -1
outer loop
vertex -8.728062629699707 -42.27420425415039 1.7000000476837158
vertex -8.582072257995605 -42.37174987792969 1.7000000476837158
vertex -8.728062629699707 -43.10569381713867 1.7000000476837158
endloop
endfacet
facet normal 0.19509971138541468 0.9807834126948354 0
outer loop
vertex -8.900269508361816 -43.139949798583984 0
vertex -9.072477340698242 -43.10569381713867 0
vertex -9.072477340698242 -43.10569381713867 1.7000000476837158
endloop
endfacet
facet normal -0.1951007507126451 0.9807832059488795 0
outer loop
vertex -8.728062629699707 -43.10569381713867 0
vertex -8.900269508361816 -43.139949798583984 0
vertex -8.900269508361816 -43.139949798583984 1.7000000476837158
endloop
endfacet
facet normal -0.5555622638012966 0.8314749371087372 0
outer loop
vertex -8.582072257995605 -43.008148193359375 0
vertex -8.728062629699707 -43.10569381713867 0
vertex -8.728062629699707 -43.10569381713867 1.7000000476837158
endloop
endfacet
facet normal -0.8314707629512766 0.5555685109482196 0
outer loop
vertex -8.48452377319336 -42.86215591430664 0
vertex -8.582072257995605 -43.008148193359375 0
vertex -8.582072257995605 -43.008148193359375 1.7000000476837158
endloop
endfacet
facet normal -0.9807852845629332 0.19509030110388895 0
outer loop
vertex -8.45026969909668 -42.68994903564453 0
vertex -8.48452377319336 -42.86215591430664 0
vertex -8.48452377319336 -42.86215591430664 1.7000000476837158
endloop
endfacet
facet normal 0 0 -1
outer loop
vertex -8.728062629699707 -42.27420425415039 1.7000000476837158
vertex -8.900269508361816 -43.139949798583984 1.7000000476837158
vertex -8.900269508361816 -42.23994827270508 1.7000000476837158
endloop
endfacet
facet normal 0 0 -1
outer loop
vertex -8.900269508361816 -42.23994827270508 1.7000000476837158
vertex -9.072477340698242 -43.10569381713867 1.7000000476837158
vertex -9.072477340698242 -42.27420425415039 1.7000000476837158
endloop
endfacet
facet normal -0.8314707629512766 0.5555685109482196 0
outer loop
vertex -8.48452377319336 -42.86215591430664 1.7000000476837158
vertex -8.48452377319336 -42.86215591430664 0
vertex -8.582072257995605 -43.008148193359375 1.7000000476837158
endloop
endfacet
facet normal -0.5555622638012966 0.8314749371087372 0
outer loop
vertex -8.582072257995605 -43.008148193359375 1.7000000476837158
vertex -8.582072257995605 -43.008148193359375 0
vertex -8.728062629699707 -43.10569381713867 1.7000000476837158
endloop
endfacet
facet normal -0.1951007507126451 0.9807832059488795 0
outer loop
vertex -8.728062629699707 -43.10569381713867 1.7000000476837158
vertex -8.728062629699707 -43.10569381713867 0
vertex -8.900269508361816 -43.139949798583984 1.7000000476837158
endloop
endfacet
facet normal 0.19509971138541468 0.9807834126948354 0
outer loop
vertex -8.900269508361816 -43.139949798583984 1.7000000476837158
vertex -8.900269508361816 -43.139949798583984 0
vertex -9.072477340698242 -43.10569381713867 1.7000000476837158
endloop
endfacet
facet normal 0.9807842452687219 0.1950955259165719 0
outer loop
vertex -9.316015243530273 -42.86215591430664 1.7000000476837158
vertex -9.316015243530273 -42.86215591430664 0
vertex -9.35027027130127 -42.68994903564453 1.7000000476837158
endloop
endfacet
facet normal 0.8314732719568675 0.5555647559208026 0
outer loop
vertex -9.218467712402344 -43.008148193359375 1.7000000476837158
vertex -9.218467712402344 -43.008148193359375 0
vertex -9.316015243530273 -42.86215591430664 1.7000000476837158
endloop
endfacet
facet normal 0.5555622638012966 0.8314749371087372 0
outer loop
vertex -9.072477340698242 -43.10569381713867 1.7000000476837158
vertex -9.072477340698242 -43.10569381713867 0
vertex -9.218467712402344 -43.008148193359375 1.7000000476837158
endloop
endfacet
facet normal 0.9807842452687219 -0.1950955259165719 0
outer loop
vertex -9.35027027130127 -42.68994903564453 1.7000000476837158
vertex -9.35027027130127 -42.68994903564453 0
vertex -9.316015243530273 -42.51774215698242 1.7000000476837158
endloop
endfacet
facet normal -0.5555622638012966 -0.8314749371087372 0
outer loop
vertex -8.728062629699707 -42.27420425415039 1.7000000476837158
vertex -8.728062629699707 -42.27420425415039 0
vertex -8.582072257995605 -42.37174987792969 1.7000000476837158
endloop
endfacet
facet normal 0 0 -1
outer loop
vertex -9.072477340698242 -42.27420425415039 1.7000000476837158
vertex -9.218467712402344 -43.008148193359375 1.7000000476837158
vertex -9.218467712402344 -42.37174987792969 1.7000000476837158
endloop
endfacet
facet normal 0 0 -1
outer loop
vertex -9.218467712402344 -42.37174987792969 1.7000000476837158
vertex -9.316015243530273 -42.86215591430664 1.7000000476837158
vertex -9.316015243530273 -42.51774215698242 1.7000000476837158
endloop
endfacet
facet normal 0 0 -1
outer loop
vertex -9.316015243530273 -42.86215591430664 1.7000000476837158
vertex -9.35027027130127 -42.68994903564453 1.7000000476837158
vertex -9.316015243530273 -42.51774215698242 1.7000000476837158
endloop
endfacet
facet normal 0 0 -1
outer loop
vertex -8.48452377319336 -42.86215591430664 1.7000000476837158
vertex -8.582072257995605 -43.008148193359375 1.7000000476837158
vertex -8.48452377319336 -42.51774215698242 1.7000000476837158
endloop
endfacet
facet normal 0 0 -1
outer loop
vertex -8.582072257995605 -43.008148193359375 1.7000000476837158
vertex -8.728062629699707 -43.10569381713867 1.7000000476837158
vertex -8.582072257995605 -42.37174987792969 1.7000000476837158
endloop
endfacet
facet normal -0.9807852845629332 -0.19509030110388895 0
outer loop
vertex -8.45026969909668 -42.68994903564453 0
vertex -8.45026969909668 -42.68994903564453 1.7000000476837158
vertex -8.48452377319336 -42.51774215698242 0
endloop
endfacet
facet normal -0.5555622638012966 -0.8314749371087372 0
outer loop
vertex -8.728062629699707 -42.27420425415039 0
vertex -8.582072257995605 -42.37174987792969 0
vertex -8.582072257995605 -42.37174987792969 1.7000000476837158
endloop
endfacet
facet normal -0.8314707629512766 -0.5555685109482196 0
outer loop
vertex -8.582072257995605 -42.37174987792969 0
vertex -8.48452377319336 -42.51774215698242 0
vertex -8.48452377319336 -42.51774215698242 1.7000000476837158
endloop
endfacet
facet normal 0.19509971138541468 -0.9807834126948354 0
outer loop
vertex -8.900269508361816 -42.23994827270508 0
vertex -8.900269508361816 -42.23994827270508 1.7000000476837158
vertex -9.072477340698242 -42.27420425415039 0
endloop
endfacet
facet normal -0.1951007507126451 -0.9807832059488795 0
outer loop
vertex -8.728062629699707 -42.27420425415039 0
vertex -8.728062629699707 -42.27420425415039 1.7000000476837158
vertex -8.900269508361816 -42.23994827270508 0
endloop
endfacet
facet normal 0 0 -1
outer loop
vertex -9.218467712402344 -43.008148193359375 1.7000000476837158
vertex -9.316015243530273 -42.86215591430664 1.7000000476837158
vertex -9.218467712402344 -42.37174987792969 1.7000000476837158
endloop
endfacet
facet normal 0.5555622638012966 -0.8314749371087372 0
outer loop
vertex -9.218467712402344 -42.37174987792969 1.7000000476837158
vertex -9.218467712402344 -42.37174987792969 0
vertex -9.072477340698242 -42.27420425415039 1.7000000476837158
endloop
endfacet
facet normal 0.8314732719568675 -0.5555647559208026 0
outer loop
vertex -9.316015243530273 -42.51774215698242 1.7000000476837158
vertex -9.316015243530273 -42.51774215698242 0
vertex -9.218467712402344 -42.37174987792969 1.7000000476837158
endloop
endfacet
facet normal 0 0 -1
outer loop
vertex -8.728062629699707 -43.10569381713867 1.7000000476837158
vertex -8.900269508361816 -43.139949798583984 1.7000000476837158
vertex -8.728062629699707 -42.27420425415039 1.7000000476837158
endloop
endfacet
facet normal 0 0 -1
outer loop
vertex -8.900269508361816 -43.139949798583984 1.7000000476837158
vertex -9.072477340698242 -43.10569381713867 1.7000000476837158
vertex -8.900269508361816 -42.23994827270508 1.7000000476837158
endloop
endfacet
facet normal 0 0 -1
outer loop
vertex -8.582072257995605 -43.64175033569336 1.7000000476837158
vertex -8.48452377319336 -43.787742614746094 1.7000000476837158
vertex -8.582072257995605 -44.27814483642578 1.7000000476837158
endloop
endfacet
facet normal 0.19509971138541468 0.9807834126948354 0
outer loop
vertex -8.900269508361816 -44.409950256347656 1.7000000476837158
vertex -8.900269508361816 -44.409950256347656 0
vertex -9.072477340698242 -44.375694274902344 1.7000000476837158
endloop
endfacet
facet normal 0.9807842452687219 0.1950955259165719 0
outer loop
vertex -9.35027027130127 -43.9599494934082 0
vertex -9.35027027130127 -43.9599494934082 1.7000000476837158
vertex -9.316015243530273 -44.13215637207031 0
endloop
endfacet
facet normal 0 0 -1
outer loop
vertex -8.45026969909668 -43.9599494934082 1.7000000476837158
vertex -8.48452377319336 -44.13215637207031 1.7000000476837158
vertex -8.48452377319336 -43.787742614746094 1.7000000476837158
endloop
endfacet
facet normal 0.8314732719568675 -0.5555647559208026 0
outer loop
vertex -9.218467712402344 -43.64175033569336 0
vertex -9.218467712402344 -43.64175033569336 1.7000000476837158
vertex -9.316015243530273 -43.787742614746094 0
endloop
endfacet
facet normal 0 0 -1
outer loop
vertex -8.728062629699707 -43.54420471191406 1.7000000476837158
vertex -8.582072257995605 -43.64175033569336 1.7000000476837158
vertex -8.728062629699707 -44.375694274902344 1.7000000476837158
endloop
endfacet
facet normal 0 0 -1
outer loop
vertex -8.900269508361816 -43.50994873046875 1.7000000476837158
vertex -9.072477340698242 -44.375694274902344 1.7000000476837158
vertex -9.072477340698242 -43.54420471191406 1.7000000476837158
endloop
endfacet
facet normal 0.8314665660174577 0.5555747920803612 0
outer loop
vertex -9.218467712402344 -44.27814483642578 0
vertex -9.316015243530273 -44.13215637207031 0
vertex -9.316015243530273 -44.13215637207031 1.7000000476837158
endloop
endfacet
facet normal 0 0 -1
outer loop
vertex -9.072477340698242 -43.54420471191406 1.7000000476837158
vertex -9.218467712402344 -44.27814483642578 1.7000000476837158
vertex -9.218467712402344 -43.64175033569336 1.7000000476837158
endloop
endfacet
facet normal 0 0 -1
outer loop
vertex -9.218467712402344 -43.64175033569336 1.7000000476837158
vertex -9.316015243530273 -44.13215637207031 1.7000000476837158
vertex -9.316015243530273 -43.787742614746094 1.7000000476837158
endloop
endfacet
facet normal 0 0 -1
outer loop
vertex -9.218467712402344 -44.27814483642578 1.7000000476837158
vertex -9.316015243530273 -44.13215637207031 1.7000000476837158
vertex -9.218467712402344 -43.64175033569336 1.7000000476837158
endloop
endfacet
facet normal 0 0 -1
outer loop
vertex -9.316015243530273 -44.13215637207031 1.7000000476837158
vertex -9.35027027130127 -43.9599494934082 1.7000000476837158
vertex -9.316015243530273 -43.787742614746094 1.7000000476837158
endloop
endfacet
facet normal 0 0 -1
outer loop
vertex -9.072477340698242 -44.375694274902344 1.7000000476837158
vertex -9.218467712402344 -44.27814483642578 1.7000000476837158
vertex -9.072477340698242 -43.54420471191406 1.7000000476837158
endloop
endfacet
facet normal 0.19509971138541468 -0.9807834126948354 0
outer loop
vertex -9.072477340698242 -43.54420471191406 1.7000000476837158
vertex -9.072477340698242 -43.54420471191406 0
vertex -8.900269508361816 -43.50994873046875 1.7000000476837158
endloop
endfacet
facet normal -0.1951007507126451 -0.9807832059488795 0
outer loop
vertex -8.900269508361816 -43.50994873046875 1.7000000476837158
vertex -8.900269508361816 -43.50994873046875 0
vertex -8.728062629699707 -43.54420471191406 1.7000000476837158
endloop
endfacet
facet normal 0 0 -1
outer loop
vertex -8.728062629699707 -43.54420471191406 1.7000000476837158
vertex -8.900269508361816 -44.409950256347656 1.7000000476837158
vertex -8.900269508361816 -43.50994873046875 1.7000000476837158
endloop
endfacet
facet normal 0 0 -1
outer loop
vertex -8.48452377319336 -44.13215637207031 1.7000000476837158
vertex -8.582072257995605 -44.27814483642578 1.7000000476837158
vertex -8.48452377319336 -43.787742614746094 1.7000000476837158
endloop
endfacet
facet normal 0.5555772839934787 0.8314649009491799 0
outer loop
vertex -9.072477340698242 -44.375694274902344 0
vertex -9.218467712402344 -44.27814483642578 0
vertex -9.218467712402344 -44.27814483642578 1.7000000476837158
endloop
endfacet
facet normal 0 0 -1
outer loop
vertex -8.582072257995605 -44.27814483642578 1.7000000476837158
vertex -8.728062629699707 -44.375694274902344 1.7000000476837158
vertex -8.582072257995605 -43.64175033569336 1.7000000476837158
endloop
endfacet
facet normal 0 0 -1
outer loop
vertex -8.728062629699707 -44.375694274902344 1.7000000476837158
vertex -8.900269508361816 -44.409950256347656 1.7000000476837158
vertex -8.728062629699707 -43.54420471191406 1.7000000476837158
endloop
endfacet
facet normal -0.8314707629512766 -0.5555685109482196 0
outer loop
vertex -8.582072257995605 -43.64175033569336 1.7000000476837158
vertex -8.582072257995605 -43.64175033569336 0
vertex -8.48452377319336 -43.787742614746094 1.7000000476837158
endloop
endfacet
facet normal -0.9807852845629332 -0.19509030110388895 0
outer loop
vertex -8.48452377319336 -43.787742614746094 1.7000000476837158
vertex -8.48452377319336 -43.787742614746094 0
vertex -8.45026969909668 -43.9599494934082 1.7000000476837158
endloop
endfacet
facet normal -0.9807852845629332 0.19509030110388895 0
outer loop
vertex -8.45026969909668 -43.9599494934082 1.7000000476837158
vertex -8.45026969909668 -43.9599494934082 0
vertex -8.48452377319336 -44.13215637207031 1.7000000476837158
endloop
endfacet
facet normal 0 0 -1
outer loop
vertex -8.900269508361816 -44.409950256347656 1.7000000476837158
vertex -9.072477340698242 -44.375694274902344 1.7000000476837158
vertex -8.900269508361816 -43.50994873046875 1.7000000476837158
endloop
endfacet
facet normal -0.8314640569414533 0.5555785471150407 0
outer loop
vertex -8.48452377319336 -44.13215637207031 1.7000000476837158
vertex -8.48452377319336 -44.13215637207031 0
vertex -8.582072257995605 -44.27814483642578 1.7000000476837158
endloop
endfacet
facet normal -0.5555622638012966 -0.8314749371087372 0
outer loop
vertex -8.728062629699707 -43.54420471191406 1.7000000476837158
vertex -8.728062629699707 -43.54420471191406 0
vertex -8.582072257995605 -43.64175033569336 1.7000000476837158
endloop
endfacet
facet normal 0.5555622638012966 -0.8314749371087372 0
outer loop
vertex -9.218467712402344 -43.64175033569336 1.7000000476837158
vertex -9.218467712402344 -43.64175033569336 0
vertex -9.072477340698242 -43.54420471191406 1.7000000476837158
endloop
endfacet
facet normal 0.8314732719568675 -0.5555647559208026 0
outer loop
vertex -9.316015243530273 -43.787742614746094 1.7000000476837158
vertex -9.316015243530273 -43.787742614746094 0
vertex -9.218467712402344 -43.64175033569336 1.7000000476837158
endloop
endfacet
facet normal 0.9807842452687219 -0.1950955259165719 0
outer loop
vertex -9.35027027130127 -43.9599494934082 1.7000000476837158
vertex -9.35027027130127 -43.9599494934082 0
vertex -9.316015243530273 -43.787742614746094 1.7000000476837158
endloop
endfacet
facet normal 0.8314665660174577 0.5555747920803612 0
outer loop
vertex -9.218467712402344 -44.27814483642578 1.7000000476837158
vertex -9.218467712402344 -44.27814483642578 0
vertex -9.316015243530273 -44.13215637207031 1.7000000476837158
endloop
endfacet
facet normal 0.5555772839934787 0.8314649009491799 0
outer loop
vertex -9.072477340698242 -44.375694274902344 1.7000000476837158
vertex -9.072477340698242 -44.375694274902344 0
vertex -9.218467712402344 -44.27814483642578 1.7000000476837158
endloop
endfacet
facet normal 0.9807842452687219 0.1950955259165719 0
outer loop
vertex -9.316015243530273 -44.13215637207031 1.7000000476837158
vertex -9.316015243530273 -44.13215637207031 0
vertex -9.35027027130127 -43.9599494934082 1.7000000476837158
endloop
endfacet
facet normal -0.1951007507126451 -0.9807832059488795 0
outer loop
vertex -8.728062629699707 -43.54420471191406 0
vertex -8.728062629699707 -43.54420471191406 1.7000000476837158
vertex -8.900269508361816 -43.50994873046875 0
endloop
endfacet
facet normal 0.19509971138541468 -0.9807834126948354 0
outer loop
vertex -8.900269508361816 -43.50994873046875 0
vertex -8.900269508361816 -43.50994873046875 1.7000000476837158
vertex -9.072477340698242 -43.54420471191406 0
endloop
endfacet
facet normal -0.8314707629512766 -0.5555685109482196 0
outer loop
vertex -8.582072257995605 -43.64175033569336 0
vertex -8.48452377319336 -43.787742614746094 0
vertex -8.48452377319336 -43.787742614746094 1.7000000476837158
endloop
endfacet
facet normal -0.5555622638012966 -0.8314749371087372 0
outer loop
vertex -8.728062629699707 -43.54420471191406 0
vertex -8.582072257995605 -43.64175033569336 0
vertex -8.582072257995605 -43.64175033569336 1.7000000476837158
endloop
endfacet
facet normal -0.9807852845629332 -0.19509030110388895 0
outer loop
vertex -8.45026969909668 -43.9599494934082 0
vertex -8.45026969909668 -43.9599494934082 1.7000000476837158
vertex -8.48452377319336 -43.787742614746094 0
endloop
endfacet
facet normal -0.9807852845629332 0.19509030110388895 0
outer loop
vertex -8.45026969909668 -43.9599494934082 0
vertex -8.48452377319336 -44.13215637207031 0
vertex -8.48452377319336 -44.13215637207031 1.7000000476837158
endloop
endfacet
facet normal 0.5555622638012966 -0.8314749371087372 0
outer loop
vertex -9.072477340698242 -43.54420471191406 0
vertex -9.072477340698242 -43.54420471191406 1.7000000476837158
vertex -9.218467712402344 -43.64175033569336 0
endloop
endfacet
facet normal -0.8314640569414533 0.5555785471150407 0
outer loop
vertex -8.48452377319336 -44.13215637207031 0
vertex -8.582072257995605 -44.27814483642578 0
vertex -8.582072257995605 -44.27814483642578 1.7000000476837158
endloop
endfacet
facet normal -0.5555772839934787 0.8314649009491799 0
outer loop
vertex -8.582072257995605 -44.27814483642578 0
vertex -8.728062629699707 -44.375694274902344 0
vertex -8.728062629699707 -44.375694274902344 1.7000000476837158
endloop
endfacet
facet normal -0.1951007507126451 0.9807832059488795 0
outer loop
vertex -8.728062629699707 -44.375694274902344 0
vertex -8.900269508361816 -44.409950256347656 0
vertex -8.900269508361816 -44.409950256347656 1.7000000476837158
endloop
endfacet
facet normal 0.19509971138541468 0.9807834126948354 0
outer loop
vertex -8.900269508361816 -44.409950256347656 0
vertex -9.072477340698242 -44.375694274902344 0
vertex -9.072477340698242 -44.375694274902344 1.7000000476837158
endloop
endfacet
facet normal -0.1951007507126451 0.9807832059488795 0
outer loop
vertex -8.728062629699707 -44.375694274902344 1.7000000476837158
vertex -8.728062629699707 -44.375694274902344 0
vertex -8.900269508361816 -44.409950256347656 1.7000000476837158
endloop
endfacet
facet normal -0.5555772839934787 0.8314649009491799 0
outer loop
vertex -8.582072257995605 -44.27814483642578 1.7000000476837158
vertex -8.582072257995605 -44.27814483642578 0
vertex -8.728062629699707 -44.375694274902344 1.7000000476837158
endloop
endfacet
facet normal 0.9807842452687219 -0.1950955259165719 0
outer loop
vertex -9.316015243530273 -43.787742614746094 0
vertex -9.316015243530273 -43.787742614746094 1.7000000476837158
vertex -9.35027027130127 -43.9599494934082 0
endloop
endfacet
facet normal -0.1950798514286955 0.9807873630744628 0
outer loop
vertex -8.728062629699707 -45.645694732666016 0
vertex -8.900269508361816 -45.67994689941406 0
vertex -8.900269508361816 -45.67994689941406 1.7000000476837158
endloop
endfacet
facet normal 0.5555772839934787 0.8314649009491799 0
outer loop
vertex -9.072477340698242 -45.645694732666016 0
vertex -9.218467712402344 -45.54814529418945 0
vertex -9.218467712402344 -45.54814529418945 1.7000000476837158
endloop
endfacet
facet normal -0.5555772839934787 0.8314649009491799 0
outer loop
vertex -8.582072257995605 -45.54814529418945 0
vertex -8.728062629699707 -45.645694732666016 0
vertex -8.728062629699707 -45.645694732666016 1.7000000476837158
endloop
endfacet
facet normal -0.8314640569414533 0.5555785471150407 0
outer loop
vertex -8.582072257995605 -45.54814529418945 0
vertex -8.582072257995605 -45.54814529418945 1.7000000476837158
vertex -8.48452377319336 -45.402156829833984 0
endloop
endfacet
facet normal -0.9807852845629332 0.19509030110388895 0
outer loop
vertex -8.48452377319336 -45.402156829833984 0
vertex -8.48452377319336 -45.402156829833984 1.7000000476837158
vertex -8.45026969909668 -45.229949951171875 0
endloop
endfacet
facet normal -0.9807861114401027 -0.19508614406513386 0
outer loop
vertex -8.45026969909668 -45.229949951171875 0
vertex -8.45026969909668 -45.229949951171875 1.7000000476837158
vertex -8.48452377319336 -45.0577392578125 0
endloop
endfacet
facet normal -0.8314640569414533 -0.5555785471150407 0
outer loop
vertex -8.48452377319336 -45.0577392578125 0
vertex -8.48452377319336 -45.0577392578125 1.7000000476837158
vertex -8.582072257995605 -44.91175079345703 0
endloop
endfacet
facet normal 0.1950788122039888 -0.9807875697770038 0
outer loop
vertex -8.900269508361816 -44.77994918823242 0
vertex -8.900269508361816 -44.77994918823242 1.7000000476837158
vertex -9.072477340698242 -44.81420135498047 0
endloop
endfacet
facet normal -0.1950798514286955 -0.9807873630744628 0
outer loop
vertex -8.728062629699707 -44.81420135498047 0
vertex -8.728062629699707 -44.81420135498047 1.7000000476837158
vertex -8.900269508361816 -44.77994918823242 0
endloop
endfacet
facet normal -0.5555772839934787 -0.8314649009491799 0
outer loop
vertex -8.582072257995605 -44.91175079345703 0
vertex -8.582072257995605 -44.91175079345703 1.7000000476837158
vertex -8.728062629699707 -44.81420135498047 0
endloop
endfacet
facet normal 0 0 -1
outer loop
vertex -9.072477340698242 -45.645694732666016 1.7000000476837158
vertex -9.218467712402344 -45.54814529418945 1.7000000476837158
vertex -9.072477340698242 -44.81420135498047 1.7000000476837158
endloop
endfacet
facet normal 0 0 -1
outer loop
vertex -9.316015243530273 -45.402156829833984 1.7000000476837158
vertex -9.35027027130127 -45.229949951171875 1.7000000476837158
vertex -9.316015243530273 -45.0577392578125 1.7000000476837158
endloop
endfacet
facet normal 0 0 -1
outer loop
vertex -9.218467712402344 -45.54814529418945 1.7000000476837158
vertex -9.316015243530273 -45.402156829833984 1.7000000476837158
vertex -9.218467712402344 -44.91175079345703 1.7000000476837158
endloop
endfacet
facet normal 0 0 -1
outer loop
vertex -9.218467712402344 -44.91175079345703 1.7000000476837158
vertex -9.316015243530273 -45.402156829833984 1.7000000476837158
vertex -9.316015243530273 -45.0577392578125 1.7000000476837158
endloop
endfacet
facet normal 0 0 -1
outer loop
vertex -9.072477340698242 -44.81420135498047 1.7000000476837158
vertex -9.218467712402344 -45.54814529418945 1.7000000476837158
vertex -9.218467712402344 -44.91175079345703 1.7000000476837158
endloop
endfacet
facet normal 0.5555772839934787 -0.8314649009491799 0
outer loop
vertex -9.072477340698242 -44.81420135498047 0
vertex -9.072477340698242 -44.81420135498047 1.7000000476837158
vertex -9.218467712402344 -44.91175079345703 0
endloop
endfacet
facet normal 0.8314665660174577 -0.5555747920803612 0
outer loop
vertex -9.218467712402344 -44.91175079345703 0
vertex -9.218467712402344 -44.91175079345703 1.7000000476837158
vertex -9.316015243530273 -45.0577392578125 0
endloop
endfacet
facet normal 0.9807850721893059 -0.19509136877529504 0
outer loop
vertex -9.316015243530273 -45.0577392578125 0
vertex -9.316015243530273 -45.0577392578125 1.7000000476837158
vertex -9.35027027130127 -45.229949951171875 0
endloop
endfacet
facet normal 0.9807842452687219 0.1950955259165719 0
outer loop
vertex -9.35027027130127 -45.229949951171875 0
vertex -9.35027027130127 -45.229949951171875 1.7000000476837158
vertex -9.316015243530273 -45.402156829833984 0
endloop
endfacet
facet normal 0.8314665660174577 0.5555747920803612 0
outer loop
vertex -9.218467712402344 -45.54814529418945 0
vertex -9.316015243530273 -45.402156829833984 0
vertex -9.316015243530273 -45.402156829833984 1.7000000476837158
endloop
endfacet
facet normal 0 0 -1
outer loop
vertex -8.582072257995605 -44.91175079345703 1.7000000476837158
vertex -8.48452377319336 -45.0577392578125 1.7000000476837158
vertex -8.582072257995605 -45.54814529418945 1.7000000476837158
endloop
endfacet
facet normal 0 0 -1
outer loop
vertex -8.900269508361816 -45.67994689941406 1.7000000476837158
vertex -9.072477340698242 -45.645694732666016 1.7000000476837158
vertex -8.900269508361816 -44.77994918823242 1.7000000476837158
endloop
endfacet
facet normal -0.5555772839934787 -0.8314649009491799 0
outer loop
vertex -8.728062629699707 -44.81420135498047 1.7000000476837158
vertex -8.728062629699707 -44.81420135498047 0
vertex -8.582072257995605 -44.91175079345703 1.7000000476837158
endloop
endfacet
facet normal -0.1950798514286955 -0.9807873630744628 0
outer loop
vertex -8.900269508361816 -44.77994918823242 1.7000000476837158
vertex -8.900269508361816 -44.77994918823242 0
vertex -8.728062629699707 -44.81420135498047 1.7000000476837158
endloop
endfacet
facet normal 0.1950788122039888 -0.9807875697770038 0
outer loop
vertex -9.072477340698242 -44.81420135498047 1.7000000476837158
vertex -9.072477340698242 -44.81420135498047 0
vertex -8.900269508361816 -44.77994918823242 1.7000000476837158
endloop
endfacet
facet normal -0.8314640569414533 -0.5555785471150407 0
outer loop
vertex -8.582072257995605 -44.91175079345703 1.7000000476837158
vertex -8.582072257995605 -44.91175079345703 0
vertex -8.48452377319336 -45.0577392578125 1.7000000476837158
endloop
endfacet
facet normal -0.9807861114401027 -0.19508614406513386 0
outer loop
vertex -8.48452377319336 -45.0577392578125 1.7000000476837158
vertex -8.48452377319336 -45.0577392578125 0
vertex -8.45026969909668 -45.229949951171875 1.7000000476837158
endloop
endfacet
facet normal -0.9807852845629332 0.19509030110388895 0
outer loop
vertex -8.45026969909668 -45.229949951171875 1.7000000476837158
vertex -8.45026969909668 -45.229949951171875 0
vertex -8.48452377319336 -45.402156829833984 1.7000000476837158
endloop
endfacet
facet normal -0.8314640569414533 0.5555785471150407 0
outer loop
vertex -8.48452377319336 -45.402156829833984 1.7000000476837158
vertex -8.48452377319336 -45.402156829833984 0
vertex -8.582072257995605 -45.54814529418945 1.7000000476837158
endloop
endfacet
facet normal -0.5555772839934787 0.8314649009491799 0
outer loop
vertex -8.582072257995605 -45.54814529418945 1.7000000476837158
vertex -8.582072257995605 -45.54814529418945 0
vertex -8.728062629699707 -45.645694732666016 1.7000000476837158
endloop
endfacet
facet normal -0.1950798514286955 0.9807873630744628 0
outer loop
vertex -8.728062629699707 -45.645694732666016 1.7000000476837158
vertex -8.728062629699707 -45.645694732666016 0
vertex -8.900269508361816 -45.67994689941406 1.7000000476837158
endloop
endfacet
facet normal 0.1950788122039888 0.9807875697770038 0
outer loop
vertex -8.900269508361816 -45.67994689941406 1.7000000476837158
vertex -8.900269508361816 -45.67994689941406 0
vertex -9.072477340698242 -45.645694732666016 1.7000000476837158
endloop
endfacet
facet normal 0 0 -1
outer loop
vertex -8.728062629699707 -45.645694732666016 1.7000000476837158
vertex -8.900269508361816 -45.67994689941406 1.7000000476837158
vertex -8.728062629699707 -44.81420135498047 1.7000000476837158
endloop
endfacet
facet normal 0 0 -1
outer loop
vertex -8.582072257995605 -45.54814529418945 1.7000000476837158
vertex -8.728062629699707 -45.645694732666016 1.7000000476837158
vertex -8.582072257995605 -44.91175079345703 1.7000000476837158
endloop
endfacet
facet normal 0.9807842452687219 0.1950955259165719 0
outer loop
vertex -9.316015243530273 -45.402156829833984 1.7000000476837158
vertex -9.316015243530273 -45.402156829833984 0
vertex -9.35027027130127 -45.229949951171875 1.7000000476837158
endloop
endfacet
facet normal 0.5555772839934787 0.8314649009491799 0
outer loop
vertex -9.072477340698242 -45.645694732666016 1.7000000476837158
vertex -9.072477340698242 -45.645694732666016 0
vertex -9.218467712402344 -45.54814529418945 1.7000000476837158
endloop
endfacet
facet normal 0.8314665660174577 0.5555747920803612 0
outer loop
vertex -9.218467712402344 -45.54814529418945 1.7000000476837158
vertex -9.218467712402344 -45.54814529418945 0
vertex -9.316015243530273 -45.402156829833984 1.7000000476837158
endloop
endfacet
facet normal 0.9807850721893059 -0.19509136877529504 0
outer loop
vertex -9.35027027130127 -45.229949951171875 1.7000000476837158
vertex -9.35027027130127 -45.229949951171875 0
vertex -9.316015243530273 -45.0577392578125 1.7000000476837158
endloop
endfacet
facet normal 0.8314665660174577 -0.5555747920803612 0
outer loop
vertex -9.316015243530273 -45.0577392578125 1.7000000476837158
vertex -9.316015243530273 -45.0577392578125 0
vertex -9.218467712402344 -44.91175079345703 1.7000000476837158
endloop
endfacet
facet normal 0.5555772839934787 -0.8314649009491799 0
outer loop
vertex -9.218467712402344 -44.91175079345703 1.7000000476837158
vertex -9.218467712402344 -44.91175079345703 0
vertex -9.072477340698242 -44.81420135498047 1.7000000476837158
endloop
endfacet
facet normal 0 0 -1
outer loop
vertex -8.48452377319336 -45.402156829833984 1.7000000476837158
vertex -8.582072257995605 -45.54814529418945 1.7000000476837158
vertex -8.48452377319336 -45.0577392578125 1.7000000476837158
endloop
endfacet
facet normal 0 0 -1
outer loop
vertex -8.900269508361816 -44.77994918823242 1.7000000476837158
vertex -9.072477340698242 -45.645694732666016 1.7000000476837158
vertex -9.072477340698242 -44.81420135498047 1.7000000476837158
endloop
endfacet
facet normal 0 0 -1
outer loop
vertex -8.45026969909668 -45.229949951171875 1.7000000476837158
vertex -8.48452377319336 -45.402156829833984 1.7000000476837158
vertex -8.48452377319336 -45.0577392578125 1.7000000476837158
endloop
endfacet
facet normal 0 0 -1
outer loop
vertex -8.728062629699707 -44.81420135498047 1.7000000476837158
vertex -8.582072257995605 -44.91175079345703 1.7000000476837158
vertex -8.728062629699707 -45.645694732666016 1.7000000476837158
endloop
endfacet
facet normal 0 0 -1
outer loop
vertex -8.728062629699707 -44.81420135498047 1.7000000476837158
vertex -8.900269508361816 -45.67994689941406 1.7000000476837158
vertex -8.900269508361816 -44.77994918823242 1.7000000476837158
endloop
endfacet
facet normal 0.1950788122039888 0.9807875697770038 0
outer loop
vertex -8.900269508361816 -45.67994689941406 0
vertex -9.072477340698242 -45.645694732666016 0
vertex -9.072477340698242 -45.645694732666016 1.7000000476837158
endloop
endfacet
facet normal 0.5555772839934787 -0.8314649009491799 0
outer loop
vertex -9.072477340698242 -46.08420181274414 0
vertex -9.072477340698242 -46.08420181274414 1.7000000476837158
vertex -9.218467712402344 -46.1817512512207 0
endloop
endfacet
facet normal -0.5555772839934787 -0.8314649009491799 0
outer loop
vertex -8.582072257995605 -46.1817512512207 0
vertex -8.582072257995605 -46.1817512512207 1.7000000476837158
vertex -8.728062629699707 -46.08420181274414 0
endloop
endfacet
facet normal -0.1950798514286955 0.9807873630744628 0
outer loop
vertex -8.728062629699707 -46.91569519042969 1.7000000476837158
vertex -8.728062629699707 -46.91569519042969 0
vertex -8.900269508361816 -46.949947357177734 1.7000000476837158
endloop
endfacet
facet normal 0.8314665660174577 -0.5555747920803612 0
outer loop
vertex -9.218467712402344 -46.1817512512207 0
vertex -9.218467712402344 -46.1817512512207 1.7000000476837158
vertex -9.316015243530273 -46.32773971557617 0
endloop
endfacet
facet normal 0.9807850721893059 -0.19509136877529504 0
outer loop
vertex -9.316015243530273 -46.32773971557617 0
vertex -9.316015243530273 -46.32773971557617 1.7000000476837158
vertex -9.35027027130127 -46.49995040893555 0
endloop
endfacet
facet normal -0.5555772839934787 0.8314649009491799 0
outer loop
vertex -8.582072257995605 -46.818145751953125 1.7000000476837158
vertex -8.582072257995605 -46.818145751953125 0
vertex -8.728062629699707 -46.91569519042969 1.7000000476837158
endloop
endfacet
facet normal -0.8314640569414533 0.5555785471150407 0
outer loop
vertex -8.48452377319336 -46.672157287597656 1.7000000476837158
vertex -8.48452377319336 -46.672157287597656 0
vertex -8.582072257995605 -46.818145751953125 1.7000000476837158
endloop
endfacet
facet normal -0.9807852845629332 0.19509030110388895 0
outer loop
vertex -8.45026969909668 -46.49995040893555 1.7000000476837158
vertex -8.45026969909668 -46.49995040893555 0
vertex -8.48452377319336 -46.672157287597656 1.7000000476837158
endloop
endfacet
facet normal -0.9807861114401027 -0.19508614406513386 0
outer loop
vertex -8.48452377319336 -46.32773971557617 1.7000000476837158
vertex -8.48452377319336 -46.32773971557617 0
vertex -8.45026969909668 -46.49995040893555 1.7000000476837158
endloop
endfacet
facet normal -0.8314640569414533 -0.5555785471150407 0
outer loop
vertex -8.582072257995605 -46.1817512512207 1.7000000476837158
vertex -8.582072257995605 -46.1817512512207 0
vertex -8.48452377319336 -46.32773971557617 1.7000000476837158
endloop
endfacet
facet normal 0.1950788122039888 -0.9807875697770038 0
outer loop
vertex -9.072477340698242 -46.08420181274414 1.7000000476837158
vertex -9.072477340698242 -46.08420181274414 0
vertex -8.900269508361816 -46.049949645996094 1.7000000476837158
endloop
endfacet
facet normal 0.5555772839934787 -0.8314649009491799 0
outer loop
vertex -9.218467712402344 -46.1817512512207 1.7000000476837158
vertex -9.218467712402344 -46.1817512512207 0
vertex -9.072477340698242 -46.08420181274414 1.7000000476837158
endloop
endfacet
facet normal 0.8314665660174577 -0.5555747920803612 0
outer loop
vertex -9.316015243530273 -46.32773971557617 1.7000000476837158
vertex -9.316015243530273 -46.32773971557617 0
vertex -9.218467712402344 -46.1817512512207 1.7000000476837158
endloop
endfacet
facet normal 0.9807850721893059 -0.19509136877529504 0
outer loop
vertex -9.35027027130127 -46.49995040893555 1.7000000476837158
vertex -9.35027027130127 -46.49995040893555 0
vertex -9.316015243530273 -46.32773971557617 1.7000000476837158
endloop
endfacet
facet normal 0.8314665660174577 0.5555747920803612 0
outer loop
vertex -9.218467712402344 -46.818145751953125 1.7000000476837158
vertex -9.218467712402344 -46.818145751953125 0
vertex -9.316015243530273 -46.672157287597656 1.7000000476837158
endloop
endfacet
facet normal 0.5555772839934787 0.8314649009491799 0
outer loop
vertex -9.072477340698242 -46.91569519042969 1.7000000476837158
vertex -9.072477340698242 -46.91569519042969 0
vertex -9.218467712402344 -46.818145751953125 1.7000000476837158
endloop
endfacet
facet normal 0.9807842452687219 0.1950955259165719 0
outer loop
vertex -9.316015243530273 -46.672157287597656 1.7000000476837158
vertex -9.316015243530273 -46.672157287597656 0
vertex -9.35027027130127 -46.49995040893555 1.7000000476837158
endloop
endfacet
facet normal -0.1950798514286955 -0.9807873630744628 0
outer loop
vertex -8.900269508361816 -46.049949645996094 1.7000000476837158
vertex -8.900269508361816 -46.049949645996094 0
vertex -8.728062629699707 -46.08420181274414 1.7000000476837158
endloop
endfacet
facet normal -0.5555772839934787 -0.8314649009491799 0
outer loop
vertex -8.728062629699707 -46.08420181274414 1.7000000476837158
vertex -8.728062629699707 -46.08420181274414 0
vertex -8.582072257995605 -46.1817512512207 1.7000000476837158
endloop
endfacet
facet normal -0.9807852845629332 0.19509030110388895 0
outer loop
vertex -8.48452377319336 -46.672157287597656 0
vertex -8.48452377319336 -46.672157287597656 1.7000000476837158
vertex -8.45026969909668 -46.49995040893555 0
endloop
endfacet
facet normal 0 0 -1
outer loop
vertex -8.582072257995605 -46.1817512512207 1.7000000476837158
vertex -8.48452377319336 -46.32773971557617 1.7000000476837158
vertex -8.582072257995605 -46.818145751953125 1.7000000476837158
endloop
endfacet
facet normal 0.9807842452687219 0.1950955259165719 0
outer loop
vertex -9.35027027130127 -46.49995040893555 0
vertex -9.35027027130127 -46.49995040893555 1.7000000476837158
vertex -9.316015243530273 -46.672157287597656 0
endloop
endfacet
facet normal 0.8314665660174577 0.5555747920803612 0
outer loop
vertex -9.218467712402344 -46.818145751953125 0
vertex -9.316015243530273 -46.672157287597656 0
vertex -9.316015243530273 -46.672157287597656 1.7000000476837158
endloop
endfacet
facet normal 0 0 -1
outer loop
vertex -8.45026969909668 -46.49995040893555 1.7000000476837158
vertex -8.48452377319336 -46.672157287597656 1.7000000476837158
vertex -8.48452377319336 -46.32773971557617 1.7000000476837158
endloop
endfacet
facet normal 0 0 -1
outer loop
vertex -8.728062629699707 -46.08420181274414 1.7000000476837158
vertex -8.582072257995605 -46.1817512512207 1.7000000476837158
vertex -8.728062629699707 -46.91569519042969 1.7000000476837158
endloop
endfacet
facet normal 0 0 -1
outer loop
vertex -8.728062629699707 -46.08420181274414 1.7000000476837158
vertex -8.900269508361816 -46.949947357177734 1.7000000476837158
vertex -8.900269508361816 -46.049949645996094 1.7000000476837158
endloop
endfacet
facet normal 0 0 -1
outer loop
vertex -8.900269508361816 -46.049949645996094 1.7000000476837158
vertex -9.072477340698242 -46.91569519042969 1.7000000476837158
vertex -9.072477340698242 -46.08420181274414 1.7000000476837158
endloop
endfacet
facet normal 0 0 -1
outer loop
vertex -8.48452377319336 -46.672157287597656 1.7000000476837158
vertex -8.582072257995605 -46.818145751953125 1.7000000476837158
vertex -8.48452377319336 -46.32773971557617 1.7000000476837158
endloop
endfacet
facet normal 0 0 -1
outer loop
vertex -8.582072257995605 -46.818145751953125 1.7000000476837158
vertex -8.728062629699707 -46.91569519042969 1.7000000476837158
vertex -8.582072257995605 -46.1817512512207 1.7000000476837158
endloop
endfacet
facet normal 0 0 -1
outer loop
vertex -8.728062629699707 -46.91569519042969 1.7000000476837158
vertex -8.900269508361816 -46.949947357177734 1.7000000476837158
vertex -8.728062629699707 -46.08420181274414 1.7000000476837158
endloop
endfacet
facet normal 0.5555772839934787 0.8314649009491799 0
outer loop
vertex -9.072477340698242 -46.91569519042969 0
vertex -9.218467712402344 -46.818145751953125 0
vertex -9.218467712402344 -46.818145751953125 1.7000000476837158
endloop
endfacet
facet normal 0 0 -1
outer loop
vertex -8.900269508361816 -46.949947357177734 1.7000000476837158
vertex -9.072477340698242 -46.91569519042969 1.7000000476837158
vertex -8.900269508361816 -46.049949645996094 1.7000000476837158
endloop
endfacet
facet normal -0.9807861114401027 -0.19508614406513386 0
outer loop
vertex -8.45026969909668 -46.49995040893555 0
vertex -8.45026969909668 -46.49995040893555 1.7000000476837158
vertex -8.48452377319336 -46.32773971557617 0
endloop
endfacet
facet normal 0 0 -1
outer loop
vertex -9.072477340698242 -46.08420181274414 1.7000000476837158
vertex -9.218467712402344 -46.818145751953125 1.7000000476837158
vertex -9.218467712402344 -46.1817512512207 1.7000000476837158
endloop
endfacet
facet normal 0 0 -1
outer loop
vertex -9.218467712402344 -46.1817512512207 1.7000000476837158
vertex -9.316015243530273 -46.672157287597656 1.7000000476837158
vertex -9.316015243530273 -46.32773971557617 1.7000000476837158
endloop
endfacet
facet normal 0 0 -1
outer loop
vertex -9.218467712402344 -46.818145751953125 1.7000000476837158
vertex -9.316015243530273 -46.672157287597656 1.7000000476837158
vertex -9.218467712402344 -46.1817512512207 1.7000000476837158
endloop
endfacet
facet normal 0 0 -1
outer loop
vertex -9.316015243530273 -46.672157287597656 1.7000000476837158
vertex -9.35027027130127 -46.49995040893555 1.7000000476837158
vertex -9.316015243530273 -46.32773971557617 1.7000000476837158
endloop
endfacet
facet normal -0.8314640569414533 -0.5555785471150407 0
outer loop
vertex -8.48452377319336 -46.32773971557617 0
vertex -8.48452377319336 -46.32773971557617 1.7000000476837158
vertex -8.582072257995605 -46.1817512512207 0
endloop
endfacet
facet normal 0.1950788122039888 -0.9807875697770038 0
outer loop
vertex -8.900269508361816 -46.049949645996094 0
vertex -8.900269508361816 -46.049949645996094 1.7000000476837158
vertex -9.072477340698242 -46.08420181274414 0
endloop
endfacet
facet normal -0.1950798514286955 -0.9807873630744628 0
outer loop
vertex -8.728062629699707 -46.08420181274414 0
vertex -8.728062629699707 -46.08420181274414 1.7000000476837158
vertex -8.900269508361816 -46.049949645996094 0
endloop
endfacet
facet normal 0 0 -1
outer loop
vertex -9.072477340698242 -46.91569519042969 1.7000000476837158
vertex -9.218467712402344 -46.818145751953125 1.7000000476837158
vertex -9.072477340698242 -46.08420181274414 1.7000000476837158
endloop
endfacet
facet normal 0.1950788122039888 0.9807875697770038 0
outer loop
vertex -8.900269508361816 -46.949947357177734 0
vertex -9.072477340698242 -46.91569519042969 0
vertex -9.072477340698242 -46.91569519042969 1.7000000476837158
endloop
endfacet
facet normal -0.1950798514286955 0.9807873630744628 0
outer loop
vertex -8.728062629699707 -46.91569519042969 0
vertex -8.900269508361816 -46.949947357177734 0
vertex -8.900269508361816 -46.949947357177734 1.7000000476837158
endloop
endfacet
facet normal -0.5555772839934787 0.8314649009491799 0
outer loop
vertex -8.728062629699707 -46.91569519042969 0
vertex -8.728062629699707 -46.91569519042969 1.7000000476837158
vertex -8.582072257995605 -46.818145751953125 0
endloop
endfacet
facet normal -0.8314640569414533 0.5555785471150407 0
outer loop
vertex -8.582072257995605 -46.818145751953125 0
vertex -8.582072257995605 -46.818145751953125 1.7000000476837158
vertex -8.48452377319336 -46.672157287597656 0
endloop
endfacet
facet normal 0.1950788122039888 0.9807875697770038 0
outer loop
vertex -8.900269508361816 -46.949947357177734 1.7000000476837158
vertex -8.900269508361816 -46.949947357177734 0
vertex -9.072477340698242 -46.91569519042969 1.7000000476837158
endloop
endfacet
facet normal 0 1 0
outer loop
vertex -9.499978065490723 29.500051498413086 2.200000047683716
vertex -28.499977111816406 29.500051498413086 2.200000047683716
vertex -28.499977111816406 29.500051498413086 5
endloop
endfacet
facet normal -1 0 0
outer loop
vertex -9.499978065490723 48.50004959106445 5
vertex -9.499978065490723 48.50004959106445 2.200000047683716
vertex -9.499978065490723 29.500051498413086 5
endloop
endfacet
facet normal 0 0 1
outer loop
vertex -11.94997787475586 31.95005226135254 2.200000047683716
vertex -9.499978065490723 29.500051498413086 2.200000047683716
vertex -9.499978065490723 48.50004959106445 2.200000047683716
endloop
endfacet
facet normal 0 0 1
outer loop
vertex -11.94997787475586 31.95005226135254 2.200000047683716
vertex -28.499977111816406 29.500051498413086 2.200000047683716
vertex -9.499978065490723 29.500051498413086 2.200000047683716
endloop
endfacet
facet normal 0 0 1
outer loop
vertex -28.499977111816406 48.50004959106445 2.200000047683716
vertex -26.049978256225586 46.050052642822266 2.200000047683716
vertex -9.499978065490723 48.50004959106445 2.200000047683716
endloop
endfacet
facet normal 0 0 1
outer loop
vertex -9.499978065490723 48.50004959106445 2.200000047683716
vertex -26.049978256225586 46.050052642822266 2.200000047683716
vertex -11.94997787475586 46.050052642822266 2.200000047683716
endloop
endfacet
facet normal 0 0 1
outer loop
vertex -28.499977111816406 48.50004959106445 2.200000047683716
vertex -26.049978256225586 31.95005226135254 2.200000047683716
vertex -26.049978256225586 46.050052642822266 2.200000047683716
endloop
endfacet
facet normal 0 0 1
outer loop
vertex -11.94997787475586 31.95005226135254 2.200000047683716
vertex -26.049978256225586 31.95005226135254 2.200000047683716
vertex -28.499977111816406 29.500051498413086 2.200000047683716
endloop
endfacet
facet normal -1 0 0
outer loop
vertex -9.499978065490723 48.50004959106445 2.200000047683716
vertex -9.499978065490723 29.500051498413086 2.200000047683716
vertex -9.499978065490723 29.500051498413086 5
endloop
endfacet
facet normal 0 0 1
outer loop
vertex -28.499977111816406 48.50004959106445 2.200000047683716
vertex -28.499977111816406 29.500051498413086 2.200000047683716
vertex -26.049978256225586 31.95005226135254 2.200000047683716
endloop
endfacet
facet normal 0 -1 0
outer loop
vertex -28.499977111816406 48.50004959106445 2.200000047683716
vertex -9.499978065490723 48.50004959106445 2.200000047683716
vertex -9.499978065490723 48.50004959106445 5
endloop
endfacet
facet normal 0 0 1
outer loop
vertex -11.94997787475586 46.050052642822266 2.200000047683716
vertex -11.94997787475586 31.95005226135254 2.200000047683716
vertex -9.499978065490723 48.50004959106445 2.200000047683716
endloop
endfacet
facet normal 0 -1 0
outer loop
vertex -28.499977111816406 48.50004959106445 5
vertex -28.499977111816406 48.50004959106445 2.200000047683716
vertex -9.499978065490723 48.50004959106445 5
endloop
endfacet
facet normal 0 1 0
outer loop
vertex -9.499978065490723 29.500051498413086 5
vertex -9.499978065490723 29.500051498413086 2.200000047683716
vertex -28.499977111816406 29.500051498413086 5
endloop
endfacet
facet normal 0 1 0
outer loop
vertex -28.499977111816406 29.500051498413086 5
vertex -28.499977111816406 29.500051498413086 2.200000047683716
vertex -47.499977111816406 29.500051498413086 5
endloop
endfacet
facet normal 0 1 0
outer loop
vertex -28.499977111816406 29.500051498413086 2.200000047683716
vertex -47.499977111816406 29.500051498413086 2.200000047683716
vertex -47.499977111816406 29.500051498413086 5
endloop
endfacet
facet normal 0 -1 0
outer loop
vertex -28.499977111816406 48.50004959106445 5
vertex -47.499977111816406 48.50004959106445 2.200000047683716
vertex -28.499977111816406 48.50004959106445 2.200000047683716
endloop
endfacet
facet normal 0 -1 0
outer loop
vertex -47.499977111816406 48.50004959106445 5
vertex -47.499977111816406 48.50004959106445 2.200000047683716
vertex -28.499977111816406 48.50004959106445 5
endloop
endfacet
facet normal 0 0 1
outer loop
vertex -47.499977111816406 48.50004959106445 2.200000047683716
vertex -45.04997634887695 31.95005226135254 2.200000047683716
vertex -45.04997634887695 46.050052642822266 2.200000047683716
endloop
endfacet
facet normal 0 0 1
outer loop
vertex -47.499977111816406 48.50004959106445 2.200000047683716
vertex -45.04997634887695 46.050052642822266 2.200000047683716
vertex -28.499977111816406 48.50004959106445 2.200000047683716
endloop
endfacet
facet normal 0 0 1
outer loop
vertex -28.499977111816406 48.50004959106445 2.200000047683716
vertex -45.04997634887695 46.050052642822266 2.200000047683716
vertex -30.94997787475586 46.050052642822266 2.200000047683716
endloop
endfacet
facet normal 0 0 1
outer loop
vertex -30.94997787475586 31.95005226135254 2.200000047683716
vertex -45.04997634887695 31.95005226135254 2.200000047683716
vertex -47.499977111816406 29.500051498413086 2.200000047683716
endloop
endfacet
facet normal 0 0 1
outer loop
vertex -30.94997787475586 31.95005226135254 2.200000047683716
vertex -47.499977111816406 29.500051498413086 2.200000047683716
vertex -28.499977111816406 29.500051498413086 2.200000047683716
endloop
endfacet
facet normal 0 0 1
outer loop
vertex -30.94997787475586 31.95005226135254 2.200000047683716
vertex -28.499977111816406 29.500051498413086 2.200000047683716
vertex -28.499977111816406 48.50004959106445 2.200000047683716
endloop
endfacet
facet normal 0 0 1
outer loop
vertex -30.94997787475586 46.050052642822266 2.200000047683716
vertex -30.94997787475586 31.95005226135254 2.200000047683716
vertex -28.499977111816406 48.50004959106445 2.200000047683716
endloop
endfacet
facet normal 0 0 1
outer loop
vertex -47.499977111816406 48.50004959106445 2.200000047683716
vertex -47.499977111816406 29.500051498413086 2.200000047683716
vertex -45.04997634887695 31.95005226135254 2.200000047683716
endloop
endfacet
facet normal 1 0 0
outer loop
vertex -66.4999771118164 29.500051498413086 2.200000047683716
vertex -66.4999771118164 48.50004959106445 2.200000047683716
vertex -66.4999771118164 48.50004959106445 5
endloop
endfacet
facet normal 0 -1 0
outer loop
vertex -66.4999771118164 48.50004959106445 2.200000047683716
vertex -47.499977111816406 48.50004959106445 2.200000047683716
vertex -47.499977111816406 48.50004959106445 5
endloop
endfacet
facet normal 1 0 0
outer loop
vertex -66.4999771118164 29.500051498413086 5
vertex -66.4999771118164 29.500051498413086 2.200000047683716
vertex -66.4999771118164 48.50004959106445 5
endloop
endfacet
facet normal 0 0 1
outer loop
vertex -66.4999771118164 48.50004959106445 2.200000047683716
vertex -64.04998016357422 46.050052642822266 2.200000047683716
vertex -47.499977111816406 48.50004959106445 2.200000047683716
endloop
endfacet
facet normal 0 1 0
outer loop
vertex -47.499977111816406 29.500051498413086 2.200000047683716
vertex -66.4999771118164 29.500051498413086 2.200000047683716
vertex -66.4999771118164 29.500051498413086 5
endloop
endfacet
facet normal 0 -1 0
outer loop
vertex -66.4999771118164 48.50004959106445 5
vertex -66.4999771118164 48.50004959106445 2.200000047683716
vertex -47.499977111816406 48.50004959106445 5
endloop
endfacet
facet normal 0 0 1
outer loop
vertex -66.4999771118164 29.500051498413086 2.200000047683716
vertex -64.04998016357422 31.95005226135254 2.200000047683716
vertex -66.4999771118164 48.50004959106445 2.200000047683716
endloop
endfacet
facet normal 0 0 1
outer loop
vertex -47.499977111816406 48.50004959106445 2.200000047683716
vertex -64.04998016357422 46.050052642822266 2.200000047683716
vertex -49.94997787475586 46.050052642822266 2.200000047683716
endloop
endfacet
facet normal 0 0 1
outer loop
vertex -49.94997787475586 31.95005226135254 2.200000047683716
vertex -64.04998016357422 31.95005226135254 2.200000047683716
vertex -66.4999771118164 29.500051498413086 2.200000047683716
endloop
endfacet
facet normal 0 1 0
outer loop
vertex -47.499977111816406 29.500051498413086 5
vertex -47.499977111816406 29.500051498413086 2.200000047683716
vertex -66.4999771118164 29.500051498413086 5
endloop
endfacet
facet normal 0 0 1
outer loop
vertex -49.94997787475586 31.95005226135254 2.200000047683716
vertex -47.499977111816406 29.500051498413086 2.200000047683716
vertex -47.499977111816406 48.50004959106445 2.200000047683716
endloop
endfacet
facet normal 0 0 1
outer loop
vertex -49.94997787475586 31.95005226135254 2.200000047683716
vertex -66.4999771118164 29.500051498413086 2.200000047683716
vertex -47.499977111816406 29.500051498413086 2.200000047683716
endloop
endfacet
facet normal 0 0 1
outer loop
vertex -66.4999771118164 48.50004959106445 2.200000047683716
vertex -64.04998016357422 31.95005226135254 2.200000047683716
vertex -64.04998016357422 46.050052642822266 2.200000047683716
endloop
endfacet
facet normal 0 0 1
outer loop
vertex -49.94997787475586 46.050052642822266 2.200000047683716
vertex -49.94997787475586 31.95005226135254 2.200000047683716
vertex -47.499977111816406 48.50004959106445 2.200000047683716
endloop
endfacet
facet normal 0 0 -1
outer loop
vertex -52.483882904052734 -53.74861526489258 0
vertex -52.484275817871094 -53.472164154052734 0
vertex -51.19997787475586 -53.472068786621094 0
endloop
endfacet
facet normal 0 0 -1
outer loop
vertex -52.238563537597656 -54.71090316772461 0
vertex -10.84006404876709 -53.062408447265625 0
vertex -10.6243314743042 -53.12785339355469 0
endloop
endfacet
facet normal -0.9755980306476866 0.21956430173494887 0
outer loop
vertex -71.13568878173828 50.3488655090332 0
vertex -71.47074890136719 48.86008071899414 0.20000000298023224
vertex -71.13568878173828 50.3488655090332 5
endloop
endfacet
facet normal -0.9755938178844713 0.21958301953565454 -0.000006099647074721331
outer loop
vertex -71.47074890136719 48.86008071899414 0.20000000298023224
vertex -71.48819732666016 48.78255844116211 0.20000000298023224
vertex -71.13568878173828 50.3488655090332 5
endloop
endfacet
facet normal -0.8589346564354853 0.5120852038226207 0
outer loop
vertex -70.3308334350586 51.69887161254883 0
vertex -71.13568878173828 50.3488655090332 0
vertex -70.3308334350586 51.69887161254883 5
endloop
endfacet
facet normal -0.6570851660070307 0.7538163467407117 0
outer loop
vertex -69.14604187011719 52.73162841796875 0
vertex -70.3308334350586 51.69887161254883 0
vertex -69.14604187011719 52.73162841796875 5
endloop
endfacet
facet normal -0.39006813813704055 0.9207859944690203 0
outer loop
vertex -67.67420196533203 53.35513687133789 0
vertex -69.14604187011719 52.73162841796875 0
vertex -67.67420196533203 53.35513687133789 5
endloop
endfacet
facet normal -0.1587079463339492 0.9873255733396458 0
outer loop
vertex -66.8835220336914 53.482234954833984 0
vertex -67.67420196533203 53.35513687133789 0
vertex -66.8835220336914 53.482234954833984 5
endloop
endfacet
facet normal 0.00030507402073433234 0.9999999534649199 0
outer loop
vertex -71.48812866210938 48.36008834838867 0.20000000298023224
vertex -72.18836212158203 48.36030197143555 0.20000000298023224
vertex -71.48812866210938 48.36008834838867 4.5
endloop
endfacet
facet normal -0.9999999529204487 0.0003068535488518431 0
outer loop
vertex -72.18836212158203 48.36030197143555 0.20000000298023224
vertex -72.19366455078125 31.080303192138672 0.20000000298023224
vertex -72.18836212158203 48.36030197143555 4.5
endloop
endfacet
facet normal -0.9999999527850373 0.00030729452200616795 0
outer loop
vertex -72.19366455078125 31.080303192138672 0.20000000298023224
vertex -72.19388580322266 30.360301971435547 0.20000000298023224
vertex -72.19388580322266 30.360301971435547 4.5
endloop
endfacet
facet normal -0.0003068706584053832 -0.9999999529151985 0
outer loop
vertex -71.48532104492188 30.360084533691406 0.20000000298023224
vertex -72.19388580322266 30.360301971435547 4.5
vertex -72.19388580322266 30.360301971435547 0.20000000298023224
endloop
endfacet
facet normal -0.9999999883584679 -0.0001525878888486432 0
outer loop
vertex -71.48532104492188 30.360084533691406 0.20000000298023224
vertex -71.48524475097656 29.860084533691406 0.20000000298023224
vertex -71.48524475097656 29.860084533691406 4.5
endloop
endfacet
facet normal 0 0 -1
outer loop
vertex -30.94997787475586 46.050052642822266 0
vertex -66.8835220336914 53.482234954833984 0
vertex -26.049978256225586 46.050052642822266 0
endloop
endfacet
facet normal 0 0 -1
outer loop
vertex -45.04997634887695 46.050052642822266 0
vertex -66.8835220336914 53.482234954833984 0
vertex -30.94997787475586 46.050052642822266 0
endloop
endfacet
facet normal 0 0 -1
outer loop
vertex -49.94997787475586 46.050052642822266 0
vertex -66.8835220336914 53.482234954833984 0
vertex -45.04997634887695 46.050052642822266 0
endloop
endfacet
facet normal 0 0 -1
outer loop
vertex -45.749977111816406 42.50004959106445 0
vertex -45.04997634887695 46.050052642822266 0
vertex -45.04997634887695 42.50004959106445 0
endloop
endfacet
facet normal 0 0 -1
outer loop
vertex -45.749977111816406 42.50004959106445 0
vertex -49.94997787475586 46.050052642822266 0
vertex -45.04997634887695 46.050052642822266 0
endloop
endfacet
facet normal 0 0 -1
outer loop
vertex -49.249977111816406 42.50004959106445 0
vertex -49.94997787475586 46.050052642822266 0
vertex -45.749977111816406 42.50004959106445 0
endloop
endfacet
facet normal 0 0 -1
outer loop
vertex -45.749977111816406 35.50004959106445 0
vertex -49.249977111816406 42.50004959106445 0
vertex -45.749977111816406 42.50004959106445 0
endloop
endfacet
facet normal 0 0 -1
outer loop
vertex -49.94997787475586 42.50004959106445 0
vertex -49.94997787475586 46.050052642822266 0
vertex -49.249977111816406 42.50004959106445 0
endloop
endfacet
facet normal 0 0 -1
outer loop
vertex -40.499977111816406 27.750051498413086 0
vertex -45.04997634887695 31.95005226135254 0
vertex -30.94997787475586 31.95005226135254 0
endloop
endfacet
facet normal 0 0 -1
outer loop
vertex -45.04997634887695 27.050050735473633 0
vertex -40.499977111816406 27.750051498413086 0
vertex -40.499977111816406 27.050050735473633 0
endloop
endfacet
facet normal 0 0 -1
outer loop
vertex -45.04997634887695 27.050050735473633 0
vertex -45.04997634887695 31.95005226135254 0
vertex -40.499977111816406 27.750051498413086 0
endloop
endfacet
facet normal 0 0 -1
outer loop
vertex -45.04997634887695 31.95005226135254 0
vertex -49.249977111816406 42.50004959106445 0
vertex -45.749977111816406 35.50004959106445 0
endloop
endfacet
facet normal 0 0 -1
outer loop
vertex -26.049978256225586 -6.049948692321777 0
vertex -30.94997787475586 -6.049948692321777 0
vertex -30.94997787475586 8.05005168914795 0
endloop
endfacet
facet normal 0 0 -1
outer loop
vertex -26.049978256225586 -6.049948692321777 0
vertex -30.94997787475586 8.05005168914795 0
vertex -26.049978256225586 8.05005168914795 0
endloop
endfacet
facet normal 0 0 -1
outer loop
vertex -35.499977111816406 8.05005168914795 0
vertex -35.499977111816406 8.750051498413086 0
vertex -30.94997787475586 8.05005168914795 0
endloop
endfacet
facet normal 0 0 -1
outer loop
vertex -30.94997787475586 8.05005168914795 0
vertex -35.499977111816406 8.750051498413086 0
vertex -35.499977111816406 12.250051498413086 0
endloop
endfacet
facet normal 0 0 -1
outer loop
vertex -30.94997787475586 8.05005168914795 0
vertex -35.499977111816406 12.250051498413086 0
vertex -30.94997787475586 12.950051307678223 0
endloop
endfacet
facet normal 0 0 -1
outer loop
vertex -26.049978256225586 8.05005168914795 0
vertex -30.94997787475586 8.05005168914795 0
vertex -30.94997787475586 12.950051307678223 0
endloop
endfacet
facet normal 0 0 -1
outer loop
vertex -26.049978256225586 8.05005168914795 0
vertex -30.94997787475586 12.950051307678223 0
vertex -21.499977111816406 8.05005168914795 0
endloop
endfacet
facet normal 0 0 -1
outer loop
vertex -21.499977111816406 8.750051498413086 0
vertex -30.94997787475586 12.950051307678223 0
vertex -26.049978256225586 12.950051307678223 0
endloop
endfacet
facet normal 0 0 -1
outer loop
vertex -30.94997787475586 12.950051307678223 0
vertex -21.499977111816406 8.750051498413086 0
vertex -21.499977111816406 8.05005168914795 0
endloop
endfacet
facet normal 0 0 -1
outer loop
vertex -21.499977111816406 8.750051498413086 0
vertex -26.049978256225586 12.950051307678223 0
vertex -21.499977111816406 12.250051498413086 0
endloop
endfacet
facet normal 0 0 -1
outer loop
vertex -21.499977111816406 8.750051498413086 0
vertex -16.499977111816406 12.250051498413086 0
vertex -16.499977111816406 8.750051498413086 0
endloop
endfacet
facet normal 0 0 -1
outer loop
vertex -16.499977111816406 12.250051498413086 0
vertex -21.499977111816406 8.750051498413086 0
vertex -21.499977111816406 12.250051498413086 0
endloop
endfacet
facet normal 0 0 -1
outer loop
vertex -45.04997634887695 31.95005226135254 0
vertex -49.249977111816406 35.50004959106445 0
vertex -49.249977111816406 42.50004959106445 0
endloop
endfacet
facet normal 0 0 -1
outer loop
vertex -45.749977111816406 35.50004959106445 0
vertex -45.04997634887695 35.50004959106445 0
vertex -45.04997634887695 31.95005226135254 0
endloop
endfacet
facet normal 0 0 -1
outer loop
vertex -45.04997634887695 31.95005226135254 0
vertex -49.94997787475586 35.50004959106445 0
vertex -49.249977111816406 35.50004959106445 0
endloop
endfacet
facet normal 0 0 -1
outer loop
vertex -45.04997634887695 27.050050735473633 0
vertex -49.94997787475586 35.50004959106445 0
vertex -45.04997634887695 31.95005226135254 0
endloop
endfacet
facet normal 0 0 -1
outer loop
vertex -45.04997634887695 27.050050735473633 0
vertex -49.94997787475586 31.95005226135254 0
vertex -49.94997787475586 35.50004959106445 0
endloop
endfacet
facet normal 0 0 -1
outer loop
vertex -30.94997787475586 12.950051307678223 0
vertex -35.499977111816406 12.250051498413086 0
vertex -35.499977111816406 12.950051307678223 0
endloop
endfacet
facet normal 0 0 -1
outer loop
vertex -26.049978256225586 12.950051307678223 0
vertex -30.94997787475586 12.950051307678223 0
vertex -30.94997787475586 27.050050735473633 0
endloop
endfacet
facet normal 0 0 -1
outer loop
vertex -26.049978256225586 12.950051307678223 0
vertex -30.94997787475586 27.050050735473633 0
vertex -26.049978256225586 27.050050735473633 0
endloop
endfacet
facet normal 0 0 -1
outer loop
vertex -21.499977111816406 12.250051498413086 0
vertex -26.049978256225586 12.950051307678223 0
vertex -21.499977111816406 12.950051307678223 0
endloop
endfacet
facet normal 0 0 -1
outer loop
vertex -45.04997634887695 27.050050735473633 0
vertex -49.94997787475586 27.050050735473633 0
vertex -49.94997787475586 31.95005226135254 0
endloop
endfacet
facet normal 0 0 -1
outer loop
vertex -49.94997787475586 27.050050735473633 0
vertex -54.499977111816406 27.750051498413086 0
vertex -49.94997787475586 31.95005226135254 0
endloop
endfacet
facet normal 0 0 -1
outer loop
vertex -54.499977111816406 27.050050735473633 0
vertex -54.499977111816406 27.750051498413086 0
vertex -49.94997787475586 27.050050735473633 0
endloop
endfacet
facet normal 0 0 -1
outer loop
vertex -64.04998016357422 46.050052642822266 0
vertex -66.8835220336914 53.482234954833984 0
vertex -49.94997787475586 46.050052642822266 0
endloop
endfacet
facet normal 0 0 -1
outer loop
vertex -64.04998016357422 46.050052642822266 0
vertex -67.67420196533203 53.35513687133789 0
vertex -66.8835220336914 53.482234954833984 0
endloop
endfacet
facet normal 0 0 -1
outer loop
vertex -7.049977779388428 -6.049948692321777 0
vertex -11.94997787475586 -6.049948692321777 0
vertex -11.94997787475586 8.05005168914795 0
endloop
endfacet
facet normal 0 0 -1
outer loop
vertex -16.499977111816406 8.05005168914795 0
vertex -16.499977111816406 8.750051498413086 0
vertex -11.94997787475586 8.05005168914795 0
endloop
endfacet
facet normal 0 0 -1
outer loop
vertex -11.94997787475586 8.05005168914795 0
vertex -16.499977111816406 8.750051498413086 0
vertex -16.499977111816406 12.250051498413086 0
endloop
endfacet
facet normal 0 0 -1
outer loop
vertex -11.94997787475586 8.05005168914795 0
vertex -16.499977111816406 12.250051498413086 0
vertex -11.94997787475586 12.950051307678223 0
endloop
endfacet
facet normal 0 0 -1
outer loop
vertex -11.94997787475586 8.05005168914795 0
vertex -11.94997787475586 12.950051307678223 0
vertex -7.049977779388428 8.05005168914795 0
endloop
endfacet
facet normal 0 0 -1
outer loop
vertex -7.049977779388428 -6.049948692321777 0
vertex -11.94997787475586 8.05005168914795 0
vertex -7.049977779388428 8.05005168914795 0
endloop
endfacet
facet normal 0 0 -1
outer loop
vertex -7.049977779388428 8.05005168914795 0
vertex -7.049977779388428 12.950051307678223 0
vertex -2.4999778270721436 8.750051498413086 0
endloop
endfacet
facet normal 0 0 -1
outer loop
vertex -7.049977779388428 8.05005168914795 0
vertex -2.4999778270721436 8.750051498413086 0
vertex -2.4999778270721436 8.05005168914795 0
endloop
endfacet
facet normal 0 0 -1
outer loop
vertex -2.4999778270721436 8.750051498413086 0
vertex -7.049977779388428 12.950051307678223 0
vertex -2.4999778270721436 12.250051498413086 0
endloop
endfacet
facet normal 0 0 -1
outer loop
vertex -2.4999778270721436 8.750051498413086 0
vertex -2.4999778270721436 12.250051498413086 0
vertex 2.5000221729278564 8.750051498413086 0
endloop
endfacet
facet normal 0 0 -1
outer loop
vertex -64.04998016357422 46.050052642822266 0
vertex -69.14604187011719 52.73162841796875 0
vertex -67.67420196533203 53.35513687133789 0
endloop
endfacet
facet normal 0 0 -1
outer loop
vertex -64.04998016357422 46.050052642822266 0
vertex -70.3308334350586 51.69887161254883 0
vertex -69.14604187011719 52.73162841796875 0
endloop
endfacet
facet normal 0 0 1
outer loop
vertex 70.73159790039062 51.1461181640625 5
vertex 69.69884490966797 52.33090591430664 5
vertex 71.35511016845703 49.67427444458008 5
endloop
endfacet
facet normal 0 0 1
outer loop
vertex 68.34883880615234 53.13575744628906 5
vertex 66.7824935913086 53.488277435302734 5
vertex 71.35511016845703 49.67427444458008 5
endloop
endfacet
facet normal 0 0 -1
outer loop
vertex -11.94997787475586 12.950051307678223 0
vertex -16.499977111816406 12.250051498413086 0
vertex -16.499977111816406 12.950051307678223 0
endloop
endfacet
facet normal 0 0 -1
outer loop
vertex -7.049977779388428 8.05005168914795 0
vertex -11.94997787475586 12.950051307678223 0
vertex -11.94997787475586 27.050050735473633 0
endloop
endfacet
facet normal 0 0 -1
outer loop
vertex -7.049977779388428 12.950051307678223 0
vertex -7.049977779388428 8.05005168914795 0
vertex -11.94997787475586 27.050050735473633 0
endloop
endfacet
facet normal 0 0 -1
outer loop
vertex -2.4999778270721436 12.250051498413086 0
vertex -7.049977779388428 12.950051307678223 0
vertex -2.4999778270721436 12.950051307678223 0
endloop
endfacet
facet normal 0 0 -1
outer loop
vertex -7.049977779388428 12.950051307678223 0
vertex -11.94997787475586 27.050050735473633 0
vertex -7.049977779388428 27.050050735473633 0
endloop
endfacet
facet normal 0 0 -1
outer loop
vertex -64.04998016357422 46.050052642822266 0
vertex -71.13568878173828 50.3488655090332 0
vertex -70.3308334350586 51.69887161254883 0
endloop
endfacet
facet normal 0 0 -1
outer loop
vertex -71.13568878173828 50.3488655090332 0
vertex -64.04998016357422 42.50004959106445 0
vertex -70.1882095336914 48.85968780517578 0
endloop
endfacet
facet normal 0 0 1
outer loop
vertex 71.48220825195312 48.88359069824219 5
vertex 71.35511016845703 49.67427444458008 5
vertex 66.7824935913086 53.488277435302734 5
endloop
endfacet
facet normal 0 0 -1
outer loop
vertex -70.1882095336914 48.85968780517578 0
vertex -71.47074890136719 48.86008071899414 0
vertex -71.13568878173828 50.3488655090332 0
endloop
endfacet
facet normal 0 0 1
outer loop
vertex 66.7824935913086 53.488277435302734 5
vertex 71.48223114013672 48.490234375 5
vertex 71.48220825195312 48.88359069824219 5
endloop
endfacet
facet normal -0.9755980306476865 0.21956430173494884 0
outer loop
vertex -71.47074890136719 48.86008071899414 0
vertex -71.47074890136719 48.86008071899414 0.20000000298023224
vertex -71.13568878173828 50.3488655090332 0
endloop
endfacet
facet normal 0 0 -1
outer loop
vertex -64.04998016357422 42.50004959106445 0
vertex -71.13568878173828 50.3488655090332 0
vertex -64.04998016357422 46.050052642822266 0
endloop
endfacet
facet normal 0 0 -1
outer loop
vertex -64.7499771118164 42.50004959106445 0
vertex -70.1882095336914 48.85968780517578 0
vertex -64.04998016357422 42.50004959106445 0
endloop
endfacet
facet normal 0 0 -1
outer loop
vertex -64.7499771118164 35.50004959106445 0
vertex -70.1882095336914 48.85968780517578 0
vertex -64.7499771118164 42.50004959106445 0
endloop
endfacet
facet normal 0 0 1
outer loop
vertex 66.7824935913086 53.488277435302734 5
vertex 70.20001983642578 48.49039077758789 5
vertex 71.48223114013672 48.490234375 5
endloop
endfacet
facet normal 0.9999999983071426 0.000058186896212448656 0
outer loop
vertex 71.48223114013672 48.490234375 5
vertex 71.48223114013672 48.490234375 4.5
vertex 71.48220825195312 48.88359069824219 5
endloop
endfacet
facet normal 0 0 1
outer loop
vertex 64.05001831054688 46.050052642822266 5
vertex 64.05001831054688 31.95005226135254 5
vertex 70.20001983642578 48.49039077758789 5
endloop
endfacet
facet normal 0 0 -1
outer loop
vertex -59.499977111816406 27.750051498413086 0
vertex -64.04998016357422 31.95005226135254 0
vertex -49.94997787475586 31.95005226135254 0
endloop
endfacet
facet normal 0 0 -1
outer loop
vertex -59.499977111816406 27.750051498413086 0
vertex -49.94997787475586 31.95005226135254 0
vertex -54.499977111816406 27.750051498413086 0
endloop
endfacet
facet normal 0 0 -1
outer loop
vertex -59.499977111816406 27.750051498413086 0
vertex -64.04998016357422 27.050050735473633 0
vertex -64.04998016357422 31.95005226135254 0
endloop
endfacet
facet normal 0 0 -1
outer loop
vertex -64.04998016357422 27.050050735473633 0
vertex -59.499977111816406 27.750051498413086 0
vertex -59.499977111816406 27.050050735473633 0
endloop
endfacet
facet normal 0 0 -1
outer loop
vertex -64.7499771118164 35.50004959106445 0
vertex -64.04998016357422 31.95005226135254 0
vertex -70.1882095336914 48.85968780517578 0
endloop
endfacet
facet normal 0 0 -1
outer loop
vertex -64.7499771118164 35.50004959106445 0
vertex -64.04998016357422 35.50004959106445 0
vertex -64.04998016357422 31.95005226135254 0
endloop
endfacet
facet normal 0 0 1
outer loop
vertex 70.20001983642578 48.49039077758789 5
vertex 49.95002365112305 46.050052642822266 5
vertex 64.05001831054688 46.050052642822266 5
endloop
endfacet
facet normal 0 0 -1
outer loop
vertex -64.04998016357422 31.95005226135254 0
vertex -70.19403839111328 29.859689712524414 0
vertex -70.1882095336914 48.85968780517578 0
endloop
endfacet
facet normal 0 0 1
outer loop
vertex 70.20001983642578 48.49039077758789 5
vertex 45.05002212524414 46.050052642822266 5
vertex 49.95002365112305 46.050052642822266 5
endloop
endfacet
facet normal 0 0 -1
outer loop
vertex -64.04998016357422 27.050050735473633 0
vertex -70.19403839111328 29.859689712524414 0
vertex -64.04998016357422 31.95005226135254 0
endloop
endfacet
facet normal 0 0 1
outer loop
vertex 69.69884490966797 52.33090591430664 5
vertex 68.34883880615234 53.13575744628906 5
vertex 71.35511016845703 49.67427444458008 5
endloop
endfacet
facet normal 0 0 1
outer loop
vertex 64.05001831054688 31.95005226135254 5
vertex 70.19767761230469 29.49039077758789 5
vertex 70.20001983642578 48.49039077758789 5
endloop
endfacet
facet normal 0 0 -1
outer loop
vertex -35.499977111816406 27.050050735473633 0
vertex -35.499977111816406 27.750051498413086 0
vertex -30.94997787475586 27.050050735473633 0
endloop
endfacet
facet normal 0 0 -1
outer loop
vertex -35.499977111816406 27.750051498413086 0
vertex -40.499977111816406 27.750051498413086 0
vertex -30.94997787475586 31.95005226135254 0
endloop
endfacet
facet normal 0 0 -1
outer loop
vertex -30.94997787475586 27.050050735473633 0
vertex -35.499977111816406 27.750051498413086 0
vertex -30.94997787475586 31.95005226135254 0
endloop
endfacet
facet normal 0 0 -1
outer loop
vertex -26.049978256225586 27.050050735473633 0
vertex -30.94997787475586 27.050050735473633 0
vertex -30.94997787475586 31.95005226135254 0
endloop
endfacet
facet normal 0 0 -1
outer loop
vertex -26.049978256225586 27.050050735473633 0
vertex -30.94997787475586 31.95005226135254 0
vertex -30.94997787475586 35.50004959106445 0
endloop
endfacet
facet normal 0 0 -1
outer loop
vertex -30.94997787475586 35.50004959106445 0
vertex -30.249977111816406 35.50004959106445 0
vertex -26.049978256225586 31.95005226135254 0
endloop
endfacet
facet normal 0 0 -1
outer loop
vertex -26.049978256225586 31.95005226135254 0
vertex -30.249977111816406 35.50004959106445 0
vertex -26.749977111816406 35.50004959106445 0
endloop
endfacet
facet normal 0 0 -1
outer loop
vertex -26.749977111816406 35.50004959106445 0
vertex -30.249977111816406 35.50004959106445 0
vertex -30.249977111816406 42.50004959106445 0
endloop
endfacet
facet normal 0 0 1
outer loop
vertex 70.19767761230469 29.49039077758789 5
vertex 71.48384094238281 23.040117263793945 5
vertex 71.48342895507812 29.490232467651367 5
endloop
endfacet
facet normal 0 0 1
outer loop
vertex 64.05001831054688 27.050050735473633 5
vertex 71.48384094238281 23.040117263793945 5
vertex 70.19767761230469 29.49039077758789 5
endloop
endfacet
facet normal 0.9999999979601288 0.00006387285975926668 0
outer loop
vertex 71.48342895507812 29.490232467651367 5
vertex 71.48384094238281 23.040117263793945 4.5
vertex 71.48342895507812 29.490232467651367 4.5
endloop
endfacet
facet normal 0 0 -1
outer loop
vertex -26.049978256225586 27.050050735473633 0
vertex -21.499977111816406 27.750051498413086 0
vertex -21.499977111816406 27.050050735473633 0
endloop
endfacet
facet normal 0 0 -1
outer loop
vertex -26.049978256225586 27.050050735473633 0
vertex -30.94997787475586 35.50004959106445 0
vertex -21.499977111816406 27.750051498413086 0
endloop
endfacet
facet normal 0 0 -1
outer loop
vertex -21.499977111816406 27.750051498413086 0
vertex -30.94997787475586 35.50004959106445 0
vertex -26.049978256225586 31.95005226135254 0
endloop
endfacet
facet normal 0 0 -1
outer loop
vertex -21.499977111816406 27.750051498413086 0
vertex -26.049978256225586 31.95005226135254 0
vertex -11.94997787475586 31.95005226135254 0
endloop
endfacet
facet normal 0 0 -1
outer loop
vertex -26.749977111816406 35.50004959106445 0
vertex -26.049978256225586 35.50004959106445 0
vertex -26.049978256225586 31.95005226135254 0
endloop
endfacet
facet normal -0.9999989899862802 -0.001421276334601723 0
outer loop
vertex -52.484275817871094 -53.472164154052734 0
vertex -52.483882904052734 -53.74861526489258 0
vertex -52.484275817871094 -53.472164154052734 0.20000000298023224
endloop
endfacet
facet normal -0.9999989931246893 -0.001419066292320357 -6.823080857108004e-7
outer loop
vertex -52.5630989074707 1.954952359199524 0.20000000298023224
vertex -52.5623893737793 1.4549524784088135 0.20000000298023224
vertex -52.563846588134766 2.4795260429382324 5
endloop
endfacet
facet normal -0.9999989842457637 -0.0014253095947815775 0
outer loop
vertex -52.563846588134766 2.4795260429382324 0
vertex -52.5630989074707 1.954952359199524 0.20000000298023224
vertex -52.563846588134766 2.4795260429382324 5
endloop
endfacet
facet normal -0.6776379298392745 -0.7353957003159199 0
outer loop
vertex -53.732696533203125 4.557855129241943 0
vertex -53.65278625488281 4.4842209815979 0
vertex -53.732696533203125 4.557855129241943 5
endloop
endfacet
facet normal -0.7829922426144147 -0.6220314686618754 0
outer loop
vertex -53.65278625488281 4.4842209815979 0
vertex -53.009300231933594 3.674222469329834 0
vertex -53.65278625488281 4.4842209815979 5
endloop
endfacet
facet normal -0.8695831306964708 -0.4937865721221313 0
outer loop
vertex -53.009300231933594 3.674222469329834 0
vertex -52.95564270019531 3.579728841781616 0
vertex -53.009300231933594 3.674222469329834 5
endloop
endfacet
facet normal -0.9353714251381496 -0.3536669295184762 0
outer loop
vertex -52.95564270019531 3.579728841781616 0
vertex -52.586647033691406 2.603816270828247 0
vertex -52.95564270019531 3.579728841781616 5
endloop
endfacet
facet normal -0.9835870355243181 -0.18043431920918915 0
outer loop
vertex -52.586647033691406 2.603816270828247 0
vertex -52.563846588134766 2.4795260429382324 0
vertex -52.586647033691406 2.603816270828247 5
endloop
endfacet
facet normal -0.00007228161642205051 0.999999997387684 0
outer loop
vertex -52.5623893737793 1.4549524784088135 0.20000000298023224
vertex -53.203941345214844 1.4549061059951782 0.20000000298023224
vertex -52.5623893737793 1.4549524784088135 4.5
endloop
endfacet
facet normal -0.9999999878742067 -0.00015572920762217402 0
outer loop
vertex -71.48524475097656 29.860084533691406 0.20000000298023224
vertex -71.48217010498047 10.116543769836426 0
vertex -71.48524475097656 29.860084533691406 4.5
endloop
endfacet
facet normal -0.1410034136672064 -0.9900091097228321 0
outer loop
vertex -55.77571487426758 5.476545333862305 0
vertex -55.679725646972656 5.462873935699463 0
vertex -55.77571487426758 5.476545333862305 5
endloop
endfacet
facet normal -0.003182893261694128 -0.9999949345824132 0
outer loop
vertex -66.78133392333984 5.511575222015381 0
vertex -55.77571487426758 5.476545333862305 0
vertex -66.78133392333984 5.511575222015381 5
endloop
endfacet
facet normal -0.4211355452602029 -0.9069977136235745 0
outer loop
vertex -54.691078186035156 5.178834915161133 0
vertex -54.59252166748047 5.133073329925537 0
vertex -54.691078186035156 5.178834915161133 5
endloop
endfacet
facet normal -0.5560388928159318 -0.8311562727165288 0
outer loop
vertex -54.59252166748047 5.133073329925537 0
vertex -53.732696533203125 4.557855129241943 0
vertex -54.59252166748047 5.133073329925537 5
endloop
endfacet
facet normal -0.2761304149161604 -0.9611201766471398 0
outer loop
vertex -55.679725646972656 5.462873935699463 0
vertex -54.691078186035156 5.178834915161133 0
vertex -55.679725646972656 5.462873935699463 5
endloop
endfacet
facet normal 0 0 -1
outer loop
vertex -26.749977111816406 35.50004959106445 0
vertex -30.249977111816406 42.50004959106445 0
vertex -26.749977111816406 42.50004959106445 0
endloop
endfacet
facet normal 0 0 -1
outer loop
vertex -30.94997787475586 42.50004959106445 0
vertex -30.94997787475586 46.050052642822266 0
vertex -30.249977111816406 42.50004959106445 0
endloop
endfacet
facet normal 0 0 -1
outer loop
vertex -26.749977111816406 42.50004959106445 0
vertex -30.249977111816406 42.50004959106445 0
vertex -30.94997787475586 46.050052642822266 0
endloop
endfacet
facet normal 0 0 -1
outer loop
vertex -26.749977111816406 42.50004959106445 0
vertex -30.94997787475586 46.050052642822266 0
vertex -26.049978256225586 42.50004959106445 0
endloop
endfacet
facet normal 0 0 -1
outer loop
vertex -26.049978256225586 42.50004959106445 0
vertex -30.94997787475586 46.050052642822266 0
vertex -26.049978256225586 46.050052642822266 0
endloop
endfacet
facet normal -0.9873251903653893 -0.158710328806753 0
outer loop
vertex -71.48217010498047 10.116543769836426 0
vertex -71.35506439208984 9.325828552246094 0
vertex -71.48217010498047 10.116543769836426 5
endloop
endfacet
facet normal -0.9207854096514826 -0.3900695186411665 0
outer loop
vertex -71.35506439208984 9.325828552246094 0
vertex -70.73155212402344 7.853985786437988 0
vertex -71.35506439208984 9.325828552246094 5
endloop
endfacet
facet normal 0 0 -1
outer loop
vertex -26.049978256225586 46.050052642822266 0
vertex -66.8835220336914 53.482234954833984 0
vertex -11.94997787475586 46.050052642822266 0
endloop
endfacet
facet normal 0 0 -1
outer loop
vertex -11.94997787475586 46.050052642822266 0
vertex -66.8835220336914 53.482234954833984 0
vertex -2.4999778270721436 46.75004959106445 0
endloop
endfacet
facet normal -0.21956558464705164 -0.9755977419195876 0
outer loop
vertex -68.34879302978516 5.864343643188477 0
vertex -66.78133392333984 5.511575222015381 0
vertex -68.34879302978516 5.864343643188477 5
endloop
endfacet
facet normal -0.5120843085091198 -0.8589351902086306 0
outer loop
vertex -69.69879913330078 6.669197082519531 0
vertex -68.34879302978516 5.864343643188477 0
vertex -69.69879913330078 6.669197082519531 5
endloop
endfacet
facet normal -0.7538167629876865 -0.6570846884829733 0
outer loop
vertex -70.73155212402344 7.853985786437988 0
vertex -69.69879913330078 6.669197082519531 0
vertex -70.73155212402344 7.853985786437988 5
endloop
endfacet
facet normal 0 0 -1
outer loop
vertex -2.4999778270721436 46.75004959106445 0
vertex -66.8835220336914 53.482234954833984 0
vertex 2.5000221729278564 46.75004959106445 0
endloop
endfacet
facet normal 0 0 -1
outer loop
vertex -45.04997634887695 12.950051307678223 0
vertex -49.94997787475586 27.050050735473633 0
vertex -45.04997634887695 27.050050735473633 0
endloop
endfacet
facet normal 0 0 -1
outer loop
vertex -45.04997634887695 12.950051307678223 0
vertex -49.94997787475586 12.950051307678223 0
vertex -49.94997787475586 27.050050735473633 0
endloop
endfacet
facet normal 0 0 -1
outer loop
vertex -49.94997787475586 12.950051307678223 0
vertex -54.499977111816406 12.250051498413086 0
vertex -54.499977111816406 12.950051307678223 0
endloop
endfacet
facet normal 0 0 -1
outer loop
vertex -40.499977111816406 8.750051498413086 0
vertex -35.499977111816406 12.250051498413086 0
vertex -35.499977111816406 8.750051498413086 0
endloop
endfacet
facet normal 0 0 -1
outer loop
vertex -40.499977111816406 8.750051498413086 0
vertex -40.499977111816406 12.250051498413086 0
vertex -35.499977111816406 12.250051498413086 0
endloop
endfacet
facet normal 0 0 -1
outer loop
vertex -40.499977111816406 12.250051498413086 0
vertex -45.04997634887695 8.05005168914795 0
vertex -40.499977111816406 12.950051307678223 0
endloop
endfacet
facet normal 0 0 -1
outer loop
vertex -40.499977111816406 8.750051498413086 0
vertex -45.04997634887695 8.05005168914795 0
vertex -40.499977111816406 12.250051498413086 0
endloop
endfacet
facet normal 0 0 -1
outer loop
vertex -45.04997634887695 12.950051307678223 0
vertex -40.499977111816406 12.950051307678223 0
vertex -45.04997634887695 8.05005168914795 0
endloop
endfacet
facet normal 0 0 -1
outer loop
vertex -16.499977111816406 27.750051498413086 0
vertex -21.499977111816406 27.750051498413086 0
vertex -11.94997787475586 31.95005226135254 0
endloop
endfacet
facet normal 0 0 -1
outer loop
vertex -16.499977111816406 27.050050735473633 0
vertex -16.499977111816406 27.750051498413086 0
vertex -11.94997787475586 27.050050735473633 0
endloop
endfacet
facet normal 0 0 -1
outer loop
vertex -11.94997787475586 27.050050735473633 0
vertex -16.499977111816406 27.750051498413086 0
vertex -11.94997787475586 31.95005226135254 0
endloop
endfacet
facet normal 0 0 -1
outer loop
vertex -7.049977779388428 27.050050735473633 0
vertex -11.94997787475586 27.050050735473633 0
vertex -11.94997787475586 31.95005226135254 0
endloop
endfacet
facet normal 0 0 -1
outer loop
vertex -11.94997787475586 31.95005226135254 0
vertex -11.94997787475586 35.50004959106445 0
vertex -7.049977779388428 31.95005226135254 0
endloop
endfacet
facet normal 0 0 -1
outer loop
vertex -7.049977779388428 31.95005226135254 0
vertex -11.94997787475586 35.50004959106445 0
vertex -11.249978065490723 35.50004959106445 0
endloop
endfacet
facet normal 0 0 -1
outer loop
vertex -7.049977779388428 31.95005226135254 0
vertex -11.249978065490723 35.50004959106445 0
vertex -11.249978065490723 42.50004959106445 0
endloop
endfacet
facet normal 0 0 -1
outer loop
vertex -45.04997634887695 8.05005168914795 0
vertex -40.499977111816406 8.750051498413086 0
vertex -40.499977111816406 8.05005168914795 0
endloop
endfacet
facet normal 0 0 -1
outer loop
vertex -49.94997787475586 12.950051307678223 0
vertex -45.04997634887695 12.950051307678223 0
vertex -45.04997634887695 8.05005168914795 0
endloop
endfacet
facet normal 0 0 -1
outer loop
vertex -49.94997787475586 12.950051307678223 0
vertex -54.59252166748047 5.133073329925537 0
vertex -54.499977111816406 12.250051498413086 0
endloop
endfacet
facet normal 0 0 -1
outer loop
vertex -7.049977779388428 27.050050735473633 0
vertex -11.94997787475586 31.95005226135254 0
vertex -2.4999778270721436 27.050050735473633 0
endloop
endfacet
facet normal 0 0 -1
outer loop
vertex -2.4999778270721436 27.050050735473633 0
vertex -11.94997787475586 31.95005226135254 0
vertex -7.049977779388428 31.95005226135254 0
endloop
endfacet
facet normal 0 0 -1
outer loop
vertex -2.4999778270721436 27.050050735473633 0
vertex -7.049977779388428 31.95005226135254 0
vertex -2.4999778270721436 27.750051498413086 0
endloop
endfacet
facet normal 0 0 -1
outer loop
vertex -2.4999778270721436 27.750051498413086 0
vertex -7.049977779388428 31.95005226135254 0
vertex 2.5000221729278564 27.750051498413086 0
endloop
endfacet
facet normal 0 0 -1
outer loop
vertex -7.049977779388428 31.95005226135254 0
vertex -2.4999778270721436 31.95005226135254 0
vertex -2.4999778270721436 31.250051498413086 0
endloop
endfacet
facet normal 0 0 -1
outer loop
vertex -45.04997634887695 8.05005168914795 0
vertex -54.59252166748047 5.133073329925537 0
vertex -49.94997787475586 12.950051307678223 0
endloop
endfacet
facet normal 0 0 -1
outer loop
vertex -45.04997634887695 8.05005168914795 0
vertex -53.009300231933594 3.674222469329834 0
vertex -53.65278625488281 4.4842209815979 0
endloop
endfacet
facet normal 0 0 -1
outer loop
vertex -45.04997634887695 8.05005168914795 0
vertex -53.732696533203125 4.557855129241943 0
vertex -54.59252166748047 5.133073329925537 0
endloop
endfacet
facet normal 0 0 -1
outer loop
vertex -53.65278625488281 4.4842209815979 0
vertex -53.732696533203125 4.557855129241943 0
vertex -45.04997634887695 8.05005168914795 0
endloop
endfacet
facet normal 0 0 -1
outer loop
vertex -51.203975677490234 1.9550504684448242 0
vertex -45.04997634887695 8.05005168914795 0
vertex -45.04997634887695 -6.049948692321777 0
endloop
endfacet
facet normal 0 0 -1
outer loop
vertex -51.203975677490234 1.9550504684448242 0
vertex -53.009300231933594 3.674222469329834 0
vertex -45.04997634887695 8.05005168914795 0
endloop
endfacet
facet normal 0 0 1
outer loop
vertex 64.05001831054688 31.95005226135254 5
vertex 49.95002365112305 31.95005226135254 5
vertex 70.19767761230469 29.49039077758789 5
endloop
endfacet
facet normal 0 0 -1
outer loop
vertex -51.203975677490234 1.9550504684448242 0
vertex -52.95564270019531 3.579728841781616 0
vertex -53.009300231933594 3.674222469329834 0
endloop
endfacet
facet normal 0 0 1
outer loop
vertex 49.95002365112305 31.95005226135254 5
vertex 64.05001831054688 27.050050735473633 5
vertex 70.19767761230469 29.49039077758789 5
endloop
endfacet
facet normal -0.9999989842457637 -0.0014253095947815775 0
outer loop
vertex -52.563846588134766 2.4795260429382324 0
vertex -52.5630989074707 1.954952359199524 0
vertex -52.5630989074707 1.954952359199524 0.20000000298023224
endloop
endfacet
facet normal 0 0 -1
outer loop
vertex -51.203975677490234 1.9550504684448242 0
vertex -52.586647033691406 2.603816270828247 0
vertex -52.95564270019531 3.579728841781616 0
endloop
endfacet
facet normal 0 0 -1
outer loop
vertex -11.94997787475586 42.50004959106445 0
vertex -11.94997787475586 46.050052642822266 0
vertex -11.249978065490723 42.50004959106445 0
endloop
endfacet
facet normal 0 0 -1
outer loop
vertex -11.249978065490723 42.50004959106445 0
vertex -11.94997787475586 46.050052642822266 0
vertex -7.049977779388428 46.050052642822266 0
endloop
endfacet
facet normal 0 0 -1
outer loop
vertex -51.203975677490234 1.9550504684448242 0
vertex -52.563846588134766 2.4795260429382324 0
vertex -52.586647033691406 2.603816270828247 0
endloop
endfacet
facet normal 0 0 -1
outer loop
vertex -52.563846588134766 2.4795260429382324 0
vertex -51.203975677490234 1.9550504684448242 0
vertex -52.5630989074707 1.954952359199524 0
endloop
endfacet
facet normal 0 0 -1
outer loop
vertex 2.5000221729278564 46.75004959106445 0
vertex -66.8835220336914 53.482234954833984 0
vertex 16.500022888183594 46.75004959106445 0
endloop
endfacet
facet normal 0 0 -1
outer loop
vertex 16.500022888183594 46.75004959106445 0
vertex -66.8835220336914 53.482234954833984 0
vertex 21.500022888183594 46.75004959106445 0
endloop
endfacet
facet normal 0 0 -1
outer loop
vertex -7.049977779388428 31.95005226135254 0
vertex -11.249978065490723 42.50004959106445 0
vertex -7.049977779388428 46.050052642822266 0
endloop
endfacet
facet normal 0 0 -1
outer loop
vertex -7.049977779388428 46.050052642822266 0
vertex -11.94997787475586 46.050052642822266 0
vertex -2.4999778270721436 46.75004959106445 0
endloop
endfacet
facet normal 0 0 -1
outer loop
vertex -7.049977779388428 46.050052642822266 0
vertex -2.4999778270721436 46.75004959106445 0
vertex -2.4999778270721436 46.050052642822266 0
endloop
endfacet
facet normal 0 0 -1
outer loop
vertex 21.500022888183594 46.75004959106445 0
vertex -66.8835220336914 53.482234954833984 0
vertex 35.500022888183594 46.75004959106445 0
endloop
endfacet
facet normal 0 0 1
outer loop
vertex 45.05002212524414 46.050052642822266 5
vertex 45.05002212524414 31.95005226135254 5
vertex 49.95002365112305 46.050052642822266 5
endloop
endfacet
facet normal 0 0 -1
outer loop
vertex -59.499977111816406 12.250051498413086 0
vertex -64.04998016357422 12.950051307678223 0
vertex -59.499977111816406 12.950051307678223 0
endloop
endfacet
facet normal 0 0 -1
outer loop
vertex -64.04998016357422 12.950051307678223 0
vertex -70.19403839111328 29.859689712524414 0
vertex -64.04998016357422 27.050050735473633 0
endloop
endfacet
facet normal 0 0 -1
outer loop
vertex -70.19403839111328 29.859689712524414 0
vertex -71.48217010498047 10.116543769836426 0
vertex -71.48524475097656 29.860084533691406 0
endloop
endfacet
facet normal -0.9999999878742069 -0.00015572920762217402 0
outer loop
vertex -71.48217010498047 10.116543769836426 0
vertex -71.48524475097656 29.860084533691406 0.20000000298023224
vertex -71.48524475097656 29.860084533691406 0
endloop
endfacet
facet normal 0 0 -1
outer loop
vertex -64.04998016357422 12.950051307678223 0
vertex -66.78133392333984 5.511575222015381 0
vertex -70.19403839111328 29.859689712524414 0
endloop
endfacet
facet normal 0 0 -1
outer loop
vertex -66.78133392333984 5.511575222015381 0
vertex -71.48217010498047 10.116543769836426 0
vertex -70.19403839111328 29.859689712524414 0
endloop
endfacet
facet normal 0 0 -1
outer loop
vertex -54.499977111816406 12.250051498413086 0
vertex -55.679725646972656 5.462873935699463 0
vertex -59.499977111816406 12.250051498413086 0
endloop
endfacet
facet normal 0 0 -1
outer loop
vertex -54.59252166748047 5.133073329925537 0
vertex -54.691078186035156 5.178834915161133 0
vertex -54.499977111816406 12.250051498413086 0
endloop
endfacet
facet normal 0 0 -1
outer loop
vertex -54.691078186035156 5.178834915161133 0
vertex -55.679725646972656 5.462873935699463 0
vertex -54.499977111816406 12.250051498413086 0
endloop
endfacet
facet normal 0 0 -1
outer loop
vertex -64.04998016357422 12.950051307678223 0
vertex -55.679725646972656 5.462873935699463 0
vertex -55.77571487426758 5.476545333862305 0
endloop
endfacet
facet normal 0 0 -1
outer loop
vertex -55.679725646972656 5.462873935699463 0
vertex -64.04998016357422 12.950051307678223 0
vertex -59.499977111816406 12.250051498413086 0
endloop
endfacet
facet normal 0 0 -1
outer loop
vertex -66.78133392333984 5.511575222015381 0
vertex -64.04998016357422 12.950051307678223 0
vertex -55.77571487426758 5.476545333862305 0
endloop
endfacet
facet normal 0 0 -1
outer loop
vertex -66.78133392333984 5.511575222015381 0
vertex -71.35506439208984 9.325828552246094 0
vertex -71.48217010498047 10.116543769836426 0
endloop
endfacet
facet normal 0 0 -1
outer loop
vertex -71.35506439208984 9.325828552246094 0
vertex -68.34879302978516 5.864343643188477 0
vertex -69.69879913330078 6.669197082519531 0
endloop
endfacet
facet normal 0 0 -1
outer loop
vertex -71.35506439208984 9.325828552246094 0
vertex -66.78133392333984 5.511575222015381 0
vertex -68.34879302978516 5.864343643188477 0
endloop
endfacet
facet normal 0 0 -1
outer loop
vertex -70.73155212402344 7.853985786437988 0
vertex -71.35506439208984 9.325828552246094 0
vertex -69.69879913330078 6.669197082519531 0
endloop
endfacet
facet normal 0 0 1
outer loop
vertex -7.049977779388428 -10.94994831085205 5
vertex -7.049977779388428 -6.049948692321777 5
vertex -11.94997787475586 -6.049948692321777 5
endloop
endfacet
facet normal 0 0 1
outer loop
vertex -7.049977779388428 -10.94994831085205 5
vertex 7.050022125244141 -10.94994831085205 5
vertex -7.049977779388428 -6.049948692321777 5
endloop
endfacet
facet normal 0 0 1
outer loop
vertex -11.94997787475586 -6.049948692321777 5
vertex -26.049978256225586 -6.049948692321777 5
vertex -7.049977779388428 -10.94994831085205 5
endloop
endfacet
facet normal 0 0 1
outer loop
vertex -11.94997787475586 -10.94994831085205 5
vertex -7.049977779388428 -10.94994831085205 5
vertex -26.049978256225586 -6.049948692321777 5
endloop
endfacet
facet normal 0 0 1
outer loop
vertex -7.049977779388428 -10.94994831085205 5
vertex -11.94997787475586 -25.04994773864746 5
vertex -7.049977779388428 -25.04994773864746 5
endloop
endfacet
facet normal 0 0 1
outer loop
vertex -7.049977779388428 -25.04994773864746 5
vertex -7.049977779388428 -29.949949264526367 5
vertex 7.050022125244141 -29.949949264526367 5
endloop
endfacet
facet normal 0 0 1
outer loop
vertex -11.94997787475586 -25.04994773864746 5
vertex -7.049977779388428 -29.949949264526367 5
vertex -7.049977779388428 -25.04994773864746 5
endloop
endfacet
facet normal 0 0 1
outer loop
vertex -11.94997787475586 -25.04994773864746 5
vertex -7.049977779388428 -31.462177276611328 5
vertex -7.049977779388428 -29.949949264526367 5
endloop
endfacet
facet normal 0 0 1
outer loop
vertex -11.94997787475586 -10.94994831085205 5
vertex -11.94997787475586 -25.04994773864746 5
vertex -7.049977779388428 -10.94994831085205 5
endloop
endfacet
facet normal 0 0 1
outer loop
vertex -11.94997787475586 -25.04994773864746 5
vertex -26.049978256225586 -25.04994773864746 5
vertex -7.049977779388428 -31.462177276611328 5
endloop
endfacet
facet normal 0 0 1
outer loop
vertex -30.94997787475586 -23.624313354492188 5
vertex -11.94997787475586 -29.949949264526367 5
vertex -7.049977779388428 -31.462177276611328 5
endloop
endfacet
facet normal 0 0 1
outer loop
vertex -30.94997787475586 -6.049948692321777 5
vertex -11.94997787475586 -10.94994831085205 5
vertex -26.049978256225586 -6.049948692321777 5
endloop
endfacet
facet normal 0 0 1
outer loop
vertex -30.94997787475586 -6.049948692321777 5
vertex -45.04997634887695 -6.049948692321777 5
vertex -11.94997787475586 -10.94994831085205 5
endloop
endfacet
facet normal 0 0 1
outer loop
vertex -26.049978256225586 -10.94994831085205 5
vertex -11.94997787475586 -10.94994831085205 5
vertex -45.04997634887695 -6.049948692321777 5
endloop
endfacet
facet normal 0 0 1
outer loop
vertex -30.94997787475586 -10.94994831085205 5
vertex -30.94997787475586 -23.624313354492188 5
vertex -26.049978256225586 -10.94994831085205 5
endloop
endfacet
facet normal 0 0 1
outer loop
vertex -45.04997634887695 -6.049948692321777 5
vertex -30.94997787475586 -10.94994831085205 5
vertex -26.049978256225586 -10.94994831085205 5
endloop
endfacet
facet normal 0 0 1
outer loop
vertex -26.049978256225586 -25.04994773864746 5
vertex -30.94997787475586 -23.624313354492188 5
vertex -7.049977779388428 -31.462177276611328 5
endloop
endfacet
facet normal 0 0 1
outer loop
vertex -30.94997787475586 -23.624313354492188 5
vertex -30.94997787475586 -25.04994773864746 5
vertex -11.94997787475586 -29.949949264526367 5
endloop
endfacet
facet normal 0 0 1
outer loop
vertex -30.94997787475586 -25.04994773864746 5
vertex -26.049978256225586 -29.949949264526367 5
vertex -11.94997787475586 -29.949949264526367 5
endloop
endfacet
facet normal 0 0 1
outer loop
vertex -26.049978256225586 -25.04994773864746 5
vertex -26.049978256225586 -10.94994831085205 5
vertex -30.94997787475586 -23.624313354492188 5
endloop
endfacet
facet normal -0.7538167629876865 -0.6570846884829733 0
outer loop
vertex -70.73155212402344 7.853985786437988 5
vertex -69.69879913330078 6.669197082519531 0
vertex -69.69879913330078 6.669197082519531 5
endloop
endfacet
facet normal -0.9207854096514826 -0.3900695186411665 0
outer loop
vertex -71.35506439208984 9.325828552246094 5
vertex -70.73155212402344 7.853985786437988 0
vertex -70.73155212402344 7.853985786437988 5
endloop
endfacet
facet normal -0.5120843085091198 -0.8589351902086306 0
outer loop
vertex -69.69879913330078 6.669197082519531 5
vertex -68.34879302978516 5.864343643188477 0
vertex -68.34879302978516 5.864343643188477 5
endloop
endfacet
facet normal -0.9873251903653893 -0.158710328806753 0
outer loop
vertex -71.48217010498047 10.116543769836426 5
vertex -71.35506439208984 9.325828552246094 0
vertex -71.35506439208984 9.325828552246094 5
endloop
endfacet
facet normal -0.21956558464705164 -0.9755977419195876 0
outer loop
vertex -68.34879302978516 5.864343643188477 5
vertex -66.78133392333984 5.511575222015381 0
vertex -66.78133392333984 5.511575222015381 5
endloop
endfacet
facet normal -0.2761304149161604 -0.9611201766471398 0
outer loop
vertex -55.679725646972656 5.462873935699463 5
vertex -54.691078186035156 5.178834915161133 0
vertex -54.691078186035156 5.178834915161133 5
endloop
endfacet
facet normal -0.4211355452602029 -0.9069977136235745 0
outer loop
vertex -54.691078186035156 5.178834915161133 5
vertex -54.59252166748047 5.133073329925537 0
vertex -54.59252166748047 5.133073329925537 5
endloop
endfacet
facet normal -0.003182893261694128 -0.9999949345824132 0
outer loop
vertex -66.78133392333984 5.511575222015381 5
vertex -55.77571487426758 5.476545333862305 0
vertex -55.77571487426758 5.476545333862305 5
endloop
endfacet
facet normal -0.1410034136672064 -0.9900091097228321 0
outer loop
vertex -55.77571487426758 5.476545333862305 5
vertex -55.679725646972656 5.462873935699463 0
vertex -55.679725646972656 5.462873935699463 5
endloop
endfacet
facet normal 0 0 1
outer loop
vertex -30.94997787475586 -25.04994773864746 5
vertex -30.94997787475586 -29.949949264526367 5
vertex -26.049978256225586 -29.949949264526367 5
endloop
endfacet
facet normal -0.9999999878742069 -0.00015572920762217402 0
outer loop
vertex -71.48524475097656 29.860084533691406 4.5
vertex -71.48217010498047 10.116543769836426 0
vertex -71.48217010498047 10.116543769836426 5
endloop
endfacet
facet normal 0 0 1
outer loop
vertex -30.94997787475586 -25.04994773864746 5
vertex -45.04997634887695 -29.949949264526367 5
vertex -30.94997787475586 -29.949949264526367 5
endloop
endfacet
facet normal 0 0 1
outer loop
vertex -7.049977779388428 -31.462177276611328 5
vertex -11.94997787475586 -44.049949645996094 5
vertex -7.049977779388428 -44.049949645996094 5
endloop
endfacet
facet normal 0 0 1
outer loop
vertex -11.94997787475586 -29.949949264526367 5
vertex -11.94997787475586 -44.049949645996094 5
vertex -7.049977779388428 -31.462177276611328 5
endloop
endfacet
facet normal -0.00007228161642205051 0.999999997387684 0
outer loop
vertex -52.5623893737793 1.4549524784088135 4.5
vertex -53.203941345214844 1.4549061059951782 0.20000000298023224
vertex -53.203941345214844 1.4549061059951782 4.5
endloop
endfacet
facet normal -0.9999989931249221 -0.0014190662923206875 0
outer loop
vertex -52.5623893737793 1.4549524784088135 0.20000000298023224
vertex -52.5623893737793 1.4549524784088135 4.5
vertex -52.5630989074707 1.954952359199524 4.5
endloop
endfacet
facet normal 0 0 1
outer loop
vertex -9.249978065490723 -51.99995040893555 5
vertex 7.050022125244141 -44.049949645996094 5
vertex -7.049977779388428 -44.049949645996094 5
endloop
endfacet
facet normal -0.9999989831359396 -0.0014260878023793612 8.164561121536101e-7
outer loop
vertex -52.563846588134766 2.4795260429382324 5
vertex -52.5623893737793 1.4549524784088135 0.20000000298023224
vertex -52.5630989074707 1.954952359199524 4.5
endloop
endfacet
facet normal -0.9835870355243181 -0.18043431920918915 0
outer loop
vertex -52.586647033691406 2.603816270828247 5
vertex -52.563846588134766 2.4795260429382324 0
vertex -52.563846588134766 2.4795260429382324 5
endloop
endfacet
facet normal -0.9353714251381496 -0.3536669295184762 0
outer loop
vertex -52.95564270019531 3.579728841781616 5
vertex -52.586647033691406 2.603816270828247 0
vertex -52.586647033691406 2.603816270828247 5
endloop
endfacet
facet normal -0.8695831306964708 -0.4937865721221313 0
outer loop
vertex -53.009300231933594 3.674222469329834 5
vertex -52.95564270019531 3.579728841781616 0
vertex -52.95564270019531 3.579728841781616 5
endloop
endfacet
facet normal -0.6776379298392745 -0.7353957003159199 0
outer loop
vertex -53.732696533203125 4.557855129241943 5
vertex -53.65278625488281 4.4842209815979 0
vertex -53.65278625488281 4.4842209815979 5
endloop
endfacet
facet normal -0.7829922426144147 -0.6220314686618754 0
outer loop
vertex -53.65278625488281 4.4842209815979 5
vertex -53.009300231933594 3.674222469329834 0
vertex -53.009300231933594 3.674222469329834 5
endloop
endfacet
facet normal -0.5560388928159318 -0.8311562727165288 0
outer loop
vertex -54.59252166748047 5.133073329925537 5
vertex -53.732696533203125 4.557855129241943 0
vertex -53.732696533203125 4.557855129241943 5
endloop
endfacet
facet normal 0 0 1
outer loop
vertex -9.272074699401855 -52.22430419921875 5
vertex 7.050022125244141 -44.049949645996094 5
vertex -9.249978065490723 -51.99995040893555 5
endloop
endfacet
facet normal 0 0 1
outer loop
vertex -9.337516784667969 -52.440032958984375 5
vertex 7.050022125244141 -44.049949645996094 5
vertex -9.272074699401855 -52.22430419921875 5
endloop
endfacet
facet normal 0 0 1
outer loop
vertex -9.761072158813477 -51.043758392333984 5
vertex -7.049977779388428 -44.049949645996094 5
vertex -9.959892272949219 -50.9374885559082 5
endloop
endfacet
facet normal 0 0 1
outer loop
vertex -9.58680534362793 -51.18677520751953 5
vertex -9.443787574768066 -51.36104202270508 5
vertex -7.049977779388428 -44.049949645996094 5
endloop
endfacet
facet normal 0 0 1
outer loop
vertex -9.337516784667969 -51.55986404418945 5
vertex -9.272074699401855 -51.775596618652344 5
vertex -7.049977779388428 -44.049949645996094 5
endloop
endfacet
facet normal 0 0 1
outer loop
vertex -9.337516784667969 -51.55986404418945 5
vertex -7.049977779388428 -44.049949645996094 5
vertex -9.443787574768066 -51.36104202270508 5
endloop
endfacet
facet normal 0 0 1
outer loop
vertex -9.58680534362793 -51.18677520751953 5
vertex -7.049977779388428 -44.049949645996094 5
vertex -9.761072158813477 -51.043758392333984 5
endloop
endfacet
facet normal 0 0 1
outer loop
vertex -9.272074699401855 -51.775596618652344 5
vertex -9.249978065490723 -51.99995040893555 5
vertex -7.049977779388428 -44.049949645996094 5
endloop
endfacet
facet normal 0 0 1
outer loop
vertex -9.337516784667969 -52.440032958984375 5
vertex -9.443787574768066 -52.63885498046875 5
vertex 7.050022125244141 -44.049949645996094 5
endloop
endfacet
facet normal 0 0 1
outer loop
vertex -71.35506439208984 9.325828552246094 5
vertex -70.73155212402344 7.853985786437988 5
vertex -69.69879913330078 6.669197082519531 5
endloop
endfacet
facet normal 0 0 1
outer loop
vertex -68.34879302978516 5.864343643188477 5
vertex -66.78133392333984 5.511575222015381 5
vertex -71.35506439208984 9.325828552246094 5
endloop
endfacet
facet normal 0 0 1
outer loop
vertex -71.35506439208984 9.325828552246094 5
vertex -69.69879913330078 6.669197082519531 5
vertex -68.34879302978516 5.864343643188477 5
endloop
endfacet
facet normal 0 0 1
outer loop
vertex -71.48217010498047 10.116543769836426 5
vertex -71.35506439208984 9.325828552246094 5
vertex -66.78133392333984 5.511575222015381 5
endloop
endfacet
facet normal 0 0 1
outer loop
vertex -66.78133392333984 5.511575222015381 5
vertex -55.77571487426758 5.476545333862305 5
vertex -64.04998016357422 12.950051307678223 5
endloop
endfacet
facet normal 0 0 1
outer loop
vertex -55.679725646972656 5.462873935699463 5
vertex -54.691078186035156 5.178834915161133 5
vertex -64.04998016357422 12.950051307678223 5
endloop
endfacet
facet normal 0 0 1
outer loop
vertex -54.691078186035156 5.178834915161133 5
vertex -54.59252166748047 5.133073329925537 5
vertex -64.04998016357422 12.950051307678223 5
endloop
endfacet
facet normal 0 0 1
outer loop
vertex -64.04998016357422 12.950051307678223 5
vertex -55.77571487426758 5.476545333862305 5
vertex -55.679725646972656 5.462873935699463 5
endloop
endfacet
facet normal 0 0 1
outer loop
vertex -64.04998016357422 12.950051307678223 5
vertex -54.59252166748047 5.133073329925537 5
vertex -49.94997787475586 12.950051307678223 5
endloop
endfacet
facet normal 0 0 1
outer loop
vertex -10.399977684020996 -53.14994812011719 5
vertex -52.238563537597656 -54.71090316772461 5
vertex 54.721778869628906 -51.7198600769043 5
endloop
endfacet
facet normal 0 0 1
outer loop
vertex -66.78133392333984 5.511575222015381 5
vertex -71.48524475097656 29.860084533691406 5
vertex -71.48217010498047 10.116543769836426 5
endloop
endfacet
facet normal 0 0 1
outer loop
vertex -71.48524475097656 29.860084533691406 5
vertex -66.78133392333984 5.511575222015381 5
vertex -64.04998016357422 12.950051307678223 5
endloop
endfacet
facet normal -0.9999999878742069 -0.00015572920762217402 0
outer loop
vertex -71.48524475097656 29.860084533691406 4.5
vertex -71.48217010498047 10.116543769836426 5
vertex -71.48524475097656 29.860084533691406 5
endloop
endfacet
facet normal 0 0 1
outer loop
vertex -71.48524475097656 29.860084533691406 5
vertex -64.04998016357422 12.950051307678223 5
vertex -64.04998016357422 27.050050735473633 5
endloop
endfacet
facet normal 0 0 1
outer loop
vertex -7.049977779388428 -44.049949645996094 5
vertex -11.94997787475586 -44.049949645996094 5
vertex -10.175623893737793 -50.872047424316406 5
endloop
endfacet
facet normal 0 0 1
outer loop
vertex -7.049977779388428 -44.049949645996094 5
vertex -10.175623893737793 -50.872047424316406 5
vertex -9.959892272949219 -50.9374885559082 5
endloop
endfacet
facet normal 0 0 1
outer loop
vertex 49.95002365112305 31.95005226135254 5
vertex 49.95002365112305 46.050052642822266 5
vertex 45.05002212524414 31.95005226135254 5
endloop
endfacet
facet normal 0 0 1
outer loop
vertex 45.05002212524414 31.95005226135254 5
vertex 64.05001831054688 27.050050735473633 5
vertex 49.95002365112305 31.95005226135254 5
endloop
endfacet
facet normal -0.9999989842457636 -0.0014253095947815775 0
outer loop
vertex -52.563846588134766 2.4795260429382324 5
vertex -52.5630989074707 1.954952359199524 4.5
vertex -52.5630989074707 1.954952359199524 5
endloop
endfacet
facet normal 0 0 1
outer loop
vertex 45.05002212524414 31.95005226135254 5
vertex 30.950021743774414 31.95005226135254 5
vertex 64.05001831054688 27.050050735473633 5
endloop
endfacet
facet normal 0 0 1
outer loop
vertex -52.563846588134766 2.4795260429382324 5
vertex -52.5630989074707 1.954952359199524 5
vertex -51.203975677490234 1.9550504684448242 5
endloop
endfacet
facet normal 0 0 1
outer loop
vertex -52.586647033691406 2.603816270828247 5
vertex -52.563846588134766 2.4795260429382324 5
vertex -45.04997634887695 8.05005168914795 5
endloop
endfacet
facet normal 0 0 1
outer loop
vertex -52.95564270019531 3.579728841781616 5
vertex -52.586647033691406 2.603816270828247 5
vertex -45.04997634887695 8.05005168914795 5
endloop
endfacet
facet normal 0 0 1
outer loop
vertex -53.009300231933594 3.674222469329834 5
vertex -52.95564270019531 3.579728841781616 5
vertex -45.04997634887695 8.05005168914795 5
endloop
endfacet
facet normal 0 0 1
outer loop
vertex -45.04997634887695 8.05005168914795 5
vertex -52.563846588134766 2.4795260429382324 5
vertex -51.203975677490234 1.9550504684448242 5
endloop
endfacet
facet normal 0 0 1
outer loop
vertex -53.732696533203125 4.557855129241943 5
vertex -53.65278625488281 4.4842209815979 5
vertex -45.04997634887695 8.05005168914795 5
endloop
endfacet
facet normal 0 0 1
outer loop
vertex -54.59252166748047 5.133073329925537 5
vertex -53.732696533203125 4.557855129241943 5
vertex -45.04997634887695 8.05005168914795 5
endloop
endfacet
facet normal 0 0 1
outer loop
vertex -45.04997634887695 8.05005168914795 5
vertex -53.65278625488281 4.4842209815979 5
vertex -53.009300231933594 3.674222469329834 5
endloop
endfacet
facet normal 0 0 1
outer loop
vertex -49.94997787475586 12.950051307678223 5
vertex -54.59252166748047 5.133073329925537 5
vertex -45.04997634887695 8.05005168914795 5
endloop
endfacet
facet normal 0 0 1
outer loop
vertex -49.94997787475586 12.950051307678223 5
vertex -45.04997634887695 8.05005168914795 5
vertex -45.04997634887695 12.950051307678223 5
endloop
endfacet
facet normal 0 0 1
outer loop
vertex -11.94997787475586 -44.049949645996094 5
vertex -10.399977684020996 -50.84994888305664 5
vertex -10.175623893737793 -50.872047424316406 5
endloop
endfacet
facet normal 0 0 1
outer loop
vertex -45.04997634887695 12.950051307678223 5
vertex -45.04997634887695 8.05005168914795 5
vertex -30.94997787475586 8.05005168914795 5
endloop
endfacet
facet normal 0 0 1
outer loop
vertex -45.04997634887695 12.950051307678223 5
vertex -45.04997634887695 27.050050735473633 5
vertex -49.94997787475586 12.950051307678223 5
endloop
endfacet
facet normal 0 0 1
outer loop
vertex -49.94997787475586 27.050050735473633 5
vertex -49.94997787475586 12.950051307678223 5
vertex -45.04997634887695 27.050050735473633 5
endloop
endfacet
facet normal 0 0 1
outer loop
vertex -11.94997787475586 -44.049949645996094 5
vertex -10.6243314743042 -50.872047424316406 5
vertex -10.399977684020996 -50.84994888305664 5
endloop
endfacet
facet normal -0.9999999883584679 -0.0001525878888486432 0
outer loop
vertex -71.48524475097656 29.860084533691406 4.5
vertex -71.48532104492188 30.360084533691406 4.5
vertex -71.48532104492188 30.360084533691406 0.20000000298023224
endloop
endfacet
facet normal -0.0003068706584053832 -0.9999999529151985 0
outer loop
vertex -72.19388580322266 30.360301971435547 4.5
vertex -71.48532104492188 30.360084533691406 0.20000000298023224
vertex -71.48532104492188 30.360084533691406 4.5
endloop
endfacet
facet normal -0.9999999527663096 0.0003073554597450424 1.0203546639644731e-8
outer loop
vertex -72.19366455078125 31.080303192138672 0.20000000298023224
vertex -72.19388580322266 30.360301971435547 4.5
vertex -72.19209289550781 36.19363784790039 4.5
endloop
endfacet
facet normal -0.9999999529858884 0.00030663900248264694 8.621770575280758e-7
outer loop
vertex -72.18836212158203 48.36030197143555 4.5
vertex -72.19366455078125 31.080303192138672 0.20000000298023224
vertex -72.19209289550781 36.19363784790039 4.5
endloop
endfacet
facet normal 0 0 1
outer loop
vertex -11.94997787475586 -44.049949645996094 5
vertex -10.84006404876709 -50.9374885559082 5
vertex -10.6243314743042 -50.872047424316406 5
endloop
endfacet
facet normal 0 0 1
outer loop
vertex -11.94997787475586 -44.049949645996094 5
vertex -11.038883209228516 -51.043758392333984 5
vertex -10.84006404876709 -50.9374885559082 5
endloop
endfacet
facet normal 0 0 1
outer loop
vertex -11.94997787475586 -44.049949645996094 5
vertex -26.049978256225586 -44.049949645996094 5
vertex -11.038883209228516 -51.043758392333984 5
endloop
endfacet
facet normal 0 0 1
outer loop
vertex -26.049978256225586 -44.049949645996094 5
vertex -11.213150978088379 -51.18677520751953 5
vertex -11.038883209228516 -51.043758392333984 5
endloop
endfacet
facet normal 0.00030507402073433234 0.9999999534649199 0
outer loop
vertex -71.48812866210938 48.36008834838867 4.5
vertex -72.18836212158203 48.36030197143555 0.20000000298023224
vertex -72.18836212158203 48.36030197143555 4.5
endloop
endfacet
facet normal -0.9999999867918127 -0.00016253114965735389 0
outer loop
vertex -71.48819732666016 48.78255844116211 4.5
vertex -71.48812866210938 48.36008834838867 0.20000000298023224
vertex -71.48812866210938 48.36008834838867 4.5
endloop
endfacet
facet normal -0.97559381790262 0.21958301953973938 0
outer loop
vertex -71.48819732666016 48.78255844116211 0.20000000298023224
vertex -71.48819732666016 48.78255844116211 4.5
vertex -71.47074890136719 48.86008071899414 4.5
endloop
endfacet
facet normal 0 0 1
outer loop
vertex -11.356167793273926 -51.36104202270508 5
vertex -11.213150978088379 -51.18677520751953 5
vertex -26.049978256225586 -44.049949645996094 5
endloop
endfacet
facet normal -0.9755980563091298 0.21956418771220573 3.567069038510373e-7
outer loop
vertex -71.13568878173828 50.3488655090332 5
vertex -71.48819732666016 48.78255844116211 0.20000000298023224
vertex -71.47074890136719 48.86008071899414 4.5
endloop
endfacet
facet normal -0.8589346564354853 0.5120852038226207 0
outer loop
vertex -70.3308334350586 51.69887161254883 5
vertex -71.13568878173828 50.3488655090332 0
vertex -71.13568878173828 50.3488655090332 5
endloop
endfacet
facet normal -0.6570851660070307 0.7538163467407117 0
outer loop
vertex -69.14604187011719 52.73162841796875 5
vertex -70.3308334350586 51.69887161254883 0
vertex -70.3308334350586 51.69887161254883 5
endloop
endfacet
facet normal -0.39006813813704055 0.9207859944690203 0
outer loop
vertex -67.67420196533203 53.35513687133789 5
vertex -69.14604187011719 52.73162841796875 0
vertex -69.14604187011719 52.73162841796875 5
endloop
endfacet
facet normal -0.1587079463339492 0.9873255733396458 0
outer loop
vertex -66.8835220336914 53.482234954833984 5
vertex -67.67420196533203 53.35513687133789 0
vertex -67.67420196533203 53.35513687133789 5
endloop
endfacet
facet normal 0 0 1
outer loop
vertex -26.049978256225586 -44.049949645996094 5
vertex -11.46243953704834 -51.55986404418945 5
vertex -11.356167793273926 -51.36104202270508 5
endloop
endfacet
facet normal 0 0 1
outer loop
vertex -26.049978256225586 -44.049949645996094 5
vertex -11.527880668640137 -51.775596618652344 5
vertex -11.46243953704834 -51.55986404418945 5
endloop
endfacet
facet normal 0 0 1
outer loop
vertex -26.049978256225586 -44.049949645996094 5
vertex -11.549978256225586 -51.99995040893555 5
vertex -11.527880668640137 -51.775596618652344 5
endloop
endfacet
facet normal 0 0 1
outer loop
vertex -11.527880668640137 -52.22430419921875 5
vertex -11.549978256225586 -51.99995040893555 5
vertex -26.049978256225586 -44.049949645996094 5
endloop
endfacet
facet normal 0 0 1
outer loop
vertex -51.23442840576172 -55.94023895263672 5
vertex -50.81279754638672 -56.19064712524414 5
vertex 54.721778869628906 -51.7198600769043 5
endloop
endfacet
facet normal 0 0 1
outer loop
vertex -49.7498893737793 -56.48324203491211 5
vertex 54.721778869628906 -51.7198600769043 5
vertex -50.81279754638672 -56.19064712524414 5
endloop
endfacet
facet normal 0 0 1
outer loop
vertex -52.238563537597656 -54.71090316772461 5
vertex -52.0004997253418 -55.14637756347656 5
vertex 54.721778869628906 -51.7198600769043 5
endloop
endfacet
facet normal 0 0 1
outer loop
vertex -52.0004997253418 -55.14637756347656 5
vertex -51.23442840576172 -55.94023895263672 5
vertex 54.721778869628906 -51.7198600769043 5
endloop
endfacet
facet normal 0 0 1
outer loop
vertex 64.05001831054688 27.050050735473633 5
vertex 26.05002212524414 31.95005226135254 5
vertex 49.95002365112305 27.050050735473633 5
endloop
endfacet
facet normal 0 0 1
outer loop
vertex 30.950021743774414 31.95005226135254 5
vertex 26.05002212524414 31.95005226135254 5
vertex 64.05001831054688 27.050050735473633 5
endloop
endfacet
facet normal 0 0 1
outer loop
vertex 26.05002212524414 31.95005226135254 5
vertex 45.05002212524414 27.050050735473633 5
vertex 49.95002365112305 27.050050735473633 5
endloop
endfacet
facet normal 0 0 -1
outer loop
vertex -51.19997787475586 -53.472068786621094 0
vertex -45.04997634887695 -44.049949645996094 0
vertex -40.499977111816406 -44.74995040893555 0
endloop
endfacet
facet normal 0 0 -1
outer loop
vertex -45.04997634887695 -44.049949645996094 0
vertex -51.19997787475586 -53.472068786621094 0
vertex -51.2012939453125 -35.25851058959961 0
endloop
endfacet
facet normal 0 0 1
outer loop
vertex -70.19403839111328 29.859689712524414 5
vertex -71.48524475097656 29.860084533691406 5
vertex -66.4999771118164 29.500051498413086 5
endloop
endfacet
facet normal 0 0 1
outer loop
vertex -66.4999771118164 29.500051498413086 5
vertex -71.48524475097656 29.860084533691406 5
vertex -64.04998016357422 27.050050735473633 5
endloop
endfacet
facet normal 0 0 -1
outer loop
vertex -52.238563537597656 -54.71090316772461 0
vertex -52.483882904052734 -53.74861526489258 0
vertex -10.84006404876709 -53.062408447265625 0
endloop
endfacet
facet normal 0.7538165010077906 0.6570849890298603 0
outer loop
vertex 70.73159790039062 51.1461181640625 5
vertex 69.69884490966797 52.33090591430664 0
vertex 69.69884490966797 52.33090591430664 5
endloop
endfacet
facet normal 0 0 1
outer loop
vertex -70.19403839111328 29.859689712524414 5
vertex -66.4999771118164 29.500051498413086 5
vertex -66.4999771118164 48.50004959106445 5
endloop
endfacet
facet normal 0 0 1
outer loop
vertex -30.94997787475586 -29.949949264526367 5
vertex -30.94997787475586 -44.049949645996094 5
vertex -26.049978256225586 -29.949949264526367 5
endloop
endfacet
facet normal 0 0 1
outer loop
vertex -66.4999771118164 29.500051498413086 5
vertex -64.04998016357422 27.050050735473633 5
vertex -49.94997787475586 27.050050735473633 5
endloop
endfacet
facet normal 0 0 1
outer loop
vertex -26.049978256225586 -44.049949645996094 5
vertex -26.049978256225586 -29.949949264526367 5
vertex -30.94997787475586 -44.049949645996094 5
endloop
endfacet
facet normal 0.9207855004295158 0.39006930435342657 0
outer loop
vertex 71.35511016845703 49.67427444458008 5
vertex 70.73159790039062 51.1461181640625 0
vertex 70.73159790039062 51.1461181640625 5
endloop
endfacet
facet normal 0.5120834131939498 0.8589357239815063 0
outer loop
vertex 69.69884490966797 52.33090591430664 5
vertex 68.34883880615234 53.13575744628906 0
vertex 68.34883880615234 53.13575744628906 5
endloop
endfacet
facet normal 0.9873256933210743 0.15870719992508214 0
outer loop
vertex 71.48220825195312 48.88359069824219 5
vertex 71.35511016845703 49.67427444458008 0
vertex 71.35511016845703 49.67427444458008 5
endloop
endfacet
facet normal 0 0 1
outer loop
vertex -70.1882095336914 48.85968780517578 5
vertex -70.19403839111328 29.859689712524414 5
vertex -66.4999771118164 48.50004959106445 5
endloop
endfacet
facet normal 0.9999999983071426 0.000058186896212448656 0
outer loop
vertex 71.48223114013672 48.490234375 4.5
vertex 71.48220825195312 48.88359069824219 0
vertex 71.48220825195312 48.88359069824219 5
endloop
endfacet
facet normal 0.21956692294083688 0.9755974407255754 0
outer loop
vertex 68.34883880615234 53.13575744628906 5
vertex 66.7824935913086 53.488277435302734 0
vertex 66.7824935913086 53.488277435302734 5
endloop
endfacet
facet normal 0 0 -1
outer loop
vertex -11.356167793273926 -52.63885498046875 0
vertex -52.483882904052734 -53.74861526489258 0
vertex -51.19997787475586 -53.472068786621094 0
endloop
endfacet
facet normal -0.9755980306476866 0.21956430173494887 0
outer loop
vertex -71.13568878173828 50.3488655090332 5
vertex -71.47074890136719 48.86008071899414 4.5
vertex -71.47074890136719 48.86008071899414 5
endloop
endfacet
facet normal 0 0 -1
outer loop
vertex -51.19997787475586 -53.472068786621094 0
vertex -40.499977111816406 -44.74995040893555 0
vertex -35.499977111816406 -44.74995040893555 0
endloop
endfacet
facet normal 0 0 1
outer loop
vertex -71.13568878173828 50.3488655090332 5
vertex -71.47074890136719 48.86008071899414 5
vertex -70.1882095336914 48.85968780517578 5
endloop
endfacet
facet normal 0 0 1
outer loop
vertex -71.13568878173828 50.3488655090332 5
vertex -70.1882095336914 48.85968780517578 5
vertex -66.4999771118164 48.50004959106445 5
endloop
endfacet
facet normal 0 0 1
outer loop
vertex -70.3308334350586 51.69887161254883 5
vertex -71.13568878173828 50.3488655090332 5
vertex -66.4999771118164 48.50004959106445 5
endloop
endfacet
facet normal 0 0 1
outer loop
vertex -66.4999771118164 48.50004959106445 5
vertex -47.499977111816406 48.50004959106445 5
vertex -70.3308334350586 51.69887161254883 5
endloop
endfacet
facet normal 0 0 1
outer loop
vertex -69.14604187011719 52.73162841796875 5
vertex -70.3308334350586 51.69887161254883 5
vertex -47.499977111816406 48.50004959106445 5
endloop
endfacet
facet normal 0 0 1
outer loop
vertex -67.67420196533203 53.35513687133789 5
vertex -69.14604187011719 52.73162841796875 5
vertex -47.499977111816406 48.50004959106445 5
endloop
endfacet
facet normal 0 0 1
outer loop
vertex -66.8835220336914 53.482234954833984 5
vertex -67.67420196533203 53.35513687133789 5
vertex -47.499977111816406 48.50004959106445 5
endloop
endfacet
facet normal 0 0 1
outer loop
vertex -30.94997787475586 -44.049949645996094 5
vertex -11.527880668640137 -52.22430419921875 5
vertex -26.049978256225586 -44.049949645996094 5
endloop
endfacet
facet normal 0 0 1
outer loop
vertex -11.527880668640137 -52.22430419921875 5
vertex -52.483882904052734 -53.74861526489258 5
vertex -11.46243953704834 -52.440032958984375 5
endloop
endfacet
facet normal 0 0 1
outer loop
vertex -49.94997787475586 27.050050735473633 5
vertex -45.04997634887695 27.050050735473633 5
vertex -66.4999771118164 29.500051498413086 5
endloop
endfacet
facet normal 0 0 1
outer loop
vertex -45.04997634887695 27.050050735473633 5
vertex -30.94997787475586 27.050050735473633 5
vertex -66.4999771118164 29.500051498413086 5
endloop
endfacet
facet normal 0 0 1
outer loop
vertex -47.499977111816406 29.500051498413086 5
vertex -66.4999771118164 29.500051498413086 5
vertex -30.94997787475586 27.050050735473633 5
endloop
endfacet
facet normal 0 0 1
outer loop
vertex -52.483882904052734 -53.74861526489258 5
vertex -11.356167793273926 -52.63885498046875 5
vertex -11.46243953704834 -52.440032958984375 5
endloop
endfacet
facet normal 0 0 1
outer loop
vertex -10.399977684020996 -53.14994812011719 5
vertex -10.6243314743042 -53.12785339355469 5
vertex -52.238563537597656 -54.71090316772461 5
endloop
endfacet
facet normal 0 0 1
outer loop
vertex -47.499977111816406 48.50004959106445 5
vertex -28.499977111816406 48.50004959106445 5
vertex -66.8835220336914 53.482234954833984 5
endloop
endfacet
facet normal 0 0 1
outer loop
vertex -10.6243314743042 -53.12785339355469 5
vertex -10.84006404876709 -53.062408447265625 5
vertex -52.238563537597656 -54.71090316772461 5
endloop
endfacet
facet normal 0 0 1
outer loop
vertex -10.84006404876709 -53.062408447265625 5
vertex -11.038883209228516 -52.956138610839844 5
vertex -52.238563537597656 -54.71090316772461 5
endloop
endfacet
facet normal 0 0 1
outer loop
vertex -52.483882904052734 -53.74861526489258 5
vertex -11.038883209228516 -52.956138610839844 5
vertex -11.213150978088379 -52.8131217956543 5
endloop
endfacet
facet normal 0 0 1
outer loop
vertex -11.356167793273926 -52.63885498046875 5
vertex -52.483882904052734 -53.74861526489258 5
vertex -11.213150978088379 -52.8131217956543 5
endloop
endfacet
facet normal 0 0 1
outer loop
vertex -30.94997787475586 -44.049949645996094 5
vertex -51.19997787475586 -53.472068786621094 5
vertex -11.527880668640137 -52.22430419921875 5
endloop
endfacet
facet normal 0.9999999981373239 0.00006103515613631127 2.489735678167808e-7
outer loop
vertex 71.48226165771484 47.990234375 4.5
vertex 71.48220825195312 48.88359069824219 0
vertex 71.48223114013672 48.490234375 4.5
endloop
endfacet
facet normal 0.00012756457853049504 0.9999999918636391 0
outer loop
vertex 72.19995880126953 47.990142822265625 4.5
vertex 71.48226165771484 47.990234375 0.20000000298023224
vertex 71.48226165771484 47.990234375 4.5
endloop
endfacet
facet normal 0.9999999924420283 -0.00012294226917366533 0.0000010685524854041678
outer loop
vertex 72.1992416381836 42.15681076049805 4.5
vertex 72.19987487792969 47.270145416259766 0.20000000298023224
vertex 72.19995880126953 47.990142822265625 4.5
endloop
endfacet
facet normal 0.9999999923696716 -0.00012353348956671903 3.655041661230279e-7
outer loop
vertex 72.19773864746094 29.990144729614258 4.5
vertex 72.19987487792969 47.270145416259766 0.20000000298023224
vertex 72.1992416381836 42.15681076049805 4.5
endloop
endfacet
facet normal 0 0 -1
outer loop
vertex -40.499977111816406 -44.74995040893555 0
vertex -45.04997634887695 -44.049949645996094 0
vertex -40.499977111816406 -44.049949645996094 0
endloop
endfacet
facet normal 0 0 -1
outer loop
vertex -51.19997787475586 -53.472068786621094 0
vertex -35.499977111816406 -44.74995040893555 0
vertex -28.349977493286133 -45.229949951171875 0
endloop
endfacet
facet normal -0.00012282388030820455 -0.9999999924571472 0
outer loop
vertex 71.4833984375 29.990232467651367 4.5
vertex 72.19773864746094 29.990144729614258 0.20000000298023224
vertex 72.19773864746094 29.990144729614258 4.5
endloop
endfacet
facet normal 0.9999999981373547 0.000061035156136313156 0
outer loop
vertex 71.48342895507812 29.490232467651367 4.5
vertex 71.4833984375 29.990232467651367 0.20000000298023224
vertex 71.4833984375 29.990232467651367 4.5
endloop
endfacet
facet normal 0.9999999979600744 0.00006387285975926321 3.29965539039202e-7
outer loop
vertex 71.48384094238281 23.040117263793945 4.5
vertex 71.4833984375 29.990232467651367 0.20000000298023224
vertex 71.48342895507812 29.490232467651367 4.5
endloop
endfacet
facet normal 0 0 -1
outer loop
vertex -45.04997634887695 -44.049949645996094 0
vertex -51.2012939453125 -35.25851058959961 0
vertex -45.04997634887695 -29.949949264526367 0
endloop
endfacet
facet normal 0 0 -1
outer loop
vertex -45.04997634887695 -29.949949264526367 0
vertex -51.2012939453125 -35.25851058959961 0
vertex -45.04997634887695 -25.04994773864746 0
endloop
endfacet
facet normal 0 0 -1
outer loop
vertex -45.04997634887695 -29.949949264526367 0
vertex -40.499977111816406 -29.249948501586914 0
vertex -40.499977111816406 -29.949949264526367 0
endloop
endfacet
facet normal -0.8774442871006342 -0.47967856220020916 0
outer loop
vertex -52.0004997253418 -55.14637756347656 0
vertex -52.238563537597656 -54.71090316772461 5
vertex -52.238563537597656 -54.71090316772461 0
endloop
endfacet
facet normal -0.9999989906933331 -0.0014207786040117078 -6.879922513458203e-7
outer loop
vertex -52.484275817871094 -53.472164154052734 0.20000000298023224
vertex -52.483882904052734 -53.74861526489258 0
vertex -52.484989166259766 -52.972164154052734 4.5
endloop
endfacet
facet normal -0.9999989822697064 -0.0014266953253512199 0
outer loop
vertex -52.484989166259766 -52.972164154052734 0.20000000298023224
vertex -52.484275817871094 -53.472164154052734 0.20000000298023224
vertex -52.484989166259766 -52.972164154052734 4.5
endloop
endfacet
facet normal -0.9690072335955633 -0.24703234856891387 0
outer loop
vertex -52.238563537597656 -54.71090316772461 0
vertex -52.483882904052734 -53.74861526489258 5
vertex -52.483882904052734 -53.74861526489258 0
endloop
endfacet
facet normal -0.5106365246694592 -0.8597966850793837 0
outer loop
vertex -50.81279754638672 -56.19064712524414 0
vertex -51.23442840576172 -55.94023895263672 5
vertex -51.23442840576172 -55.94023895263672 0
endloop
endfacet
facet normal -0.7195896493648211 -0.6943995510705734 0
outer loop
vertex -52.0004997253418 -55.14637756347656 0
vertex -51.23442840576172 -55.94023895263672 0
vertex -52.0004997253418 -55.14637756347656 5
endloop
endfacet
facet normal 0 0 1
outer loop
vertex -26.049978256225586 -6.049948692321777 5
vertex -26.049978256225586 8.05005168914795 5
vertex -30.94997787475586 -6.049948692321777 5
endloop
endfacet
facet normal 0 0 1
outer loop
vertex -30.94997787475586 8.05005168914795 5
vertex -30.94997787475586 -6.049948692321777 5
vertex -26.049978256225586 8.05005168914795 5
endloop
endfacet
facet normal 0 0 1
outer loop
vertex -30.94997787475586 12.950051307678223 5
vertex -45.04997634887695 12.950051307678223 5
vertex -30.94997787475586 8.05005168914795 5
endloop
endfacet
facet normal 0 0 1
outer loop
vertex -30.94997787475586 12.950051307678223 5
vertex -30.94997787475586 8.05005168914795 5
vertex -26.049978256225586 8.05005168914795 5
endloop
endfacet
facet normal -0.2654053844555608 -0.9641369103514272 0
outer loop
vertex -50.81279754638672 -56.19064712524414 0
vertex -49.7498893737793 -56.48324203491211 0
vertex -50.81279754638672 -56.19064712524414 5
endloop
endfacet
facet normal 0 0 1
outer loop
vertex -30.94997787475586 12.950051307678223 5
vertex -26.049978256225586 8.05005168914795 5
vertex -11.94997787475586 8.05005168914795 5
endloop
endfacet
facet normal 0 0 1
outer loop
vertex -30.94997787475586 12.950051307678223 5
vertex -11.94997787475586 8.05005168914795 5
vertex -26.049978256225586 12.950051307678223 5
endloop
endfacet
facet normal -0.9999999972490394 -0.00007417493608497562 0
outer loop
vertex -53.20006561279297 -52.25221633911133 0.20000000298023224
vertex -53.20001220703125 -52.97221374511719 0.20000000298023224
vertex -53.20001220703125 -52.97221374511719 4.5
endloop
endfacet
facet normal 0 0 1
outer loop
vertex -26.049978256225586 12.950051307678223 5
vertex -26.049978256225586 27.050050735473633 5
vertex -30.94997787475586 12.950051307678223 5
endloop
endfacet
facet normal 0 0 1
outer loop
vertex -30.94997787475586 27.050050735473633 5
vertex -30.94997787475586 12.950051307678223 5
vertex -26.049978256225586 27.050050735473633 5
endloop
endfacet
facet normal 0.00006935589695171996 -0.9999999975948798 0
outer loop
vertex -53.20001220703125 -52.97221374511719 4.5
vertex -53.20001220703125 -52.97221374511719 0.20000000298023224
vertex -52.484989166259766 -52.972164154052734 0.20000000298023224
endloop
endfacet
facet normal 0 0 1
outer loop
vertex 64.05001831054688 27.050050735473633 5
vertex 70.1968765258789 23.04027557373047 5
vertex 71.48384094238281 23.040117263793945 5
endloop
endfacet
facet normal 0 0 1
outer loop
vertex -11.94997787475586 8.05005168914795 5
vertex -11.94997787475586 -6.049948692321777 5
vertex -7.049977779388428 8.05005168914795 5
endloop
endfacet
facet normal 0 0 1
outer loop
vertex -26.049978256225586 12.950051307678223 5
vertex -11.94997787475586 8.05005168914795 5
vertex -7.049977779388428 8.05005168914795 5
endloop
endfacet
facet normal 0 0 1
outer loop
vertex -11.94997787475586 12.950051307678223 5
vertex -26.049978256225586 12.950051307678223 5
vertex 7.050022125244141 8.05005168914795 5
endloop
endfacet
facet normal 0 0 1
outer loop
vertex -7.049977779388428 8.05005168914795 5
vertex -11.94997787475586 -6.049948692321777 5
vertex -7.049977779388428 -6.049948692321777 5
endloop
endfacet
facet normal 0 0 1
outer loop
vertex 7.050022125244141 8.05005168914795 5
vertex -26.049978256225586 12.950051307678223 5
vertex -7.049977779388428 8.05005168914795 5
endloop
endfacet
facet normal 0 0 1
outer loop
vertex -11.94997787475586 12.950051307678223 5
vertex 7.050022125244141 8.05005168914795 5
vertex -7.049977779388428 12.950051307678223 5
endloop
endfacet
facet normal 0.9999999979601288 0.00006387285975926668 0
outer loop
vertex 71.48384094238281 23.040117263793945 5
vertex 71.48384094238281 23.040117263793945 4.5
vertex 71.48342895507812 29.490232467651367 5
endloop
endfacet
facet normal 0 0 1
outer loop
vertex -11.94997787475586 27.050050735473633 5
vertex -11.94997787475586 12.950051307678223 5
vertex -7.049977779388428 27.050050735473633 5
endloop
endfacet
facet normal 0 0 1
outer loop
vertex 64.05001831054688 27.050050735473633 5
vertex 64.05001831054688 12.950051307678223 5
vertex 70.1968765258789 23.04027557373047 5
endloop
endfacet
facet normal 0 0 1
outer loop
vertex -7.049977779388428 27.050050735473633 5
vertex -11.94997787475586 12.950051307678223 5
vertex -7.049977779388428 12.950051307678223 5
endloop
endfacet
facet normal 0 0 1
outer loop
vertex 64.05001831054688 12.950051307678223 5
vertex 64.05001831054688 8.05005168914795 5
vertex 70.1968765258789 23.04027557373047 5
endloop
endfacet
facet normal -0.9999999973944582 -0.0000721878365367119 0
outer loop
vertex -53.20131301879883 -34.97221374511719 0.20000000298023224
vertex -53.20006561279297 -52.25221633911133 0.20000000298023224
vertex -53.20131301879883 -34.97221374511719 4.5
endloop
endfacet
facet normal -0.9999999977830426 -0.00006658764917518162 0
outer loop
vertex -53.20134735107422 -34.47221374511719 0.20000000298023224
vertex -53.20132827758789 -34.7586555480957 0.20000000298023224
vertex -53.20132827758789 -34.7586555480957 4.5
endloop
endfacet
facet normal 0 0 1
outer loop
vertex 64.05001831054688 8.05005168914795 5
vertex 70.19453430175781 4.040276527404785 5
vertex 70.1968765258789 23.04027557373047 5
endloop
endfacet
facet normal 0 0 1
outer loop
vertex 70.19453430175781 4.040276527404785 5
vertex 71.48544311523438 -2.4099974632263184 5
vertex 71.48503875732422 4.040117263793945 5
endloop
endfacet
facet normal 0 0 1
outer loop
vertex 70.19453430175781 4.040276527404785 5
vertex 70.19374084472656 -2.4098381996154785 5
vertex 71.48544311523438 -2.4099974632263184 5
endloop
endfacet
facet normal -0.00004520580967662025 0.9999999989782173 0
outer loop
vertex -66.8835220336914 53.482234954833984 5
vertex 66.7824935913086 53.488277435302734 5
vertex -66.8835220336914 53.482234954833984 0
endloop
endfacet
facet normal 0 0 1
outer loop
vertex 70.19453430175781 4.040276527404785 5
vertex 64.05001831054688 -6.049948692321777 5
vertex 70.19374084472656 -2.4098381996154785 5
endloop
endfacet
facet normal 0.9999999980349799 0.00006269003366215756 0
outer loop
vertex 71.48544311523438 -2.4099974632263184 5
vertex 71.48544311523438 -2.4099974632263184 4.5
vertex 71.48503875732422 4.040117263793945 5
endloop
endfacet
facet normal 0 0 1
outer loop
vertex -45.04997634887695 -6.049948692321777 5
vertex -45.04997634887695 -10.94994831085205 5
vertex -30.94997787475586 -10.94994831085205 5
endloop
endfacet
facet normal 0 0 1
outer loop
vertex -51.203975677490234 1.9550504684448242 5
vertex -51.202606201171875 -17.04494857788086 5
vertex -45.04997634887695 8.05005168914795 5
endloop
endfacet
facet normal 0 0 1
outer loop
vertex -51.202606201171875 -17.04494857788086 5
vertex -45.04997634887695 -6.049948692321777 5
vertex -45.04997634887695 8.05005168914795 5
endloop
endfacet
facet normal 0 0 1
outer loop
vertex 64.05001831054688 8.05005168914795 5
vertex 64.05001831054688 -6.049948692321777 5
vertex 70.19453430175781 4.040276527404785 5
endloop
endfacet
facet normal 0.9999999980349799 0.00006269003366215756 0
outer loop
vertex 71.48544311523438 -2.4099974632263184 4.5
vertex 71.48503875732422 4.040117263793945 4.5
vertex 71.48503875732422 4.040117263793945 5
endloop
endfacet
facet normal 0 0 1
outer loop
vertex 64.05001831054688 8.05005168914795 5
vertex 64.05001831054688 12.950051307678223 5
vertex 49.95002365112305 12.950051307678223 5
endloop
endfacet
facet normal 0 0 1
outer loop
vertex -51.202606201171875 -17.04494857788086 5
vertex -45.04997634887695 -10.94994831085205 5
vertex -45.04997634887695 -6.049948692321777 5
endloop
endfacet
facet normal -0.00007179543804327166 0.9999999974227076 0
outer loop
vertex -52.51058578491211 -34.972164154052734 0.20000000298023224
vertex -53.20131301879883 -34.97221374511719 0.20000000298023224
vertex -52.51058578491211 -34.972164154052734 4.5
endloop
endfacet
facet normal 0.00007182518835585196 -0.9999999974205712 0
outer loop
vertex -53.20132827758789 -34.7586555480957 4.5
vertex -53.20132827758789 -34.7586555480957 0.20000000298023224
vertex -52.510887145996094 -34.75860595703125 0.20000000298023224
endloop
endfacet
facet normal 0 0 1
outer loop
vertex 45.05002212524414 27.050050735473633 5
vertex 45.05002212524414 12.950051307678223 5
vertex 49.95002365112305 27.050050735473633 5
endloop
endfacet
facet normal 0 0 1
outer loop
vertex -28.499977111816406 29.500051498413086 5
vertex -47.499977111816406 29.500051498413086 5
vertex -30.94997787475586 27.050050735473633 5
endloop
endfacet
facet normal 0 0 1
outer loop
vertex -28.499977111816406 29.500051498413086 5
vertex -30.94997787475586 27.050050735473633 5
vertex -26.049978256225586 27.050050735473633 5
endloop
endfacet
facet normal 0 0 1
outer loop
vertex 45.05002212524414 12.950051307678223 5
vertex 49.95002365112305 12.950051307678223 5
vertex 49.95002365112305 27.050050735473633 5
endloop
endfacet
facet normal 0 0 1
outer loop
vertex -26.049978256225586 27.050050735473633 5
vertex -11.94997787475586 27.050050735473633 5
vertex -28.499977111816406 29.500051498413086 5
endloop
endfacet
facet normal 0 0 1
outer loop
vertex -45.04997634887695 -25.04994773864746 5
vertex -45.04997634887695 -29.949949264526367 5
vertex -30.94997787475586 -25.04994773864746 5
endloop
endfacet
facet normal 0 0 1
outer loop
vertex -66.8835220336914 53.482234954833984 5
vertex -28.499977111816406 48.50004959106445 5
vertex -9.499978065490723 48.50004959106445 5
endloop
endfacet
facet normal 0 0 1
outer loop
vertex -51.202606201171875 -17.04494857788086 5
vertex -51.2012939453125 -35.25851058959961 5
vertex -45.04997634887695 -10.94994831085205 5
endloop
endfacet
facet normal -0.9999990043396718 -0.0014111412632912504 0
outer loop
vertex -52.510887145996094 -34.75860595703125 0.20000000298023224
vertex -52.51058578491211 -34.972164154052734 0.20000000298023224
vertex -52.510887145996094 -34.75860595703125 4.5
endloop
endfacet
facet normal 0 0 1
outer loop
vertex -9.499978065490723 29.500051498413086 5
vertex -28.499977111816406 29.500051498413086 5
vertex -11.94997787475586 27.050050735473633 5
endloop
endfacet
facet normal 0 0 1
outer loop
vertex -9.499978065490723 29.500051498413086 5
vertex -11.94997787475586 27.050050735473633 5
vertex -7.049977779388428 27.050050735473633 5
endloop
endfacet
facet normal 0 0 1
outer loop
vertex 45.05002212524414 12.950051307678223 5
vertex 64.05001831054688 8.05005168914795 5
vertex 49.95002365112305 12.950051307678223 5
endloop
endfacet
facet normal 0 0 1
outer loop
vertex -7.049977779388428 27.050050735473633 5
vertex 7.050022125244141 27.050050735473633 5
vertex -9.499978065490723 29.500051498413086 5
endloop
endfacet
facet normal 0 0 1
outer loop
vertex -9.499978065490723 29.500051498413086 5
vertex 7.050022125244141 27.050050735473633 5
vertex -7.049977779388428 31.95005226135254 5
endloop
endfacet
facet normal 0 0 1
outer loop
vertex -7.049977779388428 31.95005226135254 5
vertex -7.049977779388428 46.050052642822266 5
vertex -9.499978065490723 29.500051498413086 5
endloop
endfacet
facet normal 0 0 1
outer loop
vertex 45.05002212524414 12.950051307678223 5
vertex 49.95002365112305 8.05005168914795 5
vertex 64.05001831054688 8.05005168914795 5
endloop
endfacet
facet normal 0 0 1
outer loop
vertex -45.04997634887695 -25.04994773864746 5
vertex -45.04997634887695 -10.94994831085205 5
vertex -51.2012939453125 -35.25851058959961 5
endloop
endfacet
facet normal 0 0 1
outer loop
vertex -9.499978065490723 48.50004959106445 5
vertex -9.499978065490723 29.500051498413086 5
vertex -7.049977779388428 46.050052642822266 5
endloop
endfacet
facet normal 0 0 1
outer loop
vertex -9.499978065490723 48.50004959106445 5
vertex -7.049977779388428 46.050052642822266 5
vertex 7.050022125244141 46.050052642822266 5
endloop
endfacet
facet normal 0 0 1
outer loop
vertex -66.8835220336914 53.482234954833984 5
vertex -9.499978065490723 48.50004959106445 5
vertex 70.20001983642578 48.49039077758789 5
endloop
endfacet
facet normal 0 0 -1
outer loop
vertex 2.5000221729278564 -44.74995040893555 0
vertex 2.5000221729278564 -44.049949645996094 0
vertex 7.050022125244141 -44.049949645996094 0
endloop
endfacet
facet normal 0 0 -1
outer loop
vertex -10.175623893737793 -53.12785339355469 0
vertex 54.721778869628906 -51.7198600769043 0
vertex -10.399977684020996 -53.14994812011719 0
endloop
endfacet
facet normal 0 0 -1
outer loop
vertex -10.175623893737793 -53.12785339355469 0
vertex -9.959892272949219 -53.062408447265625 0
vertex 54.721778869628906 -51.7198600769043 0
endloop
endfacet
facet normal 0 0 -1
outer loop
vertex -9.959892272949219 -53.062408447265625 0
vertex -9.761072158813477 -52.956138610839844 0
vertex 54.721778869628906 -51.7198600769043 0
endloop
endfacet
facet normal 0 0 -1
outer loop
vertex -9.761072158813477 -52.956138610839844 0
vertex -9.58680534362793 -52.8131217956543 0
vertex 54.721778869628906 -51.7198600769043 0
endloop
endfacet
facet normal 0 0 -1
outer loop
vertex -9.443787574768066 -52.63885498046875 0
vertex 54.721778869628906 -51.7198600769043 0
vertex -9.58680534362793 -52.8131217956543 0
endloop
endfacet
facet normal 0 0 -1
outer loop
vertex -9.337516784667969 -52.440032958984375 0
vertex 54.721778869628906 -51.7198600769043 0
vertex -9.443787574768066 -52.63885498046875 0
endloop
endfacet
facet normal 0 0 -1
outer loop
vertex -9.272074699401855 -52.22430419921875 0
vertex 54.721778869628906 -51.7198600769043 0
vertex -9.337516784667969 -52.440032958984375 0
endloop
endfacet
facet normal 0 0 -1
outer loop
vertex -9.249978065490723 -51.99995040893555 0
vertex 54.721778869628906 -51.7198600769043 0
vertex -9.272074699401855 -52.22430419921875 0
endloop
endfacet
facet normal 0 0 -1
outer loop
vertex -9.249978065490723 -51.99995040893555 0
vertex -9.272074699401855 -51.775596618652344 0
vertex 54.721778869628906 -51.7198600769043 0
endloop
endfacet
facet normal 0 0 -1
outer loop
vertex -9.337516784667969 -51.55986404418945 0
vertex -9.443787574768066 -51.36104202270508 0
vertex 54.721778869628906 -51.7198600769043 0
endloop
endfacet
facet normal 0 0 -1
outer loop
vertex -9.272074699401855 -51.775596618652344 0
vertex -9.337516784667969 -51.55986404418945 0
vertex 54.721778869628906 -51.7198600769043 0
endloop
endfacet
facet normal 0 0 -1
outer loop
vertex -9.443787574768066 -51.36104202270508 0
vertex -9.58680534362793 -51.18677520751953 0
vertex 54.721778869628906 -51.7198600769043 0
endloop
endfacet
facet normal 0 0 -1
outer loop
vertex -9.761072158813477 -51.043758392333984 0
vertex -9.959892272949219 -50.9374885559082 0
vertex 54.721778869628906 -51.7198600769043 0
endloop
endfacet
facet normal 0 0 -1
outer loop
vertex -9.58680534362793 -51.18677520751953 0
vertex -9.761072158813477 -51.043758392333984 0
vertex 54.721778869628906 -51.7198600769043 0
endloop
endfacet
facet normal 0 0 -1
outer loop
vertex -9.959892272949219 -50.9374885559082 0
vertex -8.728062629699707 -46.91569519042969 0
vertex 54.721778869628906 -51.7198600769043 0
endloop
endfacet
facet normal 0 0 -1
outer loop
vertex 50.2027587890625 -56.40030288696289 0
vertex -49.7498893737793 -56.48324203491211 0
vertex 51.169349670410156 -55.97837448120117 0
endloop
endfacet
facet normal 0 0 -1
outer loop
vertex 51.169349670410156 -55.97837448120117 0
vertex -49.7498893737793 -56.48324203491211 0
vertex 51.913944244384766 -55.25984191894531 0
endloop
endfacet
facet normal 0 0 -1
outer loop
vertex 54.721778869628906 -51.7198600769043 0
vertex -8.728062629699707 -46.91569519042969 0
vertex -8.582072257995605 -46.818145751953125 0
endloop
endfacet
facet normal 0 0 -1
outer loop
vertex 54.721778869628906 -51.7198600769043 0
vertex -8.582072257995605 -46.818145751953125 0
vertex -8.48452377319336 -46.672157287597656 0
endloop
endfacet
facet normal 0 0 -1
outer loop
vertex 54.721778869628906 -51.7198600769043 0
vertex -8.48452377319336 -46.672157287597656 0
vertex -8.45026969909668 -46.49995040893555 0
endloop
endfacet
facet normal 0 0 -1
outer loop
vertex -8.45026969909668 -46.49995040893555 0
vertex -8.48452377319336 -46.32773971557617 0
vertex 54.721778869628906 -51.7198600769043 0
endloop
endfacet
facet normal 0 0 -1
outer loop
vertex 54.721778869628906 -51.7198600769043 0
vertex -8.48452377319336 -46.32773971557617 0
vertex -8.582072257995605 -46.1817512512207 0
endloop
endfacet
facet normal 0 0 -1
outer loop
vertex 54.721778869628906 -51.7198600769043 0
vertex -8.582072257995605 -46.1817512512207 0
vertex -8.728062629699707 -46.08420181274414 0
endloop
endfacet
facet normal 0 0 -1
outer loop
vertex 54.721778869628906 -51.7198600769043 0
vertex -8.728062629699707 -46.08420181274414 0
vertex -8.582072257995605 -45.54814529418945 0
endloop
endfacet
facet normal 0 0 -1
outer loop
vertex 54.721778869628906 -51.7198600769043 0
vertex -8.582072257995605 -45.54814529418945 0
vertex -8.48452377319336 -45.402156829833984 0
endloop
endfacet
facet normal 0 0 -1
outer loop
vertex 54.721778869628906 -51.7198600769043 0
vertex -8.48452377319336 -45.402156829833984 0
vertex -8.45026969909668 -45.229949951171875 0
endloop
endfacet
facet normal 0 0 -1
outer loop
vertex -8.45026969909668 -45.229949951171875 0
vertex -8.48452377319336 -45.0577392578125 0
vertex 54.721778869628906 -51.7198600769043 0
endloop
endfacet
facet normal 0 0 -1
outer loop
vertex 54.721778869628906 -51.7198600769043 0
vertex -8.48452377319336 -45.0577392578125 0
vertex -8.582072257995605 -44.91175079345703 0
endloop
endfacet
facet normal 0 0 -1
outer loop
vertex 54.721778869628906 -51.7198600769043 0
vertex -8.582072257995605 -44.91175079345703 0
vertex -8.728062629699707 -44.81420135498047 0
endloop
endfacet
facet normal 0 0 -1
outer loop
vertex 54.721778869628906 -51.7198600769043 0
vertex -8.728062629699707 -44.81420135498047 0
vertex -2.4999778270721436 -44.74995040893555 0
endloop
endfacet
facet normal 0 0 -1
outer loop
vertex 11.950021743774414 -44.049949645996094 0
vertex 16.500022888183594 -44.049949645996094 0
vertex 16.500022888183594 -44.74995040893555 0
endloop
endfacet
facet normal 0 0 1
outer loop
vertex 45.05002212524414 12.950051307678223 5
vertex 45.05002212524414 8.05005168914795 5
vertex 49.95002365112305 8.05005168914795 5
endloop
endfacet
facet normal 0 0 1
outer loop
vertex 45.05002212524414 8.05005168914795 5
vertex 45.05002212524414 -6.049948692321777 5
vertex 49.95002365112305 8.05005168914795 5
endloop
endfacet
facet normal 0 0 1
outer loop
vertex 49.95002365112305 -6.049948692321777 5
vertex 49.95002365112305 8.05005168914795 5
vertex 45.05002212524414 -6.049948692321777 5
endloop
endfacet
facet normal 0 0 1
outer loop
vertex 30.950021743774414 12.950051307678223 5
vertex 45.05002212524414 8.05005168914795 5
vertex 45.05002212524414 12.950051307678223 5
endloop
endfacet
facet normal 0 0 -1
outer loop
vertex 7.050022125244141 -44.049949645996094 0
vertex 7.050022125244141 -29.949949264526367 0
vertex 11.950021743774414 -44.049949645996094 0
endloop
endfacet
facet normal 0 0 -1
outer loop
vertex 2.5000221729278564 -29.949949264526367 0
vertex 2.5000221729278564 -29.249948501586914 0
vertex 7.050022125244141 -29.949949264526367 0
endloop
endfacet
facet normal 0 0 -1
outer loop
vertex 11.950021743774414 -44.049949645996094 0
vertex 7.050022125244141 -29.949949264526367 0
vertex 11.950021743774414 -29.949949264526367 0
endloop
endfacet
facet normal 0 0 -1
outer loop
vertex 11.950021743774414 -29.949949264526367 0
vertex 16.500022888183594 -29.249948501586914 0
vertex 16.500022888183594 -29.949949264526367 0
endloop
endfacet
facet normal -0.9999999974018339 -0.00007208438925317297 -4.1575176925153635e-7
outer loop
vertex -53.203941345214844 1.4549061059951782 4.5
vertex -53.202693939208984 -15.825094223022461 0.20000000298023224
vertex -53.203102111816406 -10.187467575073242 4.5
endloop
endfacet
facet normal -0.9999999973644172 -0.00007260231582253144 2.632893113048244e-7
outer loop
vertex -53.202693939208984 -15.825094223022461 0.20000000298023224
vertex -53.202640533447266 -16.545093536376953 4.5
vertex -53.203102111816406 -10.187467575073242 4.5
endloop
endfacet
facet normal -0.9999990043574566 -0.0014111286601273423 0
outer loop
vertex -52.53678894042969 -16.545045852661133 4.5
vertex -52.5364875793457 -16.75860595703125 0.20000000298023224
vertex -52.5364875793457 -16.75860595703125 4.5
endloop
endfacet
facet normal 0.00007161312850802496 -0.9999999974357799 0
outer loop
vertex -53.202640533447266 -16.545093536376953 4.5
vertex -52.53678894042969 -16.545045852661133 0.20000000298023224
vertex -52.53678894042969 -16.545045852661133 4.5
endloop
endfacet
facet normal -0.00007158237108286819 0.9999999974379821 0
outer loop
vertex -52.5364875793457 -16.75860595703125 4.5
vertex -53.2026252746582 -16.75865364074707 0.20000000298023224
vertex -53.2026252746582 -16.75865364074707 4.5
endloop
endfacet
facet normal 0 0 -1
outer loop
vertex 51.913944244384766 -55.25984191894531 0
vertex -49.7498893737793 -56.48324203491211 0
vertex 52.873817443847656 -53.18812561035156 0
endloop
endfacet
facet normal 0 0 -1
outer loop
vertex 52.873817443847656 -53.18812561035156 0
vertex -49.7498893737793 -56.48324203491211 0
vertex 52.93436050415039 -53.09754943847656 0
endloop
endfacet
facet normal 0 0 -1
outer loop
vertex 52.93436050415039 -53.09754943847656 0
vertex -49.7498893737793 -56.48324203491211 0
vertex 53.63546371459961 -52.33667755126953 0
endloop
endfacet
facet normal 0 0 -1
outer loop
vertex 53.63546371459961 -52.33667755126953 0
vertex -49.7498893737793 -56.48324203491211 0
vertex 53.72054672241211 -52.26908493041992 0
endloop
endfacet
facet normal 0 0 -1
outer loop
vertex 53.72054672241211 -52.26908493041992 0
vertex -49.7498893737793 -56.48324203491211 0
vertex 54.62013626098633 -51.7582893371582 0
endloop
endfacet
facet normal 0 0 -1
outer loop
vertex 54.62013626098633 -51.7582893371582 0
vertex -49.7498893737793 -56.48324203491211 0
vertex 54.721778869628906 -51.7198600769043 0
endloop
endfacet
facet normal 0 0 -1
outer loop
vertex 54.721778869628906 -51.7198600769043 0
vertex -2.4999778270721436 -44.74995040893555 0
vertex 2.5000221729278564 -44.74995040893555 0
endloop
endfacet
facet normal 0 0 -1
outer loop
vertex 54.721778869628906 -51.7198600769043 0
vertex 2.5000221729278564 -44.74995040893555 0
vertex 7.050022125244141 -44.049949645996094 0
endloop
endfacet
facet normal 0 0 -1
outer loop
vertex 54.721778869628906 -51.7198600769043 0
vertex 7.050022125244141 -44.049949645996094 0
vertex 11.950021743774414 -44.049949645996094 0
endloop
endfacet
facet normal 0 0 -1
outer loop
vertex 21.500022888183594 -44.74995040893555 0
vertex 21.500022888183594 -44.049949645996094 0
vertex 26.05002212524414 -44.049949645996094 0
endloop
endfacet
facet normal 0 0 -1
outer loop
vertex 54.721778869628906 -51.7198600769043 0
vertex 11.950021743774414 -44.049949645996094 0
vertex 16.500022888183594 -44.74995040893555 0
endloop
endfacet
facet normal 0 0 -1
outer loop
vertex 54.721778869628906 -51.7198600769043 0
vertex 16.500022888183594 -44.74995040893555 0
vertex 21.500022888183594 -44.74995040893555 0
endloop
endfacet
facet normal 0 0 -1
outer loop
vertex 54.721778869628906 -51.7198600769043 0
vertex 21.500022888183594 -44.74995040893555 0
vertex 26.05002212524414 -44.049949645996094 0
endloop
endfacet
facet normal 0 0 -1
outer loop
vertex 30.950021743774414 -44.049949645996094 0
vertex 35.500022888183594 -44.049949645996094 0
vertex 35.500022888183594 -44.74995040893555 0
endloop
endfacet
facet normal -0.999999997783013 -0.00006658809256963537 0
outer loop
vertex -53.202606201171875 -17.045093536376953 4.5
vertex -53.2026252746582 -16.75865364074707 4.5
vertex -53.2026252746582 -16.75865364074707 0.20000000298023224
endloop
endfacet
facet normal -0.9999999973910438 -0.00007223511855622671 0
outer loop
vertex -53.202606201171875 -17.045093536376953 4.5
vertex -53.20134735107422 -34.47221374511719 0.20000000298023224
vertex -53.20134735107422 -34.47221374511719 4.5
endloop
endfacet
facet normal 0 0 1
outer loop
vertex -51.2012939453125 -35.25851058959961 5
vertex -45.04997634887695 -29.949949264526367 5
vertex -45.04997634887695 -25.04994773864746 5
endloop
endfacet
facet normal 0 0 -1
outer loop
vertex -45.04997634887695 -25.04994773864746 0
vertex -51.2012939453125 -35.25851058959961 0
vertex -51.202606201171875 -17.04494857788086 0
endloop
endfacet
facet normal 0.9999999981373547 0.000061035156136313156 0
outer loop
vertex 71.48387145996094 22.540117263793945 4.5
vertex 71.48387145996094 22.540117263793945 0.20000000298023224
vertex 71.48384094238281 23.040117263793945 4.5
endloop
endfacet
facet normal 0 0 -1
outer loop
vertex 21.500022888183594 -29.949949264526367 0
vertex 21.500022888183594 -29.249948501586914 0
vertex 26.05002212524414 -29.949949264526367 0
endloop
endfacet
facet normal 0 0 -1
outer loop
vertex 26.05002212524414 -44.049949645996094 0
vertex 26.05002212524414 -29.949949264526367 0
vertex 30.950021743774414 -44.049949645996094 0
endloop
endfacet
facet normal 0 0 -1
outer loop
vertex 30.950021743774414 -44.049949645996094 0
vertex 26.05002212524414 -29.949949264526367 0
vertex 30.950021743774414 -29.949949264526367 0
endloop
endfacet
facet normal 0 0 -1
outer loop
vertex 30.950021743774414 -29.949949264526367 0
vertex 35.500022888183594 -29.249948501586914 0
vertex 35.500022888183594 -29.949949264526367 0
endloop
endfacet
facet normal 0.0001230644099106137 0.9999999924275755 0
outer loop
vertex 72.19681549072266 22.540029525756836 4.5
vertex 71.48387145996094 22.540117263793945 0.20000000298023224
vertex 71.48387145996094 22.540117263793945 4.5
endloop
endfacet
facet normal 0.9999999924420331 -0.00012294222897473846 0.0000010686002878620806
outer loop
vertex 72.19609832763672 16.706695556640625 4.5
vertex 72.19673156738281 21.820030212402344 0.20000000298023224
vertex 72.19681549072266 22.540029525756836 4.5
endloop
endfacet
facet normal 0 0 1
outer loop
vertex -45.04997634887695 -29.949949264526367 5
vertex -51.19997787475586 -53.472068786621094 5
vertex -45.04997634887695 -44.049949645996094 5
endloop
endfacet
facet normal 0 0 1
outer loop
vertex -51.2012939453125 -35.25851058959961 5
vertex -51.19997787475586 -53.472068786621094 5
vertex -45.04997634887695 -29.949949264526367 5
endloop
endfacet
facet normal 0.9999999923696716 -0.00012353348956671903 3.655041661230279e-7
outer loop
vertex 72.19459533691406 4.540029525756836 4.5
vertex 72.19673156738281 21.820030212402344 0.20000000298023224
vertex 72.19609832763672 16.706695556640625 4.5
endloop
endfacet
facet normal -0.00012364660629943147 -0.9999999923557584 0
outer loop
vertex 71.4850082397461 4.540117263793945 4.5
vertex 72.19459533691406 4.540029525756836 0.20000000298023224
vertex 72.19459533691406 4.540029525756836 4.5
endloop
endfacet
facet normal 0.9999999981373547 0.000061035156136313156 0
outer loop
vertex 71.48503875732422 4.040117263793945 4.5
vertex 71.4850082397461 4.540117263793945 0.20000000298023224
vertex 71.4850082397461 4.540117263793945 4.5
endloop
endfacet
facet normal 0.9999999980349613 0.0000626900336621564 1.9242762014416284e-7
outer loop
vertex 71.48544311523438 -2.4099974632263184 4.5
vertex 71.4850082397461 4.540117263793945 0.20000000298023224
vertex 71.48503875732422 4.040117263793945 4.5
endloop
endfacet
facet normal 0 0 1
outer loop
vertex -30.94997787475586 -44.049949645996094 5
vertex -45.04997634887695 -44.049949645996094 5
vertex -51.19997787475586 -53.472068786621094 5
endloop
endfacet
facet normal 0 0 1
outer loop
vertex -52.483882904052734 -53.74861526489258 5
vertex -11.527880668640137 -52.22430419921875 5
vertex -51.19997787475586 -53.472068786621094 5
endloop
endfacet
facet normal 0 0 1
outer loop
vertex -11.038883209228516 -52.956138610839844 5
vertex -52.483882904052734 -53.74861526489258 5
vertex -52.238563537597656 -54.71090316772461 5
endloop
endfacet
facet normal 0 0 -1
outer loop
vertex -45.04997634887695 -25.04994773864746 0
vertex -51.202606201171875 -17.04494857788086 0
vertex -45.04997634887695 -10.94994831085205 0
endloop
endfacet
facet normal 0 0 -1
outer loop
vertex -40.499977111816406 -29.249948501586914 0
vertex -45.04997634887695 -29.949949264526367 0
vertex -45.04997634887695 -25.04994773864746 0
endloop
endfacet
facet normal 0 0 1
outer loop
vertex -52.484275817871094 -53.472164154052734 5
vertex -52.483882904052734 -53.74861526489258 5
vertex -51.19997787475586 -53.472068786621094 5
endloop
endfacet
facet normal 0 0 -1
outer loop
vertex -40.499977111816406 -29.249948501586914 0
vertex -45.04997634887695 -25.04994773864746 0
vertex -40.499977111816406 -25.749948501586914 0
endloop
endfacet
facet normal -0.9999989899862802 -0.001421276334601723 0
outer loop
vertex -52.484275817871094 -53.472164154052734 5
vertex -52.484275817871094 -53.472164154052734 4.5
vertex -52.483882904052734 -53.74861526489258 5
endloop
endfacet
facet normal 0 0 -1
outer loop
vertex -40.499977111816406 -25.749948501586914 0
vertex -45.04997634887695 -25.04994773864746 0
vertex -40.499977111816406 -25.04994773864746 0
endloop
endfacet
facet normal 0 0 -1
outer loop
vertex -35.499977111816406 -29.249948501586914 0
vertex -40.499977111816406 -29.249948501586914 0
vertex -40.499977111816406 -25.749948501586914 0
endloop
endfacet
facet normal 0 0 -1
outer loop
vertex -35.499977111816406 -29.249948501586914 0
vertex -40.499977111816406 -25.749948501586914 0
vertex -35.499977111816406 -25.749948501586914 0
endloop
endfacet
facet normal 0 0 -1
outer loop
vertex -45.04997634887695 -10.94994831085205 0
vertex -51.202606201171875 -17.04494857788086 0
vertex -45.04997634887695 -6.049948692321777 0
endloop
endfacet
facet normal 0 0 -1
outer loop
vertex 2.5000221729278564 -29.249948501586914 0
vertex -2.4999778270721436 -29.249948501586914 0
vertex 2.5000221729278564 -25.749948501586914 0
endloop
endfacet
facet normal 0 0 -1
outer loop
vertex 7.050022125244141 -29.949949264526367 0
vertex 2.5000221729278564 -29.249948501586914 0
vertex 2.5000221729278564 -25.749948501586914 0
endloop
endfacet
facet normal 0 0 -1
outer loop
vertex 2.5000221729278564 -25.749948501586914 0
vertex 2.5000221729278564 -25.04994773864746 0
vertex 11.950021743774414 -29.949949264526367 0
endloop
endfacet
facet normal 0 0 -1
outer loop
vertex 11.950021743774414 -29.949949264526367 0
vertex 7.050022125244141 -29.949949264526367 0
vertex 2.5000221729278564 -25.749948501586914 0
endloop
endfacet
facet normal 0 0 -1
outer loop
vertex 11.950021743774414 -29.949949264526367 0
vertex 2.5000221729278564 -25.04994773864746 0
vertex 7.050022125244141 -25.04994773864746 0
endloop
endfacet
facet normal 0 0 -1
outer loop
vertex 7.050022125244141 -25.04994773864746 0
vertex 7.050022125244141 -10.94994831085205 0
vertex 11.950021743774414 -25.04994773864746 0
endloop
endfacet
facet normal 0 0 -1
outer loop
vertex 7.050022125244141 -25.04994773864746 0
vertex 11.950021743774414 -25.04994773864746 0
vertex 11.950021743774414 -29.949949264526367 0
endloop
endfacet
facet normal 0 0 -1
outer loop
vertex 11.950021743774414 -25.04994773864746 0
vertex 16.500022888183594 -25.04994773864746 0
vertex 11.950021743774414 -29.949949264526367 0
endloop
endfacet
facet normal 0 0 -1
outer loop
vertex 16.500022888183594 -29.249948501586914 0
vertex 11.950021743774414 -29.949949264526367 0
vertex 16.500022888183594 -25.749948501586914 0
endloop
endfacet
facet normal 0 0 -1
outer loop
vertex 16.500022888183594 -25.749948501586914 0
vertex 11.950021743774414 -29.949949264526367 0
vertex 16.500022888183594 -25.04994773864746 0
endloop
endfacet
facet normal 0 0 -1
outer loop
vertex 11.950021743774414 -25.04994773864746 0
vertex 7.050022125244141 -10.94994831085205 0
vertex 11.950021743774414 -10.94994831085205 0
endloop
endfacet
facet normal -0.9999990043396718 -0.0014111412632912504 0
outer loop
vertex -52.510887145996094 -34.75860595703125 4.5
vertex -52.51058578491211 -34.972164154052734 0.20000000298023224
vertex -52.51058578491211 -34.972164154052734 4.5
endloop
endfacet
facet normal 0.00007182518835585196 -0.9999999974205712 0
outer loop
vertex -53.20132827758789 -34.7586555480957 4.5
vertex -52.510887145996094 -34.75860595703125 0.20000000298023224
vertex -52.510887145996094 -34.75860595703125 4.5
endloop
endfacet
facet normal -0.00007179543804327166 0.9999999974227076 0
outer loop
vertex -52.51058578491211 -34.972164154052734 4.5
vertex -53.20131301879883 -34.97221374511719 0.20000000298023224
vertex -53.20131301879883 -34.97221374511719 4.5
endloop
endfacet
facet normal -0.9999999977830426 -0.00006658764917518162 0
outer loop
vertex -53.20134735107422 -34.47221374511719 0.20000000298023224
vertex -53.20132827758789 -34.7586555480957 4.5
vertex -53.20134735107422 -34.47221374511719 4.5
endloop
endfacet
facet normal 0 0 -1
outer loop
vertex -2.4999778270721436 -10.249948501586914 0
vertex 2.5000221729278564 -6.749948501586914 0
vertex 2.5000221729278564 -10.249948501586914 0
endloop
endfacet
facet normal 0 0 -1
outer loop
vertex 2.5000221729278564 -10.94994831085205 0
vertex 2.5000221729278564 -10.249948501586914 0
vertex 7.050022125244141 -10.94994831085205 0
endloop
endfacet
facet normal 0 0 -1
outer loop
vertex 7.050022125244141 -10.94994831085205 0
vertex 2.5000221729278564 -10.249948501586914 0
vertex 2.5000221729278564 -6.749948501586914 0
endloop
endfacet
facet normal 0 0 -1
outer loop
vertex 11.950021743774414 -10.94994831085205 0
vertex 7.050022125244141 -10.94994831085205 0
vertex 2.5000221729278564 -6.749948501586914 0
endloop
endfacet
facet normal 0 0 -1
outer loop
vertex 11.950021743774414 -10.94994831085205 0
vertex 2.5000221729278564 -6.749948501586914 0
vertex 2.5000221729278564 -6.049948692321777 0
endloop
endfacet
facet normal 0 0 -1
outer loop
vertex 11.950021743774414 -10.94994831085205 0
vertex 2.5000221729278564 -6.049948692321777 0
vertex 7.050022125244141 -6.049948692321777 0
endloop
endfacet
facet normal 0 0 -1
outer loop
vertex 11.950021743774414 -10.94994831085205 0
vertex 7.050022125244141 -6.049948692321777 0
vertex 16.500022888183594 -10.94994831085205 0
endloop
endfacet
facet normal 0 0 -1
outer loop
vertex 16.500022888183594 -10.94994831085205 0
vertex 11.950021743774414 -6.049948692321777 0
vertex 16.500022888183594 -10.249948501586914 0
endloop
endfacet
facet normal 0 0 -1
outer loop
vertex 16.500022888183594 -10.94994831085205 0
vertex 7.050022125244141 -6.049948692321777 0
vertex 11.950021743774414 -6.049948692321777 0
endloop
endfacet
facet normal 0 0 -1
outer loop
vertex 11.950021743774414 -6.049948692321777 0
vertex 16.500022888183594 -6.749948501586914 0
vertex 16.500022888183594 -10.249948501586914 0
endloop
endfacet
facet normal 0 0 -1
outer loop
vertex 16.500022888183594 -6.749948501586914 0
vertex 11.950021743774414 -6.049948692321777 0
vertex 16.500022888183594 -6.049948692321777 0
endloop
endfacet
facet normal -0.2654053844555608 -0.9641369103514272 0
outer loop
vertex -50.81279754638672 -56.19064712524414 5
vertex -49.7498893737793 -56.48324203491211 0
vertex -49.7498893737793 -56.48324203491211 5
endloop
endfacet
facet normal -0.5106365246694592 -0.8597966850793837 0
outer loop
vertex -51.23442840576172 -55.94023895263672 5
vertex -50.81279754638672 -56.19064712524414 0
vertex -50.81279754638672 -56.19064712524414 5
endloop
endfacet
facet normal -0.7195896493648211 -0.6943995510705734 0
outer loop
vertex -52.0004997253418 -55.14637756347656 5
vertex -51.23442840576172 -55.94023895263672 0
vertex -51.23442840576172 -55.94023895263672 5
endloop
endfacet
facet normal -0.9690072335955633 -0.24703234856891387 0
outer loop
vertex -52.483882904052734 -53.74861526489258 5
vertex -52.238563537597656 -54.71090316772461 0
vertex -52.238563537597656 -54.71090316772461 5
endloop
endfacet
facet normal -0.8774442871006342 -0.47967856220020916 0
outer loop
vertex -52.238563537597656 -54.71090316772461 5
vertex -52.0004997253418 -55.14637756347656 0
vertex -52.0004997253418 -55.14637756347656 5
endloop
endfacet
facet normal -0.9999989899862803 -0.001421276334601723 0
outer loop
vertex -52.484275817871094 -53.472164154052734 4.5
vertex -52.483882904052734 -53.74861526489258 0
vertex -52.483882904052734 -53.74861526489258 5
endloop
endfacet
facet normal -0.9999999973997807 -0.00007211344743414069 -2.9894044021524103e-7
outer loop
vertex -53.20131301879883 -34.97221374511719 4.5
vertex -53.20006561279297 -52.25221633911133 0.20000000298023224
vertex -53.200435638427734 -47.13888168334961 4.5
endloop
endfacet
facet normal -0.9999999973654373 -0.00007258825502906704 2.6567587242346495e-7
outer loop
vertex -53.20006561279297 -52.25221633911133 0.20000000298023224
vertex -53.20001220703125 -52.97221374511719 4.5
vertex -53.200435638427734 -47.13888168334961 4.5
endloop
endfacet
facet normal 0.00006935589695171996 -0.9999999975948798 0
outer loop
vertex -53.20001220703125 -52.97221374511719 4.5
vertex -52.484989166259766 -52.972164154052734 0.20000000298023224
vertex -52.484989166259766 -52.972164154052734 4.5
endloop
endfacet
facet normal 0 0 -1
outer loop
vertex 21.500022888183594 -29.249948501586914 0
vertex 16.500022888183594 -29.249948501586914 0
vertex 21.500022888183594 -25.749948501586914 0
endloop
endfacet
facet normal 0 0 -1
outer loop
vertex 21.500022888183594 -25.749948501586914 0
vertex 16.500022888183594 -29.249948501586914 0
vertex 16.500022888183594 -25.749948501586914 0
endloop
endfacet
facet normal 0 0 -1
outer loop
vertex 26.05002212524414 -29.949949264526367 0
vertex 21.500022888183594 -29.249948501586914 0
vertex 21.500022888183594 -25.749948501586914 0
endloop
endfacet
facet normal 0 0 -1
outer loop
vertex 26.05002212524414 -29.949949264526367 0
vertex 21.500022888183594 -25.749948501586914 0
vertex 21.500022888183594 -25.04994773864746 0
endloop
endfacet
facet normal 0 0 -1
outer loop
vertex 30.950021743774414 -29.949949264526367 0
vertex 26.05002212524414 -29.949949264526367 0
vertex 21.500022888183594 -25.04994773864746 0
endloop
endfacet
facet normal 0 0 -1
outer loop
vertex 30.950021743774414 -29.949949264526367 0
vertex 21.500022888183594 -25.04994773864746 0
vertex 26.05002212524414 -25.04994773864746 0
endloop
endfacet
facet normal 0 0 -1
outer loop
vertex 26.05002212524414 -25.04994773864746 0
vertex 30.950021743774414 -25.04994773864746 0
vertex 30.950021743774414 -29.949949264526367 0
endloop
endfacet
facet normal 0 0 -1
outer loop
vertex 30.950021743774414 -25.04994773864746 0
vertex 35.500022888183594 -25.04994773864746 0
vertex 30.950021743774414 -29.949949264526367 0
endloop
endfacet
facet normal 0 0 -1
outer loop
vertex 35.500022888183594 -29.249948501586914 0
vertex 30.950021743774414 -29.949949264526367 0
vertex 35.500022888183594 -25.749948501586914 0
endloop
endfacet
facet normal 0 0 -1
outer loop
vertex 35.500022888183594 -25.749948501586914 0
vertex 30.950021743774414 -29.949949264526367 0
vertex 35.500022888183594 -25.04994773864746 0
endloop
endfacet
facet normal 0 0 -1
outer loop
vertex 30.950021743774414 -25.04994773864746 0
vertex 26.05002212524414 -25.04994773864746 0
vertex 26.05002212524414 -10.94994831085205 0
endloop
endfacet
facet normal 0 0 -1
outer loop
vertex 30.950021743774414 -25.04994773864746 0
vertex 26.05002212524414 -10.94994831085205 0
vertex 30.950021743774414 -10.94994831085205 0
endloop
endfacet
facet normal -0.999998982269651 -0.001426695325351141 3.3290867650614956e-7
outer loop
vertex -52.484989166259766 -52.972164154052734 4.5
vertex -52.483882904052734 -53.74861526489258 0
vertex -52.484275817871094 -53.472164154052734 4.5
endloop
endfacet
facet normal 0 0 -1
outer loop
vertex -2.4999778270721436 -6.749948501586914 0
vertex 2.5000221729278564 -6.749948501586914 0
vertex -2.4999778270721436 -10.249948501586914 0
endloop
endfacet
facet normal 0 0 -1
outer loop
vertex -2.4999778270721436 -6.749948501586914 0
vertex -7.049977779388428 -10.94994831085205 0
vertex -2.4999778270721436 -6.049948692321777 0
endloop
endfacet
facet normal 0 0 -1
outer loop
vertex -7.049977779388428 -10.94994831085205 0
vertex -7.049977779388428 -6.049948692321777 0
vertex -2.4999778270721436 -6.049948692321777 0
endloop
endfacet
facet normal 0 0 -1
outer loop
vertex -7.049977779388428 -10.94994831085205 0
vertex -11.94997787475586 -6.049948692321777 0
vertex -7.049977779388428 -6.049948692321777 0
endloop
endfacet
facet normal 0 0 -1
outer loop
vertex 16.500022888183594 -10.249948501586914 0
vertex 21.500022888183594 -6.749948501586914 0
vertex 21.500022888183594 -10.249948501586914 0
endloop
endfacet
facet normal 0 0 -1
outer loop
vertex 21.500022888183594 -10.94994831085205 0
vertex 21.500022888183594 -10.249948501586914 0
vertex 26.05002212524414 -6.049948692321777 0
endloop
endfacet
facet normal 0 0 -1
outer loop
vertex 21.500022888183594 -10.94994831085205 0
vertex 26.05002212524414 -6.049948692321777 0
vertex 26.05002212524414 -10.94994831085205 0
endloop
endfacet
facet normal 0 0 -1
outer loop
vertex 21.500022888183594 -6.749948501586914 0
vertex 16.500022888183594 -10.249948501586914 0
vertex 16.500022888183594 -6.749948501586914 0
endloop
endfacet
facet normal 0 0 -1
outer loop
vertex 26.05002212524414 -6.049948692321777 0
vertex 21.500022888183594 -10.249948501586914 0
vertex 21.500022888183594 -6.749948501586914 0
endloop
endfacet
facet normal 0 0 -1
outer loop
vertex 26.05002212524414 -6.049948692321777 0
vertex 21.500022888183594 -6.749948501586914 0
vertex 21.500022888183594 -6.049948692321777 0
endloop
endfacet
facet normal 0 0 -1
outer loop
vertex 30.950021743774414 -10.94994831085205 0
vertex 26.05002212524414 -10.94994831085205 0
vertex 26.05002212524414 -6.049948692321777 0
endloop
endfacet
facet normal 0 0 -1
outer loop
vertex 30.950021743774414 -10.94994831085205 0
vertex 30.950021743774414 -6.049948692321777 0
vertex 35.500022888183594 -10.249948501586914 0
endloop
endfacet
facet normal 0 0 -1
outer loop
vertex 30.950021743774414 -10.94994831085205 0
vertex 35.500022888183594 -10.249948501586914 0
vertex 35.500022888183594 -10.94994831085205 0
endloop
endfacet
facet normal 0 0 -1
outer loop
vertex 30.950021743774414 -6.049948692321777 0
vertex 40.500022888183594 -10.249948501586914 0
vertex 35.500022888183594 -10.249948501586914 0
endloop
endfacet
facet normal 0 0 -1
outer loop
vertex 30.950021743774414 -10.94994831085205 0
vertex 26.05002212524414 -6.049948692321777 0
vertex 30.950021743774414 -6.049948692321777 0
endloop
endfacet
facet normal 0 0 -1
outer loop
vertex 30.950021743774414 -6.049948692321777 0
vertex 35.500022888183594 -6.049948692321777 0
vertex 35.500022888183594 -6.749948501586914 0
endloop
endfacet
facet normal 0 0 -1
outer loop
vertex -2.4999778270721436 -10.249948501586914 0
vertex -7.049977779388428 -10.94994831085205 0
vertex -2.4999778270721436 -6.749948501586914 0
endloop
endfacet
facet normal 0 0 -1
outer loop
vertex -7.049977779388428 -10.94994831085205 0
vertex -2.4999778270721436 -10.249948501586914 0
vertex -2.4999778270721436 -10.94994831085205 0
endloop
endfacet
facet normal 0 0 -1
outer loop
vertex -11.94997787475586 -6.049948692321777 0
vertex -11.94997787475586 -10.94994831085205 0
vertex -16.499977111816406 -6.749948501586914 0
endloop
endfacet
facet normal 0 0 -1
outer loop
vertex -16.499977111816406 -6.749948501586914 0
vertex -16.499977111816406 -6.049948692321777 0
vertex -11.94997787475586 -6.049948692321777 0
endloop
endfacet
facet normal 0 0 -1
outer loop
vertex -7.049977779388428 -10.94994831085205 0
vertex -11.94997787475586 -10.94994831085205 0
vertex -11.94997787475586 -6.049948692321777 0
endloop
endfacet
facet normal 0 0 -1
outer loop
vertex -11.94997787475586 -10.94994831085205 0
vertex -16.499977111816406 -10.249948501586914 0
vertex -16.499977111816406 -6.749948501586914 0
endloop
endfacet
facet normal 0 0 -1
outer loop
vertex -16.499977111816406 -10.94994831085205 0
vertex -16.499977111816406 -10.249948501586914 0
vertex -11.94997787475586 -10.94994831085205 0
endloop
endfacet
facet normal 0 0 -1
outer loop
vertex -7.049977779388428 -25.04994773864746 0
vertex -11.94997787475586 -10.94994831085205 0
vertex -7.049977779388428 -10.94994831085205 0
endloop
endfacet
facet normal 0 0 -1
outer loop
vertex -2.4999778270721436 -25.749948501586914 0
vertex -7.049977779388428 -25.04994773864746 0
vertex -2.4999778270721436 -25.04994773864746 0
endloop
endfacet
facet normal 0 0 -1
outer loop
vertex -2.4999778270721436 -25.749948501586914 0
vertex 2.5000221729278564 -25.749948501586914 0
vertex -2.4999778270721436 -29.249948501586914 0
endloop
endfacet
facet normal 0 0 -1
outer loop
vertex -7.049977779388428 -25.04994773864746 0
vertex -2.4999778270721436 -25.749948501586914 0
vertex -2.4999778270721436 -29.249948501586914 0
endloop
endfacet
facet normal 0 0 -1
outer loop
vertex -2.4999778270721436 -29.249948501586914 0
vertex -7.049977779388428 -29.949949264526367 0
vertex -7.049977779388428 -25.04994773864746 0
endloop
endfacet
facet normal 0 0 -1
outer loop
vertex -11.94997787475586 -25.04994773864746 0
vertex -7.049977779388428 -25.04994773864746 0
vertex -7.049977779388428 -29.949949264526367 0
endloop
endfacet
facet normal 0 0 -1
outer loop
vertex -11.94997787475586 -25.04994773864746 0
vertex -11.94997787475586 -10.94994831085205 0
vertex -7.049977779388428 -25.04994773864746 0
endloop
endfacet
facet normal 0 0 -1
outer loop
vertex -16.499977111816406 -25.749948501586914 0
vertex -11.94997787475586 -25.04994773864746 0
vertex -7.049977779388428 -29.949949264526367 0
endloop
endfacet
facet normal 0 0 -1
outer loop
vertex -16.499977111816406 -25.749948501586914 0
vertex -16.499977111816406 -25.04994773864746 0
vertex -11.94997787475586 -25.04994773864746 0
endloop
endfacet
facet normal 0 0 -1
outer loop
vertex -16.499977111816406 -25.749948501586914 0
vertex -7.049977779388428 -31.462177276611328 0
vertex -21.499977111816406 -25.749948501586914 0
endloop
endfacet
facet normal 0 0 -1
outer loop
vertex -7.049977779388428 -31.462177276611328 0
vertex -11.94997787475586 -29.949949264526367 0
vertex -30.94997787475586 -23.624313354492188 0
endloop
endfacet
facet normal 0 0 -1
outer loop
vertex -16.499977111816406 -10.249948501586914 0
vertex -21.499977111816406 -6.749948501586914 0
vertex -16.499977111816406 -6.749948501586914 0
endloop
endfacet
facet normal 0 0 -1
outer loop
vertex -21.499977111816406 -6.749948501586914 0
vertex -26.049978256225586 -6.049948692321777 0
vertex -21.499977111816406 -6.049948692321777 0
endloop
endfacet
facet normal 0 0 -1
outer loop
vertex -21.499977111816406 -6.749948501586914 0
vertex -21.499977111816406 -10.249948501586914 0
vertex -26.049978256225586 -6.049948692321777 0
endloop
endfacet
facet normal 0 0 -1
outer loop
vertex -21.499977111816406 -6.749948501586914 0
vertex -16.499977111816406 -10.249948501586914 0
vertex -21.499977111816406 -10.249948501586914 0
endloop
endfacet
facet normal 0 0 -1
outer loop
vertex -21.499977111816406 -10.249948501586914 0
vertex -26.049978256225586 -10.94994831085205 0
vertex -26.049978256225586 -6.049948692321777 0
endloop
endfacet
facet normal 0 0 -1
outer loop
vertex -26.049978256225586 -10.94994831085205 0
vertex -21.499977111816406 -10.249948501586914 0
vertex -21.499977111816406 -10.94994831085205 0
endloop
endfacet
facet normal 0 0 -1
outer loop
vertex -26.049978256225586 -10.94994831085205 0
vertex -30.94997787475586 -6.049948692321777 0
vertex -26.049978256225586 -6.049948692321777 0
endloop
endfacet
facet normal 0 0 -1
outer loop
vertex -26.049978256225586 -10.94994831085205 0
vertex -35.499977111816406 -6.049948692321777 0
vertex -30.94997787475586 -6.049948692321777 0
endloop
endfacet
facet normal 0 0 -1
outer loop
vertex -26.049978256225586 -10.94994831085205 0
vertex -35.499977111816406 -6.749948501586914 0
vertex -35.499977111816406 -6.049948692321777 0
endloop
endfacet
facet normal 0 0 -1
outer loop
vertex -26.049978256225586 -10.94994831085205 0
vertex -30.94997787475586 -10.94994831085205 0
vertex -35.499977111816406 -6.749948501586914 0
endloop
endfacet
facet normal 0 0 -1
outer loop
vertex -26.049978256225586 -10.94994831085205 0
vertex -30.94997787475586 -23.624313354492188 0
vertex -30.94997787475586 -10.94994831085205 0
endloop
endfacet
facet normal 0 0 -1
outer loop
vertex -30.94997787475586 -10.94994831085205 0
vertex -35.499977111816406 -10.249948501586914 0
vertex -35.499977111816406 -6.749948501586914 0
endloop
endfacet
facet normal 0 0 -1
outer loop
vertex -35.499977111816406 -10.94994831085205 0
vertex -35.499977111816406 -10.249948501586914 0
vertex -30.94997787475586 -10.94994831085205 0
endloop
endfacet
facet normal 0 0 -1
outer loop
vertex 54.721778869628906 -51.7198600769043 0
vertex 26.05002212524414 -44.049949645996094 0
vertex 30.950021743774414 -44.049949645996094 0
endloop
endfacet
facet normal 0 0 -1
outer loop
vertex 54.721778869628906 -51.7198600769043 0
vertex 30.950021743774414 -44.049949645996094 0
vertex 35.500022888183594 -44.74995040893555 0
endloop
endfacet
facet normal 0 0 -1
outer loop
vertex 54.721778869628906 -51.7198600769043 0
vertex 35.500022888183594 -44.74995040893555 0
vertex 40.500022888183594 -44.74995040893555 0
endloop
endfacet
facet normal 0 0 -1
outer loop
vertex 54.721778869628906 -51.7198600769043 0
vertex 40.500022888183594 -44.74995040893555 0
vertex 40.500022888183594 -44.049949645996094 0
endloop
endfacet
facet normal 0 0 -1
outer loop
vertex 54.721778869628906 -51.7198600769043 0
vertex 40.500022888183594 -44.049949645996094 0
vertex 45.05002212524414 -44.049949645996094 0
endloop
endfacet
facet normal 0 0 -1
outer loop
vertex 54.721778869628906 -51.7198600769043 0
vertex 45.05002212524414 -44.049949645996094 0
vertex 55.7161750793457 -51.511478424072266 0
endloop
endfacet
facet normal 0 0 -1
outer loop
vertex 49.95002365112305 -44.049949645996094 0
vertex 55.78746032714844 -51.50402069091797 0
vertex 45.05002212524414 -44.049949645996094 0
endloop
endfacet
facet normal 0 0 -1
outer loop
vertex 55.7161750793457 -51.511478424072266 0
vertex 45.05002212524414 -44.049949645996094 0
vertex 55.78746032714844 -51.50402069091797 0
endloop
endfacet
facet normal 0 0 -1
outer loop
vertex 55.78746032714844 -51.50402069091797 0
vertex 49.95002365112305 -44.049949645996094 0
vertex 54.500022888183594 -44.74995040893555 0
endloop
endfacet
facet normal 0 0 -1
outer loop
vertex 54.500022888183594 -44.74995040893555 0
vertex 49.95002365112305 -44.049949645996094 0
vertex 54.500022888183594 -44.049949645996094 0
endloop
endfacet
facet normal 0 0 -1
outer loop
vertex -7.049977779388428 -31.462177276611328 0
vertex -26.049978256225586 -25.04994773864746 0
vertex -21.499977111816406 -25.749948501586914 0
endloop
endfacet
facet normal 0 0 -1
outer loop
vertex -11.94997787475586 -29.949949264526367 0
vertex -16.499977111816406 -29.249948501586914 0
vertex -30.94997787475586 -23.624313354492188 0
endloop
endfacet
facet normal 0 0 -1
outer loop
vertex -7.049977779388428 -31.462177276611328 0
vertex -30.94997787475586 -23.624313354492188 0
vertex -26.049978256225586 -25.04994773864746 0
endloop
endfacet
facet normal 0 0 -1
outer loop
vertex -26.049978256225586 -25.04994773864746 0
vertex -21.499977111816406 -25.04994773864746 0
vertex -21.499977111816406 -25.749948501586914 0
endloop
endfacet
facet normal 0 0 -1
outer loop
vertex 40.500022888183594 -29.949949264526367 0
vertex 40.500022888183594 -29.249948501586914 0
vertex 45.05002212524414 -29.949949264526367 0
endloop
endfacet
facet normal 0 0 -1
outer loop
vertex 49.95002365112305 -44.049949645996094 0
vertex 45.05002212524414 -44.049949645996094 0
vertex 45.05002212524414 -29.949949264526367 0
endloop
endfacet
facet normal 0 0 -1
outer loop
vertex 49.95002365112305 -44.049949645996094 0
vertex 45.05002212524414 -29.949949264526367 0
vertex 49.95002365112305 -29.949949264526367 0
endloop
endfacet
facet normal 0 0 -1
outer loop
vertex 49.95002365112305 -29.949949264526367 0
vertex 54.500022888183594 -29.249948501586914 0
vertex 54.500022888183594 -29.949949264526367 0
endloop
endfacet
facet normal 0 0 -1
outer loop
vertex -16.499977111816406 -29.249948501586914 0
vertex -21.499977111816406 -29.249948501586914 0
vertex -30.94997787475586 -23.624313354492188 0
endloop
endfacet
facet normal 0 0 -1
outer loop
vertex -21.499977111816406 -29.249948501586914 0
vertex -26.049978256225586 -29.949949264526367 0
vertex -30.94997787475586 -23.624313354492188 0
endloop
endfacet
facet normal 0 0 -1
outer loop
vertex -30.94997787475586 -23.624313354492188 0
vertex -26.049978256225586 -10.94994831085205 0
vertex -26.049978256225586 -25.04994773864746 0
endloop
endfacet
facet normal 0 0 -1
outer loop
vertex -30.94997787475586 -25.04994773864746 0
vertex -30.94997787475586 -23.624313354492188 0
vertex -26.049978256225586 -29.949949264526367 0
endloop
endfacet
facet normal 0 0 -1
outer loop
vertex 54.500022888183594 -44.74995040893555 0
vertex 59.500022888183594 -44.74995040893555 0
vertex 55.78746032714844 -51.50402069091797 0
endloop
endfacet
facet normal 0 0 -1
outer loop
vertex 59.500022888183594 -44.74995040893555 0
vertex 66.88290405273438 -51.48223876953125 0
vertex 55.78746032714844 -51.50402069091797 0
endloop
endfacet
facet normal 0 0 -1
outer loop
vertex 59.500022888183594 -44.74995040893555 0
vertex 59.500022888183594 -44.049949645996094 0
vertex 64.05001831054688 -44.049949645996094 0
endloop
endfacet
facet normal 0 0 -1
outer loop
vertex 66.88290405273438 -51.48223876953125 0
vertex 59.500022888183594 -44.74995040893555 0
vertex 67.67424774169922 -51.35503387451172 0
endloop
endfacet
facet normal 0 0 -1
outer loop
vertex 67.67424774169922 -51.35503387451172 0
vertex 59.500022888183594 -44.74995040893555 0
vertex 64.05001831054688 -44.049949645996094 0
endloop
endfacet
facet normal 0 0 -1
outer loop
vertex 67.67424774169922 -51.35503387451172 0
vertex 64.05001831054688 -44.049949645996094 0
vertex 69.14608764648438 -50.73152542114258 0
endloop
endfacet
facet normal 0 0 -1
outer loop
vertex 69.14608764648438 -50.73152542114258 0
vertex 64.05001831054688 -44.049949645996094 0
vertex 70.33087921142578 -49.698768615722656 0
endloop
endfacet
facet normal 0 0 -1
outer loop
vertex 70.33087921142578 -49.698768615722656 0
vertex 64.05001831054688 -44.049949645996094 0
vertex 71.13572692871094 -48.34876251220703 0
endloop
endfacet
facet normal 0 0 -1
outer loop
vertex 71.13572692871094 -48.34876251220703 0
vertex 64.05001831054688 -44.049949645996094 0
vertex 70.18824768066406 -46.85995101928711 0
endloop
endfacet
facet normal 0 0 -1
outer loop
vertex 71.13572692871094 -48.34876251220703 0
vertex 70.18824768066406 -46.85995101928711 0
vertex 71.47076416015625 -46.860111236572266 0
endloop
endfacet
facet normal 0 0 1
outer loop
vertex 70.20001983642578 48.49039077758789 5
vertex -9.499978065490723 48.50004959106445 5
vertex 45.05002212524414 46.050052642822266 5
endloop
endfacet
facet normal 0.9755970254983825 -0.2195687679036081 0
outer loop
vertex 71.13572692871094 -48.34876251220703 0
vertex 71.47076416015625 -46.860111236572266 0
vertex 71.47076416015625 -46.860111236572266 0.20000000298023224
endloop
endfacet
facet normal 0 0 1
outer loop
vertex 26.05002212524414 46.050052642822266 5
vertex 26.05002212524414 31.95005226135254 5
vertex 30.950021743774414 46.050052642822266 5
endloop
endfacet
facet normal 0 0 1
outer loop
vertex 66.7824935913086 53.488277435302734 5
vertex -66.8835220336914 53.482234954833984 5
vertex 70.20001983642578 48.49039077758789 5
endloop
endfacet
facet normal 0 0 1
outer loop
vertex 30.950021743774414 46.050052642822266 5
vertex 45.05002212524414 46.050052642822266 5
vertex -9.499978065490723 48.50004959106445 5
endloop
endfacet
facet normal 0 0 -1
outer loop
vertex -26.049978256225586 -29.949949264526367 0
vertex -30.94997787475586 -29.949949264526367 0
vertex -30.94997787475586 -25.04994773864746 0
endloop
endfacet
facet normal 0 0 -1
outer loop
vertex -30.94997787475586 -25.04994773864746 0
vertex -35.499977111816406 -25.749948501586914 0
vertex -35.499977111816406 -25.04994773864746 0
endloop
endfacet
facet normal 0 0 -1
outer loop
vertex -30.94997787475586 -29.949949264526367 0
vertex -35.499977111816406 -25.749948501586914 0
vertex -30.94997787475586 -25.04994773864746 0
endloop
endfacet
facet normal 0 0 -1
outer loop
vertex -30.94997787475586 -29.949949264526367 0
vertex -35.499977111816406 -29.249948501586914 0
vertex -35.499977111816406 -25.749948501586914 0
endloop
endfacet
facet normal 0 0 -1
outer loop
vertex 59.500022888183594 -29.949949264526367 0
vertex 59.500022888183594 -29.249948501586914 0
vertex 64.05001831054688 -29.949949264526367 0
endloop
endfacet
facet normal 0 0 -1
outer loop
vertex 70.18824768066406 -46.85995101928711 0
vertex 64.05001831054688 -44.049949645996094 0
vertex 64.05001831054688 -29.949949264526367 0
endloop
endfacet
facet normal 0 0 -1
outer loop
vertex -45.04997634887695 -6.049948692321777 0
vertex -51.202606201171875 -17.04494857788086 0
vertex -51.203975677490234 1.9550504684448242 0
endloop
endfacet
facet normal 0 0 -1
outer loop
vertex -45.04997634887695 -10.94994831085205 0
vertex -45.04997634887695 -6.049948692321777 0
vertex -40.499977111816406 -10.249948501586914 0
endloop
endfacet
facet normal 0 0 1
outer loop
vertex 30.950021743774414 31.95005226135254 5
vertex 30.950021743774414 46.050052642822266 5
vertex 26.05002212524414 31.95005226135254 5
endloop
endfacet
facet normal 0 0 -1
outer loop
vertex 70.18824768066406 -46.85995101928711 0
vertex 64.05001831054688 -29.949949264526367 0
vertex 70.19059753417969 -27.859952926635742 0
endloop
endfacet
facet normal 0 0 1
outer loop
vertex 26.05002212524414 31.95005226135254 5
vertex 30.950021743774414 27.050050735473633 5
vertex 45.05002212524414 27.050050735473633 5
endloop
endfacet
facet normal 0 0 1
outer loop
vertex 26.05002212524414 31.95005226135254 5
vertex 26.05002212524414 27.050050735473633 5
vertex 30.950021743774414 27.050050735473633 5
endloop
endfacet
facet normal 0 0 1
outer loop
vertex 26.05002212524414 31.95005226135254 5
vertex 11.950021743774414 27.050050735473633 5
vertex 26.05002212524414 27.050050735473633 5
endloop
endfacet
facet normal 0 0 -1
outer loop
vertex -45.04997634887695 -10.94994831085205 0
vertex -40.499977111816406 -10.249948501586914 0
vertex -40.499977111816406 -10.94994831085205 0
endloop
endfacet
facet normal 0 0 -1
outer loop
vertex -40.499977111816406 -10.249948501586914 0
vertex -35.499977111816406 -6.749948501586914 0
vertex -35.499977111816406 -10.249948501586914 0
endloop
endfacet
facet normal 0 0 -1
outer loop
vertex -40.499977111816406 -10.249948501586914 0
vertex -45.04997634887695 -6.049948692321777 0
vertex -40.499977111816406 -6.749948501586914 0
endloop
endfacet
facet normal 0.40005858685106216 -0.916489567363825 0
outer loop
vertex 50.2027587890625 -56.40030288696289 0
vertex 51.169349670410156 -55.97837448120117 0
vertex 50.2027587890625 -56.40030288696289 5
endloop
endfacet
facet normal 0.694401259467568 -0.7195880007683947 0
outer loop
vertex 51.169349670410156 -55.97837448120117 0
vertex 51.913944244384766 -55.25984191894531 0
vertex 51.169349670410156 -55.97837448120117 5
endloop
endfacet
facet normal 0.9073424251473726 -0.4203923447539029 0
outer loop
vertex 51.913944244384766 -55.25984191894531 0
vertex 52.873817443847656 -53.18812561035156 0
vertex 51.913944244384766 -55.25984191894531 5
endloop
endfacet
facet normal 0.8313763319792088 -0.5557098115246809 0
outer loop
vertex 52.873817443847656 -53.18812561035156 0
vertex 52.93436050415039 -53.09754943847656 0
vertex 52.873817443847656 -53.18812561035156 5
endloop
endfacet
facet normal 0.735400523421804 -0.6776326956035524 0
outer loop
vertex 52.93436050415039 -53.09754943847656 0
vertex 53.63546371459961 -52.33667755126953 0
vertex 52.93436050415039 -53.09754943847656 5
endloop
endfacet
facet normal 0.622032833949367 -0.782991157988977 0
outer loop
vertex 53.63546371459961 -52.33667755126953 0
vertex 53.72054672241211 -52.26908493041992 0
vertex 53.63546371459961 -52.33667755126953 5
endloop
endfacet
facet normal 0.49376471374899183 -0.869595542454293 0
outer loop
vertex 53.72054672241211 -52.26908493041992 0
vertex 54.62013626098633 -51.7582893371582 0
vertex 53.72054672241211 -52.26908493041992 5
endloop
endfacet
facet normal 0 0 -1
outer loop
vertex -40.499977111816406 -6.749948501586914 0
vertex -45.04997634887695 -6.049948692321777 0
vertex -40.499977111816406 -6.049948692321777 0
endloop
endfacet
facet normal 0 0 1
outer loop
vertex -9.499978065490723 48.50004959106445 5
vertex 26.05002212524414 46.050052642822266 5
vertex 30.950021743774414 46.050052642822266 5
endloop
endfacet
facet normal 0 0 1
outer loop
vertex -9.499978065490723 48.50004959106445 5
vertex 11.950021743774414 46.050052642822266 5
vertex 26.05002212524414 46.050052642822266 5
endloop
endfacet
facet normal 0 0 1
outer loop
vertex -9.499978065490723 48.50004959106445 5
vertex 7.050022125244141 46.050052642822266 5
vertex 11.950021743774414 46.050052642822266 5
endloop
endfacet
facet normal 0 0 1
outer loop
vertex 7.050022125244141 46.050052642822266 5
vertex 7.050022125244141 31.95005226135254 5
vertex 11.950021743774414 46.050052642822266 5
endloop
endfacet
facet normal 0 0 -1
outer loop
vertex -35.499977111816406 -6.749948501586914 0
vertex -40.499977111816406 -10.249948501586914 0
vertex -40.499977111816406 -6.749948501586914 0
endloop
endfacet
facet normal 0.3536497363157008 -0.935377925762542 0
outer loop
vertex 54.62013626098633 -51.7582893371582 0
vertex 54.721778869628906 -51.7198600769043 0
vertex 54.62013626098633 -51.7582893371582 5
endloop
endfacet
facet normal 0.2051009724290962 -0.9787408191695283 0
outer loop
vertex 54.721778869628906 -51.7198600769043 0
vertex 55.7161750793457 -51.511478424072266 0
vertex 54.721778869628906 -51.7198600769043 5
endloop
endfacet
facet normal 0.10405031982645153 -0.9945720340649103 0
outer loop
vertex 55.7161750793457 -51.511478424072266 0
vertex 55.78746032714844 -51.50402069091797 0
vertex 55.7161750793457 -51.511478424072266 5
endloop
endfacet
facet normal 0.0019631372978521364 -0.9999980730441184 0
outer loop
vertex 55.78746032714844 -51.50402069091797 0
vertex 66.88290405273438 -51.48223876953125 0
vertex 55.78746032714844 -51.50402069091797 5
endloop
endfacet
facet normal 0.15870808699427422 -0.9873255507291492 0
outer loop
vertex 66.88290405273438 -51.48223876953125 0
vertex 67.67424774169922 -51.35503387451172 0
vertex 66.88290405273438 -51.48223876953125 5
endloop
endfacet
facet normal 0.39006813813704055 -0.9207859944690203 0
outer loop
vertex 67.67424774169922 -51.35503387451172 0
vertex 69.14608764648438 -50.73152542114258 0
vertex 67.67424774169922 -51.35503387451172 5
endloop
endfacet
facet normal 0.6570851660070307 -0.7538163467407117 0
outer loop
vertex 69.14608764648438 -50.73152542114258 0
vertex 70.33087921142578 -49.698768615722656 0
vertex 69.14608764648438 -50.73152542114258 5
endloop
endfacet
facet normal 0.8589367915264481 -0.5120816225586025 0
outer loop
vertex 70.33087921142578 -49.698768615722656 0
vertex 71.13572692871094 -48.34876251220703 0
vertex 70.33087921142578 -49.698768615722656 5
endloop
endfacet
facet normal 0.9999999985313365 0.000054197114827319124 0
outer loop
vertex 71.48822021484375 -46.360111236572266 0.20000000298023224
vertex 71.48824310302734 -46.78242492675781 4.5
vertex 71.48824310302734 -46.78242492675781 0.20000000298023224
endloop
endfacet
facet normal -0.00012532420729375557 -0.9999999921469216 0
outer loop
vertex 72.18830871582031 -46.360198974609375 0.20000000298023224
vertex 71.48822021484375 -46.360111236572266 4.5
vertex 71.48822021484375 -46.360111236572266 0.20000000298023224
endloop
endfacet
facet normal 0.9755970254983825 -0.2195687679036081 0
outer loop
vertex 71.13572692871094 -48.34876251220703 0
vertex 71.47076416015625 -46.860111236572266 0.20000000298023224
vertex 71.13572692871094 -48.34876251220703 5
endloop
endfacet
facet normal 0.9756110383201754 -0.21950649533921154 0.000020291031146807643
outer loop
vertex 71.13572692871094 -48.34876251220703 5
vertex 71.47076416015625 -46.860111236572266 0.20000000298023224
vertex 71.48824310302734 -46.78242492675781 0.20000000298023224
endloop
endfacet
facet normal -0.9999999973910438 -0.00007223511855622671 0
outer loop
vertex -53.202606201171875 -17.045093536376953 0.20000000298023224
vertex -53.20134735107422 -34.47221374511719 0.20000000298023224
vertex -53.202606201171875 -17.045093536376953 4.5
endloop
endfacet
facet normal 0 0 1
outer loop
vertex 11.950021743774414 31.95005226135254 5
vertex 11.950021743774414 46.050052642822266 5
vertex 7.050022125244141 31.95005226135254 5
endloop
endfacet
facet normal 0 0 1
outer loop
vertex 11.950021743774414 31.95005226135254 5
vertex 11.950021743774414 27.050050735473633 5
vertex 26.05002212524414 31.95005226135254 5
endloop
endfacet
facet normal 0.9999999923584968 -0.00012362445621150162 0
outer loop
vertex 72.18830871582031 -46.360198974609375 0.20000000298023224
vertex 72.19044494628906 -29.0802001953125 0.20000000298023224
vertex 72.18830871582031 -46.360198974609375 4.5
endloop
endfacet
facet normal 0 0 1
outer loop
vertex 7.050022125244141 31.95005226135254 5
vertex 11.950021743774414 27.050050735473633 5
vertex 11.950021743774414 31.95005226135254 5
endloop
endfacet
facet normal 0 0 1
outer loop
vertex 7.050022125244141 31.95005226135254 5
vertex -7.049977779388428 31.95005226135254 5
vertex 11.950021743774414 27.050050735473633 5
endloop
endfacet
facet normal 0 0 1
outer loop
vertex -7.049977779388428 31.95005226135254 5
vertex 7.050022125244141 27.050050735473633 5
vertex 11.950021743774414 27.050050735473633 5
endloop
endfacet
facet normal -0.999999997783013 -0.00006658809256963537 0
outer loop
vertex -53.2026252746582 -16.75865364074707 0.20000000298023224
vertex -53.202606201171875 -17.045093536376953 0.20000000298023224
vertex -53.202606201171875 -17.045093536376953 4.5
endloop
endfacet
facet normal 0 0 -1
outer loop
vertex 35.500022888183594 -29.249948501586914 0
vertex 35.500022888183594 -25.749948501586914 0
vertex 40.500022888183594 -25.749948501586914 0
endloop
endfacet
facet normal 0 0 -1
outer loop
vertex 40.500022888183594 -29.249948501586914 0
vertex 35.500022888183594 -29.249948501586914 0
vertex 40.500022888183594 -25.749948501586914 0
endloop
endfacet
facet normal 0 0 -1
outer loop
vertex 45.05002212524414 -29.949949264526367 0
vertex 40.500022888183594 -29.249948501586914 0
vertex 40.500022888183594 -25.749948501586914 0
endloop
endfacet
facet normal 0 0 -1
outer loop
vertex 45.05002212524414 -29.949949264526367 0
vertex 40.500022888183594 -25.749948501586914 0
vertex 40.500022888183594 -25.04994773864746 0
endloop
endfacet
facet normal 0 0 -1
outer loop
vertex 49.95002365112305 -29.949949264526367 0
vertex 45.05002212524414 -29.949949264526367 0
vertex 40.500022888183594 -25.04994773864746 0
endloop
endfacet
facet normal 0 0 -1
outer loop
vertex 49.95002365112305 -29.949949264526367 0
vertex 40.500022888183594 -25.04994773864746 0
vertex 45.05002212524414 -25.04994773864746 0
endloop
endfacet
facet normal 0 0 -1
outer loop
vertex 49.95002365112305 -29.949949264526367 0
vertex 45.05002212524414 -25.04994773864746 0
vertex 49.95002365112305 -25.04994773864746 0
endloop
endfacet
facet normal 0 0 -1
outer loop
vertex 54.500022888183594 -29.249948501586914 0
vertex 49.95002365112305 -29.949949264526367 0
vertex 49.95002365112305 -25.04994773864746 0
endloop
endfacet
facet normal 0 0 -1
outer loop
vertex 54.500022888183594 -29.249948501586914 0
vertex 49.95002365112305 -25.04994773864746 0
vertex 54.500022888183594 -25.749948501586914 0
endloop
endfacet
facet normal 0 0 -1
outer loop
vertex 54.500022888183594 -25.749948501586914 0
vertex 49.95002365112305 -25.04994773864746 0
vertex 54.500022888183594 -25.04994773864746 0
endloop
endfacet
facet normal 0 0 -1
outer loop
vertex 49.95002365112305 -25.04994773864746 0
vertex 45.05002212524414 -25.04994773864746 0
vertex 45.05002212524414 -10.94994831085205 0
endloop
endfacet
facet normal 0 0 -1
outer loop
vertex 49.95002365112305 -25.04994773864746 0
vertex 45.05002212524414 -10.94994831085205 0
vertex 49.95002365112305 -10.94994831085205 0
endloop
endfacet
facet normal -0.999999997249054 -0.000074174739588313 0
outer loop
vertex -53.202693939208984 -15.825094223022461 0.20000000298023224
vertex -53.202640533447266 -16.545093536376953 0.20000000298023224
vertex -53.202640533447266 -16.545093536376953 4.5
endloop
endfacet
facet normal -0.00007158237108286819 0.9999999974379821 0
outer loop
vertex -52.5364875793457 -16.75860595703125 0.20000000298023224
vertex -53.2026252746582 -16.75865364074707 0.20000000298023224
vertex -52.5364875793457 -16.75860595703125 4.5
endloop
endfacet
facet normal 0.00007161312850802496 -0.9999999974357799 0
outer loop
vertex -53.202640533447266 -16.545093536376953 4.5
vertex -53.202640533447266 -16.545093536376953 0.20000000298023224
vertex -52.53678894042969 -16.545045852661133 0.20000000298023224
endloop
endfacet
facet normal -0.9999990043574566 -0.0014111286601273423 0
outer loop
vertex -52.53678894042969 -16.545045852661133 0.20000000298023224
vertex -52.5364875793457 -16.75860595703125 0.20000000298023224
vertex -52.53678894042969 -16.545045852661133 4.5
endloop
endfacet
facet normal 0 0 -1
outer loop
vertex 40.500022888183594 -10.249948501586914 0
vertex 30.950021743774414 -6.049948692321777 0
vertex 45.05002212524414 -10.94994831085205 0
endloop
endfacet
facet normal 0 0 -1
outer loop
vertex 40.500022888183594 -10.94994831085205 0
vertex 40.500022888183594 -10.249948501586914 0
vertex 45.05002212524414 -10.94994831085205 0
endloop
endfacet
facet normal 0 0 -1
outer loop
vertex 45.05002212524414 -10.94994831085205 0
vertex 30.950021743774414 -6.049948692321777 0
vertex 35.500022888183594 -6.749948501586914 0
endloop
endfacet
facet normal 0 0 -1
outer loop
vertex 45.05002212524414 -10.94994831085205 0
vertex 35.500022888183594 -6.749948501586914 0
vertex 40.500022888183594 -6.749948501586914 0
endloop
endfacet
facet normal 0 0 -1
outer loop
vertex 40.500022888183594 -6.749948501586914 0
vertex 40.500022888183594 -6.049948692321777 0
vertex 45.05002212524414 -6.049948692321777 0
endloop
endfacet
facet normal 0 0 -1
outer loop
vertex 40.500022888183594 -6.749948501586914 0
vertex 45.05002212524414 -6.049948692321777 0
vertex 45.05002212524414 -10.94994831085205 0
endloop
endfacet
facet normal 0 0 -1
outer loop
vertex 49.95002365112305 -10.94994831085205 0
vertex 45.05002212524414 -10.94994831085205 0
vertex 45.05002212524414 -6.049948692321777 0
endloop
endfacet
facet normal 0 0 -1
outer loop
vertex 49.95002365112305 -6.049948692321777 0
vertex 54.500022888183594 -10.249948501586914 0
vertex 49.95002365112305 -10.94994831085205 0
endloop
endfacet
facet normal 0 0 -1
outer loop
vertex 49.95002365112305 -10.94994831085205 0
vertex 54.500022888183594 -10.249948501586914 0
vertex 54.500022888183594 -10.94994831085205 0
endloop
endfacet
facet normal 0 0 -1
outer loop
vertex 49.95002365112305 -10.94994831085205 0
vertex 45.05002212524414 -6.049948692321777 0
vertex 49.95002365112305 -6.049948692321777 0
endloop
endfacet
facet normal 0 0 -1
outer loop
vertex 54.500022888183594 -10.249948501586914 0
vertex 49.95002365112305 -6.049948692321777 0
vertex 54.500022888183594 -6.749948501586914 0
endloop
endfacet
facet normal 0 0 -1
outer loop
vertex 54.500022888183594 -6.749948501586914 0
vertex 49.95002365112305 -6.049948692321777 0
vertex 54.500022888183594 -6.049948692321777 0
endloop
endfacet
facet normal -0.9999999973944576 -0.00007218784599873442 0
outer loop
vertex -53.203941345214844 1.4549061059951782 0.20000000298023224
vertex -53.202693939208984 -15.825094223022461 0.20000000298023224
vertex -53.203941345214844 1.4549061059951782 4.5
endloop
endfacet
facet normal 0 0 -1
outer loop
vertex -11.356167793273926 -52.63885498046875 0
vertex -51.19997787475586 -53.472068786621094 0
vertex -28.072185516357422 -46.91569519042969 0
endloop
endfacet
facet normal 0 0 -1
outer loop
vertex -28.072185516357422 -46.91569519042969 0
vertex -51.19997787475586 -53.472068786621094 0
vertex -28.218175888061523 -46.818145751953125 0
endloop
endfacet
facet normal 0 0 -1
outer loop
vertex -28.218175888061523 -46.818145751953125 0
vertex -51.19997787475586 -53.472068786621094 0
vertex -28.315723419189453 -46.672157287597656 0
endloop
endfacet
facet normal 0 0 -1
outer loop
vertex -28.315723419189453 -46.672157287597656 0
vertex -51.19997787475586 -53.472068786621094 0
vertex -28.349977493286133 -46.49995040893555 0
endloop
endfacet
facet normal 0 0 -1
outer loop
vertex -28.349977493286133 -46.49995040893555 0
vertex -51.19997787475586 -53.472068786621094 0
vertex -28.349977493286133 -45.229949951171875 0
endloop
endfacet
facet normal 0 0 -1
outer loop
vertex -35.499977111816406 -44.74995040893555 0
vertex -35.499977111816406 -44.049949645996094 0
vertex -30.94997787475586 -44.049949645996094 0
endloop
endfacet
facet normal 0 0 -1
outer loop
vertex -28.349977493286133 -45.229949951171875 0
vertex -35.499977111816406 -44.74995040893555 0
vertex -30.94997787475586 -44.049949645996094 0
endloop
endfacet
facet normal 0 0 -1
outer loop
vertex 59.500022888183594 -29.249948501586914 0
vertex 54.500022888183594 -29.249948501586914 0
vertex 54.500022888183594 -25.749948501586914 0
endloop
endfacet
facet normal 0 0 -1
outer loop
vertex 59.500022888183594 -29.249948501586914 0
vertex 54.500022888183594 -25.749948501586914 0
vertex 59.500022888183594 -25.749948501586914 0
endloop
endfacet
facet normal 0 0 -1
outer loop
vertex 64.05001831054688 -29.949949264526367 0
vertex 59.500022888183594 -29.249948501586914 0
vertex 59.500022888183594 -25.749948501586914 0
endloop
endfacet
facet normal 0 0 -1
outer loop
vertex 64.05001831054688 -29.949949264526367 0
vertex 59.500022888183594 -25.749948501586914 0
vertex 64.05001831054688 -25.04994773864746 0
endloop
endfacet
facet normal 0 0 -1
outer loop
vertex 64.05001831054688 -25.04994773864746 0
vertex 59.500022888183594 -25.749948501586914 0
vertex 59.500022888183594 -25.04994773864746 0
endloop
endfacet
facet normal 0 0 -1
outer loop
vertex 70.19059753417969 -27.859952926635742 0
vertex 64.05001831054688 -29.949949264526367 0
vertex 64.05001831054688 -25.04994773864746 0
endloop
endfacet
facet normal 0 0 -1
outer loop
vertex -28.349977493286133 -46.49995040893555 0
vertex -28.349977493286133 -45.229949951171875 0
vertex -28.315723419189453 -46.32773971557617 0
endloop
endfacet
facet normal 0 0 -1
outer loop
vertex -28.315723419189453 -46.32773971557617 0
vertex -28.315723419189453 -45.402156829833984 0
vertex -28.218175888061523 -46.1817512512207 0
endloop
endfacet
facet normal 0 0 -1
outer loop
vertex 71.48705291748047 -27.8601131439209 0
vertex 70.19059753417969 -27.859952926635742 0
vertex 71.48664093017578 -21.409997940063477 0
endloop
endfacet
facet normal 0.9999999979601288 0.00006387285975926668 0
outer loop
vertex 71.48705291748047 -27.8601131439209 0.20000000298023224
vertex 71.48705291748047 -27.8601131439209 0
vertex 71.48664093017578 -21.409997940063477 0
endloop
endfacet
facet normal 0 0 -1
outer loop
vertex -28.315723419189453 -45.402156829833984 0
vertex -28.315723419189453 -46.32773971557617 0
vertex -28.349977493286133 -45.229949951171875 0
endloop
endfacet
facet normal 0 0 -1
outer loop
vertex -28.218175888061523 -46.1817512512207 0
vertex -28.315723419189453 -45.402156829833984 0
vertex -28.218175888061523 -45.54814529418945 0
endloop
endfacet
facet normal 0 0 -1
outer loop
vertex -28.349977493286133 -45.229949951171875 0
vertex -30.94997787475586 -44.049949645996094 0
vertex -28.315723419189453 -45.0577392578125 0
endloop
endfacet
facet normal 0 0 -1
outer loop
vertex 71.48664093017578 -21.409997940063477 0
vertex 70.19059753417969 -27.859952926635742 0
vertex 70.19139099121094 -21.40983772277832 0
endloop
endfacet
facet normal 0.9999999979601288 0.00006387285975926668 0
outer loop
vertex 71.48705291748047 -27.8601131439209 0.20000000298023224
vertex 71.48664093017578 -21.409997940063477 0
vertex 71.48664093017578 -21.409997940063477 0.20000000298023224
endloop
endfacet
facet normal 0 0 -1
outer loop
vertex 70.19059753417969 -27.859952926635742 0
vertex 64.05001831054688 -25.04994773864746 0
vertex 64.05001831054688 -10.94994831085205 0
endloop
endfacet
facet normal 0 0 -1
outer loop
vertex 70.19139099121094 -21.40983772277832 0
vertex 70.19059753417969 -27.859952926635742 0
vertex 64.05001831054688 -10.94994831085205 0
endloop
endfacet
facet normal 0 0 -1
outer loop
vertex -28.315723419189453 -45.0577392578125 0
vertex -30.94997787475586 -44.049949645996094 0
vertex -28.218175888061523 -44.91175079345703 0
endloop
endfacet
facet normal 0 0 -1
outer loop
vertex -28.218175888061523 -46.1817512512207 0
vertex -28.072185516357422 -45.645694732666016 0
vertex -28.072185516357422 -46.08420181274414 0
endloop
endfacet
facet normal 0 0 -1
outer loop
vertex -28.072185516357422 -45.645694732666016 0
vertex -28.218175888061523 -46.1817512512207 0
vertex -28.218175888061523 -45.54814529418945 0
endloop
endfacet
facet normal 0 0 -1
outer loop
vertex -28.072185516357422 -46.08420181274414 0
vertex -28.072185516357422 -45.645694732666016 0
vertex -27.899978637695312 -46.049949645996094 0
endloop
endfacet
facet normal 0 0 -1
outer loop
vertex -27.899978637695312 -46.049949645996094 0
vertex -28.072185516357422 -45.645694732666016 0
vertex -27.899978637695312 -45.67994689941406 0
endloop
endfacet
facet normal 0 0 -1
outer loop
vertex -27.58177947998047 -46.1817512512207 0
vertex -27.72776985168457 -46.08420181274414 0
vertex -27.72776985168457 -45.645694732666016 0
endloop
endfacet
facet normal 0 0 -1
outer loop
vertex -27.899978637695312 -46.049949645996094 0
vertex -27.899978637695312 -45.67994689941406 0
vertex -27.72776985168457 -46.08420181274414 0
endloop
endfacet
facet normal 0.0008297841119783088 -0.9999996557291045 0
outer loop
vertex -49.7498893737793 -56.48324203491211 0
vertex 50.2027587890625 -56.40030288696289 0
vertex -49.7498893737793 -56.48324203491211 5
endloop
endfacet
facet normal 0 0 -1
outer loop
vertex 54.500022888183594 -10.249948501586914 0
vertex 54.500022888183594 -6.749948501586914 0
vertex 59.500022888183594 -10.249948501586914 0
endloop
endfacet
facet normal 0 0 -1
outer loop
vertex 59.500022888183594 -10.94994831085205 0
vertex 59.500022888183594 -10.249948501586914 0
vertex 64.05001831054688 -10.94994831085205 0
endloop
endfacet
facet normal 0 0 -1
outer loop
vertex 64.05001831054688 -10.94994831085205 0
vertex 59.500022888183594 -10.249948501586914 0
vertex 59.500022888183594 -6.749948501586914 0
endloop
endfacet
facet normal 0 0 -1
outer loop
vertex 59.500022888183594 -6.749948501586914 0
vertex 59.500022888183594 -10.249948501586914 0
vertex 54.500022888183594 -6.749948501586914 0
endloop
endfacet
facet normal 0 0 -1
outer loop
vertex 64.05001831054688 -10.94994831085205 0
vertex 59.500022888183594 -6.749948501586914 0
vertex 64.05001831054688 -6.049948692321777 0
endloop
endfacet
facet normal 0 0 -1
outer loop
vertex 64.05001831054688 -6.049948692321777 0
vertex 59.500022888183594 -6.749948501586914 0
vertex 59.500022888183594 -6.049948692321777 0
endloop
endfacet
facet normal 0 0 -1
outer loop
vertex 70.19139099121094 -21.40983772277832 0
vertex 64.05001831054688 -10.94994831085205 0
vertex 64.05001831054688 -6.049948692321777 0
endloop
endfacet
facet normal 0 0 -1
outer loop
vertex -27.72776985168457 -45.645694732666016 0
vertex -27.72776985168457 -46.08420181274414 0
vertex -27.899978637695312 -45.67994689941406 0
endloop
endfacet
facet normal 0 0 -1
outer loop
vertex -27.58177947998047 -46.1817512512207 0
vertex -27.58177947998047 -45.54814529418945 0
vertex -27.48423194885254 -46.32773971557617 0
endloop
endfacet
facet normal 0 0 -1
outer loop
vertex 70.19139099121094 -21.40983772277832 0
vertex 64.05001831054688 -6.049948692321777 0
vertex 70.19374084472656 -2.4098381996154785 0
endloop
endfacet
facet normal 0 0 -1
outer loop
vertex -27.58177947998047 -45.54814529418945 0
vertex -27.58177947998047 -46.1817512512207 0
vertex -27.72776985168457 -45.645694732666016 0
endloop
endfacet
facet normal 0 0 1
outer loop
vertex 26.05002212524414 27.050050735473633 5
vertex 26.05002212524414 12.950051307678223 5
vertex 30.950021743774414 27.050050735473633 5
endloop
endfacet
facet normal 0 0 1
outer loop
vertex 30.950021743774414 12.950051307678223 5
vertex 30.950021743774414 27.050050735473633 5
vertex 26.05002212524414 12.950051307678223 5
endloop
endfacet
facet normal 0 0 -1
outer loop
vertex -27.48423194885254 -46.32773971557617 0
vertex -27.58177947998047 -45.54814529418945 0
vertex -27.48423194885254 -45.402156829833984 0
endloop
endfacet
facet normal 0 0 -1
outer loop
vertex -28.218175888061523 -44.91175079345703 0
vertex -28.218175888061523 -44.27814483642578 0
vertex -28.072185516357422 -44.81420135498047 0
endloop
endfacet
facet normal 0 0 1
outer loop
vertex 30.950021743774414 12.950051307678223 5
vertex 30.950021743774414 8.05005168914795 5
vertex 45.05002212524414 8.05005168914795 5
endloop
endfacet
facet normal 0 0 1
outer loop
vertex 26.05002212524414 12.950051307678223 5
vertex 30.950021743774414 8.05005168914795 5
vertex 30.950021743774414 12.950051307678223 5
endloop
endfacet
facet normal 0 0 -1
outer loop
vertex -7.049977779388428 -29.949949264526367 0
vertex -2.4999778270721436 -29.249948501586914 0
vertex -2.4999778270721436 -29.949949264526367 0
endloop
endfacet
facet normal 0 0 -1
outer loop
vertex -7.049977779388428 -31.462177276611328 0
vertex -8.48452377319336 -36.16773986816406 0
vertex -8.582072257995605 -36.021751403808594 0
endloop
endfacet
facet normal 0 0 -1
outer loop
vertex -8.582072257995605 -36.021751403808594 0
vertex -8.728062629699707 -35.92420196533203 0
vertex -7.049977779388428 -31.462177276611328 0
endloop
endfacet
facet normal 0 0 -1
outer loop
vertex -8.728062629699707 -35.92420196533203 0
vertex -8.900269508361816 -35.889949798583984 0
vertex -7.049977779388428 -31.462177276611328 0
endloop
endfacet
facet normal 0 0 -1
outer loop
vertex -8.900269508361816 -35.889949798583984 0
vertex -9.072477340698242 -35.92420196533203 0
vertex -7.049977779388428 -31.462177276611328 0
endloop
endfacet
facet normal 0 0 -1
outer loop
vertex -8.45026969909668 -36.33994674682617 0
vertex -8.48452377319336 -36.16773986816406 0
vertex -7.049977779388428 -31.462177276611328 0
endloop
endfacet
facet normal 0 0 -1
outer loop
vertex -7.049977779388428 -31.462177276611328 0
vertex -8.45026969909668 -37.609947204589844 0
vertex -8.45026969909668 -36.33994674682617 0
endloop
endfacet
facet normal 0 0 -1
outer loop
vertex -7.049977779388428 -31.462177276611328 0
vertex -8.48452377319336 -37.78215789794922 0
vertex -8.45026969909668 -37.609947204589844 0
endloop
endfacet
facet normal 0 0 -1
outer loop
vertex -7.049977779388428 -31.462177276611328 0
vertex -8.582072257995605 -38.56175231933594 0
vertex -8.48452377319336 -37.78215789794922 0
endloop
endfacet
facet normal 0 0 -1
outer loop
vertex -7.049977779388428 -31.462177276611328 0
vertex -8.48452377319336 -38.707740783691406 0
vertex -8.582072257995605 -38.56175231933594 0
endloop
endfacet
facet normal 0 0 -1
outer loop
vertex -7.049977779388428 -31.462177276611328 0
vertex -8.45026969909668 -38.879947662353516 0
vertex -8.48452377319336 -38.707740783691406 0
endloop
endfacet
facet normal 0 0 -1
outer loop
vertex -8.48452377319336 -36.51215744018555 0
vertex -8.45026969909668 -36.33994674682617 0
vertex -8.45026969909668 -37.609947204589844 0
endloop
endfacet
facet normal 0 0 -1
outer loop
vertex -8.48452377319336 -36.51215744018555 0
vertex -8.48452377319336 -37.437740325927734 0
vertex -8.582072257995605 -36.658145904541016 0
endloop
endfacet
facet normal 0 0 -1
outer loop
vertex -8.582072257995605 -36.658145904541016 0
vertex -8.582072257995605 -37.291751861572266 0
vertex -8.728062629699707 -36.75569534301758 0
endloop
endfacet
facet normal 0 0 -1
outer loop
vertex -8.48452377319336 -37.437740325927734 0
vertex -8.582072257995605 -37.291751861572266 0
vertex -8.582072257995605 -36.658145904541016 0
endloop
endfacet
facet normal 0 0 -1
outer loop
vertex -8.728062629699707 -37.1942024230957 0
vertex -8.728062629699707 -36.75569534301758 0
vertex -8.582072257995605 -37.291751861572266 0
endloop
endfacet
facet normal 0.9999999919156302 -0.00012715635890929049 0
outer loop
vertex 72.19044494628906 -29.0802001953125 0.20000000298023224
vertex 72.19053649902344 -28.360198974609375 0.20000000298023224
vertex 72.19053649902344 -28.360198974609375 4.5
endloop
endfacet
facet normal 0.00012201338260424422 0.9999999925563672 0
outer loop
vertex 72.19053649902344 -28.360198974609375 0.20000000298023224
vertex 71.4870834350586 -28.3601131439209 0.20000000298023224
vertex 72.19053649902344 -28.360198974609375 4.5
endloop
endfacet
facet normal 0.9999999981373547 0.000061035156136313156 0
outer loop
vertex 71.4870834350586 -28.3601131439209 0.20000000298023224
vertex 71.48705291748047 -27.8601131439209 0.20000000298023224
vertex 71.48705291748047 -27.8601131439209 4.5
endloop
endfacet
facet normal 0.9999999979601288 0.00006387285975926668 0
outer loop
vertex 71.48705291748047 -27.8601131439209 4.5
vertex 71.48705291748047 -27.8601131439209 0.20000000298023224
vertex 71.48664093017578 -21.409997940063477 0.20000000298023224
endloop
endfacet
facet normal 0.9999999981282953 0.00006103515613576021 -0.000004256631480927588
outer loop
vertex 71.48705291748047 -27.8601131439209 4.5
vertex 71.48664093017578 -21.409997940063477 0.20000000298023224
vertex 71.48661041259766 -20.909997940063477 0.20000000298023224
endloop
endfacet
facet normal 0 0 -1
outer loop
vertex -8.728062629699707 -37.1942024230957 0
vertex -8.900269508361816 -36.789947509765625 0
vertex -8.728062629699707 -36.75569534301758 0
endloop
endfacet
facet normal -0.00012447908113766856 -0.9999999922524793 0
outer loop
vertex 72.19145202636719 -20.910085678100586 0.20000000298023224
vertex 71.48661041259766 -20.909997940063477 4.5
vertex 71.48661041259766 -20.909997940063477 0.20000000298023224
endloop
endfacet
facet normal 0 0 -1
outer loop
vertex -8.900269508361816 -37.159950256347656 0
vertex -9.072477340698242 -36.75569534301758 0
vertex -8.900269508361816 -36.789947509765625 0
endloop
endfacet
facet normal 0 0 -1
outer loop
vertex -8.900269508361816 -37.159950256347656 0
vertex -8.900269508361816 -36.789947509765625 0
vertex -8.728062629699707 -37.1942024230957 0
endloop
endfacet
facet normal 0 0 -1
outer loop
vertex -9.072477340698242 -37.1942024230957 0
vertex -9.072477340698242 -36.75569534301758 0
vertex -8.900269508361816 -37.159950256347656 0
endloop
endfacet
facet normal 0.9999999923584986 -0.00012362444256596203 0
outer loop
vertex 72.19145202636719 -20.910085678100586 0.20000000298023224
vertex 72.19358825683594 -3.630084991455078 0.20000000298023224
vertex 72.19145202636719 -20.910085678100586 4.5
endloop
endfacet
facet normal 0.9999999981373547 0.000061035156136313156 0
outer loop
vertex 71.4854736328125 -2.9099974632263184 0.20000000298023224
vertex 71.48544311523438 -2.4099974632263184 0.20000000298023224
vertex 71.48544311523438 -2.4099974632263184 4.5
endloop
endfacet
facet normal 0.9999999919156033 -0.00012715656944010104 0
outer loop
vertex 72.19367980957031 -2.9100849628448486 0.20000000298023224
vertex 72.19367980957031 -2.9100849628448486 4.5
vertex 72.19358825683594 -3.630084991455078 0.20000000298023224
endloop
endfacet
facet normal 0.00012355105156384587 0.9999999923675689 0
outer loop
vertex 72.19367980957031 -2.9100849628448486 0.20000000298023224
vertex 71.4854736328125 -2.9099974632263184 0.20000000298023224
vertex 72.19367980957031 -2.9100849628448486 4.5
endloop
endfacet
facet normal 0 0 -1
outer loop
vertex -8.48452377319336 -37.437740325927734 0
vertex -8.48452377319336 -36.51215744018555 0
vertex -8.45026969909668 -37.609947204589844 0
endloop
endfacet
facet normal 0 0 -1
outer loop
vertex -7.049977779388428 -44.049949645996094 0
vertex -8.45026969909668 -38.879947662353516 0
vertex -7.049977779388428 -31.462177276611328 0
endloop
endfacet
facet normal 0 0 -1
outer loop
vertex -8.582072257995605 -38.56175231933594 0
vertex -8.582072257995605 -37.92814636230469 0
vertex -8.48452377319336 -37.78215789794922 0
endloop
endfacet
facet normal 0 0 -1
outer loop
vertex -8.582072257995605 -38.56175231933594 0
vertex -8.728062629699707 -38.02569580078125 0
vertex -8.582072257995605 -37.92814636230469 0
endloop
endfacet
facet normal 0 0 -1
outer loop
vertex -8.728062629699707 -38.464202880859375 0
vertex -8.728062629699707 -38.02569580078125 0
vertex -8.582072257995605 -38.56175231933594 0
endloop
endfacet
facet normal 0 0 -1
outer loop
vertex -8.728062629699707 -38.464202880859375 0
vertex -8.900269508361816 -38.42994689941406 0
vertex -8.728062629699707 -38.02569580078125 0
endloop
endfacet
facet normal 0 0 -1
outer loop
vertex -9.072477340698242 -38.464202880859375 0
vertex -8.728062629699707 -38.02569580078125 0
vertex -8.900269508361816 -38.42994689941406 0
endloop
endfacet
facet normal 0 0 -1
outer loop
vertex -9.072477340698242 -38.464202880859375 0
vertex -9.218467712402344 -38.56175231933594 0
vertex -8.728062629699707 -38.02569580078125 0
endloop
endfacet
facet normal 0 0 -1
outer loop
vertex -8.48452377319336 -39.052154541015625 0
vertex -8.48452377319336 -39.97774124145508 0
vertex -8.582072257995605 -39.19814682006836 0
endloop
endfacet
facet normal 0.0008297841119783088 -0.9999996557291045 0
outer loop
vertex -49.7498893737793 -56.48324203491211 5
vertex 50.2027587890625 -56.40030288696289 0
vertex 50.2027587890625 -56.40030288696289 5
endloop
endfacet
facet normal 0 0 -1
outer loop
vertex -8.582072257995605 -39.19814682006836 0
vertex -8.582072257995605 -39.831748962402344 0
vertex -8.728062629699707 -39.29569625854492 0
endloop
endfacet
facet normal 0 0 -1
outer loop
vertex -8.48452377319336 -39.97774124145508 0
vertex -8.582072257995605 -39.831748962402344 0
vertex -8.582072257995605 -39.19814682006836 0
endloop
endfacet
facet normal 0 0 -1
outer loop
vertex -8.45026969909668 -40.14994812011719 0
vertex -8.48452377319336 -39.97774124145508 0
vertex -8.48452377319336 -39.052154541015625 0
endloop
endfacet
facet normal 0 0 -1
outer loop
vertex -8.728062629699707 -39.73420333862305 0
vertex -8.728062629699707 -39.29569625854492 0
vertex -8.582072257995605 -39.831748962402344 0
endloop
endfacet
facet normal 0 0 -1
outer loop
vertex -8.728062629699707 -39.73420333862305 0
vertex -8.900269508361816 -39.32994842529297 0
vertex -8.728062629699707 -39.29569625854492 0
endloop
endfacet
facet normal 0 0 -1
outer loop
vertex -8.728062629699707 -39.73420333862305 0
vertex -8.900269508361816 -39.699947357177734 0
vertex -8.900269508361816 -39.32994842529297 0
endloop
endfacet
facet normal 0 0 -1
outer loop
vertex -9.072477340698242 -39.73420333862305 0
vertex -8.900269508361816 -39.32994842529297 0
vertex -8.900269508361816 -39.699947357177734 0
endloop
endfacet
facet normal 0 0 -1
outer loop
vertex -7.049977779388428 -44.049949645996094 0
vertex -8.48452377319336 -39.052154541015625 0
vertex -8.45026969909668 -38.879947662353516 0
endloop
endfacet
facet normal 0 0 -1
outer loop
vertex -8.582072257995605 -40.46814727783203 0
vertex -8.582072257995605 -41.101749420166016 0
vertex -8.728062629699707 -40.56569290161133 0
endloop
endfacet
facet normal 0 0 -1
outer loop
vertex -8.582072257995605 -40.46814727783203 0
vertex -8.48452377319336 -41.24774169921875 0
vertex -8.582072257995605 -41.101749420166016 0
endloop
endfacet
facet normal 0 0 -1
outer loop
vertex -8.582072257995605 -41.101749420166016 0
vertex -8.728062629699707 -41.00420379638672 0
vertex -8.728062629699707 -40.56569290161133 0
endloop
endfacet
facet normal 0 0 -1
outer loop
vertex -8.728062629699707 -41.00420379638672 0
vertex -8.900269508361816 -40.59994888305664 0
vertex -8.728062629699707 -40.56569290161133 0
endloop
endfacet
facet normal 0 0 -1
outer loop
vertex -8.900269508361816 -40.969947814941406 0
vertex -9.072477340698242 -40.56569290161133 0
vertex -8.900269508361816 -40.59994888305664 0
endloop
endfacet
facet normal 0 0 -1
outer loop
vertex -8.900269508361816 -40.969947814941406 0
vertex -8.900269508361816 -40.59994888305664 0
vertex -8.728062629699707 -41.00420379638672 0
endloop
endfacet
facet normal 0 0 -1
outer loop
vertex -9.072477340698242 -41.00420379638672 0
vertex -9.072477340698242 -40.56569290161133 0
vertex -8.900269508361816 -40.969947814941406 0
endloop
endfacet
facet normal 0 0 -1
outer loop
vertex -7.049977779388428 -44.049949645996094 0
vertex -8.45026969909668 -40.14994812011719 0
vertex -8.48452377319336 -39.052154541015625 0
endloop
endfacet
facet normal 0 0 1
outer loop
vertex -10.399977684020996 -53.14994812011719 5
vertex 54.721778869628906 -51.7198600769043 5
vertex -10.175623893737793 -53.12785339355469 5
endloop
endfacet
facet normal -0.9999999867918127 -0.00016253114965735389 0
outer loop
vertex -71.48819732666016 48.78255844116211 0.20000000298023224
vertex -71.48812866210938 48.36008834838867 0.20000000298023224
vertex -71.48819732666016 48.78255844116211 4.5
endloop
endfacet
facet normal 0 0 1
outer loop
vertex 54.721778869628906 -51.7198600769043 5
vertex -9.761072158813477 -52.956138610839844 5
vertex -9.959892272949219 -53.062408447265625 5
endloop
endfacet
facet normal 0 0 1
outer loop
vertex -9.58680534362793 -52.8131217956543 5
vertex -9.761072158813477 -52.956138610839844 5
vertex 54.721778869628906 -51.7198600769043 5
endloop
endfacet
facet normal 0 0 1
outer loop
vertex 54.721778869628906 -51.7198600769043 5
vertex -9.443787574768066 -52.63885498046875 5
vertex -9.58680534362793 -52.8131217956543 5
endloop
endfacet
facet normal 0 0 1
outer loop
vertex -49.7498893737793 -56.48324203491211 5
vertex 50.2027587890625 -56.40030288696289 5
vertex 51.169349670410156 -55.97837448120117 5
endloop
endfacet
facet normal 0 0 1
outer loop
vertex -49.7498893737793 -56.48324203491211 5
vertex 51.169349670410156 -55.97837448120117 5
vertex 51.913944244384766 -55.25984191894531 5
endloop
endfacet
facet normal 0 0 1
outer loop
vertex -9.443787574768066 -52.63885498046875 5
vertex 54.721778869628906 -51.7198600769043 5
vertex 7.050022125244141 -44.049949645996094 5
endloop
endfacet
facet normal 0 0 -1
outer loop
vertex -7.049977779388428 -44.049949645996094 0
vertex -8.48452377319336 -40.3221549987793 0
vertex -8.45026969909668 -40.14994812011719 0
endloop
endfacet
facet normal 0 0 -1
outer loop
vertex -7.049977779388428 -44.049949645996094 0
vertex -8.582072257995605 -40.46814727783203 0
vertex -8.48452377319336 -40.3221549987793 0
endloop
endfacet
facet normal 0 0 1
outer loop
vertex 7.050022125244141 -29.949949264526367 5
vertex 7.050022125244141 -44.049949645996094 5
vertex 11.950021743774414 -29.949949264526367 5
endloop
endfacet
facet normal 0 0 1
outer loop
vertex 11.950021743774414 -29.949949264526367 5
vertex 7.050022125244141 -44.049949645996094 5
vertex 11.950021743774414 -44.049949645996094 5
endloop
endfacet
facet normal 0 0 -1
outer loop
vertex -7.049977779388428 -44.049949645996094 0
vertex -8.48452377319336 -41.24774169921875 0
vertex -8.582072257995605 -40.46814727783203 0
endloop
endfacet
facet normal 0 0 1
outer loop
vertex -49.7498893737793 -56.48324203491211 5
vertex 51.913944244384766 -55.25984191894531 5
vertex 52.873817443847656 -53.18812561035156 5
endloop
endfacet
facet normal 0 0 1
outer loop
vertex -49.7498893737793 -56.48324203491211 5
vertex 52.873817443847656 -53.18812561035156 5
vertex 52.93436050415039 -53.09754943847656 5
endloop
endfacet
facet normal 0 0 1
outer loop
vertex -49.7498893737793 -56.48324203491211 5
vertex 52.93436050415039 -53.09754943847656 5
vertex 53.63546371459961 -52.33667755126953 5
endloop
endfacet
facet normal 0 0 1
outer loop
vertex -49.7498893737793 -56.48324203491211 5
vertex 53.63546371459961 -52.33667755126953 5
vertex 53.72054672241211 -52.26908493041992 5
endloop
endfacet
facet normal 0 0 1
outer loop
vertex -49.7498893737793 -56.48324203491211 5
vertex 53.72054672241211 -52.26908493041992 5
vertex 54.62013626098633 -51.7582893371582 5
endloop
endfacet
facet normal 0 0 1
outer loop
vertex 54.721778869628906 -51.7198600769043 5
vertex -49.7498893737793 -56.48324203491211 5
vertex 54.62013626098633 -51.7582893371582 5
endloop
endfacet
facet normal 0 0 -1
outer loop
vertex -7.049977779388428 -44.049949645996094 0
vertex -8.45026969909668 -41.41994857788086 0
vertex -8.48452377319336 -41.24774169921875 0
endloop
endfacet
facet normal 0 0 1
outer loop
vertex 11.950021743774414 -44.049949645996094 5
vertex 7.050022125244141 -44.049949645996094 5
vertex 54.721778869628906 -51.7198600769043 5
endloop
endfacet
facet normal 0 0 1
outer loop
vertex 26.05002212524414 -44.049949645996094 5
vertex 11.950021743774414 -44.049949645996094 5
vertex 54.721778869628906 -51.7198600769043 5
endloop
endfacet
facet normal 0 0 -1
outer loop
vertex -7.049977779388428 -44.049949645996094 0
vertex -8.48452377319336 -41.59215545654297 0
vertex -8.45026969909668 -41.41994857788086 0
endloop
endfacet
facet normal 0 0 -1
outer loop
vertex -7.049977779388428 -44.049949645996094 0
vertex -8.582072257995605 -41.7381477355957 0
vertex -8.48452377319336 -41.59215545654297 0
endloop
endfacet
facet normal 0 0 1
outer loop
vertex 30.950021743774414 -44.049949645996094 5
vertex 30.950021743774414 -29.949949264526367 5
vertex 26.05002212524414 -44.049949645996094 5
endloop
endfacet
facet normal 0 0 1
outer loop
vertex 26.05002212524414 -29.949949264526367 5
vertex 26.05002212524414 -44.049949645996094 5
vertex 30.950021743774414 -29.949949264526367 5
endloop
endfacet
facet normal 0 0 -1
outer loop
vertex -8.582072257995605 -42.37174987792969 0
vertex -8.582072257995605 -41.7381477355957 0
vertex -7.049977779388428 -44.049949645996094 0
endloop
endfacet
facet normal 0 0 -1
outer loop
vertex -8.582072257995605 -42.37174987792969 0
vertex -8.728062629699707 -41.835693359375 0
vertex -8.582072257995605 -41.7381477355957 0
endloop
endfacet
facet normal 0 0 -1
outer loop
vertex -8.582072257995605 -42.37174987792969 0
vertex -8.728062629699707 -42.27420425415039 0
vertex -8.728062629699707 -41.835693359375 0
endloop
endfacet
facet normal 0 0 -1
outer loop
vertex -8.728062629699707 -42.27420425415039 0
vertex -8.900269508361816 -41.86994934082031 0
vertex -8.728062629699707 -41.835693359375 0
endloop
endfacet
facet normal 0 0 -1
outer loop
vertex -8.900269508361816 -42.23994827270508 0
vertex -9.072477340698242 -41.835693359375 0
vertex -8.900269508361816 -41.86994934082031 0
endloop
endfacet
facet normal 0 0 -1
outer loop
vertex -8.900269508361816 -42.23994827270508 0
vertex -8.900269508361816 -41.86994934082031 0
vertex -8.728062629699707 -42.27420425415039 0
endloop
endfacet
facet normal 0 0 -1
outer loop
vertex -9.072477340698242 -42.27420425415039 0
vertex -9.072477340698242 -41.835693359375 0
vertex -8.900269508361816 -42.23994827270508 0
endloop
endfacet
facet normal 0 0 -1
outer loop
vertex -7.049977779388428 -31.462177276611328 0
vertex -16.499977111816406 -25.749948501586914 0
vertex -7.049977779388428 -29.949949264526367 0
endloop
endfacet
facet normal 0 0 -1
outer loop
vertex -9.072477340698242 -35.92420196533203 0
vertex -11.94997787475586 -29.949949264526367 0
vertex -7.049977779388428 -31.462177276611328 0
endloop
endfacet
facet normal 0 0 -1
outer loop
vertex -9.072477340698242 -35.92420196533203 0
vertex -9.218467712402344 -36.021751403808594 0
vertex -11.94997787475586 -29.949949264526367 0
endloop
endfacet
facet normal 0 0 -1
outer loop
vertex -9.218467712402344 -36.021751403808594 0
vertex -9.316015243530273 -36.16773986816406 0
vertex -11.94997787475586 -29.949949264526367 0
endloop
endfacet
facet normal 0 0 -1
outer loop
vertex -9.316015243530273 -36.16773986816406 0
vertex -9.35027027130127 -36.33994674682617 0
vertex -11.94997787475586 -29.949949264526367 0
endloop
endfacet
facet normal 0 0 -1
outer loop
vertex -9.35027027130127 -36.33994674682617 0
vertex -11.94997787475586 -41.174224853515625 0
vertex -11.94997787475586 -29.949949264526367 0
endloop
endfacet
facet normal 0 0 -1
outer loop
vertex -16.499977111816406 -29.949949264526367 0
vertex -16.499977111816406 -29.249948501586914 0
vertex -11.94997787475586 -29.949949264526367 0
endloop
endfacet
facet normal 0 0 -1
outer loop
vertex -9.218467712402344 -36.658145904541016 0
vertex -9.218467712402344 -37.291751861572266 0
vertex -9.316015243530273 -36.51215744018555 0
endloop
endfacet
facet normal 0 0 -1
outer loop
vertex -9.072477340698242 -36.75569534301758 0
vertex -9.218467712402344 -37.291751861572266 0
vertex -9.218467712402344 -36.658145904541016 0
endloop
endfacet
facet normal 0 0 -1
outer loop
vertex -9.218467712402344 -37.291751861572266 0
vertex -9.072477340698242 -36.75569534301758 0
vertex -9.072477340698242 -37.1942024230957 0
endloop
endfacet
facet normal 0 0 -1
outer loop
vertex -9.316015243530273 -37.437740325927734 0
vertex -9.316015243530273 -36.51215744018555 0
vertex -9.218467712402344 -37.291751861572266 0
endloop
endfacet
facet normal 0 0 -1
outer loop
vertex -9.316015243530273 -37.437740325927734 0
vertex -9.35027027130127 -36.33994674682617 0
vertex -9.316015243530273 -36.51215744018555 0
endloop
endfacet
facet normal 0 0 -1
outer loop
vertex -9.35027027130127 -37.609947204589844 0
vertex -9.35027027130127 -36.33994674682617 0
vertex -9.316015243530273 -37.437740325927734 0
endloop
endfacet
facet normal 0 0 -1
outer loop
vertex -8.728062629699707 -38.02569580078125 0
vertex -11.94997787475586 -41.174224853515625 0
vertex -8.900269508361816 -38.0599479675293 0
endloop
endfacet
facet normal 0 0 -1
outer loop
vertex -9.072477340698242 -38.02569580078125 0
vertex -11.94997787475586 -41.174224853515625 0
vertex -9.218467712402344 -37.92814636230469 0
endloop
endfacet
facet normal 0 0 -1
outer loop
vertex -11.94997787475586 -41.174224853515625 0
vertex -9.072477340698242 -38.02569580078125 0
vertex -8.900269508361816 -38.0599479675293 0
endloop
endfacet
facet normal 0 0 -1
outer loop
vertex -9.218467712402344 -38.56175231933594 0
vertex -11.94997787475586 -41.174224853515625 0
vertex -8.728062629699707 -38.02569580078125 0
endloop
endfacet
facet normal 0 0 -1
outer loop
vertex -9.35027027130127 -37.609947204589844 0
vertex -11.94997787475586 -41.174224853515625 0
vertex -9.35027027130127 -36.33994674682617 0
endloop
endfacet
facet normal 0 0 -1
outer loop
vertex -9.316015243530273 -37.78215789794922 0
vertex -11.94997787475586 -41.174224853515625 0
vertex -9.35027027130127 -37.609947204589844 0
endloop
endfacet
facet normal 0 0 1
outer loop
vertex 7.050022125244141 -29.949949264526367 5
vertex 11.950021743774414 -29.949949264526367 5
vertex -7.049977779388428 -25.04994773864746 5
endloop
endfacet
facet normal 0 0 1
outer loop
vertex 7.050022125244141 -25.04994773864746 5
vertex -7.049977779388428 -25.04994773864746 5
vertex 26.05002212524414 -29.949949264526367 5
endloop
endfacet
facet normal 0 0 1
outer loop
vertex 7.050022125244141 -10.94994831085205 5
vertex 7.050022125244141 -25.04994773864746 5
vertex 11.950021743774414 -10.94994831085205 5
endloop
endfacet
facet normal 0 0 1
outer loop
vertex 26.05002212524414 -29.949949264526367 5
vertex -7.049977779388428 -25.04994773864746 5
vertex 11.950021743774414 -29.949949264526367 5
endloop
endfacet
facet normal 0 0 1
outer loop
vertex 7.050022125244141 -25.04994773864746 5
vertex 26.05002212524414 -29.949949264526367 5
vertex 11.950021743774414 -25.04994773864746 5
endloop
endfacet
facet normal 0 0 1
outer loop
vertex 11.950021743774414 -10.94994831085205 5
vertex 7.050022125244141 -25.04994773864746 5
vertex 11.950021743774414 -25.04994773864746 5
endloop
endfacet
facet normal 0 0 -1
outer loop
vertex -11.94997787475586 -41.174224853515625 0
vertex -9.316015243530273 -37.78215789794922 0
vertex -9.218467712402344 -37.92814636230469 0
endloop
endfacet
facet normal 0 0 -1
outer loop
vertex -9.218467712402344 -39.831748962402344 0
vertex -8.900269508361816 -39.32994842529297 0
vertex -9.072477340698242 -39.73420333862305 0
endloop
endfacet
facet normal 0 0 -1
outer loop
vertex -8.900269508361816 -39.32994842529297 0
vertex -11.94997787475586 -41.174224853515625 0
vertex -9.072477340698242 -39.29569625854492 0
endloop
endfacet
facet normal 0 0 1
outer loop
vertex 7.050022125244141 -10.94994831085205 5
vertex 11.950021743774414 -10.94994831085205 5
vertex 7.050022125244141 -6.049948692321777 5
endloop
endfacet
facet normal 0 0 1
outer loop
vertex 7.050022125244141 -6.049948692321777 5
vertex -7.049977779388428 -6.049948692321777 5
vertex 7.050022125244141 -10.94994831085205 5
endloop
endfacet
facet normal 0 0 1
outer loop
vertex 11.950021743774414 -10.94994831085205 5
vertex 26.05002212524414 -10.94994831085205 5
vertex 7.050022125244141 -6.049948692321777 5
endloop
endfacet
facet normal 0 0 1
outer loop
vertex 7.050022125244141 -6.049948692321777 5
vertex 26.05002212524414 -10.94994831085205 5
vertex 11.950021743774414 -6.049948692321777 5
endloop
endfacet
facet normal 0 0 -1
outer loop
vertex -11.94997787475586 -41.174224853515625 0
vertex -9.218467712402344 -39.19814682006836 0
vertex -9.072477340698242 -39.29569625854492 0
endloop
endfacet
facet normal 0 0 -1
outer loop
vertex -9.218467712402344 -39.831748962402344 0
vertex -11.94997787475586 -41.174224853515625 0
vertex -8.900269508361816 -39.32994842529297 0
endloop
endfacet
facet normal 0 0 1
outer loop
vertex 11.950021743774414 -25.04994773864746 5
vertex 26.05002212524414 -29.949949264526367 5
vertex 26.05002212524414 -25.04994773864746 5
endloop
endfacet
facet normal 0 0 1
outer loop
vertex 26.05002212524414 -25.04994773864746 5
vertex 26.05002212524414 -29.949949264526367 5
vertex 30.950021743774414 -29.949949264526367 5
endloop
endfacet
facet normal 0 0 1
outer loop
vertex 26.05002212524414 -25.04994773864746 5
vertex 30.950021743774414 -29.949949264526367 5
vertex 30.950021743774414 -25.04994773864746 5
endloop
endfacet
facet normal 0 0 1
outer loop
vertex 30.950021743774414 -25.04994773864746 5
vertex 30.950021743774414 -29.949949264526367 5
vertex 45.05002212524414 -29.949949264526367 5
endloop
endfacet
facet normal 0 0 1
outer loop
vertex 30.950021743774414 -25.04994773864746 5
vertex 30.950021743774414 -10.94994831085205 5
vertex 26.05002212524414 -25.04994773864746 5
endloop
endfacet
facet normal 0 0 1
outer loop
vertex 26.05002212524414 -10.94994831085205 5
vertex 26.05002212524414 -25.04994773864746 5
vertex 30.950021743774414 -10.94994831085205 5
endloop
endfacet
facet normal 0 0 -1
outer loop
vertex -9.072477340698242 -40.56569290161133 0
vertex -9.218467712402344 -41.101749420166016 0
vertex -9.218467712402344 -40.46814727783203 0
endloop
endfacet
facet normal 0 0 -1
outer loop
vertex -9.218467712402344 -41.101749420166016 0
vertex -9.072477340698242 -40.56569290161133 0
vertex -9.072477340698242 -41.00420379638672 0
endloop
endfacet
facet normal 0 0 -1
outer loop
vertex -9.218467712402344 -41.101749420166016 0
vertex -11.94997787475586 -41.174224853515625 0
vertex -9.218467712402344 -40.46814727783203 0
endloop
endfacet
facet normal 0 0 -1
outer loop
vertex -9.316015243530273 -38.707740783691406 0
vertex -11.94997787475586 -41.174224853515625 0
vertex -9.218467712402344 -38.56175231933594 0
endloop
endfacet
facet normal 0 0 1
outer loop
vertex 26.05002212524414 -6.049948692321777 5
vertex 11.950021743774414 -6.049948692321777 5
vertex 26.05002212524414 -10.94994831085205 5
endloop
endfacet
facet normal 0 0 1
outer loop
vertex 26.05002212524414 -6.049948692321777 5
vertex 26.05002212524414 -10.94994831085205 5
vertex 30.950021743774414 -10.94994831085205 5
endloop
endfacet
facet normal 0 0 1
outer loop
vertex 30.950021743774414 -10.94994831085205 5
vertex 45.05002212524414 -10.94994831085205 5
vertex 30.950021743774414 -6.049948692321777 5
endloop
endfacet
facet normal 0 0 1
outer loop
vertex 30.950021743774414 -10.94994831085205 5
vertex 30.950021743774414 -6.049948692321777 5
vertex 26.05002212524414 -6.049948692321777 5
endloop
endfacet
facet normal 0 0 -1
outer loop
vertex -9.35027027130127 -38.879947662353516 0
vertex -11.94997787475586 -41.174224853515625 0
vertex -9.316015243530273 -38.707740783691406 0
endloop
endfacet
facet normal 0 0 -1
outer loop
vertex -9.316015243530273 -39.052154541015625 0
vertex -11.94997787475586 -41.174224853515625 0
vertex -9.35027027130127 -38.879947662353516 0
endloop
endfacet
facet normal 0 0 -1
outer loop
vertex -11.94997787475586 -41.174224853515625 0
vertex -9.316015243530273 -39.052154541015625 0
vertex -9.218467712402344 -39.19814682006836 0
endloop
endfacet
facet normal 0 0 -1
outer loop
vertex -9.316015243530273 -39.97774124145508 0
vertex -11.94997787475586 -41.174224853515625 0
vertex -9.218467712402344 -39.831748962402344 0
endloop
endfacet
facet normal 0.40005858685106216 -0.916489567363825 0
outer loop
vertex 50.2027587890625 -56.40030288696289 5
vertex 51.169349670410156 -55.97837448120117 0
vertex 51.169349670410156 -55.97837448120117 5
endloop
endfacet
facet normal 0.694401259467568 -0.7195880007683947 0
outer loop
vertex 51.169349670410156 -55.97837448120117 5
vertex 51.913944244384766 -55.25984191894531 0
vertex 51.913944244384766 -55.25984191894531 5
endloop
endfacet
facet normal 0.9073424251473726 -0.4203923447539029 0
outer loop
vertex 51.913944244384766 -55.25984191894531 5
vertex 52.873817443847656 -53.18812561035156 0
vertex 52.873817443847656 -53.18812561035156 5
endloop
endfacet
facet normal 0.8313763319792088 -0.5557098115246809 0
outer loop
vertex 52.873817443847656 -53.18812561035156 5
vertex 52.93436050415039 -53.09754943847656 0
vertex 52.93436050415039 -53.09754943847656 5
endloop
endfacet
facet normal 0.735400523421804 -0.6776326956035524 0
outer loop
vertex 52.93436050415039 -53.09754943847656 5
vertex 53.63546371459961 -52.33667755126953 0
vertex 53.63546371459961 -52.33667755126953 5
endloop
endfacet
facet normal 0.622032833949367 -0.782991157988977 0
outer loop
vertex 53.63546371459961 -52.33667755126953 5
vertex 53.72054672241211 -52.26908493041992 0
vertex 53.72054672241211 -52.26908493041992 5
endloop
endfacet
facet normal 0 0 -1
outer loop
vertex -9.35027027130127 -40.14994812011719 0
vertex -11.94997787475586 -41.174224853515625 0
vertex -9.316015243530273 -39.97774124145508 0
endloop
endfacet
facet normal 0 0 -1
outer loop
vertex -9.316015243530273 -40.3221549987793 0
vertex -11.94997787475586 -41.174224853515625 0
vertex -9.35027027130127 -40.14994812011719 0
endloop
endfacet
facet normal 0 0 -1
outer loop
vertex -11.94997787475586 -41.174224853515625 0
vertex -9.316015243530273 -40.3221549987793 0
vertex -9.218467712402344 -40.46814727783203 0
endloop
endfacet
facet normal 0 0 -1
outer loop
vertex -9.218467712402344 -42.37174987792969 0
vertex -11.94997787475586 -41.174224853515625 0
vertex -9.218467712402344 -41.7381477355957 0
endloop
endfacet
facet normal 0 0 -1
outer loop
vertex -9.072477340698242 -42.27420425415039 0
vertex -9.218467712402344 -41.7381477355957 0
vertex -9.072477340698242 -41.835693359375 0
endloop
endfacet
facet normal 0 0 -1
outer loop
vertex -9.218467712402344 -42.37174987792969 0
vertex -9.218467712402344 -41.7381477355957 0
vertex -9.072477340698242 -42.27420425415039 0
endloop
endfacet
facet normal 0 0 -1
outer loop
vertex -9.316015243530273 -41.24774169921875 0
vertex -11.94997787475586 -41.174224853515625 0
vertex -9.218467712402344 -41.101749420166016 0
endloop
endfacet
facet normal 0.9756110385210176 -0.21950649538439984 0
outer loop
vertex 71.48824310302734 -46.78242492675781 0.20000000298023224
vertex 71.48824310302734 -46.78242492675781 4.5
vertex 71.47076416015625 -46.860111236572266 4.5
endloop
endfacet
facet normal 0.9999999985313365 0.000054197114827319124 0
outer loop
vertex 71.48824310302734 -46.78242492675781 4.5
vertex 71.48822021484375 -46.360111236572266 0.20000000298023224
vertex 71.48822021484375 -46.360111236572266 4.5
endloop
endfacet
facet normal -0.00012532420729375557 -0.9999999921469216 0
outer loop
vertex 71.48822021484375 -46.360111236572266 4.5
vertex 72.18830871582031 -46.360198974609375 0.20000000298023224
vertex 72.18830871582031 -46.360198974609375 4.5
endloop
endfacet
facet normal 0.49376471374899183 -0.869595542454293 0
outer loop
vertex 53.72054672241211 -52.26908493041992 5
vertex 54.62013626098633 -51.7582893371582 0
vertex 54.62013626098633 -51.7582893371582 5
endloop
endfacet
facet normal 0.3536497363157008 -0.935377925762542 0
outer loop
vertex 54.62013626098633 -51.7582893371582 5
vertex 54.721778869628906 -51.7198600769043 0
vertex 54.721778869628906 -51.7198600769043 5
endloop
endfacet
facet normal 0.2051009724290962 -0.9787408191695283 0
outer loop
vertex 54.721778869628906 -51.7198600769043 5
vertex 55.7161750793457 -51.511478424072266 0
vertex 55.7161750793457 -51.511478424072266 5
endloop
endfacet
facet normal 0.10405031982645153 -0.9945720340649103 0
outer loop
vertex 55.7161750793457 -51.511478424072266 5
vertex 55.78746032714844 -51.50402069091797 0
vertex 55.78746032714844 -51.50402069091797 5
endloop
endfacet
facet normal 0 0 -1
outer loop
vertex -9.35027027130127 -41.41994857788086 0
vertex -11.94997787475586 -41.174224853515625 0
vertex -9.316015243530273 -41.24774169921875 0
endloop
endfacet
facet normal 0 0 -1
outer loop
vertex -9.316015243530273 -41.59215545654297 0
vertex -11.94997787475586 -41.174224853515625 0
vertex -9.35027027130127 -41.41994857788086 0
endloop
endfacet
facet normal 0.0019631372978521364 -0.9999980730441184 0
outer loop
vertex 55.78746032714844 -51.50402069091797 5
vertex 66.88290405273438 -51.48223876953125 0
vertex 66.88290405273438 -51.48223876953125 5
endloop
endfacet
facet normal 0.15870808699427422 -0.9873255507291492 0
outer loop
vertex 66.88290405273438 -51.48223876953125 5
vertex 67.67424774169922 -51.35503387451172 0
vertex 67.67424774169922 -51.35503387451172 5
endloop
endfacet
facet normal 0.39006813813704055 -0.9207859944690203 0
outer loop
vertex 67.67424774169922 -51.35503387451172 5
vertex 69.14608764648438 -50.73152542114258 0
vertex 69.14608764648438 -50.73152542114258 5
endloop
endfacet
facet normal 0.6570851660070307 -0.7538163467407117 0
outer loop
vertex 69.14608764648438 -50.73152542114258 5
vertex 70.33087921142578 -49.698768615722656 0
vertex 70.33087921142578 -49.698768615722656 5
endloop
endfacet
facet normal 0.9755969399350964 -0.2195691480783709 -0.0000011892290641795275
outer loop
vertex 71.13572692871094 -48.34876251220703 5
vertex 71.48824310302734 -46.78242492675781 0.20000000298023224
vertex 71.47076416015625 -46.860111236572266 4.5
endloop
endfacet
facet normal 0.8589367915264481 -0.5120816225586025 0
outer loop
vertex 70.33087921142578 -49.698768615722656 5
vertex 71.13572692871094 -48.34876251220703 0
vertex 71.13572692871094 -48.34876251220703 5
endloop
endfacet
facet normal 0 0 -1
outer loop
vertex -9.316015243530273 -41.59215545654297 0
vertex -9.218467712402344 -41.7381477355957 0
vertex -11.94997787475586 -41.174224853515625 0
endloop
endfacet
facet normal 0.999999992369674 -0.0001235334702005762 3.656367866723501e-7
outer loop
vertex 72.18830871582031 -46.360198974609375 4.5
vertex 72.19044494628906 -29.0802001953125 0.20000000298023224
vertex 72.18981170654297 -34.19353103637695 4.5
endloop
endfacet
facet normal 0.9999999922808297 -0.0001242501656342073 -4.866192419870651e-7
outer loop
vertex 72.18981170654297 -34.19353103637695 4.5
vertex 72.19044494628906 -29.0802001953125 0.20000000298023224
vertex 72.19053649902344 -28.360198974609375 4.5
endloop
endfacet
facet normal 0 0 -1
outer loop
vertex -9.316015243530273 -42.51774215698242 0
vertex -11.94997787475586 -41.174224853515625 0
vertex -9.218467712402344 -42.37174987792969 0
endloop
endfacet
facet normal 0 0 -1
outer loop
vertex -9.35027027130127 -42.68994903564453 0
vertex -11.94997787475586 -41.174224853515625 0
vertex -9.316015243530273 -42.51774215698242 0
endloop
endfacet
facet normal 0 0 -1
outer loop
vertex -9.35027027130127 -42.68994903564453 0
vertex -11.94997787475586 -44.049949645996094 0
vertex -11.94997787475586 -41.174224853515625 0
endloop
endfacet
facet normal 0 0 -1
outer loop
vertex -2.4999778270721436 -44.74995040893555 0
vertex -7.049977779388428 -44.049949645996094 0
vertex -2.4999778270721436 -44.049949645996094 0
endloop
endfacet
facet normal 0 0 -1
outer loop
vertex -2.4999778270721436 -44.74995040893555 0
vertex -8.728062629699707 -44.375694274902344 0
vertex -7.049977779388428 -44.049949645996094 0
endloop
endfacet
facet normal 0 0 1
outer loop
vertex 30.950021743774414 -44.049949645996094 5
vertex 26.05002212524414 -44.049949645996094 5
vertex 54.721778869628906 -51.7198600769043 5
endloop
endfacet
facet normal 0 0 1
outer loop
vertex 45.05002212524414 -44.049949645996094 5
vertex 30.950021743774414 -44.049949645996094 5
vertex 54.721778869628906 -51.7198600769043 5
endloop
endfacet
facet normal 0 0 1
outer loop
vertex 54.721778869628906 -51.7198600769043 5
vertex 55.7161750793457 -51.511478424072266 5
vertex 45.05002212524414 -44.049949645996094 5
endloop
endfacet
facet normal 0 0 1
outer loop
vertex 45.05002212524414 -44.049949645996094 5
vertex 55.78746032714844 -51.50402069091797 5
vertex 49.95002365112305 -44.049949645996094 5
endloop
endfacet
facet normal 0 0 1
outer loop
vertex 55.78746032714844 -51.50402069091797 5
vertex 45.05002212524414 -44.049949645996094 5
vertex 55.7161750793457 -51.511478424072266 5
endloop
endfacet
facet normal 0 0 -1
outer loop
vertex -8.728062629699707 -44.81420135498047 0
vertex -8.728062629699707 -44.375694274902344 0
vertex -2.4999778270721436 -44.74995040893555 0
endloop
endfacet
facet normal 0 0 1
outer loop
vertex 49.95002365112305 -44.049949645996094 5
vertex 49.95002365112305 -29.949949264526367 5
vertex 45.05002212524414 -44.049949645996094 5
endloop
endfacet
facet normal 0 0 1
outer loop
vertex 45.05002212524414 -29.949949264526367 5
vertex 45.05002212524414 -44.049949645996094 5
vertex 49.95002365112305 -29.949949264526367 5
endloop
endfacet
facet normal 0 0 -1
outer loop
vertex -8.48452377319336 -42.51774215698242 0
vertex -7.049977779388428 -44.049949645996094 0
vertex -8.45026969909668 -42.68994903564453 0
endloop
endfacet
facet normal 0 0 -1
outer loop
vertex -8.48452377319336 -42.51774215698242 0
vertex -8.582072257995605 -42.37174987792969 0
vertex -7.049977779388428 -44.049949645996094 0
endloop
endfacet
facet normal 0 0 1
outer loop
vertex 55.78746032714844 -51.50402069091797 5
vertex 66.88290405273438 -51.48223876953125 5
vertex 49.95002365112305 -44.049949645996094 5
endloop
endfacet
facet normal 0 0 1
outer loop
vertex 66.88290405273438 -51.48223876953125 5
vertex 67.67424774169922 -51.35503387451172 5
vertex 49.95002365112305 -44.049949645996094 5
endloop
endfacet
facet normal 0 0 1
outer loop
vertex 67.67424774169922 -51.35503387451172 5
vertex 69.14608764648438 -50.73152542114258 5
vertex 49.95002365112305 -44.049949645996094 5
endloop
endfacet
facet normal 0 0 1
outer loop
vertex 69.14608764648438 -50.73152542114258 5
vertex 70.33087921142578 -49.698768615722656 5
vertex 49.95002365112305 -44.049949645996094 5
endloop
endfacet
facet normal 0 0 1
outer loop
vertex 64.05001831054688 -44.049949645996094 5
vertex 49.95002365112305 -44.049949645996094 5
vertex 70.33087921142578 -49.698768615722656 5
endloop
endfacet
facet normal 0 0 1
outer loop
vertex 26.05002212524414 12.950051307678223 5
vertex 26.05002212524414 8.05005168914795 5
vertex 30.950021743774414 8.05005168914795 5
endloop
endfacet
facet normal 0 0 1
outer loop
vertex 26.05002212524414 8.05005168914795 5
vertex 26.05002212524414 -6.049948692321777 5
vertex 30.950021743774414 8.05005168914795 5
endloop
endfacet
facet normal 0 0 1
outer loop
vertex 30.950021743774414 -6.049948692321777 5
vertex 30.950021743774414 8.05005168914795 5
vertex 26.05002212524414 -6.049948692321777 5
endloop
endfacet
facet normal 0 0 1
outer loop
vertex 11.950021743774414 12.950051307678223 5
vertex 26.05002212524414 8.05005168914795 5
vertex 26.05002212524414 12.950051307678223 5
endloop
endfacet
facet normal 0.9755970254983825 -0.2195687679036081 0
outer loop
vertex 71.13572692871094 -48.34876251220703 5
vertex 71.47076416015625 -46.860111236572266 4.5
vertex 71.47076416015625 -46.860111236572266 5
endloop
endfacet
facet normal 0 0 1
outer loop
vertex 64.05001831054688 -44.049949645996094 5
vertex 70.33087921142578 -49.698768615722656 5
vertex 71.13572692871094 -48.34876251220703 5
endloop
endfacet
facet normal 0 0 1
outer loop
vertex 64.05001831054688 -44.049949645996094 5
vertex 71.13572692871094 -48.34876251220703 5
vertex 70.18824768066406 -46.85995101928711 5
endloop
endfacet
facet normal 0 0 1
outer loop
vertex 71.47076416015625 -46.860111236572266 5
vertex 70.18824768066406 -46.85995101928711 5
vertex 71.13572692871094 -48.34876251220703 5
endloop
endfacet
facet normal 0 0 -1
outer loop
vertex -7.049977779388428 -44.049949645996094 0
vertex -8.48452377319336 -42.86215591430664 0
vertex -8.45026969909668 -42.68994903564453 0
endloop
endfacet
facet normal 0 0 -1
outer loop
vertex -7.049977779388428 -44.049949645996094 0
vertex -8.582072257995605 -43.008148193359375 0
vertex -8.48452377319336 -42.86215591430664 0
endloop
endfacet
facet normal 0 0 -1
outer loop
vertex -28.072185516357422 -44.81420135498047 0
vertex -28.218175888061523 -44.27814483642578 0
vertex -28.072185516357422 -44.375694274902344 0
endloop
endfacet
facet normal 0 0 -1
outer loop
vertex -28.072185516357422 -44.81420135498047 0
vertex -28.072185516357422 -44.375694274902344 0
vertex -27.899978637695312 -44.77994918823242 0
endloop
endfacet
facet normal 0 0 1
outer loop
vertex 11.950021743774414 27.050050735473633 5
vertex 7.050022125244141 12.950051307678223 5
vertex 11.950021743774414 12.950051307678223 5
endloop
endfacet
facet normal 0 0 1
outer loop
vertex 7.050022125244141 27.050050735473633 5
vertex 7.050022125244141 12.950051307678223 5
vertex 11.950021743774414 27.050050735473633 5
endloop
endfacet
facet normal 0 0 1
outer loop
vertex 64.05001831054688 -44.049949645996094 5
vertex 70.18824768066406 -46.85995101928711 5
vertex 70.19059753417969 -27.859952926635742 5
endloop
endfacet
facet normal 0 0 -1
outer loop
vertex -27.899978637695312 -44.77994918823242 0
vertex -28.072185516357422 -44.375694274902344 0
vertex -27.899978637695312 -44.409950256347656 0
endloop
endfacet
facet normal 0 0 1
outer loop
vertex 7.050022125244141 12.950051307678223 5
vertex 26.05002212524414 8.05005168914795 5
vertex 11.950021743774414 12.950051307678223 5
endloop
endfacet
facet normal 0 0 1
outer loop
vertex 7.050022125244141 12.950051307678223 5
vertex 11.950021743774414 8.05005168914795 5
vertex 26.05002212524414 8.05005168914795 5
endloop
endfacet
facet normal 0 0 1
outer loop
vertex 64.05001831054688 -29.949949264526367 5
vertex 64.05001831054688 -44.049949645996094 5
vertex 70.19059753417969 -27.859952926635742 5
endloop
endfacet
facet normal 0 0 -1
outer loop
vertex -7.049977779388428 -44.049949645996094 0
vertex -8.728062629699707 -43.10569381713867 0
vertex -8.582072257995605 -43.008148193359375 0
endloop
endfacet
facet normal 0 0 -1
outer loop
vertex -7.049977779388428 -44.049949645996094 0
vertex -8.728062629699707 -43.54420471191406 0
vertex -8.728062629699707 -43.10569381713867 0
endloop
endfacet
facet normal 0 0 -1
outer loop
vertex -8.728062629699707 -43.54420471191406 0
vertex -8.900269508361816 -43.139949798583984 0
vertex -8.728062629699707 -43.10569381713867 0
endloop
endfacet
facet normal 0 0 -1
outer loop
vertex -8.900269508361816 -43.50994873046875 0
vertex -9.072477340698242 -43.10569381713867 0
vertex -8.900269508361816 -43.139949798583984 0
endloop
endfacet
facet normal 0 0 -1
outer loop
vertex -8.900269508361816 -43.50994873046875 0
vertex -8.900269508361816 -43.139949798583984 0
vertex -8.728062629699707 -43.54420471191406 0
endloop
endfacet
facet normal 0 0 -1
outer loop
vertex -9.072477340698242 -43.54420471191406 0
vertex -9.072477340698242 -43.10569381713867 0
vertex -8.900269508361816 -43.50994873046875 0
endloop
endfacet
facet normal 0 0 -1
outer loop
vertex -7.049977779388428 -44.049949645996094 0
vertex -8.582072257995605 -43.64175033569336 0
vertex -8.728062629699707 -43.54420471191406 0
endloop
endfacet
facet normal 0 0 -1
outer loop
vertex -7.049977779388428 -44.049949645996094 0
vertex -8.45026969909668 -43.9599494934082 0
vertex -8.48452377319336 -43.787742614746094 0
endloop
endfacet
facet normal 0 0 -1
outer loop
vertex -8.48452377319336 -43.787742614746094 0
vertex -8.582072257995605 -43.64175033569336 0
vertex -7.049977779388428 -44.049949645996094 0
endloop
endfacet
facet normal 0 0 -1
outer loop
vertex -7.049977779388428 -44.049949645996094 0
vertex -8.48452377319336 -44.13215637207031 0
vertex -8.45026969909668 -43.9599494934082 0
endloop
endfacet
facet normal 0 0 -1
outer loop
vertex -8.728062629699707 -44.375694274902344 0
vertex -8.582072257995605 -44.27814483642578 0
vertex -7.049977779388428 -44.049949645996094 0
endloop
endfacet
facet normal 0 0 -1
outer loop
vertex -8.582072257995605 -44.27814483642578 0
vertex -8.48452377319336 -44.13215637207031 0
vertex -7.049977779388428 -44.049949645996094 0
endloop
endfacet
facet normal 0 0 -1
outer loop
vertex -8.728062629699707 -44.81420135498047 0
vertex -8.900269508361816 -44.409950256347656 0
vertex -8.728062629699707 -44.375694274902344 0
endloop
endfacet
facet normal 0 0 -1
outer loop
vertex -8.900269508361816 -44.77994918823242 0
vertex -8.900269508361816 -44.409950256347656 0
vertex -8.728062629699707 -44.81420135498047 0
endloop
endfacet
facet normal 0 0 -1
outer loop
vertex -8.900269508361816 -44.77994918823242 0
vertex -9.072477340698242 -44.375694274902344 0
vertex -8.900269508361816 -44.409950256347656 0
endloop
endfacet
facet normal 0.9999999981373547 0.000061035156136313156 0
outer loop
vertex 71.4870834350586 -28.3601131439209 0.20000000298023224
vertex 71.48705291748047 -27.8601131439209 4.5
vertex 71.4870834350586 -28.3601131439209 4.5
endloop
endfacet
facet normal 0.00012201338260424422 0.9999999925563672 0
outer loop
vertex 72.19053649902344 -28.360198974609375 4.5
vertex 71.4870834350586 -28.3601131439209 0.20000000298023224
vertex 71.4870834350586 -28.3601131439209 4.5
endloop
endfacet
facet normal 0.9999999979600744 0.00006387285975926321 3.29965539039202e-7
outer loop
vertex 71.48705291748047 -27.8601131439209 4.5
vertex 71.48661041259766 -20.909997940063477 0.20000000298023224
vertex 71.48664093017578 -21.409997940063477 4.5
endloop
endfacet
facet normal 0.9999999981373547 0.000061035156136313156 0
outer loop
vertex 71.48664093017578 -21.409997940063477 4.5
vertex 71.48661041259766 -20.909997940063477 0.20000000298023224
vertex 71.48661041259766 -20.909997940063477 4.5
endloop
endfacet
facet normal -0.00012447908113766856 -0.9999999922524793 0
outer loop
vertex 71.48661041259766 -20.909997940063477 4.5
vertex 72.19145202636719 -20.910085678100586 0.20000000298023224
vertex 72.19145202636719 -20.910085678100586 4.5
endloop
endfacet
facet normal 0 0 -1
outer loop
vertex -9.072477340698242 -44.81420135498047 0
vertex -9.072477340698242 -44.375694274902344 0
vertex -8.900269508361816 -44.77994918823242 0
endloop
endfacet
facet normal 0 0 -1
outer loop
vertex -8.728062629699707 -46.08420181274414 0
vertex -8.728062629699707 -45.645694732666016 0
vertex -8.582072257995605 -45.54814529418945 0
endloop
endfacet
facet normal 0 0 -1
outer loop
vertex -8.728062629699707 -46.08420181274414 0
vertex -8.900269508361816 -45.67994689941406 0
vertex -8.728062629699707 -45.645694732666016 0
endloop
endfacet
facet normal 0 0 -1
outer loop
vertex -8.900269508361816 -46.049949645996094 0
vertex -8.900269508361816 -45.67994689941406 0
vertex -8.728062629699707 -46.08420181274414 0
endloop
endfacet
facet normal 0 0 -1
outer loop
vertex -8.900269508361816 -46.049949645996094 0
vertex -9.072477340698242 -45.645694732666016 0
vertex -8.900269508361816 -45.67994689941406 0
endloop
endfacet
facet normal 0.999999992369673 -0.00012353347988364687 3.6554307856403487e-7
outer loop
vertex 72.19145202636719 -20.910085678100586 4.5
vertex 72.19358825683594 -3.630084991455078 0.20000000298023224
vertex 72.19295501708984 -8.74341869354248 4.5
endloop
endfacet
facet normal 0.999999992280834 -0.0001242501300859527 -4.866596402392848e-7
outer loop
vertex 72.19295501708984 -8.74341869354248 4.5
vertex 72.19358825683594 -3.630084991455078 0.20000000298023224
vertex 72.19367980957031 -2.9100849628448486 4.5
endloop
endfacet
facet normal 0.9999999981373547 0.000061035156136313156 0
outer loop
vertex 71.4854736328125 -2.9099974632263184 0.20000000298023224
vertex 71.48544311523438 -2.4099974632263184 4.5
vertex 71.4854736328125 -2.9099974632263184 4.5
endloop
endfacet
facet normal 0.00012355105156384587 0.9999999923675689 0
outer loop
vertex 72.19367980957031 -2.9100849628448486 4.5
vertex 71.4854736328125 -2.9099974632263184 0.20000000298023224
vertex 71.4854736328125 -2.9099974632263184 4.5
endloop
endfacet
facet normal 0 0 -1
outer loop
vertex -9.072477340698242 -46.08420181274414 0
vertex -9.072477340698242 -45.645694732666016 0
vertex -8.900269508361816 -46.049949645996094 0
endloop
endfacet
facet normal 0 0 -1
outer loop
vertex 54.721778869628906 -51.7198600769043 0
vertex -52.238563537597656 -54.71090316772461 0
vertex -10.399977684020996 -53.14994812011719 0
endloop
endfacet
facet normal 0 0 -1
outer loop
vertex -9.218467712402344 -43.64175033569336 0
vertex -9.072477340698242 -43.10569381713867 0
vertex -9.072477340698242 -43.54420471191406 0
endloop
endfacet
facet normal 0 0 -1
outer loop
vertex -9.072477340698242 -43.10569381713867 0
vertex -11.94997787475586 -44.049949645996094 0
vertex -9.218467712402344 -43.008148193359375 0
endloop
endfacet
facet normal 0 0 -1
outer loop
vertex -9.218467712402344 -43.64175033569336 0
vertex -11.94997787475586 -44.049949645996094 0
vertex -9.072477340698242 -43.10569381713867 0
endloop
endfacet
facet normal 0 0 -1
outer loop
vertex -9.072477340698242 -44.375694274902344 0
vertex -11.94997787475586 -44.049949645996094 0
vertex -9.218467712402344 -44.27814483642578 0
endloop
endfacet
facet normal 0 0 1
outer loop
vertex 45.05002212524414 -25.04994773864746 5
vertex 30.950021743774414 -25.04994773864746 5
vertex 45.05002212524414 -29.949949264526367 5
endloop
endfacet
facet normal 0 0 1
outer loop
vertex 45.05002212524414 -25.04994773864746 5
vertex 45.05002212524414 -29.949949264526367 5
vertex 49.95002365112305 -29.949949264526367 5
endloop
endfacet
facet normal 0 0 1
outer loop
vertex 45.05002212524414 -25.04994773864746 5
vertex 49.95002365112305 -29.949949264526367 5
vertex 49.95002365112305 -25.04994773864746 5
endloop
endfacet
facet normal 0 0 1
outer loop
vertex 49.95002365112305 -25.04994773864746 5
vertex 49.95002365112305 -10.94994831085205 5
vertex 45.05002212524414 -25.04994773864746 5
endloop
endfacet
facet normal 0 0 1
outer loop
vertex 45.05002212524414 -10.94994831085205 5
vertex 45.05002212524414 -25.04994773864746 5
vertex 49.95002365112305 -10.94994831085205 5
endloop
endfacet
facet normal 0 0 -1
outer loop
vertex -9.072477340698242 -44.81420135498047 0
vertex -11.94997787475586 -44.049949645996094 0
vertex -9.072477340698242 -44.375694274902344 0
endloop
endfacet
facet normal 0 0 -1
outer loop
vertex -9.316015243530273 -42.86215591430664 0
vertex -11.94997787475586 -44.049949645996094 0
vertex -9.35027027130127 -42.68994903564453 0
endloop
endfacet
facet normal 0 0 1
outer loop
vertex 30.950021743774414 -6.049948692321777 5
vertex 45.05002212524414 -10.94994831085205 5
vertex 49.95002365112305 -10.94994831085205 5
endloop
endfacet
facet normal 0 0 -1
outer loop
vertex -11.94997787475586 -44.049949645996094 0
vertex -9.316015243530273 -42.86215591430664 0
vertex -9.218467712402344 -43.008148193359375 0
endloop
endfacet
facet normal 0 0 1
outer loop
vertex 30.950021743774414 -6.049948692321777 5
vertex 49.95002365112305 -10.94994831085205 5
vertex 64.05001831054688 -10.94994831085205 5
endloop
endfacet
facet normal 0 0 1
outer loop
vertex 45.05002212524414 -6.049948692321777 5
vertex 30.950021743774414 -6.049948692321777 5
vertex 64.05001831054688 -10.94994831085205 5
endloop
endfacet
facet normal 0 0 1
outer loop
vertex 45.05002212524414 -6.049948692321777 5
vertex 64.05001831054688 -10.94994831085205 5
vertex 49.95002365112305 -6.049948692321777 5
endloop
endfacet
facet normal 0 0 -1
outer loop
vertex -9.316015243530273 -43.787742614746094 0
vertex -11.94997787475586 -44.049949645996094 0
vertex -9.218467712402344 -43.64175033569336 0
endloop
endfacet
facet normal 0 0 -1
outer loop
vertex -9.35027027130127 -43.9599494934082 0
vertex -11.94997787475586 -44.049949645996094 0
vertex -9.316015243530273 -43.787742614746094 0
endloop
endfacet
facet normal 0 0 1
outer loop
vertex 49.95002365112305 -25.04994773864746 5
vertex 49.95002365112305 -29.949949264526367 5
vertex 64.05001831054688 -25.04994773864746 5
endloop
endfacet
facet normal 0 0 1
outer loop
vertex 64.05001831054688 -25.04994773864746 5
vertex 49.95002365112305 -29.949949264526367 5
vertex 64.05001831054688 -29.949949264526367 5
endloop
endfacet
facet normal 0 0 1
outer loop
vertex 11.950021743774414 8.05005168914795 5
vertex 7.050022125244141 -6.049948692321777 5
vertex 11.950021743774414 -6.049948692321777 5
endloop
endfacet
facet normal 0 0 1
outer loop
vertex 7.050022125244141 12.950051307678223 5
vertex -7.049977779388428 12.950051307678223 5
vertex 11.950021743774414 8.05005168914795 5
endloop
endfacet
facet normal 0.9999999979601288 0.00006387285975926668 0
outer loop
vertex 71.48705291748047 -27.8601131439209 4.5
vertex 71.48664093017578 -21.409997940063477 4.5
vertex 71.48664093017578 -21.409997940063477 5
endloop
endfacet
facet normal 0 0 1
outer loop
vertex 64.05001831054688 -25.04994773864746 5
vertex 64.05001831054688 -29.949949264526367 5
vertex 70.19059753417969 -27.859952926635742 5
endloop
endfacet
facet normal 0 0 1
outer loop
vertex 7.050022125244141 8.05005168914795 5
vertex 11.950021743774414 8.05005168914795 5
vertex -7.049977779388428 12.950051307678223 5
endloop
endfacet
facet normal 0.9999999979601288 0.00006387285975926668 0
outer loop
vertex 71.48705291748047 -27.8601131439209 5
vertex 71.48705291748047 -27.8601131439209 4.5
vertex 71.48664093017578 -21.409997940063477 5
endloop
endfacet
facet normal 0 0 1
outer loop
vertex 70.19059753417969 -27.859952926635742 5
vertex 71.48705291748047 -27.8601131439209 5
vertex 64.05001831054688 -25.04994773864746 5
endloop
endfacet
facet normal 0 0 1
outer loop
vertex 64.05001831054688 -25.04994773864746 5
vertex 71.48705291748047 -27.8601131439209 5
vertex 70.19139099121094 -21.40983772277832 5
endloop
endfacet
facet normal 0 0 1
outer loop
vertex 70.19139099121094 -21.40983772277832 5
vertex 71.48705291748047 -27.8601131439209 5
vertex 71.48664093017578 -21.409997940063477 5
endloop
endfacet
facet normal 0 0 -1
outer loop
vertex -27.72776985168457 -44.81420135498047 0
vertex -27.72776985168457 -44.375694274902344 0
vertex -27.58177947998047 -44.91175079345703 0
endloop
endfacet
facet normal 0 0 1
outer loop
vertex 7.050022125244141 8.05005168914795 5
vertex 7.050022125244141 -6.049948692321777 5
vertex 11.950021743774414 8.05005168914795 5
endloop
endfacet
facet normal 0 0 -1
outer loop
vertex -27.899978637695312 -44.77994918823242 0
vertex -27.899978637695312 -44.409950256347656 0
vertex -27.72776985168457 -44.81420135498047 0
endloop
endfacet
facet normal 0 0 -1
outer loop
vertex -27.72776985168457 -44.375694274902344 0
vertex -27.72776985168457 -44.81420135498047 0
vertex -27.899978637695312 -44.409950256347656 0
endloop
endfacet
facet normal 0 0 -1
outer loop
vertex -27.58177947998047 -44.91175079345703 0
vertex -27.58177947998047 -44.27814483642578 0
vertex -27.48423194885254 -45.0577392578125 0
endloop
endfacet
facet normal 0 0 1
outer loop
vertex 64.05001831054688 -25.04994773864746 5
vertex 70.19139099121094 -21.40983772277832 5
vertex 70.19374084472656 -2.4098381996154785 5
endloop
endfacet
facet normal 0 0 -1
outer loop
vertex -9.316015243530273 -44.13215637207031 0
vertex -11.94997787475586 -44.049949645996094 0
vertex -9.35027027130127 -43.9599494934082 0
endloop
endfacet
facet normal 0 0 -1
outer loop
vertex -11.94997787475586 -44.049949645996094 0
vertex -9.316015243530273 -44.13215637207031 0
vertex -9.218467712402344 -44.27814483642578 0
endloop
endfacet
facet normal 0 0 -1
outer loop
vertex -9.218467712402344 -45.54814529418945 0
vertex -9.072477340698242 -46.08420181274414 0
vertex -9.316015243530273 -45.402156829833984 0
endloop
endfacet
facet normal 0 0 -1
outer loop
vertex -9.072477340698242 -46.08420181274414 0
vertex -9.218467712402344 -45.54814529418945 0
vertex -9.072477340698242 -45.645694732666016 0
endloop
endfacet
facet normal 0 0 1
outer loop
vertex 64.05001831054688 -6.049948692321777 5
vertex 49.95002365112305 -6.049948692321777 5
vertex 64.05001831054688 -10.94994831085205 5
endloop
endfacet
facet normal 0 0 -1
outer loop
vertex -27.58177947998047 -44.27814483642578 0
vertex -27.58177947998047 -44.91175079345703 0
vertex -27.72776985168457 -44.375694274902344 0
endloop
endfacet
facet normal 0 0 -1
outer loop
vertex -27.48423194885254 -45.0577392578125 0
vertex -27.58177947998047 -44.27814483642578 0
vertex -27.48423194885254 -44.13215637207031 0
endloop
endfacet
facet normal 0 0 1
outer loop
vertex 64.05001831054688 -10.94994831085205 5
vertex 64.05001831054688 -25.04994773864746 5
vertex 70.19374084472656 -2.4098381996154785 5
endloop
endfacet
facet normal 0 0 -1
outer loop
vertex -28.218175888061523 -44.91175079345703 0
vertex -30.94997787475586 -44.049949645996094 0
vertex -28.218175888061523 -44.27814483642578 0
endloop
endfacet
facet normal 0 0 -1
outer loop
vertex -30.94997787475586 -44.049949645996094 0
vertex -28.349977493286133 -43.9599494934082 0
vertex -28.315723419189453 -44.13215637207031 0
endloop
endfacet
facet normal 0 0 -1
outer loop
vertex -28.218175888061523 -44.27814483642578 0
vertex -30.94997787475586 -44.049949645996094 0
vertex -28.315723419189453 -44.13215637207031 0
endloop
endfacet
facet normal 0 0 -1
outer loop
vertex -28.349977493286133 -43.9599494934082 0
vertex -30.94997787475586 -44.049949645996094 0
vertex -28.315723419189453 -43.787742614746094 0
endloop
endfacet
facet normal 0 0 -1
outer loop
vertex -28.315723419189453 -43.787742614746094 0
vertex -30.94997787475586 -44.049949645996094 0
vertex -28.218175888061523 -43.64175033569336 0
endloop
endfacet
facet normal 0 0 1
outer loop
vertex 64.05001831054688 -6.049948692321777 5
vertex 64.05001831054688 -10.94994831085205 5
vertex 70.19374084472656 -2.4098381996154785 5
endloop
endfacet
facet normal 0 0 -1
outer loop
vertex -28.218175888061523 -43.64175033569336 0
vertex -30.94997787475586 -44.049949645996094 0
vertex -28.072185516357422 -43.10569381713867 0
endloop
endfacet
facet normal 0 0 -1
outer loop
vertex 11.950021743774414 -6.049948692321777 0
vertex 7.050022125244141 -6.049948692321777 0
vertex 7.050022125244141 8.05005168914795 0
endloop
endfacet
facet normal 0 0 -1
outer loop
vertex 2.5000221729278564 8.05005168914795 0
vertex 2.5000221729278564 8.750051498413086 0
vertex 7.050022125244141 8.05005168914795 0
endloop
endfacet
facet normal 0 0 -1
outer loop
vertex 2.5000221729278564 8.750051498413086 0
vertex -2.4999778270721436 12.250051498413086 0
vertex 2.5000221729278564 12.250051498413086 0
endloop
endfacet
facet normal 0 0 -1
outer loop
vertex 7.050022125244141 8.05005168914795 0
vertex 2.5000221729278564 8.750051498413086 0
vertex 2.5000221729278564 12.250051498413086 0
endloop
endfacet
facet normal 0 0 -1
outer loop
vertex 7.050022125244141 8.05005168914795 0
vertex 2.5000221729278564 12.250051498413086 0
vertex 2.5000221729278564 12.950051307678223 0
endloop
endfacet
facet normal 0 0 -1
outer loop
vertex 7.050022125244141 8.05005168914795 0
vertex 2.5000221729278564 12.950051307678223 0
vertex 11.950021743774414 8.05005168914795 0
endloop
endfacet
facet normal 0 0 -1
outer loop
vertex 11.950021743774414 8.05005168914795 0
vertex 2.5000221729278564 12.950051307678223 0
vertex 7.050022125244141 12.950051307678223 0
endloop
endfacet
facet normal 0 0 -1
outer loop
vertex 11.950021743774414 -6.049948692321777 0
vertex 7.050022125244141 8.05005168914795 0
vertex 11.950021743774414 8.05005168914795 0
endloop
endfacet
facet normal 0 0 -1
outer loop
vertex 11.950021743774414 8.05005168914795 0
vertex 7.050022125244141 12.950051307678223 0
vertex 16.500022888183594 8.05005168914795 0
endloop
endfacet
facet normal 0 0 -1
outer loop
vertex 16.500022888183594 8.05005168914795 0
vertex 7.050022125244141 12.950051307678223 0
vertex 11.950021743774414 12.950051307678223 0
endloop
endfacet
facet normal 0 0 -1
outer loop
vertex 16.500022888183594 8.05005168914795 0
vertex 11.950021743774414 12.950051307678223 0
vertex 16.500022888183594 8.750051498413086 0
endloop
endfacet
facet normal 0 0 -1
outer loop
vertex 16.500022888183594 8.750051498413086 0
vertex 11.950021743774414 12.950051307678223 0
vertex 16.500022888183594 12.250051498413086 0
endloop
endfacet
facet normal 0 0 -1
outer loop
vertex -9.072477340698242 -44.81420135498047 0
vertex -16.499977111816406 -44.74995040893555 0
vertex -11.94997787475586 -44.049949645996094 0
endloop
endfacet
facet normal 0 0 -1
outer loop
vertex -8.728062629699707 -46.91569519042969 0
vertex -9.959892272949219 -50.9374885559082 0
vertex -8.900269508361816 -46.949947357177734 0
endloop
endfacet
facet normal 0 0 -1
outer loop
vertex -8.900269508361816 -46.949947357177734 0
vertex -10.175623893737793 -50.872047424316406 0
vertex -9.072477340698242 -46.91569519042969 0
endloop
endfacet
facet normal 0 0 -1
outer loop
vertex -10.399977684020996 -50.84994888305664 0
vertex -9.218467712402344 -46.818145751953125 0
vertex -9.072477340698242 -46.91569519042969 0
endloop
endfacet
facet normal 0 0 -1
outer loop
vertex -10.84006404876709 -50.9374885559082 0
vertex -9.35027027130127 -46.49995040893555 0
vertex -9.316015243530273 -46.672157287597656 0
endloop
endfacet
facet normal 0 0 -1
outer loop
vertex 11.950021743774414 12.950051307678223 0
vertex 7.050022125244141 12.950051307678223 0
vertex 7.050022125244141 27.050050735473633 0
endloop
endfacet
facet normal 0 0 -1
outer loop
vertex 16.500022888183594 12.250051498413086 0
vertex 11.950021743774414 12.950051307678223 0
vertex 16.500022888183594 12.950051307678223 0
endloop
endfacet
facet normal 0 0 -1
outer loop
vertex 11.950021743774414 12.950051307678223 0
vertex 7.050022125244141 27.050050735473633 0
vertex 11.950021743774414 27.050050735473633 0
endloop
endfacet
facet normal 0 0 -1
outer loop
vertex -10.6243314743042 -50.872047424316406 0
vertex -9.316015243530273 -46.672157287597656 0
vertex -9.218467712402344 -46.818145751953125 0
endloop
endfacet
facet normal 0 0 -1
outer loop
vertex -10.175623893737793 -50.872047424316406 0
vertex -8.900269508361816 -46.949947357177734 0
vertex -9.959892272949219 -50.9374885559082 0
endloop
endfacet
facet normal 0 0 -1
outer loop
vertex -10.399977684020996 -50.84994888305664 0
vertex -9.072477340698242 -46.91569519042969 0
vertex -10.175623893737793 -50.872047424316406 0
endloop
endfacet
facet normal 0 0 -1
outer loop
vertex -10.399977684020996 -50.84994888305664 0
vertex -10.6243314743042 -50.872047424316406 0
vertex -9.218467712402344 -46.818145751953125 0
endloop
endfacet
facet normal 0 0 -1
outer loop
vertex 16.500022888183594 8.750051498413086 0
vertex 16.500022888183594 12.250051498413086 0
vertex 21.500022888183594 8.750051498413086 0
endloop
endfacet
facet normal 0 0 -1
outer loop
vertex 21.500022888183594 8.750051498413086 0
vertex 16.500022888183594 12.250051498413086 0
vertex 21.500022888183594 12.250051498413086 0
endloop
endfacet
facet normal 0 0 -1
outer loop
vertex 21.500022888183594 8.05005168914795 0
vertex 21.500022888183594 8.750051498413086 0
vertex 26.05002212524414 8.05005168914795 0
endloop
endfacet
facet normal 0 0 -1
outer loop
vertex 26.05002212524414 8.05005168914795 0
vertex 21.500022888183594 8.750051498413086 0
vertex 21.500022888183594 12.250051498413086 0
endloop
endfacet
facet normal 0 0 -1
outer loop
vertex 26.05002212524414 8.05005168914795 0
vertex 21.500022888183594 12.250051498413086 0
vertex 26.05002212524414 12.950051307678223 0
endloop
endfacet
facet normal 0 0 -1
outer loop
vertex 30.950021743774414 -6.049948692321777 0
vertex 26.05002212524414 -6.049948692321777 0
vertex 26.05002212524414 8.05005168914795 0
endloop
endfacet
facet normal 0 0 -1
outer loop
vertex 30.950021743774414 -6.049948692321777 0
vertex 26.05002212524414 8.05005168914795 0
vertex 30.950021743774414 8.05005168914795 0
endloop
endfacet
facet normal 0 0 -1
outer loop
vertex 30.950021743774414 8.05005168914795 0
vertex 26.05002212524414 8.05005168914795 0
vertex 26.05002212524414 12.950051307678223 0
endloop
endfacet
facet normal 0 0 -1
outer loop
vertex 30.950021743774414 8.05005168914795 0
vertex 26.05002212524414 12.950051307678223 0
vertex 30.950021743774414 12.950051307678223 0
endloop
endfacet
facet normal 0 0 -1
outer loop
vertex 30.950021743774414 8.05005168914795 0
vertex 35.500022888183594 8.750051498413086 0
vertex 35.500022888183594 8.05005168914795 0
endloop
endfacet
facet normal 0 0 -1
outer loop
vertex 35.500022888183594 8.750051498413086 0
vertex 30.950021743774414 8.05005168914795 0
vertex 30.950021743774414 12.950051307678223 0
endloop
endfacet
facet normal 0 0 -1
outer loop
vertex 35.500022888183594 8.750051498413086 0
vertex 30.950021743774414 12.950051307678223 0
vertex 40.500022888183594 8.750051498413086 0
endloop
endfacet
facet normal 0 0 -1
outer loop
vertex -10.6243314743042 -50.872047424316406 0
vertex -10.84006404876709 -50.9374885559082 0
vertex -9.316015243530273 -46.672157287597656 0
endloop
endfacet
facet normal 0 0 -1
outer loop
vertex -16.499977111816406 -44.74995040893555 0
vertex -16.499977111816406 -44.049949645996094 0
vertex -11.94997787475586 -44.049949645996094 0
endloop
endfacet
facet normal 0 0 -1
outer loop
vertex -9.072477340698242 -44.81420135498047 0
vertex -21.499977111816406 -44.74995040893555 0
vertex -16.499977111816406 -44.74995040893555 0
endloop
endfacet
facet normal 0 0 -1
outer loop
vertex -9.218467712402344 -44.91175079345703 0
vertex -27.44997787475586 -45.229949951171875 0
vertex -9.072477340698242 -44.81420135498047 0
endloop
endfacet
facet normal 0 0 -1
outer loop
vertex -9.316015243530273 -45.0577392578125 0
vertex -27.44997787475586 -45.229949951171875 0
vertex -9.218467712402344 -44.91175079345703 0
endloop
endfacet
facet normal 0 0 -1
outer loop
vertex 26.05002212524414 12.950051307678223 0
vertex 21.500022888183594 12.250051498413086 0
vertex 21.500022888183594 12.950051307678223 0
endloop
endfacet
facet normal 0 0 -1
outer loop
vertex 30.950021743774414 12.950051307678223 0
vertex 26.05002212524414 12.950051307678223 0
vertex 26.05002212524414 27.050050735473633 0
endloop
endfacet
facet normal 0 0 -1
outer loop
vertex 30.950021743774414 12.950051307678223 0
vertex 35.500022888183594 12.950051307678223 0
vertex 35.500022888183594 12.250051498413086 0
endloop
endfacet
facet normal 0 0 -1
outer loop
vertex 30.950021743774414 12.950051307678223 0
vertex 26.05002212524414 27.050050735473633 0
vertex 30.950021743774414 27.050050735473633 0
endloop
endfacet
facet normal 0 0 -1
outer loop
vertex -9.35027027130127 -45.229949951171875 0
vertex -27.44997787475586 -45.229949951171875 0
vertex -9.316015243530273 -45.0577392578125 0
endloop
endfacet
facet normal 0 0 -1
outer loop
vertex -9.316015243530273 -45.402156829833984 0
vertex -27.48423194885254 -45.402156829833984 0
vertex -9.35027027130127 -45.229949951171875 0
endloop
endfacet
facet normal 0 0 -1
outer loop
vertex -9.072477340698242 -46.08420181274414 0
vertex -27.48423194885254 -45.402156829833984 0
vertex -9.316015243530273 -45.402156829833984 0
endloop
endfacet
facet normal 0 0 -1
outer loop
vertex -9.218467712402344 -46.1817512512207 0
vertex -27.48423194885254 -46.32773971557617 0
vertex -9.072477340698242 -46.08420181274414 0
endloop
endfacet
facet normal 0 0 -1
outer loop
vertex -9.316015243530273 -46.32773971557617 0
vertex -27.48423194885254 -46.32773971557617 0
vertex -9.218467712402344 -46.1817512512207 0
endloop
endfacet
facet normal 0 0 -1
outer loop
vertex -9.35027027130127 -46.49995040893555 0
vertex -27.48423194885254 -46.32773971557617 0
vertex -9.316015243530273 -46.32773971557617 0
endloop
endfacet
facet normal 0 0 -1
outer loop
vertex -27.44997787475586 -46.49995040893555 0
vertex -9.35027027130127 -46.49995040893555 0
vertex -10.84006404876709 -50.9374885559082 0
endloop
endfacet
facet normal 0 0 -1
outer loop
vertex -27.44997787475586 -46.49995040893555 0
vertex -10.84006404876709 -50.9374885559082 0
vertex -11.038883209228516 -51.043758392333984 0
endloop
endfacet
facet normal 0 0 -1
outer loop
vertex -27.44997787475586 -46.49995040893555 0
vertex -11.038883209228516 -51.043758392333984 0
vertex -11.213150978088379 -51.18677520751953 0
endloop
endfacet
facet normal 0 0 -1
outer loop
vertex -11.356167793273926 -51.36104202270508 0
vertex -27.44997787475586 -46.49995040893555 0
vertex -11.213150978088379 -51.18677520751953 0
endloop
endfacet
facet normal 0 0 -1
outer loop
vertex -11.46243953704834 -51.55986404418945 0
vertex -27.48423194885254 -46.672157287597656 0
vertex -11.356167793273926 -51.36104202270508 0
endloop
endfacet
facet normal 0 0 -1
outer loop
vertex -11.46243953704834 -51.55986404418945 0
vertex -11.527880668640137 -51.775596618652344 0
vertex -27.48423194885254 -46.672157287597656 0
endloop
endfacet
facet normal 0 0 -1
outer loop
vertex -11.527880668640137 -51.775596618652344 0
vertex -11.549978256225586 -51.99995040893555 0
vertex -27.48423194885254 -46.672157287597656 0
endloop
endfacet
facet normal 0 0 -1
outer loop
vertex -11.549978256225586 -51.99995040893555 0
vertex -11.527880668640137 -52.22430419921875 0
vertex -27.48423194885254 -46.672157287597656 0
endloop
endfacet
facet normal 0 0 -1
outer loop
vertex -11.527880668640137 -52.22430419921875 0
vertex -11.46243953704834 -52.440032958984375 0
vertex -27.48423194885254 -46.672157287597656 0
endloop
endfacet
facet normal 0 0 -1
outer loop
vertex -11.46243953704834 -52.440032958984375 0
vertex -11.356167793273926 -52.63885498046875 0
vertex -28.072185516357422 -46.91569519042969 0
endloop
endfacet
facet normal 0 0 -1
outer loop
vertex 54.721778869628906 -51.7198600769043 0
vertex -50.81279754638672 -56.19064712524414 0
vertex -51.23442840576172 -55.94023895263672 0
endloop
endfacet
facet normal 0 0 -1
outer loop
vertex -49.7498893737793 -56.48324203491211 0
vertex -50.81279754638672 -56.19064712524414 0
vertex 54.721778869628906 -51.7198600769043 0
endloop
endfacet
facet normal 0 0 -1
outer loop
vertex 54.721778869628906 -51.7198600769043 0
vertex -52.0004997253418 -55.14637756347656 0
vertex -52.238563537597656 -54.71090316772461 0
endloop
endfacet
facet normal 0 0 -1
outer loop
vertex -51.23442840576172 -55.94023895263672 0
vertex -52.0004997253418 -55.14637756347656 0
vertex 54.721778869628906 -51.7198600769043 0
endloop
endfacet
facet normal 0 0 -1
outer loop
vertex -26.049978256225586 -29.949949264526367 0
vertex -21.499977111816406 -29.249948501586914 0
vertex -21.499977111816406 -29.949949264526367 0
endloop
endfacet
facet normal 0 0 -1
outer loop
vertex -26.049978256225586 -29.949949264526367 0
vertex -27.48423194885254 -36.16773986816406 0
vertex -27.58177947998047 -36.021751403808594 0
endloop
endfacet
facet normal 0 0 -1
outer loop
vertex -26.049978256225586 -29.949949264526367 0
vertex -27.44997787475586 -36.33994674682617 0
vertex -27.48423194885254 -36.16773986816406 0
endloop
endfacet
facet normal 0 0 -1
outer loop
vertex -26.049978256225586 -29.949949264526367 0
vertex -27.48423194885254 -36.51215744018555 0
vertex -27.44997787475586 -36.33994674682617 0
endloop
endfacet
facet normal 0 0 -1
outer loop
vertex 2.5000221729278564 27.750051498413086 0
vertex -7.049977779388428 31.95005226135254 0
vertex 7.050022125244141 27.050050735473633 0
endloop
endfacet
facet normal 0 0 -1
outer loop
vertex 2.5000221729278564 27.050050735473633 0
vertex 2.5000221729278564 27.750051498413086 0
vertex 7.050022125244141 27.050050735473633 0
endloop
endfacet
facet normal 0 0 -1
outer loop
vertex 11.950021743774414 27.050050735473633 0
vertex 7.050022125244141 27.050050735473633 0
vertex -7.049977779388428 31.95005226135254 0
endloop
endfacet
facet normal 0 0 -1
outer loop
vertex 11.950021743774414 27.050050735473633 0
vertex -7.049977779388428 31.95005226135254 0
vertex -2.4999778270721436 31.250051498413086 0
endloop
endfacet
facet normal 0 0 -1
outer loop
vertex 11.950021743774414 27.050050735473633 0
vertex -2.4999778270721436 31.250051498413086 0
vertex 2.5000221729278564 31.250051498413086 0
endloop
endfacet
facet normal 0 0 -1
outer loop
vertex 2.5000221729278564 31.250051498413086 0
vertex 2.5000221729278564 31.95005226135254 0
vertex 7.050022125244141 31.95005226135254 0
endloop
endfacet
facet normal 0 0 -1
outer loop
vertex 11.950021743774414 27.050050735473633 0
vertex 2.5000221729278564 31.250051498413086 0
vertex 7.050022125244141 31.95005226135254 0
endloop
endfacet
facet normal 0 0 -1
outer loop
vertex 7.050022125244141 31.95005226135254 0
vertex 7.050022125244141 46.050052642822266 0
vertex 11.950021743774414 31.95005226135254 0
endloop
endfacet
facet normal 0 0 -1
outer loop
vertex 11.950021743774414 27.050050735473633 0
vertex 11.950021743774414 31.95005226135254 0
vertex 16.500022888183594 27.750051498413086 0
endloop
endfacet
facet normal 0 0 -1
outer loop
vertex 11.950021743774414 27.050050735473633 0
vertex 7.050022125244141 31.95005226135254 0
vertex 11.950021743774414 31.95005226135254 0
endloop
endfacet
facet normal 0 0 -1
outer loop
vertex 11.950021743774414 27.050050735473633 0
vertex 16.500022888183594 27.750051498413086 0
vertex 16.500022888183594 27.050050735473633 0
endloop
endfacet
facet normal 0 0 -1
outer loop
vertex 16.500022888183594 27.750051498413086 0
vertex 11.950021743774414 31.95005226135254 0
vertex 16.500022888183594 31.250051498413086 0
endloop
endfacet
facet normal 0 0 -1
outer loop
vertex 16.500022888183594 31.250051498413086 0
vertex 11.950021743774414 31.95005226135254 0
vertex 16.500022888183594 31.95005226135254 0
endloop
endfacet
facet normal 0 0 -1
outer loop
vertex -26.049978256225586 -29.949949264526367 0
vertex -27.58177947998047 -37.291751861572266 0
vertex -27.48423194885254 -36.51215744018555 0
endloop
endfacet
facet normal 0 0 -1
outer loop
vertex -26.049978256225586 -29.949949264526367 0
vertex -27.48423194885254 -37.437740325927734 0
vertex -27.58177947998047 -37.291751861572266 0
endloop
endfacet
facet normal 0 0 -1
outer loop
vertex -26.049978256225586 -29.949949264526367 0
vertex -27.44997787475586 -37.609947204589844 0
vertex -27.48423194885254 -37.437740325927734 0
endloop
endfacet
facet normal 0 0 -1
outer loop
vertex -26.049978256225586 -39.10481643676758 0
vertex -27.44997787475586 -37.609947204589844 0
vertex -26.049978256225586 -29.949949264526367 0
endloop
endfacet
facet normal 0 0 -1
outer loop
vertex -26.049978256225586 -39.10481643676758 0
vertex -27.48423194885254 -37.78215789794922 0
vertex -27.44997787475586 -37.609947204589844 0
endloop
endfacet
facet normal 0 0 -1
outer loop
vertex -26.049978256225586 -39.10481643676758 0
vertex -27.58177947998047 -37.92814636230469 0
vertex -27.48423194885254 -37.78215789794922 0
endloop
endfacet
facet normal 0 0 -1
outer loop
vertex -26.049978256225586 -39.10481643676758 0
vertex -27.48423194885254 -38.707740783691406 0
vertex -27.58177947998047 -38.56175231933594 0
endloop
endfacet
facet normal 0 0 -1
outer loop
vertex -26.049978256225586 -39.10481643676758 0
vertex -27.44997787475586 -38.879947662353516 0
vertex -27.48423194885254 -38.707740783691406 0
endloop
endfacet
facet normal 0 0 -1
outer loop
vertex -26.049978256225586 -39.10481643676758 0
vertex -27.48423194885254 -39.052154541015625 0
vertex -27.44997787475586 -38.879947662353516 0
endloop
endfacet
facet normal 0 0 -1
outer loop
vertex 2.5000221729278564 46.050052642822266 0
vertex 2.5000221729278564 46.75004959106445 0
vertex 7.050022125244141 46.050052642822266 0
endloop
endfacet
facet normal 0 0 -1
outer loop
vertex 7.050022125244141 46.050052642822266 0
vertex 2.5000221729278564 46.75004959106445 0
vertex 16.500022888183594 46.75004959106445 0
endloop
endfacet
facet normal 0 0 -1
outer loop
vertex 35.500022888183594 46.75004959106445 0
vertex -66.8835220336914 53.482234954833984 0
vertex 40.500022888183594 46.75004959106445 0
endloop
endfacet
facet normal 0 0 -1
outer loop
vertex 11.950021743774414 31.95005226135254 0
vertex 7.050022125244141 46.050052642822266 0
vertex 11.950021743774414 46.050052642822266 0
endloop
endfacet
facet normal 0 0 -1
outer loop
vertex 11.950021743774414 46.050052642822266 0
vertex 7.050022125244141 46.050052642822266 0
vertex 16.500022888183594 46.75004959106445 0
endloop
endfacet
facet normal 0 0 -1
outer loop
vertex 11.950021743774414 46.050052642822266 0
vertex 16.500022888183594 46.75004959106445 0
vertex 16.500022888183594 46.050052642822266 0
endloop
endfacet
facet normal 0 0 -1
outer loop
vertex 40.500022888183594 46.75004959106445 0
vertex -66.8835220336914 53.482234954833984 0
vertex 54.500022888183594 46.75004959106445 0
endloop
endfacet
facet normal 0 0 -1
outer loop
vertex -26.049978256225586 -39.10481643676758 0
vertex -27.58177947998047 -39.19814682006836 0
vertex -27.48423194885254 -39.052154541015625 0
endloop
endfacet
facet normal 0 0 -1
outer loop
vertex -26.049978256225586 -39.10481643676758 0
vertex -27.48423194885254 -39.97774124145508 0
vertex -27.58177947998047 -39.831748962402344 0
endloop
endfacet
facet normal 0 0 -1
outer loop
vertex -26.049978256225586 -39.10481643676758 0
vertex -27.44997787475586 -40.14994812011719 0
vertex -27.48423194885254 -39.97774124145508 0
endloop
endfacet
facet normal 0 0 -1
outer loop
vertex -26.049978256225586 -39.10481643676758 0
vertex -27.48423194885254 -40.3221549987793 0
vertex -27.44997787475586 -40.14994812011719 0
endloop
endfacet
facet normal 0 0 -1
outer loop
vertex -27.48423194885254 -40.3221549987793 0
vertex -26.049978256225586 -39.10481643676758 0
vertex -26.049978256225586 -44.049949645996094 0
endloop
endfacet
facet normal 0 0 -1
outer loop
vertex 16.500022888183594 27.750051498413086 0
vertex 16.500022888183594 31.250051498413086 0
vertex 21.500022888183594 27.750051498413086 0
endloop
endfacet
facet normal 0 0 -1
outer loop
vertex 21.500022888183594 27.750051498413086 0
vertex 16.500022888183594 31.250051498413086 0
vertex 21.500022888183594 31.250051498413086 0
endloop
endfacet
facet normal 0 0 -1
outer loop
vertex 21.500022888183594 27.050050735473633 0
vertex 21.500022888183594 27.750051498413086 0
vertex 26.05002212524414 27.050050735473633 0
endloop
endfacet
facet normal 0 0 -1
outer loop
vertex 26.05002212524414 27.050050735473633 0
vertex 21.500022888183594 27.750051498413086 0
vertex 21.500022888183594 31.250051498413086 0
endloop
endfacet
facet normal 0 0 -1
outer loop
vertex 26.05002212524414 27.050050735473633 0
vertex 21.500022888183594 31.250051498413086 0
vertex 26.05002212524414 31.95005226135254 0
endloop
endfacet
facet normal 0 0 -1
outer loop
vertex 26.05002212524414 31.95005226135254 0
vertex 21.500022888183594 31.250051498413086 0
vertex 21.500022888183594 31.95005226135254 0
endloop
endfacet
facet normal 0 0 -1
outer loop
vertex 30.950021743774414 27.050050735473633 0
vertex 26.05002212524414 27.050050735473633 0
vertex 26.05002212524414 31.95005226135254 0
endloop
endfacet
facet normal 0 0 -1
outer loop
vertex 30.950021743774414 27.050050735473633 0
vertex 26.05002212524414 31.95005226135254 0
vertex 35.500022888183594 27.750051498413086 0
endloop
endfacet
facet normal 0 0 -1
outer loop
vertex 30.950021743774414 27.050050735473633 0
vertex 35.500022888183594 27.750051498413086 0
vertex 35.500022888183594 27.050050735473633 0
endloop
endfacet
facet normal 0 0 -1
outer loop
vertex 35.500022888183594 27.750051498413086 0
vertex 26.05002212524414 31.95005226135254 0
vertex 40.500022888183594 27.750051498413086 0
endloop
endfacet
facet normal 0 0 -1
outer loop
vertex 26.05002212524414 31.95005226135254 0
vertex 30.950021743774414 31.95005226135254 0
vertex 49.95002365112305 27.050050735473633 0
endloop
endfacet
facet normal 0 0 -1
outer loop
vertex 30.950021743774414 31.95005226135254 0
vertex 35.500022888183594 31.95005226135254 0
vertex 35.500022888183594 31.250051498413086 0
endloop
endfacet
facet normal 0 0 -1
outer loop
vertex 30.950021743774414 31.95005226135254 0
vertex 26.05002212524414 31.95005226135254 0
vertex 26.05002212524414 46.050052642822266 0
endloop
endfacet
facet normal 0 0 -1
outer loop
vertex -27.58177947998047 -40.46814727783203 0
vertex -27.48423194885254 -40.3221549987793 0
vertex -26.049978256225586 -44.049949645996094 0
endloop
endfacet
facet normal 0 0 -1
outer loop
vertex -27.48423194885254 -41.24774169921875 0
vertex -26.049978256225586 -44.049949645996094 0
vertex -27.44997787475586 -41.41994857788086 0
endloop
endfacet
facet normal 0 0 -1
outer loop
vertex -27.48423194885254 -41.59215545654297 0
vertex -27.44997787475586 -41.41994857788086 0
vertex -26.049978256225586 -44.049949645996094 0
endloop
endfacet
facet normal 0 0 -1
outer loop
vertex -27.48423194885254 -42.51774215698242 0
vertex -27.48423194885254 -41.59215545654297 0
vertex -26.049978256225586 -44.049949645996094 0
endloop
endfacet
facet normal 0 0 -1
outer loop
vertex -26.049978256225586 -29.949949264526367 0
vertex -27.72776985168457 -35.92420196533203 0
vertex -30.94997787475586 -29.949949264526367 0
endloop
endfacet
facet normal 0 0 -1
outer loop
vertex -27.58177947998047 -36.021751403808594 0
vertex -27.72776985168457 -35.92420196533203 0
vertex -26.049978256225586 -29.949949264526367 0
endloop
endfacet
facet normal 0 0 -1
outer loop
vertex -27.72776985168457 -35.92420196533203 0
vertex -27.899978637695312 -35.889949798583984 0
vertex -30.94997787475586 -29.949949264526367 0
endloop
endfacet
facet normal 0 0 -1
outer loop
vertex -27.899978637695312 -35.889949798583984 0
vertex -28.072185516357422 -35.92420196533203 0
vertex -30.94997787475586 -29.949949264526367 0
endloop
endfacet
facet normal 0 0 -1
outer loop
vertex -28.072185516357422 -35.92420196533203 0
vertex -28.218175888061523 -36.021751403808594 0
vertex -30.94997787475586 -29.949949264526367 0
endloop
endfacet
facet normal 0 0 -1
outer loop
vertex -28.218175888061523 -36.021751403808594 0
vertex -28.315723419189453 -36.16773986816406 0
vertex -30.94997787475586 -29.949949264526367 0
endloop
endfacet
facet normal 0 0 -1
outer loop
vertex 21.500022888183594 46.050052642822266 0
vertex 21.500022888183594 46.75004959106445 0
vertex 26.05002212524414 46.050052642822266 0
endloop
endfacet
facet normal 0 0 -1
outer loop
vertex 54.500022888183594 46.75004959106445 0
vertex -66.8835220336914 53.482234954833984 0
vertex 70.20001983642578 48.49039077758789 0
endloop
endfacet
facet normal 0 0 -1
outer loop
vertex 70.20001983642578 48.49039077758789 0
vertex -66.8835220336914 53.482234954833984 0
vertex 66.7824935913086 53.488277435302734 0
endloop
endfacet
facet normal 0 0 -1
outer loop
vertex 30.950021743774414 31.95005226135254 0
vertex 26.05002212524414 46.050052642822266 0
vertex 30.950021743774414 46.050052642822266 0
endloop
endfacet
facet normal 0 0 -1
outer loop
vertex 26.05002212524414 46.050052642822266 0
vertex 21.500022888183594 46.75004959106445 0
vertex 35.500022888183594 46.75004959106445 0
endloop
endfacet
facet normal 0 0 -1
outer loop
vertex 30.950021743774414 46.050052642822266 0
vertex 26.05002212524414 46.050052642822266 0
vertex 35.500022888183594 46.75004959106445 0
endloop
endfacet
facet normal 0 0 -1
outer loop
vertex 30.950021743774414 46.050052642822266 0
vertex 35.500022888183594 46.75004959106445 0
vertex 35.500022888183594 46.050052642822266 0
endloop
endfacet
facet normal 0 0 -1
outer loop
vertex -28.315723419189453 -36.16773986816406 0
vertex -28.349977493286133 -36.33994674682617 0
vertex -30.94997787475586 -29.949949264526367 0
endloop
endfacet
facet normal 0 0 -1
outer loop
vertex -28.349977493286133 -36.33994674682617 0
vertex -30.94997787475586 -38.1689453125 0
vertex -30.94997787475586 -29.949949264526367 0
endloop
endfacet
facet normal 0 0 -1
outer loop
vertex -35.499977111816406 -29.949949264526367 0
vertex -35.499977111816406 -29.249948501586914 0
vertex -30.94997787475586 -29.949949264526367 0
endloop
endfacet
facet normal 0 0 -1
outer loop
vertex -27.58177947998047 -37.291751861572266 0
vertex -27.58177947998047 -36.658145904541016 0
vertex -27.48423194885254 -36.51215744018555 0
endloop
endfacet
facet normal 0 0 -1
outer loop
vertex -27.58177947998047 -37.291751861572266 0
vertex -27.72776985168457 -36.75569534301758 0
vertex -27.58177947998047 -36.658145904541016 0
endloop
endfacet
facet normal 0 0 -1
outer loop
vertex -27.72776985168457 -36.75569534301758 0
vertex -27.72776985168457 -37.1942024230957 0
vertex -27.899978637695312 -36.789947509765625 0
endloop
endfacet
facet normal 0 0 -1
outer loop
vertex -27.72776985168457 -37.1942024230957 0
vertex -27.72776985168457 -36.75569534301758 0
vertex -27.58177947998047 -37.291751861572266 0
endloop
endfacet
facet normal 0 0 -1
outer loop
vertex -27.899978637695312 -37.159950256347656 0
vertex -27.899978637695312 -36.789947509765625 0
vertex -27.72776985168457 -37.1942024230957 0
endloop
endfacet
facet normal 0 0 -1
outer loop
vertex -27.899978637695312 -37.159950256347656 0
vertex -28.072185516357422 -36.75569534301758 0
vertex -27.899978637695312 -36.789947509765625 0
endloop
endfacet
facet normal 0 0 -1
outer loop
vertex -28.072185516357422 -37.1942024230957 0
vertex -28.072185516357422 -36.75569534301758 0
vertex -27.899978637695312 -37.159950256347656 0
endloop
endfacet
facet normal 0 0 -1
outer loop
vertex -28.218175888061523 -37.291751861572266 0
vertex -28.072185516357422 -36.75569534301758 0
vertex -28.072185516357422 -37.1942024230957 0
endloop
endfacet
facet normal 0 0 -1
outer loop
vertex -28.218175888061523 -36.658145904541016 0
vertex -30.94997787475586 -38.1689453125 0
vertex -28.315723419189453 -36.51215744018555 0
endloop
endfacet
facet normal 0 0 -1
outer loop
vertex -30.94997787475586 -38.1689453125 0
vertex -28.349977493286133 -36.33994674682617 0
vertex -28.315723419189453 -36.51215744018555 0
endloop
endfacet
facet normal 0 0 -1
outer loop
vertex -28.072185516357422 -36.75569534301758 0
vertex -30.94997787475586 -38.1689453125 0
vertex -28.218175888061523 -36.658145904541016 0
endloop
endfacet
facet normal 0 0 -1
outer loop
vertex -28.218175888061523 -37.291751861572266 0
vertex -30.94997787475586 -38.1689453125 0
vertex -28.072185516357422 -36.75569534301758 0
endloop
endfacet
facet normal 0 0 -1
outer loop
vertex -27.58177947998047 -37.92814636230469 0
vertex -27.58177947998047 -38.56175231933594 0
vertex -27.72776985168457 -38.02569580078125 0
endloop
endfacet
facet normal 0 0 -1
outer loop
vertex -27.72776985168457 -38.02569580078125 0
vertex -27.72776985168457 -38.464202880859375 0
vertex -27.899978637695312 -38.0599479675293 0
endloop
endfacet
facet normal 0 0 -1
outer loop
vertex -27.72776985168457 -38.464202880859375 0
vertex -27.72776985168457 -38.02569580078125 0
vertex -27.58177947998047 -38.56175231933594 0
endloop
endfacet
facet normal 0 0 -1
outer loop
vertex -27.72776985168457 -38.464202880859375 0
vertex -27.899978637695312 -38.42994689941406 0
vertex -27.899978637695312 -38.0599479675293 0
endloop
endfacet
facet normal 0 0 -1
outer loop
vertex -27.899978637695312 -38.42994689941406 0
vertex -28.072185516357422 -38.02569580078125 0
vertex -27.899978637695312 -38.0599479675293 0
endloop
endfacet
facet normal 0 0 -1
outer loop
vertex -28.072185516357422 -38.464202880859375 0
vertex -28.218175888061523 -37.92814636230469 0
vertex -28.072185516357422 -38.02569580078125 0
endloop
endfacet
facet normal 0 0 -1
outer loop
vertex -28.072185516357422 -38.464202880859375 0
vertex -28.072185516357422 -38.02569580078125 0
vertex -27.899978637695312 -38.42994689941406 0
endloop
endfacet
facet normal -0.00004520580967662025 0.9999999989782173 0
outer loop
vertex 66.7824935913086 53.488277435302734 0
vertex -66.8835220336914 53.482234954833984 0
vertex 66.7824935913086 53.488277435302734 5
endloop
endfacet
facet normal 0 0 -1
outer loop
vertex -28.218175888061523 -38.56175231933594 0
vertex -28.218175888061523 -37.92814636230469 0
vertex -28.072185516357422 -38.464202880859375 0
endloop
endfacet
facet normal 0 0 -1
outer loop
vertex -27.58177947998047 -38.56175231933594 0
vertex -27.58177947998047 -37.92814636230469 0
vertex -26.049978256225586 -39.10481643676758 0
endloop
endfacet
facet normal 0 0 -1
outer loop
vertex -28.315723419189453 -37.437740325927734 0
vertex -30.94997787475586 -38.1689453125 0
vertex -28.218175888061523 -37.291751861572266 0
endloop
endfacet
facet normal 0 0 -1
outer loop
vertex 35.500022888183594 12.250051498413086 0
vertex 45.05002212524414 8.05005168914795 0
vertex 30.950021743774414 12.950051307678223 0
endloop
endfacet
facet normal 0 0 -1
outer loop
vertex 40.500022888183594 8.750051498413086 0
vertex 30.950021743774414 12.950051307678223 0
vertex 45.05002212524414 8.05005168914795 0
endloop
endfacet
facet normal 0 0 -1
outer loop
vertex 45.05002212524414 8.05005168914795 0
vertex 35.500022888183594 12.250051498413086 0
vertex 40.500022888183594 12.250051498413086 0
endloop
endfacet
facet normal 0 0 -1
outer loop
vertex 40.500022888183594 8.05005168914795 0
vertex 40.500022888183594 8.750051498413086 0
vertex 45.05002212524414 8.05005168914795 0
endloop
endfacet
facet normal 0 0 -1
outer loop
vertex 40.500022888183594 12.250051498413086 0
vertex 45.05002212524414 12.950051307678223 0
vertex 45.05002212524414 8.05005168914795 0
endloop
endfacet
facet normal 0 0 -1
outer loop
vertex 49.95002365112305 -6.049948692321777 0
vertex 45.05002212524414 -6.049948692321777 0
vertex 45.05002212524414 8.05005168914795 0
endloop
endfacet
facet normal 0 0 -1
outer loop
vertex 49.95002365112305 -6.049948692321777 0
vertex 45.05002212524414 8.05005168914795 0
vertex 49.95002365112305 8.05005168914795 0
endloop
endfacet
facet normal 0 0 -1
outer loop
vertex 49.95002365112305 8.05005168914795 0
vertex 45.05002212524414 8.05005168914795 0
vertex 45.05002212524414 12.950051307678223 0
endloop
endfacet
facet normal 0 0 -1
outer loop
vertex 49.95002365112305 8.05005168914795 0
vertex 54.500022888183594 8.750051498413086 0
vertex 54.500022888183594 8.05005168914795 0
endloop
endfacet
facet normal 0 0 -1
outer loop
vertex 54.500022888183594 8.750051498413086 0
vertex 49.95002365112305 8.05005168914795 0
vertex 45.05002212524414 12.950051307678223 0
endloop
endfacet
facet normal 0 0 -1
outer loop
vertex 54.500022888183594 8.750051498413086 0
vertex 45.05002212524414 12.950051307678223 0
vertex 59.500022888183594 8.750051498413086 0
endloop
endfacet
facet normal 0 0 -1
outer loop
vertex 49.95002365112305 12.950051307678223 0
vertex 64.05001831054688 8.05005168914795 0
vertex 45.05002212524414 12.950051307678223 0
endloop
endfacet
facet normal 0 0 -1
outer loop
vertex -28.349977493286133 -37.609947204589844 0
vertex -30.94997787475586 -38.1689453125 0
vertex -28.315723419189453 -37.437740325927734 0
endloop
endfacet
facet normal 0 0 -1
outer loop
vertex -28.218175888061523 -37.92814636230469 0
vertex -30.94997787475586 -38.1689453125 0
vertex -28.315723419189453 -37.78215789794922 0
endloop
endfacet
facet normal 0 0 -1
outer loop
vertex -30.94997787475586 -38.1689453125 0
vertex -28.349977493286133 -37.609947204589844 0
vertex -28.315723419189453 -37.78215789794922 0
endloop
endfacet
facet normal 0 0 -1
outer loop
vertex -28.218175888061523 -38.56175231933594 0
vertex -30.94997787475586 -38.1689453125 0
vertex -28.218175888061523 -37.92814636230469 0
endloop
endfacet
facet normal 0 0 -1
outer loop
vertex 45.05002212524414 12.950051307678223 0
vertex 40.500022888183594 12.250051498413086 0
vertex 40.500022888183594 12.950051307678223 0
endloop
endfacet
facet normal 0 0 -1
outer loop
vertex 49.95002365112305 12.950051307678223 0
vertex 45.05002212524414 12.950051307678223 0
vertex 49.95002365112305 27.050050735473633 0
endloop
endfacet
facet normal 0 0 -1
outer loop
vertex 49.95002365112305 12.950051307678223 0
vertex 54.500022888183594 12.950051307678223 0
vertex 54.500022888183594 12.250051498413086 0
endloop
endfacet
facet normal 0 0 -1
outer loop
vertex 49.95002365112305 27.050050735473633 0
vertex 45.05002212524414 12.950051307678223 0
vertex 45.05002212524414 27.050050735473633 0
endloop
endfacet
facet normal 0 0 -1
outer loop
vertex -28.315723419189453 -38.707740783691406 0
vertex -30.94997787475586 -38.1689453125 0
vertex -28.218175888061523 -38.56175231933594 0
endloop
endfacet
facet normal 0 0 -1
outer loop
vertex -28.349977493286133 -38.879947662353516 0
vertex -30.94997787475586 -38.1689453125 0
vertex -28.315723419189453 -38.707740783691406 0
endloop
endfacet
facet normal 0 0 -1
outer loop
vertex -28.218175888061523 -39.19814682006836 0
vertex -30.94997787475586 -38.1689453125 0
vertex -28.315723419189453 -39.052154541015625 0
endloop
endfacet
facet normal 0 0 -1
outer loop
vertex -30.94997787475586 -38.1689453125 0
vertex -28.349977493286133 -38.879947662353516 0
vertex -28.315723419189453 -39.052154541015625 0
endloop
endfacet
facet normal 0 0 -1
outer loop
vertex 59.500022888183594 8.750051498413086 0
vertex 45.05002212524414 12.950051307678223 0
vertex 64.05001831054688 8.05005168914795 0
endloop
endfacet
facet normal 0 0 -1
outer loop
vertex 64.05001831054688 8.05005168914795 0
vertex 49.95002365112305 12.950051307678223 0
vertex 54.500022888183594 12.250051498413086 0
endloop
endfacet
facet normal 0 0 -1
outer loop
vertex 59.500022888183594 8.05005168914795 0
vertex 59.500022888183594 8.750051498413086 0
vertex 64.05001831054688 8.05005168914795 0
endloop
endfacet
facet normal 0 0 -1
outer loop
vertex 54.500022888183594 12.250051498413086 0
vertex 59.500022888183594 12.250051498413086 0
vertex 64.05001831054688 8.05005168914795 0
endloop
endfacet
facet normal 0 0 -1
outer loop
vertex 59.500022888183594 12.250051498413086 0
vertex 64.05001831054688 12.950051307678223 0
vertex 64.05001831054688 8.05005168914795 0
endloop
endfacet
facet normal 0 0 -1
outer loop
vertex 70.19374084472656 -2.4098381996154785 0
vertex 64.05001831054688 -6.049948692321777 0
vertex 64.05001831054688 8.05005168914795 0
endloop
endfacet
facet normal 0 0 -1
outer loop
vertex 71.48544311523438 -2.4099974632263184 0
vertex 70.19374084472656 -2.4098381996154785 0
vertex 71.48503875732422 4.040117263793945 0
endloop
endfacet
facet normal 0.9999999980349799 0.00006269003366215756 0
outer loop
vertex 71.48544311523438 -2.4099974632263184 0.20000000298023224
vertex 71.48544311523438 -2.4099974632263184 0
vertex 71.48503875732422 4.040117263793945 0
endloop
endfacet
facet normal 0 0 -1
outer loop
vertex 71.48503875732422 4.040117263793945 0
vertex 70.19374084472656 -2.4098381996154785 0
vertex 70.19453430175781 4.040276527404785 0
endloop
endfacet
facet normal 0.9999999980349799 0.00006269003366215756 0
outer loop
vertex 71.48544311523438 -2.4099974632263184 0.20000000298023224
vertex 71.48503875732422 4.040117263793945 0
vertex 71.48503875732422 4.040117263793945 0.20000000298023224
endloop
endfacet
facet normal 0 0 -1
outer loop
vertex 70.19453430175781 4.040276527404785 0
vertex 70.19374084472656 -2.4098381996154785 0
vertex 64.05001831054688 8.05005168914795 0
endloop
endfacet
facet normal 0 0 -1
outer loop
vertex -28.072185516357422 -43.10569381713867 0
vertex -30.94997787475586 -44.049949645996094 0
vertex -28.218175888061523 -43.008148193359375 0
endloop
endfacet
facet normal 0 0 -1
outer loop
vertex -30.94997787475586 -44.049949645996094 0
vertex -28.349977493286133 -42.68994903564453 0
vertex -28.315723419189453 -42.86215591430664 0
endloop
endfacet
facet normal 0 0 -1
outer loop
vertex -28.218175888061523 -43.008148193359375 0
vertex -30.94997787475586 -44.049949645996094 0
vertex -28.315723419189453 -42.86215591430664 0
endloop
endfacet
facet normal 0 0 -1
outer loop
vertex 70.19453430175781 4.040276527404785 0
vertex 64.05001831054688 8.05005168914795 0
vertex 64.05001831054688 12.950051307678223 0
endloop
endfacet
facet normal 0 0 -1
outer loop
vertex -28.349977493286133 -42.68994903564453 0
vertex -30.94997787475586 -44.049949645996094 0
vertex -28.315723419189453 -42.51774215698242 0
endloop
endfacet
facet normal 0 0 -1
outer loop
vertex -28.315723419189453 -42.51774215698242 0
vertex -30.94997787475586 -44.049949645996094 0
vertex -28.218175888061523 -42.37174987792969 0
endloop
endfacet
facet normal 0 0 -1
outer loop
vertex -28.218175888061523 -42.37174987792969 0
vertex -30.94997787475586 -44.049949645996094 0
vertex -27.899978637695312 -41.86994934082031 0
endloop
endfacet
facet normal 0 0 -1
outer loop
vertex -28.218175888061523 -39.19814682006836 0
vertex -28.072185516357422 -39.73420333862305 0
vertex -30.94997787475586 -38.1689453125 0
endloop
endfacet
facet normal 0 0 -1
outer loop
vertex -28.218175888061523 -39.831748962402344 0
vertex -30.94997787475586 -38.1689453125 0
vertex -28.072185516357422 -39.73420333862305 0
endloop
endfacet
facet normal 0 0 -1
outer loop
vertex -27.58177947998047 -39.831748962402344 0
vertex -27.58177947998047 -39.19814682006836 0
vertex -26.049978256225586 -39.10481643676758 0
endloop
endfacet
facet normal 0 0 -1
outer loop
vertex -27.58177947998047 -39.831748962402344 0
vertex -27.72776985168457 -39.29569625854492 0
vertex -27.58177947998047 -39.19814682006836 0
endloop
endfacet
facet normal 0 0 -1
outer loop
vertex 64.05001831054688 12.950051307678223 0
vertex 59.500022888183594 12.250051498413086 0
vertex 59.500022888183594 12.950051307678223 0
endloop
endfacet
facet normal 0 0 -1
outer loop
vertex 70.19453430175781 4.040276527404785 0
vertex 64.05001831054688 12.950051307678223 0
vertex 64.05001831054688 27.050050735473633 0
endloop
endfacet
facet normal 0 0 -1
outer loop
vertex 70.19453430175781 4.040276527404785 0
vertex 64.05001831054688 27.050050735473633 0
vertex 70.1968765258789 23.04027557373047 0
endloop
endfacet
facet normal 0 0 -1
outer loop
vertex -28.218175888061523 -43.64175033569336 0
vertex -28.072185516357422 -43.10569381713867 0
vertex -28.072185516357422 -43.54420471191406 0
endloop
endfacet
facet normal 0 0 -1
outer loop
vertex -28.072185516357422 -43.54420471191406 0
vertex -28.072185516357422 -43.10569381713867 0
vertex -27.899978637695312 -43.50994873046875 0
endloop
endfacet
facet normal 0 0 -1
outer loop
vertex -27.899978637695312 -43.50994873046875 0
vertex -28.072185516357422 -43.10569381713867 0
vertex -27.899978637695312 -43.139949798583984 0
endloop
endfacet
facet normal 0 0 -1
outer loop
vertex -27.899978637695312 -43.50994873046875 0
vertex -27.899978637695312 -43.139949798583984 0
vertex -27.72776985168457 -43.54420471191406 0
endloop
endfacet
facet normal 0 0 -1
outer loop
vertex -27.58177947998047 -43.64175033569336 0
vertex -27.72776985168457 -43.54420471191406 0
vertex -27.72776985168457 -43.10569381713867 0
endloop
endfacet
facet normal 0 0 -1
outer loop
vertex -27.72776985168457 -43.10569381713867 0
vertex -27.72776985168457 -43.54420471191406 0
vertex -27.899978637695312 -43.139949798583984 0
endloop
endfacet
facet normal 0 0 -1
outer loop
vertex 71.48384094238281 23.040117263793945 0
vertex 70.1968765258789 23.04027557373047 0
vertex 71.48342895507812 29.490232467651367 0
endloop
endfacet
facet normal 0.9999999979601288 0.00006387285975926668 0
outer loop
vertex 71.48384094238281 23.040117263793945 0.20000000298023224
vertex 71.48384094238281 23.040117263793945 0
vertex 71.48342895507812 29.490232467651367 0
endloop
endfacet
facet normal 0 0 -1
outer loop
vertex -27.58177947998047 -43.64175033569336 0
vertex -27.58177947998047 -43.008148193359375 0
vertex -27.48423194885254 -43.787742614746094 0
endloop
endfacet
facet normal 0 0 -1
outer loop
vertex -27.72776985168457 -39.29569625854492 0
vertex -27.72776985168457 -39.73420333862305 0
vertex -27.899978637695312 -39.32994842529297 0
endloop
endfacet
facet normal 0 0 -1
outer loop
vertex -27.72776985168457 -39.73420333862305 0
vertex -27.72776985168457 -39.29569625854492 0
vertex -27.58177947998047 -39.831748962402344 0
endloop
endfacet
facet normal 0 0 -1
outer loop
vertex -27.72776985168457 -39.73420333862305 0
vertex -27.899978637695312 -39.699947357177734 0
vertex -27.899978637695312 -39.32994842529297 0
endloop
endfacet
facet normal 0 0 -1
outer loop
vertex -27.899978637695312 -39.699947357177734 0
vertex -28.072185516357422 -39.29569625854492 0
vertex -27.899978637695312 -39.32994842529297 0
endloop
endfacet
facet normal 0 0 -1
outer loop
vertex -28.072185516357422 -39.29569625854492 0
vertex -28.072185516357422 -39.73420333862305 0
vertex -28.218175888061523 -39.19814682006836 0
endloop
endfacet
facet normal 0 0 -1
outer loop
vertex -28.072185516357422 -39.73420333862305 0
vertex -28.072185516357422 -39.29569625854492 0
vertex -27.899978637695312 -39.699947357177734 0
endloop
endfacet
facet normal 0 0 -1
outer loop
vertex -27.72776985168457 -40.56569290161133 0
vertex -27.48423194885254 -41.24774169921875 0
vertex -27.58177947998047 -41.101749420166016 0
endloop
endfacet
facet normal 0 0 -1
outer loop
vertex -27.72776985168457 -40.56569290161133 0
vertex -27.72776985168457 -41.00420379638672 0
vertex -27.899978637695312 -40.59994888305664 0
endloop
endfacet
facet normal 0 0 -1
outer loop
vertex -27.72776985168457 -41.00420379638672 0
vertex -28.072185516357422 -40.56569290161133 0
vertex -27.899978637695312 -40.59994888305664 0
endloop
endfacet
facet normal 0 0 -1
outer loop
vertex -27.58177947998047 -41.101749420166016 0
vertex -27.72776985168457 -41.00420379638672 0
vertex -27.72776985168457 -40.56569290161133 0
endloop
endfacet
facet normal 0 0 -1
outer loop
vertex -27.72776985168457 -41.00420379638672 0
vertex -28.218175888061523 -40.46814727783203 0
vertex -28.072185516357422 -40.56569290161133 0
endloop
endfacet
facet normal 0 0 -1
outer loop
vertex -28.315723419189453 -39.97774124145508 0
vertex -30.94997787475586 -38.1689453125 0
vertex -28.218175888061523 -39.831748962402344 0
endloop
endfacet
facet normal 0 0 -1
outer loop
vertex -28.349977493286133 -40.14994812011719 0
vertex -30.94997787475586 -38.1689453125 0
vertex -28.315723419189453 -39.97774124145508 0
endloop
endfacet
facet normal 0.9999999980349799 0.00006269003366215756 0
outer loop
vertex 71.48544311523438 -2.4099974632263184 4.5
vertex 71.48544311523438 -2.4099974632263184 0.20000000298023224
vertex 71.48503875732422 4.040117263793945 0.20000000298023224
endloop
endfacet
facet normal 0.9999999981342739 0.000061035156136125114 -0.0000024823604534011812
outer loop
vertex 71.48503875732422 4.040117263793945 0.20000000298023224
vertex 71.4850082397461 4.540117263793945 0.20000000298023224
vertex 71.48544311523438 -2.4099974632263184 4.5
endloop
endfacet
facet normal -0.00012364660629943147 -0.9999999923557584 0
outer loop
vertex 72.19459533691406 4.540029525756836 0.20000000298023224
vertex 71.4850082397461 4.540117263793945 4.5
vertex 71.4850082397461 4.540117263793945 0.20000000298023224
endloop
endfacet
facet normal 0.9999999923584986 -0.00012362444256596203 0
outer loop
vertex 72.19459533691406 4.540029525756836 0.20000000298023224
vertex 72.19673156738281 21.820030212402344 0.20000000298023224
vertex 72.19459533691406 4.540029525756836 4.5
endloop
endfacet
facet normal 0 0 -1
outer loop
vertex -30.94997787475586 -38.1689453125 0
vertex -28.315723419189453 -40.3221549987793 0
vertex -28.218175888061523 -40.46814727783203 0
endloop
endfacet
facet normal 0 0 -1
outer loop
vertex -28.315723419189453 -40.3221549987793 0
vertex -30.94997787475586 -38.1689453125 0
vertex -28.349977493286133 -40.14994812011719 0
endloop
endfacet
facet normal 0 0 -1
outer loop
vertex -27.72776985168457 -41.00420379638672 0
vertex -30.94997787475586 -38.1689453125 0
vertex -28.218175888061523 -40.46814727783203 0
endloop
endfacet
facet normal 0 0 -1
outer loop
vertex -27.899978637695312 -40.969947814941406 0
vertex -30.94997787475586 -38.1689453125 0
vertex -27.72776985168457 -41.00420379638672 0
endloop
endfacet
facet normal 0.9999999932068475 -0.00011656030459618819 0
outer loop
vertex 72.19681549072266 22.540029525756836 0.20000000298023224
vertex 72.19681549072266 22.540029525756836 4.5
vertex 72.19673156738281 21.820030212402344 0.20000000298023224
endloop
endfacet
facet normal 0.0001230644099106137 0.9999999924275755 0
outer loop
vertex 72.19681549072266 22.540029525756836 0.20000000298023224
vertex 71.48387145996094 22.540117263793945 0.20000000298023224
vertex 72.19681549072266 22.540029525756836 4.5
endloop
endfacet
facet normal 0.9999999981373547 0.000061035156136313156 0
outer loop
vertex 71.48387145996094 22.540117263793945 0.20000000298023224
vertex 71.48384094238281 23.040117263793945 0.20000000298023224
vertex 71.48384094238281 23.040117263793945 4.5
endloop
endfacet
facet normal 0.9999999979601288 0.00006387285975926668 0
outer loop
vertex 71.48384094238281 23.040117263793945 4.5
vertex 71.48384094238281 23.040117263793945 0.20000000298023224
vertex 71.48342895507812 29.490232467651367 0.20000000298023224
endloop
endfacet
facet normal 0 0 -1
outer loop
vertex -28.072185516357422 -41.00420379638672 0
vertex -30.94997787475586 -38.1689453125 0
vertex -27.899978637695312 -40.969947814941406 0
endloop
endfacet
facet normal 0 0 -1
outer loop
vertex -28.218175888061523 -41.101749420166016 0
vertex -30.94997787475586 -38.1689453125 0
vertex -28.072185516357422 -41.00420379638672 0
endloop
endfacet
facet normal 0 0 -1
outer loop
vertex -28.315723419189453 -41.24774169921875 0
vertex -30.94997787475586 -38.1689453125 0
vertex -28.218175888061523 -41.101749420166016 0
endloop
endfacet
facet normal 0 0 -1
outer loop
vertex 40.500022888183594 27.750051498413086 0
vertex 26.05002212524414 31.95005226135254 0
vertex 45.05002212524414 27.050050735473633 0
endloop
endfacet
facet normal 0 0 -1
outer loop
vertex 49.95002365112305 27.050050735473633 0
vertex 45.05002212524414 27.050050735473633 0
vertex 26.05002212524414 31.95005226135254 0
endloop
endfacet
facet normal 0 0 -1
outer loop
vertex 49.95002365112305 27.050050735473633 0
vertex 30.950021743774414 31.95005226135254 0
vertex 35.500022888183594 31.250051498413086 0
endloop
endfacet
facet normal 0 0 -1
outer loop
vertex 40.500022888183594 27.050050735473633 0
vertex 40.500022888183594 27.750051498413086 0
vertex 45.05002212524414 27.050050735473633 0
endloop
endfacet
facet normal 0 0 -1
outer loop
vertex 49.95002365112305 27.050050735473633 0
vertex 35.500022888183594 31.250051498413086 0
vertex 40.500022888183594 31.250051498413086 0
endloop
endfacet
facet normal 0 0 -1
outer loop
vertex 40.500022888183594 31.250051498413086 0
vertex 40.500022888183594 31.95005226135254 0
vertex 45.05002212524414 31.95005226135254 0
endloop
endfacet
facet normal 0 0 -1
outer loop
vertex 49.95002365112305 27.050050735473633 0
vertex 40.500022888183594 31.250051498413086 0
vertex 45.05002212524414 31.95005226135254 0
endloop
endfacet
facet normal 0 0 -1
outer loop
vertex 49.95002365112305 27.050050735473633 0
vertex 45.05002212524414 31.95005226135254 0
vertex 49.95002365112305 31.95005226135254 0
endloop
endfacet
facet normal 0 0 -1
outer loop
vertex 49.95002365112305 31.95005226135254 0
vertex 54.500022888183594 27.750051498413086 0
vertex 49.95002365112305 27.050050735473633 0
endloop
endfacet
facet normal 0 0 -1
outer loop
vertex 49.95002365112305 27.050050735473633 0
vertex 54.500022888183594 27.750051498413086 0
vertex 54.500022888183594 27.050050735473633 0
endloop
endfacet
facet normal 0 0 -1
outer loop
vertex 54.500022888183594 27.750051498413086 0
vertex 49.95002365112305 31.95005226135254 0
vertex 54.500022888183594 31.250051498413086 0
endloop
endfacet
facet normal 0 0 -1
outer loop
vertex 54.500022888183594 31.250051498413086 0
vertex 49.95002365112305 31.95005226135254 0
vertex 54.500022888183594 31.95005226135254 0
endloop
endfacet
facet normal 0 0 -1
outer loop
vertex 49.95002365112305 31.95005226135254 0
vertex 45.05002212524414 31.95005226135254 0
vertex 45.05002212524414 46.050052642822266 0
endloop
endfacet
facet normal 0 0 -1
outer loop
vertex -28.349977493286133 -41.41994857788086 0
vertex -30.94997787475586 -38.1689453125 0
vertex -28.315723419189453 -41.24774169921875 0
endloop
endfacet
facet normal 0 0 -1
outer loop
vertex -27.72776985168457 -40.56569290161133 0
vertex -27.58177947998047 -40.46814727783203 0
vertex -26.049978256225586 -44.049949645996094 0
endloop
endfacet
facet normal 0 0 -1
outer loop
vertex -27.48423194885254 -41.24774169921875 0
vertex -27.72776985168457 -40.56569290161133 0
vertex -26.049978256225586 -44.049949645996094 0
endloop
endfacet
facet normal 0 0 -1
outer loop
vertex -27.48423194885254 -42.51774215698242 0
vertex -27.58177947998047 -41.7381477355957 0
vertex -27.48423194885254 -41.59215545654297 0
endloop
endfacet
facet normal 0 0 -1
outer loop
vertex -27.58177947998047 -41.7381477355957 0
vertex -27.58177947998047 -42.37174987792969 0
vertex -27.72776985168457 -41.835693359375 0
endloop
endfacet
facet normal 0 0 -1
outer loop
vertex -27.58177947998047 -42.37174987792969 0
vertex -27.58177947998047 -41.7381477355957 0
vertex -27.48423194885254 -42.51774215698242 0
endloop
endfacet
facet normal 0 0 -1
outer loop
vertex -27.72776985168457 -41.835693359375 0
vertex -27.72776985168457 -42.27420425415039 0
vertex -27.899978637695312 -41.86994934082031 0
endloop
endfacet
facet normal 0 0 -1
outer loop
vertex -27.72776985168457 -42.27420425415039 0
vertex -27.72776985168457 -41.835693359375 0
vertex -27.58177947998047 -42.37174987792969 0
endloop
endfacet
facet normal 0 0 -1
outer loop
vertex 40.500022888183594 46.050052642822266 0
vertex 40.500022888183594 46.75004959106445 0
vertex 45.05002212524414 46.050052642822266 0
endloop
endfacet
facet normal 0 0 -1
outer loop
vertex 49.95002365112305 31.95005226135254 0
vertex 45.05002212524414 46.050052642822266 0
vertex 49.95002365112305 46.050052642822266 0
endloop
endfacet
facet normal 0 0 -1
outer loop
vertex 45.05002212524414 46.050052642822266 0
vertex 40.500022888183594 46.75004959106445 0
vertex 54.500022888183594 46.75004959106445 0
endloop
endfacet
facet normal 0 0 -1
outer loop
vertex 49.95002365112305 46.050052642822266 0
vertex 45.05002212524414 46.050052642822266 0
vertex 54.500022888183594 46.75004959106445 0
endloop
endfacet
facet normal 0 0 -1
outer loop
vertex 49.95002365112305 46.050052642822266 0
vertex 54.500022888183594 46.75004959106445 0
vertex 54.500022888183594 46.050052642822266 0
endloop
endfacet
facet normal 0 0 -1
outer loop
vertex -27.899978637695312 -42.23994827270508 0
vertex -27.899978637695312 -41.86994934082031 0
vertex -27.72776985168457 -42.27420425415039 0
endloop
endfacet
facet normal 0 0 -1
outer loop
vertex -28.072185516357422 -42.27420425415039 0
vertex -27.899978637695312 -41.86994934082031 0
vertex -27.899978637695312 -42.23994827270508 0
endloop
endfacet
facet normal 0 0 -1
outer loop
vertex -28.218175888061523 -42.37174987792969 0
vertex -27.899978637695312 -41.86994934082031 0
vertex -28.072185516357422 -42.27420425415039 0
endloop
endfacet
facet normal 0 0 -1
outer loop
vertex -27.899978637695312 -41.86994934082031 0
vertex -30.94997787475586 -44.049949645996094 0
vertex -28.072185516357422 -41.835693359375 0
endloop
endfacet
facet normal 0 0 -1
outer loop
vertex 54.500022888183594 31.250051498413086 0
vertex 59.500022888183594 27.750051498413086 0
vertex 54.500022888183594 27.750051498413086 0
endloop
endfacet
facet normal 0 0 -1
outer loop
vertex 59.500022888183594 27.750051498413086 0
vertex 54.500022888183594 31.250051498413086 0
vertex 59.500022888183594 31.250051498413086 0
endloop
endfacet
facet normal 0 0 -1
outer loop
vertex 59.500022888183594 27.050050735473633 0
vertex 59.500022888183594 27.750051498413086 0
vertex 64.05001831054688 27.050050735473633 0
endloop
endfacet
facet normal 0 0 -1
outer loop
vertex 64.05001831054688 27.050050735473633 0
vertex 59.500022888183594 27.750051498413086 0
vertex 59.500022888183594 31.250051498413086 0
endloop
endfacet
facet normal 0 0 -1
outer loop
vertex 64.05001831054688 27.050050735473633 0
vertex 59.500022888183594 31.250051498413086 0
vertex 64.05001831054688 31.95005226135254 0
endloop
endfacet
facet normal 0 0 -1
outer loop
vertex 64.05001831054688 31.95005226135254 0
vertex 59.500022888183594 31.250051498413086 0
vertex 59.500022888183594 31.95005226135254 0
endloop
endfacet
facet normal 0 0 -1
outer loop
vertex 64.05001831054688 27.050050735473633 0
vertex 64.05001831054688 31.95005226135254 0
vertex 70.19767761230469 29.49039077758789 0
endloop
endfacet
facet normal 0 0 -1
outer loop
vertex 71.48342895507812 29.490232467651367 0
vertex 70.1968765258789 23.04027557373047 0
vertex 64.05001831054688 27.050050735473633 0
endloop
endfacet
facet normal 0 0 -1
outer loop
vertex 71.48342895507812 29.490232467651367 0
vertex 64.05001831054688 27.050050735473633 0
vertex 70.19767761230469 29.49039077758789 0
endloop
endfacet
facet normal 0.9999999979601288 0.00006387285975926668 0
outer loop
vertex 71.48342895507812 29.490232467651367 0.20000000298023224
vertex 71.48384094238281 23.040117263793945 0.20000000298023224
vertex 71.48342895507812 29.490232467651367 0
endloop
endfacet
facet normal 0 0 -1
outer loop
vertex -27.58177947998047 -43.008148193359375 0
vertex -27.58177947998047 -43.64175033569336 0
vertex -27.72776985168457 -43.10569381713867 0
endloop
endfacet
facet normal 0 0 -1
outer loop
vertex -27.48423194885254 -43.787742614746094 0
vertex -27.58177947998047 -43.008148193359375 0
vertex -27.48423194885254 -42.86215591430664 0
endloop
endfacet
facet normal 0.9207855004295158 0.39006930435342657 0
outer loop
vertex 71.35511016845703 49.67427444458008 0
vertex 70.73159790039062 51.1461181640625 0
vertex 71.35511016845703 49.67427444458008 5
endloop
endfacet
facet normal 0 0 -1
outer loop
vertex 70.19767761230469 29.49039077758789 0
vertex 64.05001831054688 31.95005226135254 0
vertex 64.05001831054688 46.050052642822266 0
endloop
endfacet
facet normal 0.7538165010077906 0.6570849890298603 0
outer loop
vertex 70.73159790039062 51.1461181640625 0
vertex 69.69884490966797 52.33090591430664 0
vertex 70.73159790039062 51.1461181640625 5
endloop
endfacet
facet normal 0.5120834131939498 0.8589357239815063 0
outer loop
vertex 69.69884490966797 52.33090591430664 0
vertex 68.34883880615234 53.13575744628906 0
vertex 69.69884490966797 52.33090591430664 5
endloop
endfacet
facet normal 0.21956692294083688 0.9755974407255754 0
outer loop
vertex 68.34883880615234 53.13575744628906 0
vertex 66.7824935913086 53.488277435302734 0
vertex 68.34883880615234 53.13575744628906 5
endloop
endfacet
facet normal 0 0 -1
outer loop
vertex -28.218175888061523 -41.7381477355957 0
vertex -30.94997787475586 -44.049949645996094 0
vertex -28.315723419189453 -41.59215545654297 0
endloop
endfacet
facet normal 0 0 -1
outer loop
vertex -30.94997787475586 -44.049949645996094 0
vertex -28.349977493286133 -41.41994857788086 0
vertex -28.315723419189453 -41.59215545654297 0
endloop
endfacet
facet normal 0 0 -1
outer loop
vertex -30.94997787475586 -44.049949645996094 0
vertex -28.218175888061523 -41.7381477355957 0
vertex -28.072185516357422 -41.835693359375 0
endloop
endfacet
facet normal 0 0 -1
outer loop
vertex -30.94997787475586 -44.049949645996094 0
vertex -30.94997787475586 -38.1689453125 0
vertex -28.349977493286133 -41.41994857788086 0
endloop
endfacet
facet normal 0 0 -1
outer loop
vertex -27.44997787475586 -45.229949951171875 0
vertex -21.499977111816406 -44.74995040893555 0
vertex -9.072477340698242 -44.81420135498047 0
endloop
endfacet
facet normal 0 0 -1
outer loop
vertex -27.48423194885254 -45.402156829833984 0
vertex -27.44997787475586 -45.229949951171875 0
vertex -9.35027027130127 -45.229949951171875 0
endloop
endfacet
facet normal 0 0 -1
outer loop
vertex -27.48423194885254 -46.32773971557617 0
vertex -27.48423194885254 -45.402156829833984 0
vertex -9.072477340698242 -46.08420181274414 0
endloop
endfacet
facet normal 0 0 -1
outer loop
vertex -27.44997787475586 -46.49995040893555 0
vertex -27.48423194885254 -46.32773971557617 0
vertex -9.35027027130127 -46.49995040893555 0
endloop
endfacet
facet normal 0 0 -1
outer loop
vertex 59.500022888183594 46.050052642822266 0
vertex 59.500022888183594 46.75004959106445 0
vertex 64.05001831054688 46.050052642822266 0
endloop
endfacet
facet normal 0 0 -1
outer loop
vertex 54.500022888183594 46.75004959106445 0
vertex 70.20001983642578 48.49039077758789 0
vertex 59.500022888183594 46.75004959106445 0
endloop
endfacet
facet normal 0 0 -1
outer loop
vertex 70.19767761230469 29.49039077758789 0
vertex 64.05001831054688 46.050052642822266 0
vertex 70.20001983642578 48.49039077758789 0
endloop
endfacet
facet normal 0.9873256933210743 0.15870719992508214 0
outer loop
vertex 71.48220825195312 48.88359069824219 0
vertex 71.35511016845703 49.67427444458008 0
vertex 71.48220825195312 48.88359069824219 5
endloop
endfacet
facet normal 0.9999999983174785 0.0000580079215762753 -3.5200402013137725e-7
outer loop
vertex 71.48223114013672 48.490234375 0.20000000298023224
vertex 71.48220825195312 48.88359069824219 0
vertex 71.48226165771484 47.990234375 4.5
endloop
endfacet
facet normal 0 0 -1
outer loop
vertex 64.05001831054688 46.050052642822266 0
vertex 59.500022888183594 46.75004959106445 0
vertex 70.20001983642578 48.49039077758789 0
endloop
endfacet
facet normal 0 0 -1
outer loop
vertex 70.20001983642578 48.49039077758789 0
vertex 71.48220825195312 48.88359069824219 0
vertex 71.48223114013672 48.490234375 0
endloop
endfacet
facet normal 0.00012756457853049504 0.9999999918636391 0
outer loop
vertex 72.19995880126953 47.990142822265625 0.20000000298023224
vertex 71.48226165771484 47.990234375 0.20000000298023224
vertex 72.19995880126953 47.990142822265625 4.5
endloop
endfacet
facet normal 0.9999999983071425 0.00005818689621244865 0
outer loop
vertex 71.48223114013672 48.490234375 0.20000000298023224
vertex 71.48223114013672 48.490234375 0
vertex 71.48220825195312 48.88359069824219 0
endloop
endfacet
facet normal 0.9999999932068117 -0.00011656061337665426 0
outer loop
vertex 72.19995880126953 47.990142822265625 0.20000000298023224
vertex 72.19995880126953 47.990142822265625 4.5
vertex 72.19987487792969 47.270145416259766 0.20000000298023224
endloop
endfacet
facet normal 0.9999999981373547 0.000061035156136313156 0
outer loop
vertex 71.48226165771484 47.990234375 0.20000000298023224
vertex 71.48223114013672 48.490234375 0.20000000298023224
vertex 71.48226165771484 47.990234375 4.5
endloop
endfacet
facet normal 0 0 -1
outer loop
vertex -11.356167793273926 -52.63885498046875 0
vertex -11.213150978088379 -52.8131217956543 0
vertex -52.483882904052734 -53.74861526489258 0
endloop
endfacet
facet normal 0 0 -1
outer loop
vertex -11.213150978088379 -52.8131217956543 0
vertex -11.038883209228516 -52.956138610839844 0
vertex -52.483882904052734 -53.74861526489258 0
endloop
endfacet
facet normal 0 0 -1
outer loop
vertex 70.20001983642578 48.49039077758789 0
vertex 66.7824935913086 53.488277435302734 0
vertex 71.48220825195312 48.88359069824219 0
endloop
endfacet
facet normal 0 0 -1
outer loop
vertex 71.48220825195312 48.88359069824219 0
vertex 66.7824935913086 53.488277435302734 0
vertex 71.35511016845703 49.67427444458008 0
endloop
endfacet
facet normal 0 0 -1
outer loop
vertex 71.35511016845703 49.67427444458008 0
vertex 68.34883880615234 53.13575744628906 0
vertex 69.69884490966797 52.33090591430664 0
endloop
endfacet
facet normal 0 0 -1
outer loop
vertex 71.35511016845703 49.67427444458008 0
vertex 66.7824935913086 53.488277435302734 0
vertex 68.34883880615234 53.13575744628906 0
endloop
endfacet
facet normal 0 0 -1
outer loop
vertex 71.35511016845703 49.67427444458008 0
vertex 69.69884490966797 52.33090591430664 0
vertex 70.73159790039062 51.1461181640625 0
endloop
endfacet
facet normal 0 0 -1
outer loop
vertex -27.44997787475586 -46.49995040893555 0
vertex -11.356167793273926 -51.36104202270508 0
vertex -27.48423194885254 -46.672157287597656 0
endloop
endfacet
facet normal 0 0 -1
outer loop
vertex -11.46243953704834 -52.440032958984375 0
vertex -27.58177947998047 -46.818145751953125 0
vertex -27.48423194885254 -46.672157287597656 0
endloop
endfacet
facet normal 0 0 -1
outer loop
vertex -11.46243953704834 -52.440032958984375 0
vertex -27.72776985168457 -46.91569519042969 0
vertex -27.58177947998047 -46.818145751953125 0
endloop
endfacet
facet normal 0 0 -1
outer loop
vertex -11.46243953704834 -52.440032958984375 0
vertex -27.899978637695312 -46.949947357177734 0
vertex -27.72776985168457 -46.91569519042969 0
endloop
endfacet
facet normal 0 0 -1
outer loop
vertex -11.46243953704834 -52.440032958984375 0
vertex -28.072185516357422 -46.91569519042969 0
vertex -27.899978637695312 -46.949947357177734 0
endloop
endfacet
facet normal 0 0 -1
outer loop
vertex -21.499977111816406 -44.74995040893555 0
vertex -26.049978256225586 -44.049949645996094 0
vertex -21.499977111816406 -44.049949645996094 0
endloop
endfacet
facet normal 0 0 -1
outer loop
vertex -27.44997787475586 -42.68994903564453 0
vertex -27.48423194885254 -42.51774215698242 0
vertex -26.049978256225586 -44.049949645996094 0
endloop
endfacet
facet normal 0 0 -1
outer loop
vertex -26.049978256225586 -44.049949645996094 0
vertex -27.48423194885254 -42.86215591430664 0
vertex -27.44997787475586 -42.68994903564453 0
endloop
endfacet
facet normal 0 0 -1
outer loop
vertex -26.049978256225586 -44.049949645996094 0
vertex -27.48423194885254 -43.787742614746094 0
vertex -27.48423194885254 -42.86215591430664 0
endloop
endfacet
facet normal 0 0 -1
outer loop
vertex -26.049978256225586 -44.049949645996094 0
vertex -27.44997787475586 -43.9599494934082 0
vertex -27.48423194885254 -43.787742614746094 0
endloop
endfacet
facet normal 0 0 -1
outer loop
vertex -26.049978256225586 -44.049949645996094 0
vertex -27.48423194885254 -44.13215637207031 0
vertex -27.44997787475586 -43.9599494934082 0
endloop
endfacet
facet normal 0 0 -1
outer loop
vertex -26.049978256225586 -44.049949645996094 0
vertex -27.48423194885254 -45.0577392578125 0
vertex -27.48423194885254 -44.13215637207031 0
endloop
endfacet
facet normal 0.9999999981282953 0.00006103515613576021 -0.000004256631480927588
outer loop
vertex 71.48384094238281 23.040117263793945 4.5
vertex 71.48342895507812 29.490232467651367 0.20000000298023224
vertex 71.4833984375 29.990232467651367 0.20000000298023224
endloop
endfacet
facet normal -0.00012282388030820455 -0.9999999924571472 0
outer loop
vertex 72.19773864746094 29.990144729614258 0.20000000298023224
vertex 71.4833984375 29.990232467651367 4.5
vertex 71.4833984375 29.990232467651367 0.20000000298023224
endloop
endfacet
facet normal 0.9999999923584986 -0.00012362444256596203 0
outer loop
vertex 72.19773864746094 29.990144729614258 0.20000000298023224
vertex 72.19987487792969 47.270145416259766 0.20000000298023224
vertex 72.19773864746094 29.990144729614258 4.5
endloop
endfacet
facet normal 0 0 -1
outer loop
vertex -27.44997787475586 -45.229949951171875 0
vertex -26.049978256225586 -44.049949645996094 0
vertex -21.499977111816406 -44.74995040893555 0
endloop
endfacet
facet normal 0 0 -1
outer loop
vertex -27.44997787475586 -45.229949951171875 0
vertex -27.48423194885254 -45.0577392578125 0
vertex -26.049978256225586 -44.049949645996094 0
endloop
endfacet
facet normal 0 0 -1
outer loop
vertex -11.038883209228516 -52.956138610839844 0
vertex -10.84006404876709 -53.062408447265625 0
vertex -52.483882904052734 -53.74861526489258 0
endloop
endfacet
facet normal 0 0 -1
outer loop
vertex -52.238563537597656 -54.71090316772461 0
vertex -10.6243314743042 -53.12785339355469 0
vertex -10.399977684020996 -53.14994812011719 0
endloop
endfacet
facet normal 0 0 1
outer loop
vertex 54.721778869628906 -51.7198600769043 5
vertex -9.959892272949219 -53.062408447265625 5
vertex -10.175623893737793 -53.12785339355469 5
endloop
endfacet
facet normal -0.00012358102407264898 -0.9999999923638652 0
outer loop
vertex 70.19059753417969 -27.859952926635742 4.5
vertex 71.48705291748047 -27.8601131439209 4.5
vertex 71.48705291748047 -27.8601131439209 5
endloop
endfacet
facet normal 0 0 1
outer loop
vertex 71.4870834350586 -28.3601131439209 4.5
vertex 71.48705291748047 -27.8601131439209 4.5
vertex 70.19059753417969 -27.859952926635742 4.5
endloop
endfacet
facet normal -0.00012358102407264898 -0.9999999923638652 0
outer loop
vertex 70.19059753417969 -27.859952926635742 5
vertex 70.19059753417969 -27.859952926635742 4.5
vertex 71.48705291748047 -27.8601131439209 5
endloop
endfacet
facet normal 0 0 1
outer loop
vertex 71.4870834350586 -28.3601131439209 4.5
vertex 72.18981170654297 -34.19353103637695 4.5
vertex 72.19053649902344 -28.360198974609375 4.5
endloop
endfacet
facet normal 0 0 1
outer loop
vertex 70.19059753417969 -27.859952926635742 4.5
vertex 72.18981170654297 -34.19353103637695 4.5
vertex 71.4870834350586 -28.3601131439209 4.5
endloop
endfacet
facet normal 0.9999999923520602 -0.0001236765122919836 0
outer loop
vertex 70.19059753417969 -27.859952926635742 5
vertex 70.18824768066406 -46.85995101928711 4.5
vertex 70.19059753417969 -27.859952926635742 4.5
endloop
endfacet
facet normal 0.9999999923520602 -0.0001236765122919836 0
outer loop
vertex 70.18824768066406 -46.85995101928711 5
vertex 70.18824768066406 -46.85995101928711 4.5
vertex 70.19059753417969 -27.859952926635742 5
endloop
endfacet
facet normal 0 0 1
outer loop
vertex 70.18824768066406 -46.85995101928711 4.5
vertex 72.18981170654297 -34.19353103637695 4.5
vertex 70.19059753417969 -27.859952926635742 4.5
endloop
endfacet
facet normal 0 0 1
outer loop
vertex 72.18981170654297 -34.19353103637695 4.5
vertex 71.48822021484375 -46.360111236572266 4.5
vertex 72.18830871582031 -46.360198974609375 4.5
endloop
endfacet
facet normal 0 0 1
outer loop
vertex 70.18824768066406 -46.85995101928711 4.5
vertex 71.48822021484375 -46.360111236572266 4.5
vertex 72.18981170654297 -34.19353103637695 4.5
endloop
endfacet
facet normal 0.00012492415221791853 0.999999992196978 0
outer loop
vertex 71.47076416015625 -46.860111236572266 5
vertex 70.18824768066406 -46.85995101928711 4.5
vertex 70.18824768066406 -46.85995101928711 5
endloop
endfacet
facet normal 0.00012492415221791853 0.999999992196978 0
outer loop
vertex 71.47076416015625 -46.860111236572266 4.5
vertex 70.18824768066406 -46.85995101928711 4.5
vertex 71.47076416015625 -46.860111236572266 5
endloop
endfacet
facet normal 0 0 1
outer loop
vertex 70.18824768066406 -46.85995101928711 4.5
vertex 71.48824310302734 -46.78242492675781 4.5
vertex 71.48822021484375 -46.360111236572266 4.5
endloop
endfacet
facet normal 0 0 1
outer loop
vertex 70.18824768066406 -46.85995101928711 4.5
vertex 71.47076416015625 -46.860111236572266 4.5
vertex 71.48824310302734 -46.78242492675781 4.5
endloop
endfacet
facet normal 0 0 1
outer loop
vertex 72.1992416381836 42.15681076049805 4.5
vertex 71.4833984375 29.990232467651367 4.5
vertex 72.19773864746094 29.990144729614258 4.5
endloop
endfacet
facet normal 0.9999999924016431 -0.0001232749528050892 0
outer loop
vertex 70.19767761230469 29.49039077758789 5
vertex 70.19767761230469 29.49039077758789 4.5
vertex 70.20001983642578 48.49039077758789 5
endloop
endfacet
facet normal -0.0001219787926330285 -0.999999992560587 0
outer loop
vertex 70.20001983642578 48.49039077758789 5
vertex 70.20001983642578 48.49039077758789 4.5
vertex 71.48223114013672 48.490234375 5
endloop
endfacet
facet normal -0.0001219787926330285 -0.999999992560587 0
outer loop
vertex 70.20001983642578 48.49039077758789 4.5
vertex 71.48223114013672 48.490234375 4.5
vertex 71.48223114013672 48.490234375 5
endloop
endfacet
facet normal 0 0 1
outer loop
vertex 70.20001983642578 48.49039077758789 4.5
vertex 71.48226165771484 47.990234375 4.5
vertex 71.48223114013672 48.490234375 4.5
endloop
endfacet
facet normal 0 0 1
outer loop
vertex 72.19995880126953 47.990142822265625 4.5
vertex 71.48226165771484 47.990234375 4.5
vertex 72.1992416381836 42.15681076049805 4.5
endloop
endfacet
facet normal 0 0 1
outer loop
vertex 70.20001983642578 48.49039077758789 4.5
vertex 72.1992416381836 42.15681076049805 4.5
vertex 71.48226165771484 47.990234375 4.5
endloop
endfacet
facet normal 0.9999999924016431 -0.0001232749528050892 0
outer loop
vertex 70.20001983642578 48.49039077758789 5
vertex 70.19767761230469 29.49039077758789 4.5
vertex 70.20001983642578 48.49039077758789 4.5
endloop
endfacet
facet normal 0 0 1
outer loop
vertex 70.19767761230469 29.49039077758789 4.5
vertex 71.4833984375 29.990232467651367 4.5
vertex 72.1992416381836 42.15681076049805 4.5
endloop
endfacet
facet normal 0.00012312640092753551 0.9999999924199446 0
outer loop
vertex 71.48342895507812 29.490232467651367 5
vertex 71.48342895507812 29.490232467651367 4.5
vertex 70.19767761230469 29.49039077758789 5
endloop
endfacet
facet normal 0.00012312640092753551 0.9999999924199446 0
outer loop
vertex 71.48342895507812 29.490232467651367 4.5
vertex 70.19767761230469 29.49039077758789 4.5
vertex 70.19767761230469 29.49039077758789 5
endloop
endfacet
facet normal 0 0 1
outer loop
vertex 70.19767761230469 29.49039077758789 4.5
vertex 71.48342895507812 29.490232467651367 4.5
vertex 71.4833984375 29.990232467651367 4.5
endloop
endfacet
facet normal 0 0 1
outer loop
vertex 70.19767761230469 29.49039077758789 4.5
vertex 72.1992416381836 42.15681076049805 4.5
vertex 70.20001983642578 48.49039077758789 4.5
endloop
endfacet
facet normal -0.9999999529424054 0.0003067819859327996 0
outer loop
vertex -70.1882095336914 48.85968780517578 4.5
vertex -70.19403839111328 29.859689712524414 5
vertex -70.1882095336914 48.85968780517578 5
endloop
endfacet
facet normal 0 0 1
outer loop
vertex -71.48532104492188 30.360084533691406 4.5
vertex -71.48524475097656 29.860084533691406 4.5
vertex -70.19403839111328 29.859689712524414 4.5
endloop
endfacet
facet normal 0 0 1
outer loop
vertex -71.48819732666016 48.78255844116211 4.5
vertex -71.48812866210938 48.36008834838867 4.5
vertex -70.1882095336914 48.85968780517578 4.5
endloop
endfacet
facet normal 0 0 1
outer loop
vertex -71.47074890136719 48.86008071899414 4.5
vertex -71.48819732666016 48.78255844116211 4.5
vertex -70.1882095336914 48.85968780517578 4.5
endloop
endfacet
facet normal -0.0003063561320796966 -0.9999999530729592 0
outer loop
vertex -71.47074890136719 48.86008071899414 4.5
vertex -70.1882095336914 48.85968780517578 4.5
vertex -71.47074890136719 48.86008071899414 5
endloop
endfacet
facet normal -0.0003063561320796966 -0.9999999530729592 0
outer loop
vertex -71.47074890136719 48.86008071899414 5
vertex -70.1882095336914 48.85968780517578 4.5
vertex -70.1882095336914 48.85968780517578 5
endloop
endfacet
facet normal 0 0 1
outer loop
vertex -72.19209289550781 36.19363784790039 4.5
vertex -72.19388580322266 30.360301971435547 4.5
vertex -71.48532104492188 30.360084533691406 4.5
endloop
endfacet
facet normal 0 0 1
outer loop
vertex -71.48812866210938 48.36008834838867 4.5
vertex -72.19209289550781 36.19363784790039 4.5
vertex -70.1882095336914 48.85968780517578 4.5
endloop
endfacet
facet normal 0 0 1
outer loop
vertex -72.19209289550781 36.19363784790039 4.5
vertex -71.48532104492188 30.360084533691406 4.5
vertex -70.19403839111328 29.859689712524414 4.5
endloop
endfacet
facet normal 0.0003057769546427827 0.9999999532502258 0
outer loop
vertex -70.19403839111328 29.859689712524414 4.5
vertex -71.48524475097656 29.860084533691406 4.5
vertex -71.48524475097656 29.860084533691406 5
endloop
endfacet
facet normal 0.0003057769546427827 0.9999999532502258 0
outer loop
vertex -71.48524475097656 29.860084533691406 5
vertex -70.19403839111328 29.859689712524414 5
vertex -70.19403839111328 29.859689712524414 4.5
endloop
endfacet
facet normal -0.9999999529424054 0.0003067819859327996 0
outer loop
vertex -70.19403839111328 29.859689712524414 4.5
vertex -70.19403839111328 29.859689712524414 5
vertex -70.1882095336914 48.85968780517578 4.5
endloop
endfacet
facet normal 0 0 1
outer loop
vertex -72.19209289550781 36.19363784790039 4.5
vertex -70.19403839111328 29.859689712524414 4.5
vertex -70.1882095336914 48.85968780517578 4.5
endloop
endfacet
facet normal 0 0 1
outer loop
vertex -72.18836212158203 48.36030197143555 4.5
vertex -72.19209289550781 36.19363784790039 4.5
vertex -71.48812866210938 48.36008834838867 4.5
endloop
endfacet
facet normal 0 0 1
outer loop
vertex -52.51058578491211 -34.972164154052734 4.5
vertex -53.200435638427734 -47.13888168334961 4.5
vertex -51.20134735107422 -34.472068786621094 4.5
endloop
endfacet
facet normal -0.9999999973894096 -0.00007225774002908034 0
outer loop
vertex -51.2012939453125 -35.25851058959961 4.5
vertex -51.19997787475586 -53.472068786621094 5
vertex -51.2012939453125 -35.25851058959961 5
endloop
endfacet
facet normal 0 0 1
outer loop
vertex -51.20134735107422 -34.472068786621094 4.5
vertex -53.200435638427734 -47.13888168334961 4.5
vertex -51.2012939453125 -35.25851058959961 4.5
endloop
endfacet
facet normal 0 0 1
outer loop
vertex -53.200435638427734 -47.13888168334961 4.5
vertex -51.19997787475586 -53.472068786621094 4.5
vertex -51.2012939453125 -35.25851058959961 4.5
endloop
endfacet
facet normal -0.9999999973894096 -0.00007225774002908034 0
outer loop
vertex -51.19997787475586 -53.472068786621094 4.5
vertex -51.19997787475586 -53.472068786621094 5
vertex -51.2012939453125 -35.25851058959961 4.5
endloop
endfacet
facet normal -0.00007425646976150221 0.9999999972429884 0
outer loop
vertex -51.19997787475586 -53.472068786621094 4.5
vertex -52.484275817871094 -53.472164154052734 5
vertex -51.19997787475586 -53.472068786621094 5
endloop
endfacet
facet normal 0 0 1
outer loop
vertex -52.484989166259766 -52.972164154052734 4.5
vertex -51.19997787475586 -53.472068786621094 4.5
vertex -53.200435638427734 -47.13888168334961 4.5
endloop
endfacet
facet normal 0 0 1
outer loop
vertex -53.200435638427734 -47.13888168334961 4.5
vertex -53.20001220703125 -52.97221374511719 4.5
vertex -52.484989166259766 -52.972164154052734 4.5
endloop
endfacet
facet normal -0.00007425646976150221 0.9999999972429884 0
outer loop
vertex -51.19997787475586 -53.472068786621094 4.5
vertex -52.484275817871094 -53.472164154052734 4.5
vertex -52.484275817871094 -53.472164154052734 5
endloop
endfacet
facet normal 0 0 1
outer loop
vertex -52.484989166259766 -52.972164154052734 4.5
vertex -52.484275817871094 -53.472164154052734 4.5
vertex -51.19997787475586 -53.472068786621094 4.5
endloop
endfacet
facet normal 0 0 1
outer loop
vertex -53.20134735107422 -34.47221374511719 4.5
vertex -53.20132827758789 -34.7586555480957 4.5
vertex -52.510887145996094 -34.75860595703125 4.5
endloop
endfacet
facet normal 0 0 1
outer loop
vertex -52.510887145996094 -34.75860595703125 4.5
vertex -52.51058578491211 -34.972164154052734 4.5
vertex -51.20134735107422 -34.472068786621094 4.5
endloop
endfacet
facet normal 0 0 1
outer loop
vertex -53.20134735107422 -34.47221374511719 4.5
vertex -52.510887145996094 -34.75860595703125 4.5
vertex -51.20134735107422 -34.472068786621094 4.5
endloop
endfacet
facet normal 0 0 1
outer loop
vertex -53.20131301879883 -34.97221374511719 4.5
vertex -53.200435638427734 -47.13888168334961 4.5
vertex -52.51058578491211 -34.972164154052734 4.5
endloop
endfacet
facet normal 0 0 1
outer loop
vertex 70.19139099121094 -21.40983772277832 4.5
vertex 71.48664093017578 -21.409997940063477 4.5
vertex 71.48661041259766 -20.909997940063477 4.5
endloop
endfacet
facet normal -0.00012329746046404953 -0.999999992398868 0
outer loop
vertex 70.19374084472656 -2.4098381996154785 4.5
vertex 71.48544311523438 -2.4099974632263184 4.5
vertex 71.48544311523438 -2.4099974632263184 5
endloop
endfacet
facet normal -0.00012329746046404953 -0.999999992398868 0
outer loop
vertex 70.19374084472656 -2.4098381996154785 5
vertex 70.19374084472656 -2.4098381996154785 4.5
vertex 71.48544311523438 -2.4099974632263184 5
endloop
endfacet
facet normal 0.00012369603665727687 0.9999999923496453 0
outer loop
vertex 71.48664093017578 -21.409997940063477 4.5
vertex 70.19139099121094 -21.40983772277832 4.5
vertex 70.19139099121094 -21.40983772277832 5
endloop
endfacet
facet normal 0 0 1
outer loop
vertex 70.19139099121094 -21.40983772277832 4.5
vertex 71.48661041259766 -20.909997940063477 4.5
vertex 72.19295501708984 -8.74341869354248 4.5
endloop
endfacet
facet normal 0 0 1
outer loop
vertex 72.19295501708984 -8.74341869354248 4.5
vertex 71.48661041259766 -20.909997940063477 4.5
vertex 72.19145202636719 -20.910085678100586 4.5
endloop
endfacet
facet normal 0.00012369603665727687 0.9999999923496453 0
outer loop
vertex 71.48664093017578 -21.409997940063477 5
vertex 71.48664093017578 -21.409997940063477 4.5
vertex 70.19139099121094 -21.40983772277832 5
endloop
endfacet
facet normal 0 0 1
outer loop
vertex 70.19139099121094 -21.40983772277832 4.5
vertex 72.19295501708984 -8.74341869354248 4.5
vertex 70.19374084472656 -2.4098381996154785 4.5
endloop
endfacet
facet normal 0.9999999923520614 -0.0001236765029803693 0
outer loop
vertex 70.19139099121094 -21.40983772277832 4.5
vertex 70.19374084472656 -2.4098381996154785 4.5
vertex 70.19374084472656 -2.4098381996154785 5
endloop
endfacet
facet normal 0.9999999923520614 -0.0001236765029803693 0
outer loop
vertex 70.19139099121094 -21.40983772277832 5
vertex 70.19139099121094 -21.40983772277832 4.5
vertex 70.19374084472656 -2.4098381996154785 5
endloop
endfacet
facet normal 0 0 1
outer loop
vertex 70.19374084472656 -2.4098381996154785 4.5
vertex 72.19295501708984 -8.74341869354248 4.5
vertex 71.4854736328125 -2.9099974632263184 4.5
endloop
endfacet
facet normal 0 0 1
outer loop
vertex 72.19367980957031 -2.9100849628448486 4.5
vertex 71.4854736328125 -2.9099974632263184 4.5
vertex 72.19295501708984 -8.74341869354248 4.5
endloop
endfacet
facet normal 0 0 1
outer loop
vertex 71.4854736328125 -2.9099974632263184 4.5
vertex 71.48544311523438 -2.4099974632263184 4.5
vertex 70.19374084472656 -2.4098381996154785 4.5
endloop
endfacet
facet normal 0 0 1
outer loop
vertex 70.19453430175781 4.040276527404785 4.5
vertex 71.4850082397461 4.540117263793945 4.5
vertex 72.19609832763672 16.706695556640625 4.5
endloop
endfacet
facet normal 0 0 1
outer loop
vertex 70.19453430175781 4.040276527404785 4.5
vertex 72.19609832763672 16.706695556640625 4.5
vertex 70.1968765258789 23.04027557373047 4.5
endloop
endfacet
facet normal 0 0 1
outer loop
vertex 70.19453430175781 4.040276527404785 4.5
vertex 71.48503875732422 4.040117263793945 4.5
vertex 71.4850082397461 4.540117263793945 4.5
endloop
endfacet
facet normal 0.00012341190217519276 0.9999999923847512 0
outer loop
vertex 71.48503875732422 4.040117263793945 4.5
vertex 70.19453430175781 4.040276527404785 4.5
vertex 70.19453430175781 4.040276527404785 5
endloop
endfacet
facet normal 0.00012341190217519276 0.9999999923847512 0
outer loop
vertex 71.48503875732422 4.040117263793945 5
vertex 71.48503875732422 4.040117263793945 4.5
vertex 70.19453430175781 4.040276527404785 5
endloop
endfacet
facet normal 0 0 1
outer loop
vertex 72.19609832763672 16.706695556640625 4.5
vertex 71.4850082397461 4.540117263793945 4.5
vertex 72.19459533691406 4.540029525756836 4.5
endloop
endfacet
facet normal 0.9999999924016423 -0.0001232749589926766 0
outer loop
vertex 70.19453430175781 4.040276527404785 5
vertex 70.19453430175781 4.040276527404785 4.5
vertex 70.1968765258789 23.04027557373047 5
endloop
endfacet
facet normal -0.00012301034379470741 -0.9999999924342275 0
outer loop
vertex 70.1968765258789 23.04027557373047 5
vertex 70.1968765258789 23.04027557373047 4.5
vertex 71.48384094238281 23.040117263793945 5
endloop
endfacet
facet normal -0.00012301034379470741 -0.9999999924342275 0
outer loop
vertex 70.1968765258789 23.04027557373047 4.5
vertex 71.48384094238281 23.040117263793945 4.5
vertex 71.48384094238281 23.040117263793945 5
endloop
endfacet
facet normal 0 0 1
outer loop
vertex 70.1968765258789 23.04027557373047 4.5
vertex 71.48387145996094 22.540117263793945 4.5
vertex 71.48384094238281 23.040117263793945 4.5
endloop
endfacet
facet normal 0 0 1
outer loop
vertex 72.19681549072266 22.540029525756836 4.5
vertex 71.48387145996094 22.540117263793945 4.5
vertex 72.19609832763672 16.706695556640625 4.5
endloop
endfacet
facet normal 0 0 1
outer loop
vertex 70.1968765258789 23.04027557373047 4.5
vertex 72.19609832763672 16.706695556640625 4.5
vertex 71.48387145996094 22.540117263793945 4.5
endloop
endfacet
facet normal 0.9999999924016423 -0.0001232749589926766 0
outer loop
vertex 70.1968765258789 23.04027557373047 5
vertex 70.19453430175781 4.040276527404785 4.5
vertex 70.1968765258789 23.04027557373047 4.5
endloop
endfacet
facet normal -0.9999999974024022 -0.00007207770439687799 0
outer loop
vertex -51.203975677490234 1.9550504684448242 4.5
vertex -51.202606201171875 -17.04494857788086 4.5
vertex -51.202606201171875 -17.04494857788086 5
endloop
endfacet
facet normal 0 0 1
outer loop
vertex -52.5630989074707 1.954952359199524 4.5
vertex -52.5623893737793 1.4549524784088135 4.5
vertex -51.203975677490234 1.9550504684448242 4.5
endloop
endfacet
facet normal 0.00007218568771434383 -0.9999999973946132 0
outer loop
vertex -52.5630989074707 1.954952359199524 4.5
vertex -51.203975677490234 1.9550504684448242 4.5
vertex -51.203975677490234 1.9550504684448242 5
endloop
endfacet
facet normal -0.9999999974024022 -0.00007207770439687799 0
outer loop
vertex -51.203975677490234 1.9550504684448242 4.5
vertex -51.202606201171875 -17.04494857788086 5
vertex -51.203975677490234 1.9550504684448242 5
endloop
endfacet
facet normal 0 0 1
outer loop
vertex -52.5623893737793 1.4549524784088135 4.5
vertex -53.203102111816406 -10.187467575073242 4.5
vertex -51.203975677490234 1.9550504684448242 4.5
endloop
endfacet
facet normal 0 0 1
outer loop
vertex -53.203941345214844 1.4549061059951782 4.5
vertex -53.203102111816406 -10.187467575073242 4.5
vertex -52.5623893737793 1.4549524784088135 4.5
endloop
endfacet
facet normal 0.00007218568771434383 -0.9999999973946132 0
outer loop
vertex -52.5630989074707 1.954952359199524 5
vertex -52.5630989074707 1.954952359199524 4.5
vertex -51.203975677490234 1.9550504684448242 5
endloop
endfacet
facet normal 0 0 1
outer loop
vertex -53.203102111816406 -10.187467575073242 4.5
vertex -51.202606201171875 -17.04494857788086 4.5
vertex -51.203975677490234 1.9550504684448242 4.5
endloop
endfacet
facet normal 0 0 1
outer loop
vertex -53.203102111816406 -10.187467575073242 4.5
vertex -52.53678894042969 -16.545045852661133 4.5
vertex -51.202606201171875 -17.04494857788086 4.5
endloop
endfacet
facet normal 0 0 1
outer loop
vertex -53.203102111816406 -10.187467575073242 4.5
vertex -53.202640533447266 -16.545093536376953 4.5
vertex -52.53678894042969 -16.545045852661133 4.5
endloop
endfacet
facet normal 0 0 1
outer loop
vertex -52.53678894042969 -16.545045852661133 4.5
vertex -52.5364875793457 -16.75860595703125 4.5
vertex -51.202606201171875 -17.04494857788086 4.5
endloop
endfacet
facet normal 0 0 1
outer loop
vertex -52.5364875793457 -16.75860595703125 4.5
vertex -53.202606201171875 -17.045093536376953 4.5
vertex -51.202606201171875 -17.04494857788086 4.5
endloop
endfacet
facet normal 0 0 1
outer loop
vertex -53.2026252746582 -16.75865364074707 4.5
vertex -53.202606201171875 -17.045093536376953 4.5
vertex -52.5364875793457 -16.75860595703125 4.5
endloop
endfacet
facet normal 0 0 1
outer loop
vertex -53.202606201171875 -17.045093536376953 4.5
vertex -51.20134735107422 -34.472068786621094 4.5
vertex -51.202606201171875 -17.04494857788086 4.5
endloop
endfacet
facet normal -0.9999999976942455 -0.00006790809109249294 0
outer loop
vertex -51.20134735107422 -34.472068786621094 4.5
vertex -51.2012939453125 -35.25851058959961 4.5
vertex -51.2012939453125 -35.25851058959961 5
endloop
endfacet
facet normal 0 0 1
outer loop
vertex -53.202606201171875 -17.045093536376953 4.5
vertex -53.20134735107422 -34.47221374511719 4.5
vertex -51.20134735107422 -34.472068786621094 4.5
endloop
endfacet
facet normal -0.9999999973678836 -0.00007223511855455374 -0.000006805910592460492
outer loop
vertex -51.2012939453125 -35.25851058959961 5
vertex -51.202606201171875 -17.04494857788086 4.5
vertex -51.20134735107422 -34.472068786621094 4.5
endloop
endfacet
facet normal -0.9999999974045225 -0.00007204828221545866 0
outer loop
vertex -51.202606201171875 -17.04494857788086 4.5
vertex -51.2012939453125 -35.25851058959961 5
vertex -51.202606201171875 -17.04494857788086 5
endloop
endfacet
facet normal 0 0 -1
outer loop
vertex 71.4870834350586 -28.3601131439209 0.20000000298023224
vertex 72.19053649902344 -28.360198974609375 0.20000000298023224
vertex 72.19044494628906 -29.0802001953125 0.20000000298023224
endloop
endfacet
facet normal 0 0 -1
outer loop
vertex 72.19044494628906 -29.0802001953125 0.20000000298023224
vertex 70.19059753417969 -27.859952926635742 0.20000000298023224
vertex 71.4870834350586 -28.3601131439209 0.20000000298023224
endloop
endfacet
facet normal 0 0 -1
outer loop
vertex 70.19059753417969 -27.859952926635742 0.20000000298023224
vertex 71.48705291748047 -27.8601131439209 0.20000000298023224
vertex 71.4870834350586 -28.3601131439209 0.20000000298023224
endloop
endfacet
facet normal -0.00012358102407264898 -0.9999999923638652 0
outer loop
vertex 70.19059753417969 -27.859952926635742 0.20000000298023224
vertex 70.19059753417969 -27.859952926635742 0
vertex 71.48705291748047 -27.8601131439209 0.20000000298023224
endloop
endfacet
facet normal 0 0 -1
outer loop
vertex 72.19044494628906 -29.0802001953125 0.20000000298023224
vertex 70.18824768066406 -46.85995101928711 0.20000000298023224
vertex 70.19059753417969 -27.859952926635742 0.20000000298023224
endloop
endfacet
facet normal 0.9999999923520602 -0.0001236765122919836 0
outer loop
vertex 70.19059753417969 -27.859952926635742 0.20000000298023224
vertex 70.18824768066406 -46.85995101928711 0
vertex 70.19059753417969 -27.859952926635742 0
endloop
endfacet
facet normal 0 0 -1
outer loop
vertex 71.48822021484375 -46.360111236572266 0.20000000298023224
vertex 72.19044494628906 -29.0802001953125 0.20000000298023224
vertex 72.18830871582031 -46.360198974609375 0.20000000298023224
endloop
endfacet
facet normal 0 0 -1
outer loop
vertex 71.48822021484375 -46.360111236572266 0.20000000298023224
vertex 70.18824768066406 -46.85995101928711 0.20000000298023224
vertex 72.19044494628906 -29.0802001953125 0.20000000298023224
endloop
endfacet
facet normal 0.9999999923520602 -0.0001236765122919836 0
outer loop
vertex 70.18824768066406 -46.85995101928711 0.20000000298023224
vertex 70.18824768066406 -46.85995101928711 0
vertex 70.19059753417969 -27.859952926635742 0.20000000298023224
endloop
endfacet
facet normal 0 0 -1
outer loop
vertex 71.48824310302734 -46.78242492675781 0.20000000298023224
vertex 70.18824768066406 -46.85995101928711 0.20000000298023224
vertex 71.48822021484375 -46.360111236572266 0.20000000298023224
endloop
endfacet
facet normal 0 0 -1
outer loop
vertex 71.47076416015625 -46.860111236572266 0.20000000298023224
vertex 70.18824768066406 -46.85995101928711 0.20000000298023224
vertex 71.48824310302734 -46.78242492675781 0.20000000298023224
endloop
endfacet
facet normal 0.00012492415221791853 0.999999992196978 0
outer loop
vertex 71.47076416015625 -46.860111236572266 0.20000000298023224
vertex 71.47076416015625 -46.860111236572266 0
vertex 70.18824768066406 -46.85995101928711 0.20000000298023224
endloop
endfacet
facet normal 0.00012492415221791853 0.999999992196978 0
outer loop
vertex 71.47076416015625 -46.860111236572266 0
vertex 70.18824768066406 -46.85995101928711 0
vertex 70.18824768066406 -46.85995101928711 0.20000000298023224
endloop
endfacet
facet normal -0.00012358102407264898 -0.9999999923638652 0
outer loop
vertex 70.19059753417969 -27.859952926635742 0
vertex 71.48705291748047 -27.8601131439209 0
vertex 71.48705291748047 -27.8601131439209 0.20000000298023224
endloop
endfacet
facet normal -0.00012197879263302851 -0.9999999925605872 0
outer loop
vertex 70.20001983642578 48.49039077758789 0.20000000298023224
vertex 70.20001983642578 48.49039077758789 0
vertex 71.48223114013672 48.490234375 0.20000000298023224
endloop
endfacet
facet normal -0.00012197879263302851 -0.9999999925605872 0
outer loop
vertex 70.20001983642578 48.49039077758789 0
vertex 71.48223114013672 48.490234375 0
vertex 71.48223114013672 48.490234375 0.20000000298023224
endloop
endfacet
facet normal 0 0 -1
outer loop
vertex 72.19987487792969 47.270145416259766 0.20000000298023224
vertex 70.19767761230469 29.49039077758789 0.20000000298023224
vertex 70.20001983642578 48.49039077758789 0.20000000298023224
endloop
endfacet
facet normal 0 0 -1
outer loop
vertex 71.48226165771484 47.990234375 0.20000000298023224
vertex 72.19995880126953 47.990142822265625 0.20000000298023224
vertex 72.19987487792969 47.270145416259766 0.20000000298023224
endloop
endfacet
facet normal 0 0 -1
outer loop
vertex 70.20001983642578 48.49039077758789 0.20000000298023224
vertex 71.48223114013672 48.490234375 0.20000000298023224
vertex 71.48226165771484 47.990234375 0.20000000298023224
endloop
endfacet
facet normal 0.9999999924016431 -0.0001232749528050892 0
outer loop
vertex 70.20001983642578 48.49039077758789 0.20000000298023224
vertex 70.19767761230469 29.49039077758789 0
vertex 70.20001983642578 48.49039077758789 0
endloop
endfacet
facet normal 0 0 -1
outer loop
vertex 71.4833984375 29.990232467651367 0.20000000298023224
vertex 72.19987487792969 47.270145416259766 0.20000000298023224
vertex 72.19773864746094 29.990144729614258 0.20000000298023224
endloop
endfacet
facet normal 0 0 -1
outer loop
vertex 71.4833984375 29.990232467651367 0.20000000298023224
vertex 70.19767761230469 29.49039077758789 0.20000000298023224
vertex 72.19987487792969 47.270145416259766 0.20000000298023224
endloop
endfacet
facet normal 0.9999999924016431 -0.0001232749528050892 0
outer loop
vertex 70.19767761230469 29.49039077758789 0.20000000298023224
vertex 70.19767761230469 29.49039077758789 0
vertex 70.20001983642578 48.49039077758789 0.20000000298023224
endloop
endfacet
facet normal 0 0 -1
outer loop
vertex 71.48342895507812 29.490232467651367 0.20000000298023224
vertex 70.19767761230469 29.49039077758789 0.20000000298023224
vertex 71.4833984375 29.990232467651367 0.20000000298023224
endloop
endfacet
facet normal 0.00012312640092753551 0.9999999924199445 0
outer loop
vertex 71.48342895507812 29.490232467651367 0.20000000298023224
vertex 71.48342895507812 29.490232467651367 0
vertex 70.19767761230469 29.49039077758789 0.20000000298023224
endloop
endfacet
facet normal 0.00012312640092753551 0.9999999924199445 0
outer loop
vertex 71.48342895507812 29.490232467651367 0
vertex 70.19767761230469 29.49039077758789 0
vertex 70.19767761230469 29.49039077758789 0.20000000298023224
endloop
endfacet
facet normal 0 0 -1
outer loop
vertex 70.20001983642578 48.49039077758789 0.20000000298023224
vertex 71.48226165771484 47.990234375 0.20000000298023224
vertex 72.19987487792969 47.270145416259766 0.20000000298023224
endloop
endfacet
facet normal 0 0 -1
outer loop
vertex -70.1882095336914 48.85968780517578 0.20000000298023224
vertex -71.48812866210938 48.36008834838867 0.20000000298023224
vertex -71.48819732666016 48.78255844116211 0.20000000298023224
endloop
endfacet
facet normal 0 0 -1
outer loop
vertex -70.19403839111328 29.859689712524414 0.20000000298023224
vertex -72.19366455078125 31.080303192138672 0.20000000298023224
vertex -70.1882095336914 48.85968780517578 0.20000000298023224
endloop
endfacet
facet normal -0.0003063561320796966 -0.9999999530729591 0
outer loop
vertex -71.47074890136719 48.86008071899414 0.20000000298023224
vertex -71.47074890136719 48.86008071899414 0
vertex -70.1882095336914 48.85968780517578 0.20000000298023224
endloop
endfacet
facet normal 0.0003057769546427827 0.9999999532502258 0
outer loop
vertex -70.19403839111328 29.859689712524414 0
vertex -71.48524475097656 29.860084533691406 0
vertex -71.48524475097656 29.860084533691406 0.20000000298023224
endloop
endfacet
facet normal -0.0003063561320796966 -0.9999999530729591 0
outer loop
vertex -71.47074890136719 48.86008071899414 0
vertex -70.1882095336914 48.85968780517578 0
vertex -70.1882095336914 48.85968780517578 0.20000000298023224
endloop
endfacet
facet normal 0 0 -1
outer loop
vertex -70.1882095336914 48.85968780517578 0.20000000298023224
vertex -72.19366455078125 31.080303192138672 0.20000000298023224
vertex -71.48812866210938 48.36008834838867 0.20000000298023224
endloop
endfacet
facet normal 0 0 -1
outer loop
vertex -70.1882095336914 48.85968780517578 0.20000000298023224
vertex -71.48819732666016 48.78255844116211 0.20000000298023224
vertex -71.47074890136719 48.86008071899414 0.20000000298023224
endloop
endfacet
facet normal 0 0 -1
outer loop
vertex -72.19366455078125 31.080303192138672 0.20000000298023224
vertex -72.18836212158203 48.36030197143555 0.20000000298023224
vertex -71.48812866210938 48.36008834838867 0.20000000298023224
endloop
endfacet
facet normal 0.0003057769546427827 0.9999999532502258 0
outer loop
vertex -70.19403839111328 29.859689712524414 0
vertex -71.48524475097656 29.860084533691406 0.20000000298023224
vertex -70.19403839111328 29.859689712524414 0.20000000298023224
endloop
endfacet
facet normal 0 0 -1
outer loop
vertex -72.19388580322266 30.360301971435547 0.20000000298023224
vertex -72.19366455078125 31.080303192138672 0.20000000298023224
vertex -71.48532104492188 30.360084533691406 0.20000000298023224
endloop
endfacet
facet normal 0 0 -1
outer loop
vertex -71.48532104492188 30.360084533691406 0.20000000298023224
vertex -72.19366455078125 31.080303192138672 0.20000000298023224
vertex -70.19403839111328 29.859689712524414 0.20000000298023224
endloop
endfacet
facet normal -0.9999999529424054 0.0003067819859327996 0
outer loop
vertex -70.1882095336914 48.85968780517578 0
vertex -70.19403839111328 29.859689712524414 0.20000000298023224
vertex -70.1882095336914 48.85968780517578 0.20000000298023224
endloop
endfacet
facet normal 0 0 -1
outer loop
vertex -70.19403839111328 29.859689712524414 0.20000000298023224
vertex -71.48524475097656 29.860084533691406 0.20000000298023224
vertex -71.48532104492188 30.360084533691406 0.20000000298023224
endloop
endfacet
facet normal -0.9999999529424054 0.0003067819859327996 0
outer loop
vertex -70.19403839111328 29.859689712524414 0
vertex -70.19403839111328 29.859689712524414 0.20000000298023224
vertex -70.1882095336914 48.85968780517578 0
endloop
endfacet
facet normal 0 0 -1
outer loop
vertex -51.20134735107422 -34.472068786621094 0.20000000298023224
vertex -52.51058578491211 -34.972164154052734 0.20000000298023224
vertex -52.510887145996094 -34.75860595703125 0.20000000298023224
endloop
endfacet
facet normal -0.00007425646976150221 0.9999999972429885 0
outer loop
vertex -51.19997787475586 -53.472068786621094 0
vertex -52.484275817871094 -53.472164154052734 0
vertex -52.484275817871094 -53.472164154052734 0.20000000298023224
endloop
endfacet
facet normal 0 0 -1
outer loop
vertex -53.20132827758789 -34.7586555480957 0.20000000298023224
vertex -53.20134735107422 -34.47221374511719 0.20000000298023224
vertex -52.510887145996094 -34.75860595703125 0.20000000298023224
endloop
endfacet
facet normal 0 0 -1
outer loop
vertex -51.2012939453125 -35.25851058959961 0.20000000298023224
vertex -53.20006561279297 -52.25221633911133 0.20000000298023224
vertex -51.20134735107422 -34.472068786621094 0.20000000298023224
endloop
endfacet
facet normal 0 0 -1
outer loop
vertex -53.20006561279297 -52.25221633911133 0.20000000298023224
vertex -52.51058578491211 -34.972164154052734 0.20000000298023224
vertex -51.20134735107422 -34.472068786621094 0.20000000298023224
endloop
endfacet
facet normal -0.00007425646976150221 0.9999999972429885 0
outer loop
vertex -51.19997787475586 -53.472068786621094 0
vertex -52.484275817871094 -53.472164154052734 0.20000000298023224
vertex -51.19997787475586 -53.472068786621094 0.20000000298023224
endloop
endfacet
facet normal 0 0 -1
outer loop
vertex -53.20006561279297 -52.25221633911133 0.20000000298023224
vertex -53.20131301879883 -34.97221374511719 0.20000000298023224
vertex -52.51058578491211 -34.972164154052734 0.20000000298023224
endloop
endfacet
facet normal -0.9999999973894095 -0.00007225774002908034 0
outer loop
vertex -51.2012939453125 -35.25851058959961 0
vertex -51.19997787475586 -53.472068786621094 0
vertex -51.2012939453125 -35.25851058959961 0.20000000298023224
endloop
endfacet
facet normal 0 0 -1
outer loop
vertex -51.2012939453125 -35.25851058959961 0.20000000298023224
vertex -51.19997787475586 -53.472068786621094 0.20000000298023224
vertex -53.20006561279297 -52.25221633911133 0.20000000298023224
endloop
endfacet
facet normal -0.9999999973894095 -0.00007225774002908034 0
outer loop
vertex -51.19997787475586 -53.472068786621094 0
vertex -51.19997787475586 -53.472068786621094 0.20000000298023224
vertex -51.2012939453125 -35.25851058959961 0.20000000298023224
endloop
endfacet
facet normal 0 0 -1
outer loop
vertex -52.484989166259766 -52.972164154052734 0.20000000298023224
vertex -53.20006561279297 -52.25221633911133 0.20000000298023224
vertex -51.19997787475586 -53.472068786621094 0.20000000298023224
endloop
endfacet
facet normal 0 0 -1
outer loop
vertex -53.20001220703125 -52.97221374511719 0.20000000298023224
vertex -53.20006561279297 -52.25221633911133 0.20000000298023224
vertex -52.484989166259766 -52.972164154052734 0.20000000298023224
endloop
endfacet
facet normal 0 0 -1
outer loop
vertex -51.19997787475586 -53.472068786621094 0.20000000298023224
vertex -52.484275817871094 -53.472164154052734 0.20000000298023224
vertex -52.484989166259766 -52.972164154052734 0.20000000298023224
endloop
endfacet
facet normal 0 0 -1
outer loop
vertex -52.510887145996094 -34.75860595703125 0.20000000298023224
vertex -53.20134735107422 -34.47221374511719 0.20000000298023224
vertex -51.20134735107422 -34.472068786621094 0.20000000298023224
endloop
endfacet
facet normal 0.9999999923520612 -0.0001236765029803693 0
outer loop
vertex 70.19374084472656 -2.4098381996154785 0.20000000298023224
vertex 70.19139099121094 -21.40983772277832 0
vertex 70.19374084472656 -2.4098381996154785 0
endloop
endfacet
facet normal 0 0 -1
outer loop
vertex 71.48661041259766 -20.909997940063477 0.20000000298023224
vertex 72.19358825683594 -3.630084991455078 0.20000000298023224
vertex 72.19145202636719 -20.910085678100586 0.20000000298023224
endloop
endfacet
facet normal 0.9999999923520612 -0.0001236765029803693 0
outer loop
vertex 70.19139099121094 -21.40983772277832 0.20000000298023224
vertex 70.19139099121094 -21.40983772277832 0
vertex 70.19374084472656 -2.4098381996154785 0.20000000298023224
endloop
endfacet
facet normal 0 0 -1
outer loop
vertex 71.48661041259766 -20.909997940063477 0.20000000298023224
vertex 70.19139099121094 -21.40983772277832 0.20000000298023224
vertex 72.19358825683594 -3.630084991455078 0.20000000298023224
endloop
endfacet
facet normal 0 0 -1
outer loop
vertex 71.48664093017578 -21.409997940063477 0.20000000298023224
vertex 70.19139099121094 -21.40983772277832 0.20000000298023224
vertex 71.48661041259766 -20.909997940063477 0.20000000298023224
endloop
endfacet
facet normal 0.00012369603665727684 0.9999999923496452 0
outer loop
vertex 71.48664093017578 -21.409997940063477 0.20000000298023224
vertex 71.48664093017578 -21.409997940063477 0
vertex 70.19139099121094 -21.40983772277832 0.20000000298023224
endloop
endfacet
facet normal 0.00012369603665727684 0.9999999923496452 0
outer loop
vertex 71.48664093017578 -21.409997940063477 0
vertex 70.19139099121094 -21.40983772277832 0
vertex 70.19139099121094 -21.40983772277832 0.20000000298023224
endloop
endfacet
facet normal 0 0 -1
outer loop
vertex 71.4854736328125 -2.9099974632263184 0.20000000298023224
vertex 72.19367980957031 -2.9100849628448486 0.20000000298023224
vertex 72.19358825683594 -3.630084991455078 0.20000000298023224
endloop
endfacet
facet normal 0 0 -1
outer loop
vertex 72.19358825683594 -3.630084991455078 0.20000000298023224
vertex 70.19374084472656 -2.4098381996154785 0.20000000298023224
vertex 71.4854736328125 -2.9099974632263184 0.20000000298023224
endloop
endfacet
facet normal 0 0 -1
outer loop
vertex 70.19374084472656 -2.4098381996154785 0.20000000298023224
vertex 71.48544311523438 -2.4099974632263184 0.20000000298023224
vertex 71.4854736328125 -2.9099974632263184 0.20000000298023224
endloop
endfacet
facet normal -0.00012329746046404956 -0.9999999923988682 0
outer loop
vertex 70.19374084472656 -2.4098381996154785 0.20000000298023224
vertex 70.19374084472656 -2.4098381996154785 0
vertex 71.48544311523438 -2.4099974632263184 0.20000000298023224
endloop
endfacet
facet normal -0.00012329746046404956 -0.9999999923988682 0
outer loop
vertex 70.19374084472656 -2.4098381996154785 0
vertex 71.48544311523438 -2.4099974632263184 0
vertex 71.48544311523438 -2.4099974632263184 0.20000000298023224
endloop
endfacet
facet normal 0 0 -1
outer loop
vertex 72.19358825683594 -3.630084991455078 0.20000000298023224
vertex 70.19139099121094 -21.40983772277832 0.20000000298023224
vertex 70.19374084472656 -2.4098381996154785 0.20000000298023224
endloop
endfacet
facet normal 0.9999999924016422 -0.0001232749589926766 0
outer loop
vertex 70.1968765258789 23.04027557373047 0.20000000298023224
vertex 70.19453430175781 4.040276527404785 0
vertex 70.1968765258789 23.04027557373047 0
endloop
endfacet
facet normal 0.00012341190217519276 0.9999999923847512 0
outer loop
vertex 71.48503875732422 4.040117263793945 0
vertex 70.19453430175781 4.040276527404785 0
vertex 70.19453430175781 4.040276527404785 0.20000000298023224
endloop
endfacet
facet normal 0 0 -1
outer loop
vertex 70.1968765258789 23.04027557373047 0.20000000298023224
vertex 71.48384094238281 23.040117263793945 0.20000000298023224
vertex 71.48387145996094 22.540117263793945 0.20000000298023224
endloop
endfacet
facet normal -0.00012301034379470744 -0.9999999924342278 0
outer loop
vertex 70.1968765258789 23.04027557373047 0.20000000298023224
vertex 70.1968765258789 23.04027557373047 0
vertex 71.48384094238281 23.040117263793945 0.20000000298023224
endloop
endfacet
facet normal 0 0 -1
outer loop
vertex 71.48503875732422 4.040117263793945 0.20000000298023224
vertex 70.19453430175781 4.040276527404785 0.20000000298023224
vertex 71.4850082397461 4.540117263793945 0.20000000298023224
endloop
endfacet
facet normal 0.9999999924016422 -0.0001232749589926766 0
outer loop
vertex 70.19453430175781 4.040276527404785 0.20000000298023224
vertex 70.19453430175781 4.040276527404785 0
vertex 70.1968765258789 23.04027557373047 0.20000000298023224
endloop
endfacet
facet normal 0 0 -1
outer loop
vertex 71.4850082397461 4.540117263793945 0.20000000298023224
vertex 70.19453430175781 4.040276527404785 0.20000000298023224
vertex 72.19673156738281 21.820030212402344 0.20000000298023224
endloop
endfacet
facet normal 0 0 -1
outer loop
vertex 71.4850082397461 4.540117263793945 0.20000000298023224
vertex 72.19673156738281 21.820030212402344 0.20000000298023224
vertex 72.19459533691406 4.540029525756836 0.20000000298023224
endloop
endfacet
facet normal -0.00012301034379470744 -0.9999999924342278 0
outer loop
vertex 70.1968765258789 23.04027557373047 0
vertex 71.48384094238281 23.040117263793945 0
vertex 71.48384094238281 23.040117263793945 0.20000000298023224
endloop
endfacet
facet normal 0 0 -1
outer loop
vertex 72.19673156738281 21.820030212402344 0.20000000298023224
vertex 71.48387145996094 22.540117263793945 0.20000000298023224
vertex 72.19681549072266 22.540029525756836 0.20000000298023224
endloop
endfacet
facet normal 0 0 -1
outer loop
vertex 72.19673156738281 21.820030212402344 0.20000000298023224
vertex 70.1968765258789 23.04027557373047 0.20000000298023224
vertex 71.48387145996094 22.540117263793945 0.20000000298023224
endloop
endfacet
facet normal 0 0 -1
outer loop
vertex 72.19673156738281 21.820030212402344 0.20000000298023224
vertex 70.19453430175781 4.040276527404785 0.20000000298023224
vertex 70.1968765258789 23.04027557373047 0.20000000298023224
endloop
endfacet
facet normal 0.00012341190217519276 0.9999999923847512 0
outer loop
vertex 71.48503875732422 4.040117263793945 0.20000000298023224
vertex 71.48503875732422 4.040117263793945 0
vertex 70.19453430175781 4.040276527404785 0.20000000298023224
endloop
endfacet
facet normal 0 0 -1
outer loop
vertex -53.202606201171875 -17.045093536376953 0.20000000298023224
vertex -53.2026252746582 -16.75865364074707 0.20000000298023224
vertex -52.5364875793457 -16.75860595703125 0.20000000298023224
endloop
endfacet
facet normal 0 0 -1
outer loop
vertex -51.203975677490234 1.9550504684448242 0.20000000298023224
vertex -52.5623893737793 1.4549524784088135 0.20000000298023224
vertex -52.5630989074707 1.954952359199524 0.20000000298023224
endloop
endfacet
facet normal 0 0 -1
outer loop
vertex -51.202606201171875 -17.04494857788086 0.20000000298023224
vertex -52.5364875793457 -16.75860595703125 0.20000000298023224
vertex -52.53678894042969 -16.545045852661133 0.20000000298023224
endloop
endfacet
facet normal -0.9999999974024023 -0.000072077704396878 0
outer loop
vertex -51.202606201171875 -17.04494857788086 0
vertex -51.202606201171875 -17.04494857788086 0.20000000298023224
vertex -51.203975677490234 1.9550504684448242 0.20000000298023224
endloop
endfacet
facet normal 0 0 -1
outer loop
vertex -51.202606201171875 -17.04494857788086 0.20000000298023224
vertex -53.202693939208984 -15.825094223022461 0.20000000298023224
vertex -51.203975677490234 1.9550504684448242 0.20000000298023224
endloop
endfacet
facet normal -0.9999999974024023 -0.000072077704396878 0
outer loop
vertex -51.202606201171875 -17.04494857788086 0
vertex -51.203975677490234 1.9550504684448242 0.20000000298023224
vertex -51.203975677490234 1.9550504684448242 0
endloop
endfacet
facet normal 0 0 -1
outer loop
vertex -53.202693939208984 -15.825094223022461 0.20000000298023224
vertex -53.203941345214844 1.4549061059951782 0.20000000298023224
vertex -52.5623893737793 1.4549524784088135 0.20000000298023224
endloop
endfacet
facet normal 0 0 -1
outer loop
vertex -51.203975677490234 1.9550504684448242 0.20000000298023224
vertex -53.202693939208984 -15.825094223022461 0.20000000298023224
vertex -52.5623893737793 1.4549524784088135 0.20000000298023224
endloop
endfacet
facet normal 0 0 -1
outer loop
vertex -53.202640533447266 -16.545093536376953 0.20000000298023224
vertex -53.202693939208984 -15.825094223022461 0.20000000298023224
vertex -52.53678894042969 -16.545045852661133 0.20000000298023224
endloop
endfacet
facet normal 0 0 -1
outer loop
vertex -52.53678894042969 -16.545045852661133 0.20000000298023224
vertex -53.202693939208984 -15.825094223022461 0.20000000298023224
vertex -51.202606201171875 -17.04494857788086 0.20000000298023224
endloop
endfacet
facet normal 0 0 -1
outer loop
vertex -51.202606201171875 -17.04494857788086 0.20000000298023224
vertex -53.202606201171875 -17.045093536376953 0.20000000298023224
vertex -52.5364875793457 -16.75860595703125 0.20000000298023224
endloop
endfacet
facet normal 0.00007218568771434385 -0.9999999973946133 0
outer loop
vertex -51.203975677490234 1.9550504684448242 0.20000000298023224
vertex -52.5630989074707 1.954952359199524 0.20000000298023224
vertex -51.203975677490234 1.9550504684448242 0
endloop
endfacet
facet normal 0.00007218568771434385 -0.9999999973946133 0
outer loop
vertex -52.5630989074707 1.954952359199524 0.20000000298023224
vertex -52.5630989074707 1.954952359199524 0
vertex -51.203975677490234 1.9550504684448242 0
endloop
endfacet
facet normal -0.9999999976942455 -0.00006790809109249294 0
outer loop
vertex -51.2012939453125 -35.25851058959961 0
vertex -51.2012939453125 -35.25851058959961 0.20000000298023224
vertex -51.20134735107422 -34.472068786621094 0.20000000298023224
endloop
endfacet
facet normal 0 0 -1
outer loop
vertex -51.202606201171875 -17.04494857788086 0.20000000298023224
vertex -53.20134735107422 -34.47221374511719 0.20000000298023224
vertex -53.202606201171875 -17.045093536376953 0.20000000298023224
endloop
endfacet
facet normal -0.9999999973910438 -0.00007223511855622671 0
outer loop
vertex -51.202606201171875 -17.04494857788086 0
vertex -51.20134735107422 -34.472068786621094 0.20000000298023224
vertex -51.202606201171875 -17.04494857788086 0.20000000298023224
endloop
endfacet
facet normal 0 0 -1
outer loop
vertex -51.20134735107422 -34.472068786621094 0.20000000298023224
vertex -53.20134735107422 -34.47221374511719 0.20000000298023224
vertex -51.202606201171875 -17.04494857788086 0.20000000298023224
endloop
endfacet
facet normal -0.9999999972720016 -0.00007204828220591075 0.000016280096689718616
outer loop
vertex -51.2012939453125 -35.25851058959961 0
vertex -51.20134735107422 -34.472068786621094 0.20000000298023224
vertex -51.202606201171875 -17.04494857788086 0
endloop
endfacet
facet normal 0.4713925315523721 0.8819235121010471 0
outer loop
vertex -10.84006404876709 -53.062408447265625 0
vertex -11.038883209228516 -52.956138610839844 5
vertex -10.84006404876709 -53.062408447265625 5
endloop
endfacet
facet normal -0.8819245734735436 -0.471390545835943 0
outer loop
vertex -9.337516784667969 -51.55986404418945 5
vertex -9.443787574768066 -51.36104202270508 5
vertex -9.443787574768066 -51.36104202270508 0
endloop
endfacet
facet normal 0.956941111292252 -0.2902821205633403 0
outer loop
vertex -11.527880668640137 -51.775596618652344 0
vertex -11.46243953704834 -51.55986404418945 5
vertex -11.527880668640137 -51.775596618652344 5
endloop
endfacet
facet normal 0.8819228148211526 0.4713938360839425 0
outer loop
vertex -11.356167793273926 -52.63885498046875 0
vertex -11.46243953704834 -52.440032958984375 0
vertex -11.46243953704834 -52.440032958984375 5
endloop
endfacet
facet normal 0.0980242643089155 -0.9951840249957271 0
outer loop
vertex -10.6243314743042 -50.872047424316406 0
vertex -10.399977684020996 -50.84994888305664 5
vertex -10.6243314743042 -50.872047424316406 5
endloop
endfacet
facet normal -0.0980242643089155 -0.9951840249957271 0
outer loop
vertex -10.399977684020996 -50.84994888305664 0
vertex -10.175623893737793 -50.872047424316406 5
vertex -10.399977684020996 -50.84994888305664 5
endloop
endfacet
facet normal -0.4713907728797535 -0.8819244521181102 0
outer loop
vertex -9.959892272949219 -50.9374885559082 0
vertex -9.761072158813477 -51.043758392333984 5
vertex -9.959892272949219 -50.9374885559082 5
endloop
endfacet
facet normal -0.6343925844553703 -0.7730110275979483 0
outer loop
vertex -9.761072158813477 -51.043758392333984 5
vertex -9.58680534362793 -51.18677520751953 0
vertex -9.58680534362793 -51.18677520751953 5
endloop
endfacet
facet normal -0.29028329566854627 -0.9569407548306256 0
outer loop
vertex -10.175623893737793 -50.872047424316406 0
vertex -9.959892272949219 -50.9374885559082 5
vertex -10.175623893737793 -50.872047424316406 5
endloop
endfacet
facet normal -0.7730089530925516 -0.6343951122437477 0
outer loop
vertex -9.58680534362793 -51.18677520751953 0
vertex -9.443787574768066 -51.36104202270508 5
vertex -9.58680534362793 -51.18677520751953 5
endloop
endfacet
facet normal -0.29029879090560506 0.9569360542892841 0
outer loop
vertex -10.175623893737793 -53.12785339355469 5
vertex -9.959892272949219 -53.062408447265625 0
vertex -10.175623893737793 -53.12785339355469 0
endloop
endfacet
facet normal 0.9569396854197713 0.2902868210386224 0
outer loop
vertex -11.46243953704834 -52.440032958984375 0
vertex -11.527880668640137 -52.22430419921875 0
vertex -11.527880668640137 -52.22430419921875 5
endloop
endfacet
facet normal 0.9951844376610333 0.09802007466480116 0
outer loop
vertex -11.527880668640137 -52.22430419921875 0
vertex -11.549978256225586 -51.99995040893555 0
vertex -11.549978256225586 -51.99995040893555 5
endloop
endfacet
facet normal 0.9951844376610333 -0.09802007466480116 0
outer loop
vertex -11.549978256225586 -51.99995040893555 0
vertex -11.527880668640137 -51.775596618652344 0
vertex -11.527880668640137 -51.775596618652344 5
endloop
endfacet
facet normal 0.9951844376610333 -0.09802007466480116 0
outer loop
vertex -11.549978256225586 -51.99995040893555 0
vertex -11.527880668640137 -51.775596618652344 5
vertex -11.549978256225586 -51.99995040893555 5
endloop
endfacet
facet normal -0.09800750570118845 0.9951856755531762 0
outer loop
vertex -10.399977684020996 -53.14994812011719 5
vertex -10.175623893737793 -53.12785339355469 0
vertex -10.399977684020996 -53.14994812011719 0
endloop
endfacet
facet normal 0.09800750570118845 0.9951856755531762 0
outer loop
vertex -10.6243314743042 -53.12785339355469 5
vertex -10.399977684020996 -53.14994812011719 0
vertex -10.6243314743042 -53.12785339355469 0
endloop
endfacet
facet normal 0.29029761574921725 0.9569364107872163 0
outer loop
vertex -10.84006404876709 -53.062408447265625 5
vertex -10.6243314743042 -53.12785339355469 0
vertex -10.84006404876709 -53.062408447265625 0
endloop
endfacet
facet normal 0.956941111292252 -0.2902821205633403 0
outer loop
vertex -11.527880668640137 -51.775596618652344 0
vertex -11.46243953704834 -51.55986404418945 0
vertex -11.46243953704834 -51.55986404418945 5
endloop
endfacet
facet normal 0.8819228148211526 -0.4713938360839425 0
outer loop
vertex -11.356167793273926 -51.36104202270508 0
vertex -11.356167793273926 -51.36104202270508 5
vertex -11.46243953704834 -51.55986404418945 0
endloop
endfacet
facet normal 0.9951844376610333 0.09802007466480116 0
outer loop
vertex -11.549978256225586 -51.99995040893555 5
vertex -11.527880668640137 -52.22430419921875 5
vertex -11.527880668640137 -52.22430419921875 0
endloop
endfacet
facet normal 0.9569396854197713 0.2902868210386224 0
outer loop
vertex -11.527880668640137 -52.22430419921875 5
vertex -11.46243953704834 -52.440032958984375 5
vertex -11.46243953704834 -52.440032958984375 0
endloop
endfacet
facet normal 0.8819228148211526 0.4713938360839425 0
outer loop
vertex -11.356167793273926 -52.63885498046875 0
vertex -11.46243953704834 -52.440032958984375 5
vertex -11.356167793273926 -52.63885498046875 5
endloop
endfacet
facet normal 0.6343905099530386 0.7730127300902123 0
outer loop
vertex -11.213150978088379 -52.8131217956543 5
vertex -11.038883209228516 -52.956138610839844 0
vertex -11.213150978088379 -52.8131217956543 0
endloop
endfacet
facet normal 0.4713925315523721 0.8819235121010471 0
outer loop
vertex -10.84006404876709 -53.062408447265625 0
vertex -11.038883209228516 -52.956138610839844 0
vertex -11.038883209228516 -52.956138610839844 5
endloop
endfacet
facet normal -0.4713907728797535 0.8819244521181102 0
outer loop
vertex -9.959892272949219 -53.062408447265625 5
vertex -9.761072158813477 -52.956138610839844 0
vertex -9.959892272949219 -53.062408447265625 0
endloop
endfacet
facet normal -0.6343925844553703 0.7730110275979483 0
outer loop
vertex -9.58680534362793 -52.8131217956543 0
vertex -9.761072158813477 -52.956138610839844 0
vertex -9.761072158813477 -52.956138610839844 5
endloop
endfacet
facet normal -0.29029879090560506 0.9569360542892841 0
outer loop
vertex -9.959892272949219 -53.062408447265625 0
vertex -10.175623893737793 -53.12785339355469 5
vertex -9.959892272949219 -53.062408447265625 5
endloop
endfacet
facet normal 0.8819228148211526 -0.4713938360839425 0
outer loop
vertex -11.46243953704834 -51.55986404418945 0
vertex -11.356167793273926 -51.36104202270508 5
vertex -11.46243953704834 -51.55986404418945 5
endloop
endfacet
facet normal -0.09800750570118845 0.9951856755531762 0
outer loop
vertex -10.175623893737793 -53.12785339355469 0
vertex -10.399977684020996 -53.14994812011719 5
vertex -10.175623893737793 -53.12785339355469 5
endloop
endfacet
facet normal 0.09800750570118845 0.9951856755531762 0
outer loop
vertex -10.399977684020996 -53.14994812011719 0
vertex -10.6243314743042 -53.12785339355469 5
vertex -10.399977684020996 -53.14994812011719 5
endloop
endfacet
facet normal 0.29029761574921725 0.9569364107872163 0
outer loop
vertex -10.6243314743042 -53.12785339355469 0
vertex -10.84006404876709 -53.062408447265625 5
vertex -10.6243314743042 -53.12785339355469 5
endloop
endfacet
facet normal -0.7730089530925516 0.6343951122437477 0
outer loop
vertex -9.443787574768066 -52.63885498046875 0
vertex -9.58680534362793 -52.8131217956543 0
vertex -9.58680534362793 -52.8131217956543 5
endloop
endfacet
facet normal 0.2902821205633403 -0.956941111292252 0
outer loop
vertex -10.84006404876709 -50.9374885559082 0
vertex -10.6243314743042 -50.872047424316406 5
vertex -10.84006404876709 -50.9374885559082 5
endloop
endfacet
facet normal 0.4713925315523721 -0.8819235121010471 0
outer loop
vertex -11.038883209228516 -51.043758392333984 0
vertex -10.84006404876709 -50.9374885559082 5
vertex -11.038883209228516 -51.043758392333984 5
endloop
endfacet
facet normal -0.8819245734735436 0.471390545835943 0
outer loop
vertex -9.337516784667969 -52.440032958984375 0
vertex -9.443787574768066 -52.63885498046875 0
vertex -9.443787574768066 -52.63885498046875 5
endloop
endfacet
facet normal -0.9569385102763999 0.2902906949076816 0
outer loop
vertex -9.272074699401855 -52.22430419921875 0
vertex -9.337516784667969 -52.440032958984375 0
vertex -9.337516784667969 -52.440032958984375 5
endloop
endfacet
facet normal -0.9951848503090435 0.09801588501547505 0
outer loop
vertex -9.272074699401855 -52.22430419921875 0
vertex -9.272074699401855 -52.22430419921875 5
vertex -9.249978065490723 -51.99995040893555 0
endloop
endfacet
facet normal -0.9951848503090435 -0.09801588501547505 0
outer loop
vertex -9.272074699401855 -51.775596618652344 0
vertex -9.249978065490723 -51.99995040893555 0
vertex -9.249978065490723 -51.99995040893555 5
endloop
endfacet
facet normal -0.8819245734735436 -0.471390545835943 0
outer loop
vertex -9.443787574768066 -51.36104202270508 0
vertex -9.337516784667969 -51.55986404418945 0
vertex -9.337516784667969 -51.55986404418945 5
endloop
endfacet
facet normal -0.9569399361851862 -0.29028599438121616 0
outer loop
vertex -9.337516784667969 -51.55986404418945 0
vertex -9.272074699401855 -51.775596618652344 0
vertex -9.272074699401855 -51.775596618652344 5
endloop
endfacet
facet normal 0.7730110275979483 -0.6343925844553703 0
outer loop
vertex -11.356167793273926 -51.36104202270508 0
vertex -11.213150978088379 -51.18677520751953 0
vertex -11.213150978088379 -51.18677520751953 5
endloop
endfacet
facet normal 0.6343905099530386 -0.7730127300902123 0
outer loop
vertex -11.213150978088379 -51.18677520751953 0
vertex -11.038883209228516 -51.043758392333984 0
vertex -11.038883209228516 -51.043758392333984 5
endloop
endfacet
facet normal 0.4713925315523721 -0.8819235121010471 0
outer loop
vertex -10.84006404876709 -50.9374885559082 5
vertex -11.038883209228516 -51.043758392333984 0
vertex -10.84006404876709 -50.9374885559082 0
endloop
endfacet
facet normal 0.7730110275979483 -0.6343925844553703 0
outer loop
vertex -11.356167793273926 -51.36104202270508 0
vertex -11.213150978088379 -51.18677520751953 5
vertex -11.356167793273926 -51.36104202270508 5
endloop
endfacet
facet normal 0.2902821205633403 -0.956941111292252 0
outer loop
vertex -10.84006404876709 -50.9374885559082 0
vertex -10.6243314743042 -50.872047424316406 0
vertex -10.6243314743042 -50.872047424316406 5
endloop
endfacet
facet normal 0.0980242643089155 -0.9951840249957271 0
outer loop
vertex -10.6243314743042 -50.872047424316406 0
vertex -10.399977684020996 -50.84994888305664 0
vertex -10.399977684020996 -50.84994888305664 5
endloop
endfacet
facet normal -0.0980242643089155 -0.9951840249957271 0
outer loop
vertex -10.399977684020996 -50.84994888305664 0
vertex -10.175623893737793 -50.872047424316406 0
vertex -10.175623893737793 -50.872047424316406 5
endloop
endfacet
facet normal -0.29028329566854627 -0.9569407548306256 0
outer loop
vertex -10.175623893737793 -50.872047424316406 0
vertex -9.959892272949219 -50.9374885559082 0
vertex -9.959892272949219 -50.9374885559082 5
endloop
endfacet
facet normal -0.4713907728797535 -0.8819244521181102 0
outer loop
vertex -9.959892272949219 -50.9374885559082 0
vertex -9.761072158813477 -51.043758392333984 0
vertex -9.761072158813477 -51.043758392333984 5
endloop
endfacet
facet normal -0.6343925844553703 -0.7730110275979483 0
outer loop
vertex -9.761072158813477 -51.043758392333984 5
vertex -9.761072158813477 -51.043758392333984 0
vertex -9.58680534362793 -51.18677520751953 0
endloop
endfacet
facet normal 0.6343905099530386 0.7730127300902123 0
outer loop
vertex -11.038883209228516 -52.956138610839844 0
vertex -11.213150978088379 -52.8131217956543 5
vertex -11.038883209228516 -52.956138610839844 5
endloop
endfacet
facet normal 0.7730110275979483 0.6343925844553703 0
outer loop
vertex -11.356167793273926 -52.63885498046875 5
vertex -11.213150978088379 -52.8131217956543 5
vertex -11.213150978088379 -52.8131217956543 0
endloop
endfacet
facet normal -0.9569399361851862 -0.29028599438121616 0
outer loop
vertex -9.337516784667969 -51.55986404418945 0
vertex -9.272074699401855 -51.775596618652344 5
vertex -9.337516784667969 -51.55986404418945 5
endloop
endfacet
facet normal -0.7730089530925516 -0.6343951122437477 0
outer loop
vertex -9.443787574768066 -51.36104202270508 5
vertex -9.58680534362793 -51.18677520751953 0
vertex -9.443787574768066 -51.36104202270508 0
endloop
endfacet
facet normal -0.9951848503090435 -0.09801588501547505 0
outer loop
vertex -9.272074699401855 -51.775596618652344 0
vertex -9.249978065490723 -51.99995040893555 5
vertex -9.272074699401855 -51.775596618652344 5
endloop
endfacet
facet normal -0.9951848503090435 0.09801588501547505 0
outer loop
vertex -9.272074699401855 -52.22430419921875 5
vertex -9.249978065490723 -51.99995040893555 5
vertex -9.249978065490723 -51.99995040893555 0
endloop
endfacet
facet normal -0.9569385102763999 0.2902906949076816 0
outer loop
vertex -9.272074699401855 -52.22430419921875 5
vertex -9.272074699401855 -52.22430419921875 0
vertex -9.337516784667969 -52.440032958984375 5
endloop
endfacet
facet normal -0.8819245734735436 0.471390545835943 0
outer loop
vertex -9.337516784667969 -52.440032958984375 0
vertex -9.443787574768066 -52.63885498046875 5
vertex -9.337516784667969 -52.440032958984375 5
endloop
endfacet
facet normal -0.7730089530925516 0.6343951122437477 0
outer loop
vertex -9.443787574768066 -52.63885498046875 0
vertex -9.58680534362793 -52.8131217956543 5
vertex -9.443787574768066 -52.63885498046875 5
endloop
endfacet
facet normal -0.6343925844553703 0.7730110275979483 0
outer loop
vertex -9.58680534362793 -52.8131217956543 0
vertex -9.761072158813477 -52.956138610839844 5
vertex -9.58680534362793 -52.8131217956543 5
endloop
endfacet
facet normal 0.6343905099530386 -0.7730127300902123 0
outer loop
vertex -11.213150978088379 -51.18677520751953 0
vertex -11.038883209228516 -51.043758392333984 5
vertex -11.213150978088379 -51.18677520751953 5
endloop
endfacet
facet normal -0.4713907728797535 0.8819244521181102 0
outer loop
vertex -9.761072158813477 -52.956138610839844 0
vertex -9.959892272949219 -53.062408447265625 5
vertex -9.761072158813477 -52.956138610839844 5
endloop
endfacet
facet normal 0.7730110275979483 0.6343925844553703 0
outer loop
vertex -11.213150978088379 -52.8131217956543 0
vertex -11.356167793273926 -52.63885498046875 0
vertex -11.356167793273926 -52.63885498046875 5
endloop
endfacet
endsolid auto-kdk-case
