solid auto-kdk-case
facet normal 1 0 0
outer loop
vertex -45.0500373840332 31.950023651123047 0
vertex -45.0500373840332 46.05002212524414 0
vertex -45.0500373840332 31.950023651123047 5
endloop
endfacet
facet normal -1 0 0
outer loop
vertex -49.95003890991211 46.05002212524414 0
vertex -49.95003890991211 31.950023651123047 0
vertex -49.95003890991211 46.05002212524414 5
endloop
endfacet
facet normal -1 0 0
outer loop
vertex 45.04996109008789 -10.949976921081543 5
vertex 45.04996109008789 -25.049976348876953 0
vertex 45.04996109008789 -25.049976348876953 5
endloop
endfacet
facet normal 0 -1 0
outer loop
vertex 16.499961853027344 -29.949975967407227 0
vertex 16.499961853027344 -29.949975967407227 3.549999952316284
vertex 11.949962615966797 -29.949975967407227 0
endloop
endfacet
facet normal 0 1 0
outer loop
vertex 45.04996109008789 -25.049976348876953 0
vertex 40.499961853027344 -25.049976348876953 3.549999952316284
vertex 45.04996109008789 -25.049976348876953 5
endloop
endfacet
facet normal 0 -1 0
outer loop
vertex 64.04996490478516 27.050024032592773 5
vertex 49.9499626159668 27.050024032592773 5
vertex 59.499961853027344 27.050024032592773 3.549999952316284
endloop
endfacet
facet normal 0 -1 0
outer loop
vertex 45.04996109008789 -29.949975967407227 5
vertex 30.949962615966797 -29.949975967407227 5
vertex 40.499961853027344 -29.949975967407227 3.549999952316284
endloop
endfacet
facet normal 0 1 0
outer loop
vertex 64.04996490478516 12.950023651123047 5
vertex 54.499961853027344 12.950023651123047 3.549999952316284
vertex 49.9499626159668 12.950023651123047 5
endloop
endfacet
facet normal 0 1 0
outer loop
vertex 45.04996109008789 -44.04997634887695 5
vertex 35.499961853027344 -44.04997634887695 3.549999952316284
vertex 30.949962615966797 -44.04997634887695 5
endloop
endfacet
facet normal 0 -1 0
outer loop
vertex 45.04996109008789 27.050024032592773 5
vertex 30.949962615966797 27.050024032592773 5
vertex 40.499961853027344 27.050024032592773 3.549999952316284
endloop
endfacet
facet normal 0 1 0
outer loop
vertex 45.04996109008789 -44.04997634887695 5
vertex 40.499961853027344 -44.04997634887695 3.549999952316284
vertex 35.499961853027344 -44.04997634887695 3.549999952316284
endloop
endfacet
facet normal 0 1 0
outer loop
vertex 45.04996109008789 12.950023651123047 5
vertex 35.499961853027344 12.950023651123047 3.549999952316284
vertex 30.949962615966797 12.950023651123047 5
endloop
endfacet
facet normal 1 0 0
outer loop
vertex -64.05003356933594 46.05002212524414 0
vertex -64.05003356933594 31.950023651123047 5
vertex -64.05003356933594 31.950023651123047 0
endloop
endfacet
facet normal 0 1 0
outer loop
vertex 45.04996109008789 12.950023651123047 5
vertex 40.499961853027344 12.950023651123047 3.549999952316284
vertex 35.499961853027344 12.950023651123047 3.549999952316284
endloop
endfacet
facet normal 0 -1 0
outer loop
vertex -30.950037002563477 -29.949975967407227 0
vertex -35.500038146972656 -29.949975967407227 3.549999952316284
vertex -35.500038146972656 -29.949975967407227 0
endloop
endfacet
facet normal 0 -1 0
outer loop
vertex 59.499961853027344 27.050024032592773 3.549999952316284
vertex 64.04996490478516 27.050024032592773 0
vertex 64.04996490478516 27.050024032592773 5
endloop
endfacet
facet normal 0 1 0
outer loop
vertex 64.04996490478516 12.950023651123047 0
vertex 59.499961853027344 12.950023651123047 3.549999952316284
vertex 64.04996490478516 12.950023651123047 5
endloop
endfacet
facet normal 1 0 0
outer loop
vertex -64.05003356933594 31.950023651123047 5
vertex -64.05003356933594 46.05002212524414 0
vertex -64.05003356933594 46.05002212524414 5
endloop
endfacet
facet normal 1 0 0
outer loop
vertex 49.9499626159668 12.950023651123047 5
vertex 49.9499626159668 27.050024032592773 0
vertex 49.9499626159668 27.050024032592773 5
endloop
endfacet
facet normal -1 0 0
outer loop
vertex 45.04996109008789 27.050024032592773 5
vertex 45.04996109008789 12.950023651123047 0
vertex 45.04996109008789 12.950023651123047 5
endloop
endfacet
facet normal 0 -1 0
outer loop
vertex 49.9499626159668 27.050024032592773 5
vertex 49.9499626159668 27.050024032592773 0
vertex 54.499961853027344 27.050024032592773 3.549999952316284
endloop
endfacet
facet normal 0 -1 0
outer loop
vertex 40.499961853027344 27.050024032592773 3.549999952316284
vertex 45.04996109008789 27.050024032592773 0
vertex 45.04996109008789 27.050024032592773 5
endloop
endfacet
facet normal 0 -1 0
outer loop
vertex -59.500038146972656 -29.949975967407227 0
vertex -59.500038146972656 -29.949975967407227 3.549999952316284
vertex -64.05003356933594 -29.949975967407227 0
endloop
endfacet
facet normal 0 1 0
outer loop
vertex 54.499961853027344 12.950023651123047 3.549999952316284
vertex 49.9499626159668 12.950023651123047 0
vertex 49.9499626159668 12.950023651123047 5
endloop
endfacet
facet normal 0 1 0
outer loop
vertex 45.04996109008789 12.950023651123047 0
vertex 40.499961853027344 12.950023651123047 3.549999952316284
vertex 45.04996109008789 12.950023651123047 5
endloop
endfacet
facet normal 0 -1 0
outer loop
vertex 40.499961853027344 8.050023078918457 3.549999952316284
vertex 45.04996109008789 8.050023078918457 0
vertex 45.04996109008789 8.050023078918457 5
endloop
endfacet
facet normal 0 -1 0
outer loop
vertex -64.05003356933594 46.05002212524414 0
vertex -59.500038146972656 46.05002212524414 3.549999952316284
vertex -64.05003356933594 46.05002212524414 5
endloop
endfacet
facet normal 0 1 0
outer loop
vertex -40.500038146972656 31.950023651123047 3.549999952316284
vertex -45.0500373840332 31.950023651123047 5
vertex -30.950037002563477 31.950023651123047 5
endloop
endfacet
facet normal 0 -1 0
outer loop
vertex -45.0500373840332 27.050024032592773 5
vertex -35.500038146972656 27.050024032592773 3.549999952316284
vertex -30.950037002563477 27.050024032592773 5
endloop
endfacet
facet normal 0 -1 0
outer loop
vertex 11.949962615966797 27.050024032592773 5
vertex 21.499961853027344 27.050024032592773 3.549999952316284
vertex 26.049962997436523 27.050024032592773 5
endloop
endfacet
facet normal 0 -1 0
outer loop
vertex 30.949962615966797 27.050024032592773 5
vertex 35.499961853027344 27.050024032592773 3.549999952316284
vertex 40.499961853027344 27.050024032592773 3.549999952316284
endloop
endfacet
facet normal 0 1 0
outer loop
vertex 26.049962997436523 12.950023651123047 5
vertex 16.499961853027344 12.950023651123047 3.549999952316284
vertex 11.949962615966797 12.950023651123047 5
endloop
endfacet
facet normal 0 -1 0
outer loop
vertex 11.949962615966797 8.050023078918457 5
vertex 21.499961853027344 8.050023078918457 3.549999952316284
vertex 26.049962997436523 8.050023078918457 5
endloop
endfacet
facet normal 0 -1 0
outer loop
vertex 30.949962615966797 8.050023078918457 5
vertex 35.499961853027344 8.050023078918457 3.549999952316284
vertex 40.499961853027344 8.050023078918457 3.549999952316284
endloop
endfacet
facet normal 0 1 0
outer loop
vertex 26.049962997436523 12.950023651123047 5
vertex 21.499961853027344 12.950023651123047 3.549999952316284
vertex 16.499961853027344 12.950023651123047 3.549999952316284
endloop
endfacet
facet normal 0 -1 0
outer loop
vertex 7.049962997436523 27.050024032592773 5
vertex -7.050037384033203 27.050024032592773 5
vertex 2.49996280670166 27.050024032592773 3.549999952316284
endloop
endfacet
facet normal 0 -1 0
outer loop
vertex 11.949962615966797 27.050024032592773 5
vertex 16.499961853027344 27.050024032592773 3.549999952316284
vertex 21.499961853027344 27.050024032592773 3.549999952316284
endloop
endfacet
facet normal 0 -1 0
outer loop
vertex 7.049962997436523 8.050023078918457 5
vertex -7.050037384033203 8.050023078918457 5
vertex 2.49996280670166 8.050023078918457 3.549999952316284
endloop
endfacet
facet normal 0 1 0
outer loop
vertex -49.95003890991211 -44.04997634887695 0
vertex -54.500038146972656 -44.04997634887695 0
vertex -54.500038146972656 -44.04997634887695 3.549999952316284
endloop
endfacet
facet normal 0 1 0
outer loop
vertex -40.500038146972656 -44.04997634887695 0
vertex -45.0500373840332 -44.04997634887695 0
vertex -40.500038146972656 -44.04997634887695 3.549999952316284
endloop
endfacet
facet normal 0 -1 0
outer loop
vertex 11.949962615966797 8.050023078918457 5
vertex 16.499961853027344 8.050023078918457 3.549999952316284
vertex 21.499961853027344 8.050023078918457 3.549999952316284
endloop
endfacet
facet normal 0 1 0
outer loop
vertex 7.049962997436523 12.950023651123047 5
vertex 2.49996280670166 12.950023651123047 3.549999952316284
vertex -2.50003719329834 12.950023651123047 3.549999952316284
endloop
endfacet
facet normal 0 -1 0
outer loop
vertex -45.0500373840332 27.050024032592773 5
vertex -40.500038146972656 27.050024032592773 3.549999952316284
vertex -35.500038146972656 27.050024032592773 3.549999952316284
endloop
endfacet
facet normal 1 0 0
outer loop
vertex 30.949962615966797 12.950023651123047 5
vertex 30.949962615966797 27.050024032592773 0
vertex 30.949962615966797 27.050024032592773 5
endloop
endfacet
facet normal -1 0 0
outer loop
vertex 26.049962997436523 27.050024032592773 5
vertex 26.049962997436523 12.950023651123047 0
vertex 26.049962997436523 12.950023651123047 5
endloop
endfacet
facet normal 0 -1 0
outer loop
vertex 30.949962615966797 27.050024032592773 5
vertex 30.949962615966797 27.050024032592773 0
vertex 35.499961853027344 27.050024032592773 3.549999952316284
endloop
endfacet
facet normal 0 -1 0
outer loop
vertex -49.95003890991211 -29.949975967407227 0
vertex -54.500038146972656 -29.949975967407227 3.549999952316284
vertex -54.500038146972656 -29.949975967407227 0
endloop
endfacet
facet normal 0 -1 0
outer loop
vertex -40.500038146972656 -29.949975967407227 0
vertex -40.500038146972656 -29.949975967407227 3.549999952316284
vertex -45.0500373840332 -29.949975967407227 0
endloop
endfacet
facet normal 0 -1 0
outer loop
vertex 21.499961853027344 27.050024032592773 3.549999952316284
vertex 26.049962997436523 27.050024032592773 0
vertex 26.049962997436523 27.050024032592773 5
endloop
endfacet
facet normal 1 0 0
outer loop
vertex 30.949962615966797 8.050023078918457 0
vertex 30.949962615966797 8.050023078918457 5
vertex 30.949962615966797 -6.049976825714111 5
endloop
endfacet
facet normal 0 1 0
outer loop
vertex 35.499961853027344 12.950023651123047 3.549999952316284
vertex 30.949962615966797 12.950023651123047 0
vertex 30.949962615966797 12.950023651123047 5
endloop
endfacet
facet normal 0 -1 0
outer loop
vertex 30.949962615966797 8.050023078918457 5
vertex 30.949962615966797 8.050023078918457 0
vertex 35.499961853027344 8.050023078918457 3.549999952316284
endloop
endfacet
facet normal 0 1 0
outer loop
vertex 26.049962997436523 12.950023651123047 0
vertex 21.499961853027344 12.950023651123047 3.549999952316284
vertex 26.049962997436523 12.950023651123047 5
endloop
endfacet
facet normal 0 -1 0
outer loop
vertex 21.499961853027344 8.050023078918457 3.549999952316284
vertex 26.049962997436523 8.050023078918457 0
vertex 26.049962997436523 8.050023078918457 5
endloop
endfacet
facet normal 1 0 0
outer loop
vertex 11.949962615966797 12.950023651123047 5
vertex 11.949962615966797 27.050024032592773 0
vertex 11.949962615966797 27.050024032592773 5
endloop
endfacet
facet normal -1 0 0
outer loop
vertex 7.049962997436523 27.050024032592773 5
vertex 7.049962997436523 12.950023651123047 0
vertex 7.049962997436523 12.950023651123047 5
endloop
endfacet
facet normal 0 -1 0
outer loop
vertex 11.949962615966797 27.050024032592773 5
vertex 11.949962615966797 27.050024032592773 0
vertex 16.499961853027344 27.050024032592773 3.549999952316284
endloop
endfacet
facet normal 1 0 0
outer loop
vertex -64.05003356933594 -44.04997634887695 0
vertex -64.05003356933594 -29.949975967407227 0
vertex -64.05003356933594 -44.04997634887695 5
endloop
endfacet
facet normal 0 -1 0
outer loop
vertex 2.49996280670166 27.050024032592773 3.549999952316284
vertex 7.049962997436523 27.050024032592773 0
vertex 7.049962997436523 27.050024032592773 5
endloop
endfacet
facet normal 1 0 0
outer loop
vertex 11.949962615966797 -6.049976825714111 5
vertex 11.949962615966797 8.050023078918457 0
vertex 11.949962615966797 8.050023078918457 5
endloop
endfacet
facet normal 0 1 0
outer loop
vertex 16.499961853027344 12.950023651123047 3.549999952316284
vertex 11.949962615966797 12.950023651123047 0
vertex 11.949962615966797 12.950023651123047 5
endloop
endfacet
facet normal 0 -1 0
outer loop
vertex 11.949962615966797 8.050023078918457 5
vertex 11.949962615966797 8.050023078918457 0
vertex 16.499961853027344 8.050023078918457 3.549999952316284
endloop
endfacet
facet normal 0 1 0
outer loop
vertex 7.049962997436523 12.950023651123047 0
vertex 2.49996280670166 12.950023651123047 3.549999952316284
vertex 7.049962997436523 12.950023651123047 5
endloop
endfacet
facet normal 0 -1 0
outer loop
vertex 2.49996280670166 8.050023078918457 3.549999952316284
vertex 7.049962997436523 8.050023078918457 0
vertex 7.049962997436523 8.050023078918457 5
endloop
endfacet
facet normal 0 1 0
outer loop
vertex -40.500038146972656 12.950023651123047 3.549999952316284
vertex -45.0500373840332 12.950023651123047 5
vertex -30.950037002563477 12.950023651123047 5
endloop
endfacet
facet normal -1 0 0
outer loop
vertex -49.95003890991211 -29.949975967407227 0
vertex -49.95003890991211 -44.04997634887695 0
vertex -49.95003890991211 -29.949975967407227 5
endloop
endfacet
facet normal 1 0 0
outer loop
vertex -45.0500373840332 -44.04997634887695 0
vertex -45.0500373840332 -29.949975967407227 0
vertex -45.0500373840332 -44.04997634887695 5
endloop
endfacet
facet normal 0 -1 0
outer loop
vertex -35.500038146972656 8.050023078918457 3.549999952316284
vertex -30.950037002563477 8.050023078918457 5
vertex -45.0500373840332 8.050023078918457 5
endloop
endfacet
facet normal 0 -1 0
outer loop
vertex -45.0500373840332 8.050023078918457 5
vertex -40.500038146972656 8.050023078918457 3.549999952316284
vertex -35.500038146972656 8.050023078918457 3.549999952316284
endloop
endfacet
facet normal 0 1 0
outer loop
vertex -49.95003890991211 31.950023651123047 5
vertex -59.500038146972656 31.950023651123047 3.549999952316284
vertex -64.05003356933594 31.950023651123047 5
endloop
endfacet
facet normal -1 0 0
outer loop
vertex 64.04996490478516 42.500022888183594 1
vertex 64.04996490478516 31.950023651123047 2.200000047683716
vertex 64.04996490478516 46.05002212524414 2.200000047683716
endloop
endfacet
facet normal -1 0 0
outer loop
vertex 64.04996490478516 35.500022888183594 1
vertex 64.04996490478516 31.950023651123047 2.200000047683716
vertex 64.04996490478516 42.500022888183594 1
endloop
endfacet
facet normal 0 -1 0
outer loop
vertex 49.9499626159668 46.05002212524414 2.200000047683716
vertex 64.04996490478516 46.05002212524414 0
vertex 64.04996490478516 46.05002212524414 2.200000047683716
endloop
endfacet
facet normal 0 -1 0
outer loop
vertex -64.05003356933594 27.050024032592773 5
vertex -54.500038146972656 27.050024032592773 3.549999952316284
vertex -49.95003890991211 27.050024032592773 5
endloop
endfacet
facet normal 1 0 0
outer loop
vertex 11.949962615966797 -44.04997634887695 0
vertex 11.949962615966797 -43.53257369995117 0
vertex 11.949962615966797 -44.04997634887695 5
endloop
endfacet
facet normal 1 0 0
outer loop
vertex 49.9499626159668 31.950023651123047 2.200000047683716
vertex 49.9499626159668 42.500022888183594 1
vertex 49.9499626159668 46.05002212524414 2.200000047683716
endloop
endfacet
facet normal 1 0 0
outer loop
vertex 49.9499626159668 31.950023651123047 2.200000047683716
vertex 49.9499626159668 35.500022888183594 1
vertex 49.9499626159668 42.500022888183594 1
endloop
endfacet
facet normal -1 0 0
outer loop
vertex 45.04996109008789 42.500022888183594 1
vertex 45.04996109008789 31.950023651123047 2.200000047683716
vertex 45.04996109008789 46.05002212524414 2.200000047683716
endloop
endfacet
facet normal 0 -1 0
outer loop
vertex 30.949962615966797 46.05002212524414 2.200000047683716
vertex 45.04996109008789 46.05002212524414 0
vertex 45.04996109008789 46.05002212524414 2.200000047683716
endloop
endfacet
facet normal -1 0 0
outer loop
vertex 45.04996109008789 35.500022888183594 1
vertex 45.04996109008789 31.950023651123047 2.200000047683716
vertex 45.04996109008789 42.500022888183594 1
endloop
endfacet
facet normal -1 0 0
outer loop
vertex 64.04996490478516 46.05002212524414 0
vertex 64.04996490478516 42.500022888183594 1
vertex 64.04996490478516 46.05002212524414 2.200000047683716
endloop
endfacet
facet normal 0 1 0
outer loop
vertex -59.500038146972656 -25.049976348876953 0
vertex -64.05003356933594 -25.049976348876953 0
vertex -59.500038146972656 -25.049976348876953 3.549999952316284
endloop
endfacet
facet normal -1 0 0
outer loop
vertex 7.049962997436523 -34.38563919067383 0
vertex 7.049962997436523 -44.04997634887695 0
vertex 7.049962997436523 -29.949975967407227 5
endloop
endfacet
facet normal 0 1 0
outer loop
vertex -30.950037002563477 12.950023651123047 0
vertex -35.500038146972656 12.950023651123047 0
vertex -35.500038146972656 12.950023651123047 3.549999952316284
endloop
endfacet
facet normal 0 -1 0
outer loop
vertex -21.500038146972656 8.050023078918457 0
vertex -21.500038146972656 8.050023078918457 3.549999952316284
vertex -26.050037384033203 8.050023078918457 0
endloop
endfacet
facet normal 0 -1 0
outer loop
vertex -40.500038146972656 46.05002212524414 0
vertex -40.500038146972656 46.05002212524414 3.549999952316284
vertex -45.0500373840332 46.05002212524414 0
endloop
endfacet
facet normal 0 -1 0
outer loop
vertex -49.95003890991211 46.05002212524414 0
vertex -54.500038146972656 46.05002212524414 3.549999952316284
vertex -54.500038146972656 46.05002212524414 0
endloop
endfacet
facet normal 0 1 0
outer loop
vertex -21.500038146972656 12.950023651123047 0
vertex -26.050037384033203 12.950023651123047 0
vertex -21.500038146972656 12.950023651123047 3.549999952316284
endloop
endfacet
facet normal 0 -1 0
outer loop
vertex 7.049962997436523 -29.949975967407227 0
vertex 2.49996280670166 -29.949975967407227 3.549999952316284
vertex 2.49996280670166 -29.949975967407227 0
endloop
endfacet
facet normal 0 1 0
outer loop
vertex 26.049962997436523 -44.04997634887695 0
vertex 21.499961853027344 -44.04997634887695 0
vertex 21.499961853027344 -44.04997634887695 3.549999952316284
endloop
endfacet
facet normal 1 0 0
outer loop
vertex 30.949962615966797 -44.04997634887695 0
vertex 30.949962615966797 -39.79869842529297 0
vertex 30.949962615966797 -44.04997634887695 5
endloop
endfacet
facet normal -1 0 0
outer loop
vertex 26.049962997436523 -40.5730094909668 0
vertex 26.049962997436523 -44.04997634887695 0
vertex 26.049962997436523 -29.949975967407227 5
endloop
endfacet
facet normal -1 0 0
outer loop
vertex 26.049962997436523 -29.949975967407227 0
vertex 26.049962997436523 -40.5730094909668 0
vertex 26.049962997436523 -29.949975967407227 5
endloop
endfacet
facet normal 0 -1 0
outer loop
vertex -30.950037002563477 27.050024032592773 0
vertex -35.500038146972656 27.050024032592773 3.549999952316284
vertex -35.500038146972656 27.050024032592773 0
endloop
endfacet
facet normal 0 1 0
outer loop
vertex -30.950037002563477 31.950023651123047 0
vertex -35.500038146972656 31.950023651123047 0
vertex -35.500038146972656 31.950023651123047 3.549999952316284
endloop
endfacet
facet normal 0 -1 0
outer loop
vertex -21.500038146972656 27.050024032592773 0
vertex -21.500038146972656 27.050024032592773 3.549999952316284
vertex -26.050037384033203 27.050024032592773 0
endloop
endfacet
facet normal 0 -1 0
outer loop
vertex -64.05003356933594 46.05002212524414 0
vertex -59.500038146972656 46.05002212524414 0
vertex -59.500038146972656 46.05002212524414 3.549999952316284
endloop
endfacet
facet normal 0 -1 0
outer loop
vertex 26.049962997436523 -29.949975967407227 0
vertex 21.499961853027344 -29.949975967407227 3.549999952316284
vertex 21.499961853027344 -29.949975967407227 0
endloop
endfacet
facet normal -1 0 0
outer loop
vertex -30.950037002563477 46.05002212524414 5
vertex -30.950037002563477 31.950023651123047 0
vertex -30.950037002563477 31.950023651123047 5
endloop
endfacet
facet normal 0 -1 0
outer loop
vertex -35.500038146972656 46.05002212524414 3.549999952316284
vertex -30.950037002563477 46.05002212524414 0
vertex -30.950037002563477 46.05002212524414 5
endloop
endfacet
facet normal 0 -1 0
outer loop
vertex -7.050037384033203 27.050024032592773 5
vertex -2.50003719329834 27.050024032592773 3.549999952316284
vertex 2.49996280670166 27.050024032592773 3.549999952316284
endloop
endfacet
facet normal 0 1 0
outer loop
vertex -7.050037384033203 12.950023651123047 5
vertex 7.049962997436523 12.950023651123047 5
vertex -2.50003719329834 12.950023651123047 3.549999952316284
endloop
endfacet
facet normal 0 -1 0
outer loop
vertex -7.050037384033203 8.050023078918457 5
vertex -2.50003719329834 8.050023078918457 3.549999952316284
vertex 2.49996280670166 8.050023078918457 3.549999952316284
endloop
endfacet
facet normal 0 1 0
outer loop
vertex -16.500038146972656 12.950023651123047 3.549999952316284
vertex -21.500038146972656 12.950023651123047 3.549999952316284
vertex -11.950037002563477 12.950023651123047 5
endloop
endfacet
facet normal 1 0 0
outer loop
vertex -45.0500373840332 12.950023651123047 0
vertex -45.0500373840332 27.050024032592773 0
vertex -45.0500373840332 12.950023651123047 5
endloop
endfacet
facet normal -1 0 0
outer loop
vertex -49.95003890991211 27.050024032592773 0
vertex -49.95003890991211 12.950023651123047 0
vertex -49.95003890991211 27.050024032592773 5
endloop
endfacet
facet normal -1 0 0
outer loop
vertex -49.95003890991211 8.050023078918457 0
vertex -49.95003890991211 -6.049976825714111 0
vertex -49.95003890991211 8.050023078918457 5
endloop
endfacet
facet normal 0 -1 0
outer loop
vertex -26.050037384033203 27.050024032592773 5
vertex -16.500038146972656 27.050024032592773 3.549999952316284
vertex -11.950037002563477 27.050024032592773 5
endloop
endfacet
facet normal 0 -1 0
outer loop
vertex -26.050037384033203 27.050024032592773 5
vertex -21.500038146972656 27.050024032592773 3.549999952316284
vertex -16.500038146972656 27.050024032592773 3.549999952316284
endloop
endfacet
facet normal 0 1 0
outer loop
vertex -35.500038146972656 31.950023651123047 3.549999952316284
vertex -40.500038146972656 31.950023651123047 3.549999952316284
vertex -30.950037002563477 31.950023651123047 5
endloop
endfacet
facet normal 0 -1 0
outer loop
vertex -11.950037002563477 8.050023078918457 0
vertex -16.500038146972656 8.050023078918457 3.549999952316284
vertex -16.500038146972656 8.050023078918457 0
endloop
endfacet
facet normal 0 1 0
outer loop
vertex -11.950037002563477 12.950023651123047 0
vertex -16.500038146972656 12.950023651123047 0
vertex -16.500038146972656 12.950023651123047 3.549999952316284
endloop
endfacet
facet normal 0 -1 0
outer loop
vertex -2.50003719329834 8.050023078918457 0
vertex -2.50003719329834 8.050023078918457 3.549999952316284
vertex -7.050037384033203 8.050023078918457 0
endloop
endfacet
facet normal 1 0 0
outer loop
vertex -64.05003356933594 12.950023651123047 0
vertex -64.05003356933594 27.050024032592773 0
vertex -64.05003356933594 12.950023651123047 5
endloop
endfacet
facet normal 0 1 0
outer loop
vertex -2.50003719329834 12.950023651123047 0
vertex -7.050037384033203 12.950023651123047 0
vertex -2.50003719329834 12.950023651123047 3.549999952316284
endloop
endfacet
facet normal 0 1 0
outer loop
vertex -21.500038146972656 12.950023651123047 3.549999952316284
vertex -26.050037384033203 12.950023651123047 5
vertex -11.950037002563477 12.950023651123047 5
endloop
endfacet
facet normal 0 -1 0
outer loop
vertex -26.050037384033203 8.050023078918457 5
vertex -16.500038146972656 8.050023078918457 3.549999952316284
vertex -11.950037002563477 8.050023078918457 5
endloop
endfacet
facet normal 0 -1 0
outer loop
vertex 35.499961853027344 -29.949975967407227 0
vertex 35.499961853027344 -29.949975967407227 3.549999952316284
vertex 30.949962615966797 -29.949975967407227 0
endloop
endfacet
facet normal 0 -1 0
outer loop
vertex -26.050037384033203 8.050023078918457 5
vertex -21.500038146972656 8.050023078918457 3.549999952316284
vertex -16.500038146972656 8.050023078918457 3.549999952316284
endloop
endfacet
facet normal 0 1 0
outer loop
vertex -35.500038146972656 12.950023651123047 3.549999952316284
vertex -40.500038146972656 12.950023651123047 3.549999952316284
vertex -30.950037002563477 12.950023651123047 5
endloop
endfacet
facet normal 0 1 0
outer loop
vertex -40.500038146972656 31.950023651123047 0
vertex -45.0500373840332 31.950023651123047 0
vertex -40.500038146972656 31.950023651123047 3.549999952316284
endloop
endfacet
facet normal 0 -1 0
outer loop
vertex -40.500038146972656 27.050024032592773 0
vertex -40.500038146972656 27.050024032592773 3.549999952316284
vertex -45.0500373840332 27.050024032592773 0
endloop
endfacet
facet normal 0 1 0
outer loop
vertex -49.95003890991211 31.950023651123047 0
vertex -54.500038146972656 31.950023651123047 0
vertex -54.500038146972656 31.950023651123047 3.549999952316284
endloop
endfacet
facet normal 0 -1 0
outer loop
vertex -49.95003890991211 27.050024032592773 0
vertex -54.500038146972656 27.050024032592773 3.549999952316284
vertex -54.500038146972656 27.050024032592773 0
endloop
endfacet
facet normal 1 0 0
outer loop
vertex -7.050037384033203 12.950023651123047 5
vertex -7.050037384033203 27.050024032592773 0
vertex -7.050037384033203 27.050024032592773 5
endloop
endfacet
facet normal -1 0 0
outer loop
vertex -11.950037002563477 27.050024032592773 5
vertex -11.950037002563477 12.950023651123047 0
vertex -11.950037002563477 12.950023651123047 5
endloop
endfacet
facet normal 0 -1 0
outer loop
vertex -11.950037002563477 27.050024032592773 0
vertex -16.500038146972656 27.050024032592773 3.549999952316284
vertex -16.500038146972656 27.050024032592773 0
endloop
endfacet
facet normal 0 -1 0
outer loop
vertex -7.050037384033203 27.050024032592773 0
vertex -2.50003719329834 27.050024032592773 0
vertex -2.50003719329834 27.050024032592773 3.549999952316284
endloop
endfacet
facet normal 0 1 0
outer loop
vertex 7.049962997436523 -44.04997634887695 0
vertex 2.49996280670166 -44.04997634887695 0
vertex 2.49996280670166 -44.04997634887695 3.549999952316284
endloop
endfacet
facet normal -1 0 0
outer loop
vertex -30.950037002563477 8.050023078918457 0
vertex -30.950037002563477 -6.049976825714111 0
vertex -30.950037002563477 8.050023078918457 5
endloop
endfacet
facet normal 0 1 0
outer loop
vertex -40.500038146972656 12.950023651123047 0
vertex -45.0500373840332 12.950023651123047 0
vertex -40.500038146972656 12.950023651123047 3.549999952316284
endloop
endfacet
facet normal -1 0 0
outer loop
vertex 7.049962997436523 -29.949975967407227 0
vertex 7.049962997436523 -34.38563919067383 0
vertex 7.049962997436523 -29.949975967407227 5
endloop
endfacet
facet normal 0 1 0
outer loop
vertex -54.500038146972656 31.950023651123047 3.549999952316284
vertex -59.500038146972656 31.950023651123047 3.549999952316284
vertex -49.95003890991211 31.950023651123047 5
endloop
endfacet
facet normal 0 -1 0
outer loop
vertex -64.05003356933594 27.050024032592773 5
vertex -59.500038146972656 27.050024032592773 3.549999952316284
vertex -54.500038146972656 27.050024032592773 3.549999952316284
endloop
endfacet
facet normal -1 0 0
outer loop
vertex 64.04996490478516 35.500022888183594 1
vertex 64.04996490478516 31.950023651123047 0
vertex 64.04996490478516 31.950023651123047 2.200000047683716
endloop
endfacet
facet normal 0 1 0
outer loop
vertex -49.95003890991211 12.950023651123047 5
vertex -59.500038146972656 12.950023651123047 3.549999952316284
vertex -64.05003356933594 12.950023651123047 5
endloop
endfacet
facet normal 0 -1 0
outer loop
vertex 49.9499626159668 46.05002212524414 2.200000047683716
vertex 49.9499626159668 46.05002212524414 0
vertex 64.04996490478516 46.05002212524414 0
endloop
endfacet
facet normal -1 0 0
outer loop
vertex 64.04996490478516 46.05002212524414 0
vertex 64.04996490478516 42.500022888183594 0
vertex 64.04996490478516 42.500022888183594 1
endloop
endfacet
facet normal 0 -1 0
outer loop
vertex -54.500038146972656 46.05002212524414 3.549999952316284
vertex -49.95003890991211 46.05002212524414 0
vertex -49.95003890991211 46.05002212524414 5
endloop
endfacet
facet normal 0 -1 0
outer loop
vertex -64.05003356933594 8.050023078918457 5
vertex -54.500038146972656 8.050023078918457 3.549999952316284
vertex -49.95003890991211 8.050023078918457 5
endloop
endfacet
facet normal 0 -1 0
outer loop
vertex -45.0500373840332 46.05002212524414 0
vertex -40.500038146972656 46.05002212524414 3.549999952316284
vertex -45.0500373840332 46.05002212524414 5
endloop
endfacet
facet normal -1 0 0
outer loop
vertex 64.04996490478516 35.500022888183594 0
vertex 64.04996490478516 31.950023651123047 0
vertex 64.04996490478516 35.500022888183594 1
endloop
endfacet
facet normal 1 0 0
outer loop
vertex 49.9499626159668 42.500022888183594 1
vertex 49.9499626159668 46.05002212524414 0
vertex 49.9499626159668 46.05002212524414 2.200000047683716
endloop
endfacet
facet normal -1 0 0
outer loop
vertex -49.95003890991211 46.05002212524414 5
vertex -49.95003890991211 31.950023651123047 0
vertex -49.95003890991211 31.950023651123047 5
endloop
endfacet
facet normal 1 0 0
outer loop
vertex -45.0500373840332 31.950023651123047 5
vertex -45.0500373840332 46.05002212524414 0
vertex -45.0500373840332 46.05002212524414 5
endloop
endfacet
facet normal 0 -1 0
outer loop
vertex -64.05003356933594 46.05002212524414 5
vertex -59.500038146972656 46.05002212524414 3.549999952316284
vertex -54.500038146972656 46.05002212524414 3.549999952316284
endloop
endfacet
facet normal 0 1 0
outer loop
vertex -54.500038146972656 12.950023651123047 3.549999952316284
vertex -59.500038146972656 12.950023651123047 3.549999952316284
vertex -49.95003890991211 12.950023651123047 5
endloop
endfacet
facet normal 0 -1 0
outer loop
vertex -64.05003356933594 8.050023078918457 5
vertex -59.500038146972656 8.050023078918457 3.549999952316284
vertex -54.500038146972656 8.050023078918457 3.549999952316284
endloop
endfacet
facet normal 1 0 0
outer loop
vertex 49.9499626159668 31.950023651123047 0
vertex 49.9499626159668 35.500022888183594 1
vertex 49.9499626159668 31.950023651123047 2.200000047683716
endloop
endfacet
facet normal 0 -1 0
outer loop
vertex -59.500038146972656 -10.949976921081543 0
vertex -59.500038146972656 -10.949976921081543 3.549999952316284
vertex -64.05003356933594 -10.949976921081543 0
endloop
endfacet
facet normal 0 -1 0
outer loop
vertex -40.500038146972656 8.050023078918457 0
vertex -40.500038146972656 8.050023078918457 3.549999952316284
vertex -45.0500373840332 8.050023078918457 0
endloop
endfacet
facet normal 0 1 0
outer loop
vertex -59.500038146972656 -6.049976825714111 0
vertex -64.05003356933594 -6.049976825714111 0
vertex -59.500038146972656 -6.049976825714111 3.549999952316284
endloop
endfacet
facet normal 0 1 0
outer loop
vertex -49.95003890991211 12.950023651123047 0
vertex -54.500038146972656 12.950023651123047 0
vertex -54.500038146972656 12.950023651123047 3.549999952316284
endloop
endfacet
facet normal 0 -1 0
outer loop
vertex -49.95003890991211 8.050023078918457 0
vertex -54.500038146972656 8.050023078918457 3.549999952316284
vertex -54.500038146972656 8.050023078918457 0
endloop
endfacet
facet normal -1 0 0
outer loop
vertex -30.950037002563477 27.050024032592773 0
vertex -30.950037002563477 12.950023651123047 0
vertex -30.950037002563477 27.050024032592773 5
endloop
endfacet
facet normal 1 0 0
outer loop
vertex -26.050037384033203 12.950023651123047 0
vertex -26.050037384033203 27.050024032592773 0
vertex -26.050037384033203 12.950023651123047 5
endloop
endfacet
facet normal -1 0 0
outer loop
vertex -11.950037002563477 8.050023078918457 0
vertex -11.950037002563477 -6.049976825714111 0
vertex -11.950037002563477 8.050023078918457 5
endloop
endfacet
facet normal -1 0 0
outer loop
vertex -11.950037002563477 27.050024032592773 0
vertex -11.950037002563477 12.950023651123047 0
vertex -11.950037002563477 27.050024032592773 5
endloop
endfacet
facet normal 1 0 0
outer loop
vertex -7.050037384033203 12.950023651123047 0
vertex -7.050037384033203 27.050024032592773 0
vertex -7.050037384033203 12.950023651123047 5
endloop
endfacet
facet normal 1 0 0
outer loop
vertex -45.0500373840332 12.950023651123047 5
vertex -45.0500373840332 27.050024032592773 0
vertex -45.0500373840332 27.050024032592773 5
endloop
endfacet
facet normal -1 0 0
outer loop
vertex -49.95003890991211 27.050024032592773 5
vertex -49.95003890991211 12.950023651123047 0
vertex -49.95003890991211 12.950023651123047 5
endloop
endfacet
facet normal 0 1 0
outer loop
vertex -40.500038146972656 31.950023651123047 3.549999952316284
vertex -45.0500373840332 31.950023651123047 0
vertex -45.0500373840332 31.950023651123047 5
endloop
endfacet
facet normal -1 0 0
outer loop
vertex 45.04996109008789 46.05002212524414 0
vertex 45.04996109008789 42.500022888183594 1
vertex 45.04996109008789 46.05002212524414 2.200000047683716
endloop
endfacet
facet normal -1 0 0
outer loop
vertex 45.04996109008789 35.500022888183594 1
vertex 45.04996109008789 31.950023651123047 0
vertex 45.04996109008789 31.950023651123047 2.200000047683716
endloop
endfacet
facet normal 1 0 0
outer loop
vertex 49.9499626159668 42.500022888183594 1
vertex 49.9499626159668 42.500022888183594 0
vertex 49.9499626159668 46.05002212524414 0
endloop
endfacet
facet normal 0 1 0
outer loop
vertex -49.95003890991211 -25.049976348876953 0
vertex -54.500038146972656 -25.049976348876953 0
vertex -54.500038146972656 -25.049976348876953 3.549999952316284
endloop
endfacet
facet normal 0 1 0
outer loop
vertex -40.500038146972656 -25.049976348876953 0
vertex -45.0500373840332 -25.049976348876953 0
vertex -40.500038146972656 -25.049976348876953 3.549999952316284
endloop
endfacet
facet normal 0 -1 0
outer loop
vertex -7.050037384033203 27.050024032592773 5
vertex -7.050037384033203 27.050024032592773 0
vertex -2.50003719329834 27.050024032592773 3.549999952316284
endloop
endfacet
facet normal 0 1 0
outer loop
vertex -59.500038146972656 31.950023651123047 0
vertex -64.05003356933594 31.950023651123047 0
vertex -59.500038146972656 31.950023651123047 3.549999952316284
endloop
endfacet
facet normal 0 -1 0
outer loop
vertex -45.0500373840332 27.050024032592773 5
vertex -45.0500373840332 27.050024032592773 0
vertex -40.500038146972656 27.050024032592773 3.549999952316284
endloop
endfacet
facet normal 0 1 0
outer loop
vertex -49.95003890991211 31.950023651123047 0
vertex -54.500038146972656 31.950023651123047 3.549999952316284
vertex -49.95003890991211 31.950023651123047 5
endloop
endfacet
facet normal 0 -1 0
outer loop
vertex -54.500038146972656 27.050024032592773 3.549999952316284
vertex -49.95003890991211 27.050024032592773 0
vertex -49.95003890991211 27.050024032592773 5
endloop
endfacet
facet normal 0 -1 0
outer loop
vertex -16.500038146972656 27.050024032592773 3.549999952316284
vertex -11.950037002563477 27.050024032592773 0
vertex -11.950037002563477 27.050024032592773 5
endloop
endfacet
facet normal 1 0 0
outer loop
vertex 49.9499626159668 35.500022888183594 0
vertex 49.9499626159668 35.500022888183594 1
vertex 49.9499626159668 31.950023651123047 0
endloop
endfacet
facet normal 0 -1 0
outer loop
vertex -59.500038146972656 27.050024032592773 0
vertex -59.500038146972656 27.050024032592773 3.549999952316284
vertex -64.05003356933594 27.050024032592773 0
endloop
endfacet
facet normal 1 0 0
outer loop
vertex -7.050037384033203 -6.049976825714111 5
vertex -7.050037384033203 8.050023078918457 0
vertex -7.050037384033203 8.050023078918457 5
endloop
endfacet
facet normal -1 0 0
outer loop
vertex 45.04996109008789 42.500022888183594 0
vertex 45.04996109008789 42.500022888183594 1
vertex 45.04996109008789 46.05002212524414 0
endloop
endfacet
facet normal -1 0 0
outer loop
vertex 45.04996109008789 31.950023651123047 0
vertex 45.04996109008789 35.500022888183594 1
vertex 45.04996109008789 35.500022888183594 0
endloop
endfacet
facet normal 0 1 0
outer loop
vertex -2.50003719329834 12.950023651123047 3.549999952316284
vertex -7.050037384033203 12.950023651123047 0
vertex -7.050037384033203 12.950023651123047 5
endloop
endfacet
facet normal 0 -1 0
outer loop
vertex -30.950037002563477 46.05002212524414 0
vertex -35.500038146972656 46.05002212524414 3.549999952316284
vertex -35.500038146972656 46.05002212524414 0
endloop
endfacet
facet normal 0 -1 0
outer loop
vertex -7.050037384033203 8.050023078918457 5
vertex -7.050037384033203 8.050023078918457 0
vertex -2.50003719329834 8.050023078918457 3.549999952316284
endloop
endfacet
facet normal 0 1 0
outer loop
vertex -11.950037002563477 12.950023651123047 0
vertex -16.500038146972656 12.950023651123047 3.549999952316284
vertex -11.950037002563477 12.950023651123047 5
endloop
endfacet
facet normal 0 -1 0
outer loop
vertex -49.95003890991211 -10.949976921081543 0
vertex -54.500038146972656 -10.949976921081543 3.549999952316284
vertex -54.500038146972656 -10.949976921081543 0
endloop
endfacet
facet normal 0 1 0
outer loop
vertex -49.95003890991211 -6.049976825714111 0
vertex -54.500038146972656 -6.049976825714111 0
vertex -54.500038146972656 -6.049976825714111 3.549999952316284
endloop
endfacet
facet normal 0 -1 0
outer loop
vertex -40.500038146972656 -10.949976921081543 0
vertex -40.500038146972656 -10.949976921081543 3.549999952316284
vertex -45.0500373840332 -10.949976921081543 0
endloop
endfacet
facet normal 0 1 0
outer loop
vertex -40.500038146972656 -6.049976825714111 0
vertex -45.0500373840332 -6.049976825714111 0
vertex -40.500038146972656 -6.049976825714111 3.549999952316284
endloop
endfacet
facet normal 0 -1 0
outer loop
vertex -16.500038146972656 8.050023078918457 3.549999952316284
vertex -11.950037002563477 8.050023078918457 0
vertex -11.950037002563477 8.050023078918457 5
endloop
endfacet
facet normal 1 0 0
outer loop
vertex -26.050037384033203 12.950023651123047 5
vertex -26.050037384033203 27.050024032592773 0
vertex -26.050037384033203 27.050024032592773 5
endloop
endfacet
facet normal -1 0 0
outer loop
vertex -30.950037002563477 27.050024032592773 5
vertex -30.950037002563477 12.950023651123047 0
vertex -30.950037002563477 12.950023651123047 5
endloop
endfacet
facet normal 0 -1 0
outer loop
vertex -26.050037384033203 27.050024032592773 5
vertex -26.050037384033203 27.050024032592773 0
vertex -21.500038146972656 27.050024032592773 3.549999952316284
endloop
endfacet
facet normal -1 0 0
outer loop
vertex 64.04996490478516 27.050024032592773 0
vertex 64.04996490478516 12.950023651123047 0
vertex 64.04996490478516 27.050024032592773 5
endloop
endfacet
facet normal 0 1 0
outer loop
vertex 64.04996490478516 31.950023651123047 2.200000047683716
vertex 49.9499626159668 31.950023651123047 0
vertex 49.9499626159668 31.950023651123047 2.200000047683716
endloop
endfacet
facet normal 0 1 0
outer loop
vertex -30.950037002563477 31.950023651123047 0
vertex -35.500038146972656 31.950023651123047 3.549999952316284
vertex -30.950037002563477 31.950023651123047 5
endloop
endfacet
facet normal 0 -1 0
outer loop
vertex -35.500038146972656 27.050024032592773 3.549999952316284
vertex -30.950037002563477 27.050024032592773 0
vertex -30.950037002563477 27.050024032592773 5
endloop
endfacet
facet normal 1 0 0
outer loop
vertex 11.949962615966797 -44.04997634887695 5
vertex 11.949962615966797 -43.53257369995117 0
vertex 11.949962615966797 -29.949975967407227 0
endloop
endfacet
facet normal 1 0 0
outer loop
vertex -64.05003356933594 -25.049976348876953 0
vertex -64.05003356933594 -10.949976921081543 0
vertex -64.05003356933594 -25.049976348876953 5
endloop
endfacet
facet normal 1 0 0
outer loop
vertex -26.050037384033203 -6.049976825714111 5
vertex -26.050037384033203 8.050023078918457 0
vertex -26.050037384033203 8.050023078918457 5
endloop
endfacet
facet normal 0 1 0
outer loop
vertex -21.500038146972656 12.950023651123047 3.549999952316284
vertex -26.050037384033203 12.950023651123047 0
vertex -26.050037384033203 12.950023651123047 5
endloop
endfacet
facet normal -1 0 0
outer loop
vertex -30.950037002563477 46.05002212524414 0
vertex -30.950037002563477 31.950023651123047 0
vertex -30.950037002563477 46.05002212524414 5
endloop
endfacet
facet normal 1 0 0
outer loop
vertex -45.0500373840332 -6.049976825714111 5
vertex -45.0500373840332 8.050023078918457 0
vertex -45.0500373840332 8.050023078918457 5
endloop
endfacet
facet normal 0 1 0
outer loop
vertex -40.500038146972656 12.950023651123047 3.549999952316284
vertex -45.0500373840332 12.950023651123047 0
vertex -45.0500373840332 12.950023651123047 5
endloop
endfacet
facet normal 0 -1 0
outer loop
vertex -26.050037384033203 8.050023078918457 5
vertex -26.050037384033203 8.050023078918457 0
vertex -21.500038146972656 8.050023078918457 3.549999952316284
endloop
endfacet
facet normal 0 1 0
outer loop
vertex -59.500038146972656 12.950023651123047 0
vertex -64.05003356933594 12.950023651123047 0
vertex -59.500038146972656 12.950023651123047 3.549999952316284
endloop
endfacet
facet normal 1 0 0
outer loop
vertex -64.05003356933594 -6.049976825714111 0
vertex -64.05003356933594 8.050023078918457 0
vertex -64.05003356933594 -6.049976825714111 5
endloop
endfacet
facet normal 0 -1 0
outer loop
vertex -59.500038146972656 8.050023078918457 0
vertex -59.500038146972656 8.050023078918457 3.549999952316284
vertex -64.05003356933594 8.050023078918457 0
endloop
endfacet
facet normal 0 1 0
outer loop
vertex -30.950037002563477 12.950023651123047 0
vertex -35.500038146972656 12.950023651123047 3.549999952316284
vertex -30.950037002563477 12.950023651123047 5
endloop
endfacet
facet normal 0 -1 0
outer loop
vertex -35.500038146972656 8.050023078918457 3.549999952316284
vertex -30.950037002563477 8.050023078918457 0
vertex -30.950037002563477 8.050023078918457 5
endloop
endfacet
facet normal 0 -1 0
outer loop
vertex -35.500038146972656 46.05002212524414 3.549999952316284
vertex -30.950037002563477 46.05002212524414 5
vertex -45.0500373840332 46.05002212524414 5
endloop
endfacet
facet normal 1 0 0
outer loop
vertex 30.949962615966797 -44.04997634887695 5
vertex 30.949962615966797 -39.79869842529297 0
vertex 30.949962615966797 -29.949975967407227 0
endloop
endfacet
facet normal 0 1 0
outer loop
vertex 7.049962997436523 -25.049976348876953 0
vertex 2.49996280670166 -25.049976348876953 0
vertex 2.49996280670166 -25.049976348876953 3.549999952316284
endloop
endfacet
facet normal -1 0 0
outer loop
vertex -49.95003890991211 -10.949976921081543 0
vertex -49.95003890991211 -25.049976348876953 0
vertex -49.95003890991211 -10.949976921081543 5
endloop
endfacet
facet normal 1 0 0
outer loop
vertex -45.0500373840332 -10.949976921081543 0
vertex -45.0500373840332 -25.049976348876953 5
vertex -45.0500373840332 -25.049976348876953 0
endloop
endfacet
facet normal 0 1 0
outer loop
vertex 16.499961853027344 -25.049976348876953 0
vertex 11.949962615966797 -25.049976348876953 0
vertex 16.499961853027344 -25.049976348876953 3.549999952316284
endloop
endfacet
facet normal 0 -1 0
outer loop
vertex 7.049962997436523 -10.949976921081543 0
vertex 2.49996280670166 -10.949976921081543 3.549999952316284
vertex 2.49996280670166 -10.949976921081543 0
endloop
endfacet
facet normal 1 0 0
outer loop
vertex -45.0500373840332 -6.049976825714111 0
vertex -45.0500373840332 8.050023078918457 0
vertex -45.0500373840332 -6.049976825714111 5
endloop
endfacet
facet normal 0 1 0
outer loop
vertex 7.049962997436523 -6.049976825714111 0
vertex 2.49996280670166 -6.049976825714111 0
vertex 2.49996280670166 -6.049976825714111 3.549999952316284
endloop
endfacet
facet normal 0 -1 0
outer loop
vertex 11.949962615966797 -10.949976921081543 0
vertex 16.499961853027344 -10.949976921081543 0
vertex 16.499961853027344 -10.949976921081543 3.549999952316284
endloop
endfacet
facet normal 0 1 0
outer loop
vertex 16.499961853027344 -6.049976825714111 0
vertex 11.949962615966797 -6.049976825714111 0
vertex 16.499961853027344 -6.049976825714111 3.549999952316284
endloop
endfacet
facet normal 0 1 0
outer loop
vertex -7.050037384033203 -6.049976825714111 5
vertex 7.049962997436523 -6.049976825714111 5
vertex -2.50003719329834 -6.049976825714111 3.549999952316284
endloop
endfacet
facet normal 1 0 0
outer loop
vertex 49.9499626159668 12.950023651123047 0
vertex 49.9499626159668 27.050024032592773 0
vertex 49.9499626159668 12.950023651123047 5
endloop
endfacet
facet normal -1 0 0
outer loop
vertex 45.04996109008789 27.050024032592773 0
vertex 45.04996109008789 12.950023651123047 0
vertex 45.04996109008789 27.050024032592773 5
endloop
endfacet
facet normal 0 1 0
outer loop
vertex 26.049962997436523 -25.049976348876953 0
vertex 21.499961853027344 -25.049976348876953 0
vertex 21.499961853027344 -25.049976348876953 3.549999952316284
endloop
endfacet
facet normal 0 -1 0
outer loop
vertex -7.050037384033203 -10.949976921081543 5
vertex -2.50003719329834 -10.949976921081543 3.549999952316284
vertex 2.49996280670166 -10.949976921081543 3.549999952316284
endloop
endfacet
facet normal 0 1 0
outer loop
vertex -16.500038146972656 -6.049976825714111 3.549999952316284
vertex -21.500038146972656 -6.049976825714111 3.549999952316284
vertex -11.950037002563477 -6.049976825714111 5
endloop
endfacet
facet normal 0 1 0
outer loop
vertex -7.050037384033203 -25.049976348876953 5
vertex 7.049962997436523 -25.049976348876953 5
vertex -2.50003719329834 -25.049976348876953 3.549999952316284
endloop
endfacet
facet normal -1 0 0
outer loop
vertex 45.04996109008789 8.050023078918457 0
vertex 45.04996109008789 -6.049976825714111 0
vertex 45.04996109008789 8.050023078918457 5
endloop
endfacet
facet normal 0 -1 0
outer loop
vertex 64.04996490478516 27.050024032592773 0
vertex 59.499961853027344 27.050024032592773 3.549999952316284
vertex 59.499961853027344 27.050024032592773 0
endloop
endfacet
facet normal 0 1 0
outer loop
vertex 35.499961853027344 -25.049976348876953 0
vertex 30.949962615966797 -25.049976348876953 0
vertex 35.499961853027344 -25.049976348876953 3.549999952316284
endloop
endfacet
facet normal 0 1 0
outer loop
vertex -30.950037002563477 -44.04997634887695 0
vertex -35.500038146972656 -44.04997634887695 0
vertex -35.500038146972656 -44.04997634887695 3.549999952316284
endloop
endfacet
facet normal 0 1 0
outer loop
vertex -21.500038146972656 -44.04997634887695 0
vertex -26.050037384033203 -44.04997634887695 0
vertex -21.500038146972656 -44.04997634887695 3.549999952316284
endloop
endfacet
facet normal 0 1 0
outer loop
vertex -16.500038146972656 -25.049976348876953 3.549999952316284
vertex -21.500038146972656 -25.049976348876953 3.549999952316284
vertex -11.950037002563477 -25.049976348876953 5
endloop
endfacet
facet normal 0 1 0
outer loop
vertex -21.500038146972656 -6.049976825714111 3.549999952316284
vertex -26.050037384033203 -6.049976825714111 5
vertex -11.950037002563477 -6.049976825714111 5
endloop
endfacet
facet normal 0 -1 0
outer loop
vertex -26.050037384033203 -10.949976921081543 5
vertex -16.500038146972656 -10.949976921081543 3.549999952316284
vertex -11.950037002563477 -10.949976921081543 5
endloop
endfacet
facet normal 0 -1 0
outer loop
vertex 21.499961853027344 -10.949976921081543 0
vertex 26.049962997436523 -10.949976921081543 0
vertex 21.499961853027344 -10.949976921081543 3.549999952316284
endloop
endfacet
facet normal 0 1 0
outer loop
vertex 26.049962997436523 -6.049976825714111 0
vertex 21.499961853027344 -6.049976825714111 0
vertex 21.499961853027344 -6.049976825714111 3.549999952316284
endloop
endfacet
facet normal 0 1 0
outer loop
vertex 64.04996490478516 31.950023651123047 0
vertex 49.9499626159668 31.950023651123047 0
vertex 64.04996490478516 31.950023651123047 2.200000047683716
endloop
endfacet
facet normal 0 1 0
outer loop
vertex 64.04996490478516 12.950023651123047 0
vertex 59.499961853027344 12.950023651123047 0
vertex 59.499961853027344 12.950023651123047 3.549999952316284
endloop
endfacet
facet normal 0 -1 0
outer loop
vertex 35.499961853027344 -10.949976921081543 0
vertex 35.499961853027344 -10.949976921081543 3.549999952316284
vertex 30.949962615966797 -10.949976921081543 0
endloop
endfacet
facet normal 0 -1 0
outer loop
vertex -26.050037384033203 -10.949976921081543 5
vertex -21.500038146972656 -10.949976921081543 3.549999952316284
vertex -16.500038146972656 -10.949976921081543 3.549999952316284
endloop
endfacet
facet normal 0 1 0
outer loop
vertex -35.500038146972656 -6.049976825714111 3.549999952316284
vertex -40.500038146972656 -6.049976825714111 3.549999952316284
vertex -30.950037002563477 -6.049976825714111 5
endloop
endfacet
facet normal 0 -1 0
outer loop
vertex 49.9499626159668 27.050024032592773 0
vertex 54.499961853027344 27.050024032592773 0
vertex 54.499961853027344 27.050024032592773 3.549999952316284
endloop
endfacet
facet normal 0 1 0
outer loop
vertex -26.050037384033203 -25.049976348876953 5
vertex -11.950037002563477 -25.049976348876953 5
vertex -21.500038146972656 -25.049976348876953 3.549999952316284
endloop
endfacet
facet normal 1 0 0
outer loop
vertex 30.949962615966797 -25.049976348876953 5
vertex 30.949962615966797 -10.949976921081543 0
vertex 30.949962615966797 -10.949976921081543 5
endloop
endfacet
facet normal 0 -1 0
outer loop
vertex -26.050037384033203 -29.949975967407227 0
vertex -21.500038146972656 -29.949975967407227 0
vertex -21.500038146972656 -29.949975967407227 3.549999952316284
endloop
endfacet
facet normal 0 1 0
outer loop
vertex 35.499961853027344 -6.049976825714111 0
vertex 30.949962615966797 -6.049976825714111 0
vertex 35.499961853027344 -6.049976825714111 3.549999952316284
endloop
endfacet
facet normal -1 0 0
outer loop
vertex 7.049962997436523 -10.949976921081543 0
vertex 7.049962997436523 -25.049976348876953 0
vertex 7.049962997436523 -10.949976921081543 5
endloop
endfacet
facet normal 0 -1 0
outer loop
vertex 40.499961853027344 27.050024032592773 0
vertex 45.04996109008789 27.050024032592773 0
vertex 40.499961853027344 27.050024032592773 3.549999952316284
endloop
endfacet
facet normal 0 1 0
outer loop
vertex -35.500038146972656 -25.049976348876953 3.549999952316284
vertex -40.500038146972656 -25.049976348876953 3.549999952316284
vertex -30.950037002563477 -25.049976348876953 5
endloop
endfacet
facet normal -1 0 0
outer loop
vertex -11.950037002563477 8.050023078918457 5
vertex -11.950037002563477 -6.049976825714111 0
vertex -11.950037002563477 -6.049976825714111 5
endloop
endfacet
facet normal 0 1 0
outer loop
vertex 45.04996109008789 31.950023651123047 0
vertex 30.949962615966797 31.950023651123047 0
vertex 45.04996109008789 31.950023651123047 2.200000047683716
endloop
endfacet
facet normal 0 1 0
outer loop
vertex 54.499961853027344 12.950023651123047 0
vertex 49.9499626159668 12.950023651123047 0
vertex 54.499961853027344 12.950023651123047 3.549999952316284
endloop
endfacet
facet normal 0 1 0
outer loop
vertex 45.04996109008789 12.950023651123047 0
vertex 40.499961853027344 12.950023651123047 0
vertex 40.499961853027344 12.950023651123047 3.549999952316284
endloop
endfacet
facet normal 0 1 0
outer loop
vertex -2.50003719329834 -6.049976825714111 3.549999952316284
vertex -7.050037384033203 -6.049976825714111 0
vertex -7.050037384033203 -6.049976825714111 5
endloop
endfacet
facet normal 0 -1 0
outer loop
vertex -7.050037384033203 -10.949976921081543 0
vertex -2.50003719329834 -10.949976921081543 3.549999952316284
vertex -7.050037384033203 -10.949976921081543 5
endloop
endfacet
facet normal 0 -1 0
outer loop
vertex 45.04996109008789 8.050023078918457 0
vertex 40.499961853027344 8.050023078918457 3.549999952316284
vertex 40.499961853027344 8.050023078918457 0
endloop
endfacet
facet normal 0 1 0
outer loop
vertex -11.950037002563477 -6.049976825714111 0
vertex -16.500038146972656 -6.049976825714111 3.549999952316284
vertex -11.950037002563477 -6.049976825714111 5
endloop
endfacet
facet normal 0 -1 0
outer loop
vertex -16.500038146972656 -10.949976921081543 3.549999952316284
vertex -11.950037002563477 -10.949976921081543 0
vertex -11.950037002563477 -10.949976921081543 5
endloop
endfacet
facet normal 0 -1 0
outer loop
vertex -45.0500373840332 8.050023078918457 5
vertex -45.0500373840332 8.050023078918457 0
vertex -40.500038146972656 8.050023078918457 3.549999952316284
endloop
endfacet
facet normal 0 1 0
outer loop
vertex -49.95003890991211 12.950023651123047 0
vertex -54.500038146972656 12.950023651123047 3.549999952316284
vertex -49.95003890991211 12.950023651123047 5
endloop
endfacet
facet normal 0 -1 0
outer loop
vertex -54.500038146972656 8.050023078918457 3.549999952316284
vertex -49.95003890991211 8.050023078918457 0
vertex -49.95003890991211 8.050023078918457 5
endloop
endfacet
facet normal 1 0 0
outer loop
vertex 30.949962615966797 31.950023651123047 2.200000047683716
vertex 30.949962615966797 42.500022888183594 1
vertex 30.949962615966797 46.05002212524414 2.200000047683716
endloop
endfacet
facet normal 1 0 0
outer loop
vertex 30.949962615966797 31.950023651123047 2.200000047683716
vertex 30.949962615966797 35.500022888183594 1
vertex 30.949962615966797 42.500022888183594 1
endloop
endfacet
facet normal 1 0 0
outer loop
vertex 30.949962615966797 42.500022888183594 1
vertex 30.949962615966797 46.05002212524414 0
vertex 30.949962615966797 46.05002212524414 2.200000047683716
endloop
endfacet
facet normal 1 0 0
outer loop
vertex -64.05003356933594 12.950023651123047 5
vertex -64.05003356933594 27.050024032592773 0
vertex -64.05003356933594 27.050024032592773 5
endloop
endfacet
facet normal 0 -1 0
outer loop
vertex 30.949962615966797 46.05002212524414 0
vertex 45.04996109008789 46.05002212524414 0
vertex 30.949962615966797 46.05002212524414 2.200000047683716
endloop
endfacet
facet normal 0 1 0
outer loop
vertex -59.500038146972656 31.950023651123047 3.549999952316284
vertex -64.05003356933594 31.950023651123047 0
vertex -64.05003356933594 31.950023651123047 5
endloop
endfacet
facet normal 0 -1 0
outer loop
vertex -64.05003356933594 27.050024032592773 5
vertex -64.05003356933594 27.050024032592773 0
vertex -59.500038146972656 27.050024032592773 3.549999952316284
endloop
endfacet
facet normal 1 0 0
outer loop
vertex 30.949962615966797 31.950023651123047 0
vertex 30.949962615966797 35.500022888183594 1
vertex 30.949962615966797 31.950023651123047 2.200000047683716
endloop
endfacet
facet normal 0 -1 0
outer loop
vertex -64.05003356933594 46.05002212524414 5
vertex -54.500038146972656 46.05002212524414 3.549999952316284
vertex -49.95003890991211 46.05002212524414 5
endloop
endfacet
facet normal 1 0 0
outer loop
vertex -7.050037384033203 -25.049976348876953 5
vertex -7.050037384033203 -10.949976921081543 0
vertex -7.050037384033203 -10.949976921081543 5
endloop
endfacet
facet normal 1 0 0
outer loop
vertex 30.949962615966797 42.500022888183594 1
vertex 30.949962615966797 42.500022888183594 0
vertex 30.949962615966797 46.05002212524414 0
endloop
endfacet
facet normal -1 0 0
outer loop
vertex -11.950037002563477 -10.949976921081543 5
vertex -11.950037002563477 -25.049976348876953 0
vertex -11.950037002563477 -25.049976348876953 5
endloop
endfacet
facet normal 1 0 0
outer loop
vertex -64.05003356933594 -6.049976825714111 5
vertex -64.05003356933594 8.050023078918457 0
vertex -64.05003356933594 8.050023078918457 5
endloop
endfacet
facet normal 0 1 0
outer loop
vertex -59.500038146972656 12.950023651123047 3.549999952316284
vertex -64.05003356933594 12.950023651123047 0
vertex -64.05003356933594 12.950023651123047 5
endloop
endfacet
facet normal 1 0 0
outer loop
vertex 30.949962615966797 31.950023651123047 0
vertex 30.949962615966797 35.500022888183594 0
vertex 30.949962615966797 35.500022888183594 1
endloop
endfacet
facet normal 0 1 0
outer loop
vertex -2.50003719329834 -25.049976348876953 3.549999952316284
vertex -7.050037384033203 -25.049976348876953 0
vertex -7.050037384033203 -25.049976348876953 5
endloop
endfacet
facet normal 0 1 0
outer loop
vertex -11.950037002563477 -44.04997634887695 0
vertex -16.500038146972656 -44.04997634887695 0
vertex -16.500038146972656 -44.04997634887695 3.549999952316284
endloop
endfacet
facet normal 0 1 0
outer loop
vertex -2.50003719329834 -44.04997634887695 0
vertex -7.050037384033203 -44.04997634887695 0
vertex -2.50003719329834 -44.04997634887695 3.549999952316284
endloop
endfacet
facet normal 0 1 0
outer loop
vertex -11.950037002563477 -25.049976348876953 0
vertex -16.500038146972656 -25.049976348876953 3.549999952316284
vertex -11.950037002563477 -25.049976348876953 5
endloop
endfacet
facet normal -1 0 0
outer loop
vertex -30.950037002563477 8.050023078918457 5
vertex -30.950037002563477 -6.049976825714111 0
vertex -30.950037002563477 -6.049976825714111 5
endloop
endfacet
facet normal 0 -1 0
outer loop
vertex -64.05003356933594 8.050023078918457 5
vertex -64.05003356933594 8.050023078918457 0
vertex -59.500038146972656 8.050023078918457 3.549999952316284
endloop
endfacet
facet normal 0 1 0
outer loop
vertex -21.500038146972656 -6.049976825714111 3.549999952316284
vertex -26.050037384033203 -6.049976825714111 0
vertex -26.050037384033203 -6.049976825714111 5
endloop
endfacet
facet normal 0 -1 0
outer loop
vertex -26.050037384033203 -10.949976921081543 0
vertex -21.500038146972656 -10.949976921081543 3.549999952316284
vertex -26.050037384033203 -10.949976921081543 5
endloop
endfacet
facet normal 0 1 0
outer loop
vertex -30.950037002563477 -6.049976825714111 0
vertex -35.500038146972656 -6.049976825714111 3.549999952316284
vertex -30.950037002563477 -6.049976825714111 5
endloop
endfacet
facet normal 0 1 0
outer loop
vertex 30.949962615966797 31.950023651123047 0
vertex 30.949962615966797 31.950023651123047 2.200000047683716
vertex 45.04996109008789 31.950023651123047 2.200000047683716
endloop
endfacet
facet normal 1 0 0
outer loop
vertex 30.949962615966797 12.950023651123047 0
vertex 30.949962615966797 27.050024032592773 0
vertex 30.949962615966797 12.950023651123047 5
endloop
endfacet
facet normal -1 0 0
outer loop
vertex 26.049962997436523 27.050024032592773 0
vertex 26.049962997436523 12.950023651123047 0
vertex 26.049962997436523 27.050024032592773 5
endloop
endfacet
facet normal 0 -1 0
outer loop
vertex -35.500038146972656 -10.949976921081543 3.549999952316284
vertex -30.950037002563477 -10.949976921081543 0
vertex -30.950037002563477 -10.949976921081543 5
endloop
endfacet
facet normal 1 0 0
outer loop
vertex -26.050037384033203 -25.049976348876953 5
vertex -26.050037384033203 -10.949976921081543 0
vertex -26.050037384033203 -10.949976921081543 5
endloop
endfacet
facet normal -1 0 0
outer loop
vertex -30.950037002563477 -10.949976921081543 5
vertex -30.950037002563477 -25.049976348876953 0
vertex -30.950037002563477 -25.049976348876953 5
endloop
endfacet
facet normal 0 -1 0
outer loop
vertex -16.500038146972656 -29.949975967407227 0
vertex -11.950037002563477 -29.949975967407227 0
vertex -16.500038146972656 -29.949975967407227 3.549999952316284
endloop
endfacet
facet normal 0 -1 0
outer loop
vertex -7.050037384033203 -29.949975967407227 0
vertex -2.50003719329834 -29.949975967407227 0
vertex -2.50003719329834 -29.949975967407227 3.549999952316284
endloop
endfacet
facet normal 0 1 0
outer loop
vertex -21.500038146972656 -25.049976348876953 3.549999952316284
vertex -26.050037384033203 -25.049976348876953 0
vertex -26.050037384033203 -25.049976348876953 5
endloop
endfacet
facet normal 0 1 0
outer loop
vertex -30.950037002563477 -25.049976348876953 0
vertex -35.500038146972656 -25.049976348876953 3.549999952316284
vertex -30.950037002563477 -25.049976348876953 5
endloop
endfacet
facet normal 1 0 0
outer loop
vertex 11.949962615966797 -25.049976348876953 0
vertex 11.949962615966797 -10.949976921081543 0
vertex 11.949962615966797 -25.049976348876953 5
endloop
endfacet
facet normal 0 -1 0
outer loop
vertex -7.050037384033203 -29.949975967407227 5
vertex -2.50003719329834 -29.949975967407227 3.549999952316284
vertex 2.49996280670166 -29.949975967407227 3.549999952316284
endloop
endfacet
facet normal -1 0 0
outer loop
vertex -30.950037002563477 -32.03399658203125 0
vertex -30.950037002563477 -44.04997634887695 0
vertex -30.950037002563477 -29.949975967407227 5
endloop
endfacet
facet normal -1 0 0
outer loop
vertex -30.950037002563477 -29.949975967407227 0
vertex -30.950037002563477 -32.03399658203125 0
vertex -30.950037002563477 -29.949975967407227 5
endloop
endfacet
facet normal 1 0 0
outer loop
vertex -26.050037384033203 -44.04997634887695 0
vertex -26.050037384033203 -29.949975967407227 0
vertex -26.050037384033203 -44.04997634887695 5
endloop
endfacet
facet normal 0 1 0
outer loop
vertex -2.50003719329834 -44.04997634887695 3.549999952316284
vertex -7.050037384033203 -44.04997634887695 5
vertex 7.049962997436523 -44.04997634887695 5
endloop
endfacet
facet normal 1 0 0
outer loop
vertex 11.949962615966797 -6.049976825714111 0
vertex 11.949962615966797 8.050023078918457 0
vertex 11.949962615966797 -6.049976825714111 5
endloop
endfacet
facet normal -1 0 0
outer loop
vertex 26.049962997436523 -10.949976921081543 0
vertex 26.049962997436523 -25.049976348876953 0
vertex 26.049962997436523 -10.949976921081543 5
endloop
endfacet
facet normal 1 0 0
outer loop
vertex 30.949962615966797 -10.949976921081543 0
vertex 30.949962615966797 -25.049976348876953 5
vertex 30.949962615966797 -25.049976348876953 0
endloop
endfacet
facet normal 1 0 0
outer loop
vertex 30.949962615966797 -6.049976825714111 0
vertex 30.949962615966797 8.050023078918457 0
vertex 30.949962615966797 -6.049976825714111 5
endloop
endfacet
facet normal 0 1 0
outer loop
vertex -16.500038146972656 -44.04997634887695 3.549999952316284
vertex -21.500038146972656 -44.04997634887695 3.549999952316284
vertex -11.950037002563477 -44.04997634887695 5
endloop
endfacet
facet normal -1 0 0
outer loop
vertex -11.950037002563477 -29.949975967407227 0
vertex -11.950037002563477 -44.04997634887695 0
vertex -11.950037002563477 -29.949975967407227 5
endloop
endfacet
facet normal 1 0 0
outer loop
vertex -7.050037384033203 -44.04997634887695 0
vertex -7.050037384033203 -29.949975967407227 0
vertex -7.050037384033203 -44.04997634887695 5
endloop
endfacet
facet normal 0 -1 0
outer loop
vertex -26.050037384033203 -29.949975967407227 5
vertex -16.500038146972656 -29.949975967407227 3.549999952316284
vertex -11.950037002563477 -29.949975967407227 5
endloop
endfacet
facet normal 0 1 0
outer loop
vertex 45.04996109008789 -44.04997634887695 0
vertex 40.499961853027344 -44.04997634887695 0
vertex 40.499961853027344 -44.04997634887695 3.549999952316284
endloop
endfacet
facet normal 0 -1 0
outer loop
vertex -26.050037384033203 -29.949975967407227 5
vertex -21.500038146972656 -29.949975967407227 3.549999952316284
vertex -16.500038146972656 -29.949975967407227 3.549999952316284
endloop
endfacet
facet normal 0 1 0
outer loop
vertex -26.050037384033203 -44.04997634887695 5
vertex -11.950037002563477 -44.04997634887695 5
vertex -21.500038146972656 -44.04997634887695 3.549999952316284
endloop
endfacet
facet normal 0 -1 0
outer loop
vertex 45.04996109008789 -29.949975967407227 0
vertex 40.499961853027344 -29.949975967407227 3.549999952316284
vertex 40.499961853027344 -29.949975967407227 0
endloop
endfacet
facet normal 0 1 0
outer loop
vertex -35.500038146972656 -44.04997634887695 3.549999952316284
vertex -40.500038146972656 -44.04997634887695 3.549999952316284
vertex -30.950037002563477 -44.04997634887695 5
endloop
endfacet
facet normal -1 0 0
outer loop
vertex 26.049962997436523 8.050023078918457 0
vertex 26.049962997436523 -6.049976825714111 0
vertex 26.049962997436523 8.050023078918457 5
endloop
endfacet
facet normal 1 0 0
outer loop
vertex -7.050037384033203 -44.04997634887695 5
vertex -7.050037384033203 -29.949975967407227 0
vertex -7.050037384033203 -29.949975967407227 5
endloop
endfacet
facet normal -1 0 0
outer loop
vertex -11.950037002563477 -29.949975967407227 5
vertex -11.950037002563477 -44.04997634887695 0
vertex -11.950037002563477 -44.04997634887695 5
endloop
endfacet
facet normal 1 0 0
outer loop
vertex 11.949962615966797 12.950023651123047 0
vertex 11.949962615966797 27.050024032592773 0
vertex 11.949962615966797 12.950023651123047 5
endloop
endfacet
facet normal -1 0 0
outer loop
vertex 7.049962997436523 27.050024032592773 0
vertex 7.049962997436523 12.950023651123047 0
vertex 7.049962997436523 27.050024032592773 5
endloop
endfacet
facet normal 0 -1 0
outer loop
vertex -7.050037384033203 -29.949975967407227 0
vertex -2.50003719329834 -29.949975967407227 3.549999952316284
vertex -7.050037384033203 -29.949975967407227 5
endloop
endfacet
facet normal 0 1 0
outer loop
vertex -30.950037002563477 -25.049976348876953 0
vertex -35.500038146972656 -25.049976348876953 0
vertex -35.500038146972656 -25.049976348876953 3.549999952316284
endloop
endfacet
facet normal 0 1 0
outer loop
vertex -21.500038146972656 -25.049976348876953 0
vertex -26.050037384033203 -25.049976348876953 0
vertex -21.500038146972656 -25.049976348876953 3.549999952316284
endloop
endfacet
facet normal 0 -1 0
outer loop
vertex -16.500038146972656 -29.949975967407227 3.549999952316284
vertex -11.950037002563477 -29.949975967407227 0
vertex -11.950037002563477 -29.949975967407227 5
endloop
endfacet
facet normal 0 1 0
outer loop
vertex -2.50003719329834 -44.04997634887695 3.549999952316284
vertex -7.050037384033203 -44.04997634887695 0
vertex -7.050037384033203 -44.04997634887695 5
endloop
endfacet
facet normal 0 1 0
outer loop
vertex -11.950037002563477 -44.04997634887695 0
vertex -16.500038146972656 -44.04997634887695 3.549999952316284
vertex -11.950037002563477 -44.04997634887695 5
endloop
endfacet
facet normal 1 0 0
outer loop
vertex -26.050037384033203 -44.04997634887695 5
vertex -26.050037384033203 -29.949975967407227 0
vertex -26.050037384033203 -29.949975967407227 5
endloop
endfacet
facet normal -1 0 0
outer loop
vertex -30.950037002563477 -29.949975967407227 5
vertex -30.950037002563477 -44.04997634887695 0
vertex -30.950037002563477 -44.04997634887695 5
endloop
endfacet
facet normal 0 -1 0
outer loop
vertex -26.050037384033203 -29.949975967407227 0
vertex -21.500038146972656 -29.949975967407227 3.549999952316284
vertex -26.050037384033203 -29.949975967407227 5
endloop
endfacet
facet normal 0 -1 0
outer loop
vertex -35.500038146972656 -29.949975967407227 3.549999952316284
vertex -30.950037002563477 -29.949975967407227 0
vertex -30.950037002563477 -29.949975967407227 5
endloop
endfacet
facet normal -1 0 0
outer loop
vertex 7.049962997436523 8.050023078918457 0
vertex 7.049962997436523 -6.049976825714111 0
vertex 7.049962997436523 8.050023078918457 5
endloop
endfacet
facet normal 0 1 0
outer loop
vertex -21.500038146972656 -44.04997634887695 3.549999952316284
vertex -26.050037384033203 -44.04997634887695 0
vertex -26.050037384033203 -44.04997634887695 5
endloop
endfacet
facet normal 0 -1 0
outer loop
vertex 30.949962615966797 27.050024032592773 0
vertex 35.499961853027344 27.050024032592773 0
vertex 35.499961853027344 27.050024032592773 3.549999952316284
endloop
endfacet
facet normal 0 -1 0
outer loop
vertex 26.049962997436523 27.050024032592773 0
vertex 21.499961853027344 27.050024032592773 3.549999952316284
vertex 21.499961853027344 27.050024032592773 0
endloop
endfacet
facet normal 0 1 0
outer loop
vertex -30.950037002563477 -44.04997634887695 0
vertex -35.500038146972656 -44.04997634887695 3.549999952316284
vertex -30.950037002563477 -44.04997634887695 5
endloop
endfacet
facet normal 0 1 0
outer loop
vertex -40.500038146972656 -6.049976825714111 3.549999952316284
vertex -45.0500373840332 -6.049976825714111 5
vertex -30.950037002563477 -6.049976825714111 5
endloop
endfacet
facet normal 0 -1 0
outer loop
vertex -35.500038146972656 -10.949976921081543 3.549999952316284
vertex -30.950037002563477 -10.949976921081543 5
vertex -45.0500373840332 -10.949976921081543 5
endloop
endfacet
facet normal -1 0 0
outer loop
vertex 45.04996109008789 -29.949975967407227 0
vertex 45.04996109008789 -44.04997634887695 0
vertex 45.04996109008789 -29.949975967407227 5
endloop
endfacet
facet normal 0 -1 0
outer loop
vertex -30.950037002563477 -10.949976921081543 0
vertex -35.500038146972656 -10.949976921081543 3.549999952316284
vertex -35.500038146972656 -10.949976921081543 0
endloop
endfacet
facet normal 0 -1 0
outer loop
vertex -45.0500373840332 -10.949976921081543 5
vertex -40.500038146972656 -10.949976921081543 3.549999952316284
vertex -35.500038146972656 -10.949976921081543 3.549999952316284
endloop
endfacet
facet normal 0 1 0
outer loop
vertex -30.950037002563477 -6.049976825714111 0
vertex -35.500038146972656 -6.049976825714111 0
vertex -35.500038146972656 -6.049976825714111 3.549999952316284
endloop
endfacet
facet normal 0 -1 0
outer loop
vertex -21.500038146972656 -10.949976921081543 0
vertex -21.500038146972656 -10.949976921081543 3.549999952316284
vertex -26.050037384033203 -10.949976921081543 0
endloop
endfacet
facet normal 0 1 0
outer loop
vertex -21.500038146972656 -6.049976825714111 0
vertex -26.050037384033203 -6.049976825714111 0
vertex -21.500038146972656 -6.049976825714111 3.549999952316284
endloop
endfacet
facet normal 0 1 0
outer loop
vertex -40.500038146972656 -25.049976348876953 3.549999952316284
vertex -45.0500373840332 -25.049976348876953 5
vertex -30.950037002563477 -25.049976348876953 5
endloop
endfacet
facet normal 0 1 0
outer loop
vertex 45.04996109008789 -25.049976348876953 0
vertex 40.499961853027344 -25.049976348876953 0
vertex 40.499961853027344 -25.049976348876953 3.549999952316284
endloop
endfacet
facet normal 0 -1 0
outer loop
vertex -45.0500373840332 46.05002212524414 5
vertex -40.500038146972656 46.05002212524414 3.549999952316284
vertex -35.500038146972656 46.05002212524414 3.549999952316284
endloop
endfacet
facet normal 0 -1 0
outer loop
vertex -64.05003356933594 -10.949976921081543 5
vertex -54.500038146972656 -10.949976921081543 3.549999952316284
vertex -49.95003890991211 -10.949976921081543 5
endloop
endfacet
facet normal 0 1 0
outer loop
vertex 35.499961853027344 12.950023651123047 0
vertex 30.949962615966797 12.950023651123047 0
vertex 35.499961853027344 12.950023651123047 3.549999952316284
endloop
endfacet
facet normal 0 -1 0
outer loop
vertex 45.04996109008789 -10.949976921081543 0
vertex 40.499961853027344 -10.949976921081543 3.549999952316284
vertex 40.499961853027344 -10.949976921081543 0
endloop
endfacet
facet normal 0 -1 0
outer loop
vertex 35.499961853027344 8.050023078918457 0
vertex 35.499961853027344 8.050023078918457 3.549999952316284
vertex 30.949962615966797 8.050023078918457 0
endloop
endfacet
facet normal 0 1 0
outer loop
vertex 26.049962997436523 12.950023651123047 0
vertex 21.499961853027344 12.950023651123047 0
vertex 21.499961853027344 12.950023651123047 3.549999952316284
endloop
endfacet
facet normal 0 1 0
outer loop
vertex 45.04996109008789 -6.049976825714111 0
vertex 40.499961853027344 -6.049976825714111 0
vertex 40.499961853027344 -6.049976825714111 3.549999952316284
endloop
endfacet
facet normal -1 0 0
outer loop
vertex 45.04996109008789 -10.949976921081543 0
vertex 45.04996109008789 -25.049976348876953 0
vertex 45.04996109008789 -10.949976921081543 5
endloop
endfacet
facet normal 0 -1 0
outer loop
vertex 26.049962997436523 8.050023078918457 0
vertex 21.499961853027344 8.050023078918457 3.549999952316284
vertex 21.499961853027344 8.050023078918457 0
endloop
endfacet
facet normal 0 1 0
outer loop
vertex 7.049962997436523 -44.04997634887695 0
vertex 2.49996280670166 -44.04997634887695 3.549999952316284
vertex 7.049962997436523 -44.04997634887695 5
endloop
endfacet
facet normal 0 1 0
outer loop
vertex -14.713789939880371 -25.049976348876953 0
vertex -16.500038146972656 -25.049976348876953 0
vertex -16.500038146972656 -25.049976348876953 3.549999952316284
endloop
endfacet
facet normal 0 1 0
outer loop
vertex -11.950037002563477 -25.049976348876953 0
vertex -14.713789939880371 -25.049976348876953 0
vertex -16.500038146972656 -25.049976348876953 3.549999952316284
endloop
endfacet
facet normal 0 1 0
outer loop
vertex -54.500038146972656 -6.049976825714111 3.549999952316284
vertex -59.500038146972656 -6.049976825714111 3.549999952316284
vertex -49.95003890991211 -6.049976825714111 5
endloop
endfacet
facet normal 0 1 0
outer loop
vertex -2.50003719329834 -25.049976348876953 0
vertex -7.050037384033203 -25.049976348876953 0
vertex -2.50003719329834 -25.049976348876953 3.549999952316284
endloop
endfacet
facet normal 0 -1 0
outer loop
vertex -64.05003356933594 -10.949976921081543 5
vertex -59.500038146972656 -10.949976921081543 3.549999952316284
vertex -54.500038146972656 -10.949976921081543 3.549999952316284
endloop
endfacet
facet normal 0 1 0
outer loop
vertex 16.499961853027344 -44.04997634887695 3.549999952316284
vertex 11.949962615966797 -44.04997634887695 0
vertex 11.949962615966797 -44.04997634887695 5
endloop
endfacet
facet normal 0 1 0
outer loop
vertex -49.95003890991211 -25.049976348876953 5
vertex -59.500038146972656 -25.049976348876953 3.549999952316284
vertex -64.05003356933594 -25.049976348876953 5
endloop
endfacet
facet normal 0 -1 0
outer loop
vertex 2.49996280670166 -29.949975967407227 3.549999952316284
vertex 7.049962997436523 -29.949975967407227 0
vertex 7.049962997436523 -29.949975967407227 5
endloop
endfacet
facet normal 0 -1 0
outer loop
vertex 16.499961853027344 27.050024032592773 0
vertex 16.499961853027344 27.050024032592773 3.549999952316284
vertex 11.949962615966797 27.050024032592773 0
endloop
endfacet
facet normal 0 -1 0
outer loop
vertex 7.049962997436523 27.050024032592773 0
vertex 2.49996280670166 27.050024032592773 3.549999952316284
vertex 2.49996280670166 27.050024032592773 0
endloop
endfacet
facet normal 0 -1 0
outer loop
vertex 11.949962615966797 -29.949975967407227 0
vertex 16.499961853027344 -29.949975967407227 3.549999952316284
vertex 11.949962615966797 -29.949975967407227 5
endloop
endfacet
facet normal -1 0 0
outer loop
vertex 7.049962997436523 -29.949975967407227 5
vertex 7.049962997436523 -44.04997634887695 0
vertex 7.049962997436523 -44.04997634887695 5
endloop
endfacet
facet normal 1 0 0
outer loop
vertex 11.949962615966797 -44.04997634887695 5
vertex 11.949962615966797 -29.949975967407227 0
vertex 11.949962615966797 -29.949975967407227 5
endloop
endfacet
facet normal 0 1 0
outer loop
vertex 16.499961853027344 12.950023651123047 0
vertex 11.949962615966797 12.950023651123047 0
vertex 16.499961853027344 12.950023651123047 3.549999952316284
endloop
endfacet
facet normal 0 1 0
outer loop
vertex 26.049962997436523 -44.04997634887695 0
vertex 21.499961853027344 -44.04997634887695 3.549999952316284
vertex 26.049962997436523 -44.04997634887695 5
endloop
endfacet
facet normal 0 -1 0
outer loop
vertex 16.499961853027344 8.050023078918457 0
vertex 16.499961853027344 8.050023078918457 3.549999952316284
vertex 11.949962615966797 8.050023078918457 0
endloop
endfacet
facet normal 0 1 0
outer loop
vertex 7.049962997436523 12.950023651123047 0
vertex 2.49996280670166 12.950023651123047 0
vertex 2.49996280670166 12.950023651123047 3.549999952316284
endloop
endfacet
facet normal 0 1 0
outer loop
vertex 35.499961853027344 -44.04997634887695 3.549999952316284
vertex 30.949962615966797 -44.04997634887695 0
vertex 30.949962615966797 -44.04997634887695 5
endloop
endfacet
facet normal 0 -1 0
outer loop
vertex -11.950037002563477 -10.949976921081543 0
vertex -16.500038146972656 -10.949976921081543 3.549999952316284
vertex -16.500038146972656 -10.949976921081543 0
endloop
endfacet
facet normal 0 -1 0
outer loop
vertex 21.499961853027344 -29.949975967407227 3.549999952316284
vertex 26.049962997436523 -29.949975967407227 0
vertex 26.049962997436523 -29.949975967407227 5
endloop
endfacet
facet normal 0 1 0
outer loop
vertex -11.950037002563477 -6.049976825714111 0
vertex -16.500038146972656 -6.049976825714111 0
vertex -16.500038146972656 -6.049976825714111 3.549999952316284
endloop
endfacet
facet normal 0 -1 0
outer loop
vertex -2.50003719329834 -10.949976921081543 0
vertex -2.50003719329834 -10.949976921081543 3.549999952316284
vertex -7.050037384033203 -10.949976921081543 0
endloop
endfacet
facet normal 0 -1 0
outer loop
vertex 30.949962615966797 -29.949975967407227 0
vertex 35.499961853027344 -29.949975967407227 3.549999952316284
vertex 30.949962615966797 -29.949975967407227 5
endloop
endfacet
facet normal 0 1 0
outer loop
vertex -2.50003719329834 -6.049976825714111 0
vertex -7.050037384033203 -6.049976825714111 0
vertex -2.50003719329834 -6.049976825714111 3.549999952316284
endloop
endfacet
facet normal -1 0 0
outer loop
vertex 26.049962997436523 -29.949975967407227 5
vertex 26.049962997436523 -44.04997634887695 0
vertex 26.049962997436523 -44.04997634887695 5
endloop
endfacet
facet normal 0 1 0
outer loop
vertex -54.500038146972656 -25.049976348876953 3.549999952316284
vertex -59.500038146972656 -25.049976348876953 3.549999952316284
vertex -49.95003890991211 -25.049976348876953 5
endloop
endfacet
facet normal -1 0 0
outer loop
vertex -30.950037002563477 -10.949976921081543 0
vertex -30.950037002563477 -25.049976348876953 0
vertex -30.950037002563477 -10.949976921081543 5
endloop
endfacet
facet normal 1 0 0
outer loop
vertex -26.050037384033203 -25.049976348876953 0
vertex -26.050037384033203 -10.949976921081543 0
vertex -26.050037384033203 -25.049976348876953 5
endloop
endfacet
facet normal -1 0 0
outer loop
vertex -49.95003890991211 8.050023078918457 5
vertex -49.95003890991211 -6.049976825714111 0
vertex -49.95003890991211 -6.049976825714111 5
endloop
endfacet
facet normal 0 1 0
outer loop
vertex -40.500038146972656 -6.049976825714111 3.549999952316284
vertex -45.0500373840332 -6.049976825714111 0
vertex -45.0500373840332 -6.049976825714111 5
endloop
endfacet
facet normal 0 -1 0
outer loop
vertex -45.0500373840332 -10.949976921081543 0
vertex -40.500038146972656 -10.949976921081543 3.549999952316284
vertex -45.0500373840332 -10.949976921081543 5
endloop
endfacet
facet normal 1 0 0
outer loop
vertex -26.050037384033203 -6.049976825714111 0
vertex -26.050037384033203 8.050023078918457 0
vertex -26.050037384033203 -6.049976825714111 5
endloop
endfacet
facet normal 0 1 0
outer loop
vertex -49.95003890991211 -6.049976825714111 0
vertex -54.500038146972656 -6.049976825714111 3.549999952316284
vertex -49.95003890991211 -6.049976825714111 5
endloop
endfacet
facet normal 0 -1 0
outer loop
vertex -54.500038146972656 -10.949976921081543 3.549999952316284
vertex -49.95003890991211 -10.949976921081543 0
vertex -49.95003890991211 -10.949976921081543 5
endloop
endfacet
facet normal 1 0 0
outer loop
vertex -45.0500373840332 -25.049976348876953 5
vertex -45.0500373840332 -10.949976921081543 0
vertex -45.0500373840332 -10.949976921081543 5
endloop
endfacet
facet normal -1 0 0
outer loop
vertex -49.95003890991211 -10.949976921081543 5
vertex -49.95003890991211 -25.049976348876953 0
vertex -49.95003890991211 -25.049976348876953 5
endloop
endfacet
facet normal 0 1 0
outer loop
vertex -40.500038146972656 -25.049976348876953 3.549999952316284
vertex -45.0500373840332 -25.049976348876953 0
vertex -45.0500373840332 -25.049976348876953 5
endloop
endfacet
facet normal 0 1 0
outer loop
vertex -49.95003890991211 -25.049976348876953 0
vertex -54.500038146972656 -25.049976348876953 3.549999952316284
vertex -49.95003890991211 -25.049976348876953 5
endloop
endfacet
facet normal -1 0 0
outer loop
vertex -11.950037002563477 -10.949976921081543 0
vertex -11.950037002563477 -25.049976348876953 0
vertex -11.950037002563477 -10.949976921081543 5
endloop
endfacet
facet normal 1 0 0
outer loop
vertex -7.050037384033203 -10.949976921081543 0
vertex -7.050037384033203 -25.049976348876953 5
vertex -7.050037384033203 -25.049976348876953 0
endloop
endfacet
facet normal 0 1 0
outer loop
vertex -59.500038146972656 -6.049976825714111 3.549999952316284
vertex -64.05003356933594 -6.049976825714111 0
vertex -64.05003356933594 -6.049976825714111 5
endloop
endfacet
facet normal 0 -1 0
outer loop
vertex -64.05003356933594 -10.949976921081543 0
vertex -59.500038146972656 -10.949976921081543 3.549999952316284
vertex -64.05003356933594 -10.949976921081543 5
endloop
endfacet
facet normal 1 0 0
outer loop
vertex -7.050037384033203 -6.049976825714111 0
vertex -7.050037384033203 8.050023078918457 0
vertex -7.050037384033203 -6.049976825714111 5
endloop
endfacet
facet normal 1 0 0
outer loop
vertex 30.949962615966797 -44.04997634887695 5
vertex 30.949962615966797 -29.949975967407227 0
vertex 30.949962615966797 -29.949975967407227 5
endloop
endfacet
facet normal 0 1 0
outer loop
vertex 7.049962997436523 -44.04997634887695 5
vertex 2.49996280670166 -44.04997634887695 3.549999952316284
vertex -2.50003719329834 -44.04997634887695 3.549999952316284
endloop
endfacet
facet normal 1 0 0
outer loop
vertex -64.05003356933594 -25.049976348876953 5
vertex -64.05003356933594 -10.949976921081543 0
vertex -64.05003356933594 -10.949976921081543 5
endloop
endfacet
facet normal 0 1 0
outer loop
vertex -59.500038146972656 -25.049976348876953 3.549999952316284
vertex -64.05003356933594 -25.049976348876953 0
vertex -64.05003356933594 -25.049976348876953 5
endloop
endfacet
facet normal 0 -1 0
outer loop
vertex 11.949962615966797 -29.949975967407227 5
vertex 16.499961853027344 -29.949975967407227 3.549999952316284
vertex 21.499961853027344 -29.949975967407227 3.549999952316284
endloop
endfacet
facet normal 0 -1 0
outer loop
vertex 7.049962997436523 -29.949975967407227 5
vertex -7.050037384033203 -29.949975967407227 5
vertex 2.49996280670166 -29.949975967407227 3.549999952316284
endloop
endfacet
facet normal 0 1 0
outer loop
vertex 26.049962997436523 -44.04997634887695 5
vertex 21.499961853027344 -44.04997634887695 3.549999952316284
vertex 16.499961853027344 -44.04997634887695 3.549999952316284
endloop
endfacet
facet normal 0 -1 0
outer loop
vertex 7.049962997436523 8.050023078918457 0
vertex 2.49996280670166 8.050023078918457 3.549999952316284
vertex 2.49996280670166 8.050023078918457 0
endloop
endfacet
facet normal 0 1 0
outer loop
vertex -59.500038146972656 -44.04997634887695 3.549999952316284
vertex -64.05003356933594 -44.04997634887695 0
vertex -64.05003356933594 -44.04997634887695 5
endloop
endfacet
facet normal 0 1 0
outer loop
vertex 26.049962997436523 -44.04997634887695 5
vertex 16.499961853027344 -44.04997634887695 3.549999952316284
vertex 11.949962615966797 -44.04997634887695 5
endloop
endfacet
facet normal 0 1 0
outer loop
vertex 45.04996109008789 -6.049976825714111 5
vertex 35.499961853027344 -6.049976825714111 3.549999952316284
vertex 30.949962615966797 -6.049976825714111 5
endloop
endfacet
facet normal 0 -1 0
outer loop
vertex 45.04996109008789 -10.949976921081543 5
vertex 30.949962615966797 -10.949976921081543 5
vertex 40.499961853027344 -10.949976921081543 3.549999952316284
endloop
endfacet
facet normal 0 1 0
outer loop
vertex 45.04996109008789 -6.049976825714111 5
vertex 40.499961853027344 -6.049976825714111 3.549999952316284
vertex 35.499961853027344 -6.049976825714111 3.549999952316284
endloop
endfacet
facet normal 0 1 0
outer loop
vertex 45.04996109008789 -25.049976348876953 5
vertex 35.499961853027344 -25.049976348876953 3.549999952316284
vertex 30.949962615966797 -25.049976348876953 5
endloop
endfacet
facet normal 0 1 0
outer loop
vertex 45.04996109008789 -25.049976348876953 5
vertex 40.499961853027344 -25.049976348876953 3.549999952316284
vertex 35.499961853027344 -25.049976348876953 3.549999952316284
endloop
endfacet
facet normal -1 0 0
outer loop
vertex 45.04996109008789 8.050023078918457 5
vertex 45.04996109008789 -6.049976825714111 0
vertex 45.04996109008789 -6.049976825714111 5
endloop
endfacet
facet normal 0 -1 0
outer loop
vertex 30.949962615966797 -29.949975967407227 5
vertex 35.499961853027344 -29.949975967407227 3.549999952316284
vertex 40.499961853027344 -29.949975967407227 3.549999952316284
endloop
endfacet
facet normal 0 -1 0
outer loop
vertex 11.949962615966797 -29.949975967407227 5
vertex 21.499961853027344 -29.949975967407227 3.549999952316284
vertex 26.049962997436523 -29.949975967407227 5
endloop
endfacet
facet normal 0 -1 0
outer loop
vertex -45.0500373840332 -29.949975967407227 5
vertex -35.500038146972656 -29.949975967407227 3.549999952316284
vertex -30.950037002563477 -29.949975967407227 5
endloop
endfacet
facet normal 0 1 0
outer loop
vertex 7.049962997436523 -25.049976348876953 0
vertex 2.49996280670166 -25.049976348876953 3.549999952316284
vertex 7.049962997436523 -25.049976348876953 5
endloop
endfacet
facet normal 0 1 0
outer loop
vertex 16.499961853027344 -25.049976348876953 3.549999952316284
vertex 11.949962615966797 -25.049976348876953 0
vertex 11.949962615966797 -25.049976348876953 5
endloop
endfacet
facet normal -1 0 0
outer loop
vertex 7.049962997436523 -10.949976921081543 5
vertex 7.049962997436523 -25.049976348876953 0
vertex 7.049962997436523 -25.049976348876953 5
endloop
endfacet
facet normal 0 1 0
outer loop
vertex 45.04996109008789 -6.049976825714111 0
vertex 40.499961853027344 -6.049976825714111 3.549999952316284
vertex 45.04996109008789 -6.049976825714111 5
endloop
endfacet
facet normal 0 -1 0
outer loop
vertex 40.499961853027344 -10.949976921081543 3.549999952316284
vertex 45.04996109008789 -10.949976921081543 0
vertex 45.04996109008789 -10.949976921081543 5
endloop
endfacet
facet normal 0 -1 0
outer loop
vertex -64.05003356933594 -29.949975967407227 0
vertex -59.500038146972656 -29.949975967407227 3.549999952316284
vertex -64.05003356933594 -29.949975967407227 5
endloop
endfacet
facet normal 1 0 0
outer loop
vertex -64.05003356933594 -44.04997634887695 5
vertex -64.05003356933594 -29.949975967407227 0
vertex -64.05003356933594 -29.949975967407227 5
endloop
endfacet
facet normal 0 -1 0
outer loop
vertex -45.0500373840332 -29.949975967407227 5
vertex -40.500038146972656 -29.949975967407227 3.549999952316284
vertex -35.500038146972656 -29.949975967407227 3.549999952316284
endloop
endfacet
facet normal 0 1 0
outer loop
vertex -45.0500373840332 -44.04997634887695 5
vertex -30.950037002563477 -44.04997634887695 5
vertex -40.500038146972656 -44.04997634887695 3.549999952316284
endloop
endfacet
facet normal 0 1 0
outer loop
vertex -49.95003890991211 -44.04997634887695 0
vertex -54.500038146972656 -44.04997634887695 3.549999952316284
vertex -49.95003890991211 -44.04997634887695 5
endloop
endfacet
facet normal 0 1 0
outer loop
vertex -40.500038146972656 -44.04997634887695 3.549999952316284
vertex -45.0500373840332 -44.04997634887695 0
vertex -45.0500373840332 -44.04997634887695 5
endloop
endfacet
facet normal 0 -1 0
outer loop
vertex -30.950037002563477 8.050023078918457 0
vertex -35.500038146972656 8.050023078918457 3.549999952316284
vertex -35.500038146972656 8.050023078918457 0
endloop
endfacet
facet normal 0 1 0
outer loop
vertex -49.95003890991211 -6.049976825714111 5
vertex -59.500038146972656 -6.049976825714111 3.549999952316284
vertex -64.05003356933594 -6.049976825714111 5
endloop
endfacet
facet normal 0 1 0
outer loop
vertex 35.499961853027344 -44.04997634887695 0
vertex 30.949962615966797 -44.04997634887695 0
vertex 35.499961853027344 -44.04997634887695 3.549999952316284
endloop
endfacet
facet normal 0 -1 0
outer loop
vertex 49.9499626159668 27.050024032592773 5
vertex 54.499961853027344 27.050024032592773 3.549999952316284
vertex 59.499961853027344 27.050024032592773 3.549999952316284
endloop
endfacet
facet normal 0 1 0
outer loop
vertex 64.04996490478516 12.950023651123047 5
vertex 59.499961853027344 12.950023651123047 3.549999952316284
vertex 54.499961853027344 12.950023651123047 3.549999952316284
endloop
endfacet
facet normal 0 1 0
outer loop
vertex 16.499961853027344 -44.04997634887695 0
vertex 11.949962615966797 -44.04997634887695 0
vertex 16.499961853027344 -44.04997634887695 3.549999952316284
endloop
endfacet
facet normal 0 -1 0
outer loop
vertex 45.04996109008789 8.050023078918457 5
vertex 30.949962615966797 8.050023078918457 5
vertex 40.499961853027344 8.050023078918457 3.549999952316284
endloop
endfacet
facet normal -1 0 0
outer loop
vertex 64.04996490478516 27.050024032592773 5
vertex 64.04996490478516 12.950023651123047 0
vertex 64.04996490478516 12.950023651123047 5
endloop
endfacet
facet normal 0 1 0
outer loop
vertex -59.500038146972656 -44.04997634887695 0
vertex -64.05003356933594 -44.04997634887695 0
vertex -59.500038146972656 -44.04997634887695 3.549999952316284
endloop
endfacet
facet normal 1 0 0
outer loop
vertex 11.949962615966797 -25.049976348876953 5
vertex 11.949962615966797 -10.949976921081543 0
vertex 11.949962615966797 -10.949976921081543 5
endloop
endfacet
facet normal 0 -1 0
outer loop
vertex -54.500038146972656 -29.949975967407227 3.549999952316284
vertex -49.95003890991211 -29.949975967407227 0
vertex -49.95003890991211 -29.949975967407227 5
endloop
endfacet
facet normal 0 -1 0
outer loop
vertex -45.0500373840332 -29.949975967407227 0
vertex -40.500038146972656 -29.949975967407227 3.549999952316284
vertex -45.0500373840332 -29.949975967407227 5
endloop
endfacet
facet normal -1 0 0
outer loop
vertex -49.95003890991211 -29.949975967407227 5
vertex -49.95003890991211 -44.04997634887695 0
vertex -49.95003890991211 -44.04997634887695 5
endloop
endfacet
facet normal 1 0 0
outer loop
vertex -45.0500373840332 -44.04997634887695 5
vertex -45.0500373840332 -29.949975967407227 0
vertex -45.0500373840332 -29.949975967407227 5
endloop
endfacet
facet normal 0 -1 0
outer loop
vertex 2.49996280670166 -10.949976921081543 3.549999952316284
vertex 7.049962997436523 -10.949976921081543 0
vertex 7.049962997436523 -10.949976921081543 5
endloop
endfacet
facet normal 0 1 0
outer loop
vertex 7.049962997436523 -6.049976825714111 0
vertex 2.49996280670166 -6.049976825714111 3.549999952316284
vertex 7.049962997436523 -6.049976825714111 5
endloop
endfacet
facet normal 0 1 0
outer loop
vertex -54.500038146972656 -44.04997634887695 3.549999952316284
vertex -59.500038146972656 -44.04997634887695 3.549999952316284
vertex -49.95003890991211 -44.04997634887695 5
endloop
endfacet
facet normal 0 -1 0
outer loop
vertex 11.949962615966797 -10.949976921081543 0
vertex 16.499961853027344 -10.949976921081543 3.549999952316284
vertex 11.949962615966797 -10.949976921081543 5
endloop
endfacet
facet normal -1 0 0
outer loop
vertex 45.04996109008789 -29.949975967407227 5
vertex 45.04996109008789 -44.04997634887695 0
vertex 45.04996109008789 -44.04997634887695 5
endloop
endfacet
facet normal 0 -1 0
outer loop
vertex 40.499961853027344 -29.949975967407227 3.549999952316284
vertex 45.04996109008789 -29.949975967407227 0
vertex 45.04996109008789 -29.949975967407227 5
endloop
endfacet
facet normal 0 1 0
outer loop
vertex 16.499961853027344 -6.049976825714111 3.549999952316284
vertex 11.949962615966797 -6.049976825714111 0
vertex 11.949962615966797 -6.049976825714111 5
endloop
endfacet
facet normal -1 0 0
outer loop
vertex 7.049962997436523 8.050023078918457 5
vertex 7.049962997436523 -6.049976825714111 0
vertex 7.049962997436523 -6.049976825714111 5
endloop
endfacet
facet normal 0 1 0
outer loop
vertex 45.04996109008789 -44.04997634887695 0
vertex 40.499961853027344 -44.04997634887695 3.549999952316284
vertex 45.04996109008789 -44.04997634887695 5
endloop
endfacet
facet normal 0 1 0
outer loop
vertex 26.049962997436523 -6.049976825714111 5
vertex 16.499961853027344 -6.049976825714111 3.549999952316284
vertex 11.949962615966797 -6.049976825714111 5
endloop
endfacet
facet normal 0 -1 0
outer loop
vertex 11.949962615966797 -10.949976921081543 5
vertex 21.499961853027344 -10.949976921081543 3.549999952316284
vertex 26.049962997436523 -10.949976921081543 5
endloop
endfacet
facet normal 0 -1 0
outer loop
vertex 30.949962615966797 -10.949976921081543 5
vertex 35.499961853027344 -10.949976921081543 3.549999952316284
vertex 40.499961853027344 -10.949976921081543 3.549999952316284
endloop
endfacet
facet normal 0 1 0
outer loop
vertex 26.049962997436523 -6.049976825714111 5
vertex 21.499961853027344 -6.049976825714111 3.549999952316284
vertex 16.499961853027344 -6.049976825714111 3.549999952316284
endloop
endfacet
facet normal 0 1 0
outer loop
vertex 26.049962997436523 -25.049976348876953 5
vertex 16.499961853027344 -25.049976348876953 3.549999952316284
vertex 11.949962615966797 -25.049976348876953 5
endloop
endfacet
facet normal 0 1 0
outer loop
vertex 26.049962997436523 -25.049976348876953 5
vertex 21.499961853027344 -25.049976348876953 3.549999952316284
vertex 16.499961853027344 -25.049976348876953 3.549999952316284
endloop
endfacet
facet normal 0 -1 0
outer loop
vertex 7.049962997436523 -10.949976921081543 5
vertex -7.050037384033203 -10.949976921081543 5
vertex 2.49996280670166 -10.949976921081543 3.549999952316284
endloop
endfacet
facet normal 0 1 0
outer loop
vertex -49.95003890991211 -44.04997634887695 5
vertex -59.500038146972656 -44.04997634887695 3.549999952316284
vertex -64.05003356933594 -44.04997634887695 5
endloop
endfacet
facet normal 0 -1 0
outer loop
vertex 11.949962615966797 -10.949976921081543 5
vertex 16.499961853027344 -10.949976921081543 3.549999952316284
vertex 21.499961853027344 -10.949976921081543 3.549999952316284
endloop
endfacet
facet normal 0 1 0
outer loop
vertex 7.049962997436523 -6.049976825714111 5
vertex 2.49996280670166 -6.049976825714111 3.549999952316284
vertex -2.50003719329834 -6.049976825714111 3.549999952316284
endloop
endfacet
facet normal 0 -1 0
outer loop
vertex -64.05003356933594 -29.949975967407227 5
vertex -59.500038146972656 -29.949975967407227 3.549999952316284
vertex -54.500038146972656 -29.949975967407227 3.549999952316284
endloop
endfacet
facet normal 0 1 0
outer loop
vertex 7.049962997436523 -25.049976348876953 5
vertex 2.49996280670166 -25.049976348876953 3.549999952316284
vertex -2.50003719329834 -25.049976348876953 3.549999952316284
endloop
endfacet
facet normal -1 0 0
outer loop
vertex 26.049962997436523 8.050023078918457 5
vertex 26.049962997436523 -6.049976825714111 0
vertex 26.049962997436523 -6.049976825714111 5
endloop
endfacet
facet normal 0 1 0
outer loop
vertex 26.049962997436523 -25.049976348876953 0
vertex 21.499961853027344 -25.049976348876953 3.549999952316284
vertex 26.049962997436523 -25.049976348876953 5
endloop
endfacet
facet normal 0 1 0
outer loop
vertex 35.499961853027344 -25.049976348876953 3.549999952316284
vertex 30.949962615966797 -25.049976348876953 0
vertex 30.949962615966797 -25.049976348876953 5
endloop
endfacet
facet normal -1 0 0
outer loop
vertex 26.049962997436523 -10.949976921081543 5
vertex 26.049962997436523 -25.049976348876953 0
vertex 26.049962997436523 -25.049976348876953 5
endloop
endfacet
facet normal 0 -1 0
outer loop
vertex -64.05003356933594 -29.949975967407227 5
vertex -54.500038146972656 -29.949975967407227 3.549999952316284
vertex -49.95003890991211 -29.949975967407227 5
endloop
endfacet
facet normal 0 1 0
outer loop
vertex 35.499961853027344 -6.049976825714111 3.549999952316284
vertex 30.949962615966797 -6.049976825714111 0
vertex 30.949962615966797 -6.049976825714111 5
endloop
endfacet
facet normal 0 -1 0
outer loop
vertex 30.949962615966797 -10.949976921081543 0
vertex 35.499961853027344 -10.949976921081543 3.549999952316284
vertex 30.949962615966797 -10.949976921081543 5
endloop
endfacet
facet normal 0 1 0
outer loop
vertex 26.049962997436523 -6.049976825714111 0
vertex 21.499961853027344 -6.049976825714111 3.549999952316284
vertex 26.049962997436523 -6.049976825714111 5
endloop
endfacet
facet normal 0 -1 0
outer loop
vertex 21.499961853027344 -10.949976921081543 3.549999952316284
vertex 26.049962997436523 -10.949976921081543 0
vertex 26.049962997436523 -10.949976921081543 5
endloop
endfacet
facet normal 0 0 -1
outer loop
vertex 40.499961853027344 -29.249977111816406 3.549999952316284
vertex 40.499961853027344 -29.949975967407227 3.549999952316284
vertex 35.499961853027344 -29.249977111816406 3.549999952316284
endloop
endfacet
facet normal 1 0 0
outer loop
vertex 35.499961853027344 -29.949975967407227 3.549999952316284
vertex 35.499961853027344 -29.949975967407227 0
vertex 35.499961853027344 -29.249977111816406 0
endloop
endfacet
facet normal 1 0 0
outer loop
vertex 35.499961853027344 -29.949975967407227 3.549999952316284
vertex 35.499961853027344 -29.249977111816406 0
vertex 35.499961853027344 -29.249977111816406 3.549999952316284
endloop
endfacet
facet normal 0 0 -1
outer loop
vertex 40.499961853027344 -44.04997634887695 3.549999952316284
vertex 40.499961853027344 -44.749977111816406 3.549999952316284
vertex 35.499961853027344 -44.04997634887695 3.549999952316284
endloop
endfacet
facet normal -1 0 0
outer loop
vertex 40.499961853027344 -29.249977111816406 0
vertex 40.499961853027344 -29.949975967407227 0
vertex 40.499961853027344 -29.249977111816406 3.549999952316284
endloop
endfacet
facet normal 0 -1 0
outer loop
vertex 35.499961853027344 -29.249977111816406 0
vertex 40.499961853027344 -29.249977111816406 0
vertex 40.499961853027344 -29.249977111816406 3.549999952316284
endloop
endfacet
facet normal 0 1 0
outer loop
vertex 40.499961853027344 -44.749977111816406 0
vertex 35.499961853027344 -44.749977111816406 0
vertex 35.499961853027344 -44.749977111816406 3.549999952316284
endloop
endfacet
facet normal 0 0 -1
outer loop
vertex 40.499961853027344 -29.949975967407227 3.549999952316284
vertex 35.499961853027344 -29.949975967407227 3.549999952316284
vertex 35.499961853027344 -29.249977111816406 3.549999952316284
endloop
endfacet
facet normal -1 0 0
outer loop
vertex 40.499961853027344 -29.249977111816406 3.549999952316284
vertex 40.499961853027344 -29.949975967407227 0
vertex 40.499961853027344 -29.949975967407227 3.549999952316284
endloop
endfacet
facet normal -1 0 0
outer loop
vertex 40.499961853027344 -44.04997634887695 3.549999952316284
vertex 40.499961853027344 -44.749977111816406 0
vertex 40.499961853027344 -44.749977111816406 3.549999952316284
endloop
endfacet
facet normal 0 -1 0
outer loop
vertex 35.499961853027344 -29.249977111816406 3.549999952316284
vertex 35.499961853027344 -29.249977111816406 0
vertex 40.499961853027344 -29.249977111816406 3.549999952316284
endloop
endfacet
facet normal 1 0 0
outer loop
vertex 35.499961853027344 -44.749977111816406 3.549999952316284
vertex 35.499961853027344 -44.04997634887695 0
vertex 35.499961853027344 -44.04997634887695 3.549999952316284
endloop
endfacet
facet normal -1 0 0
outer loop
vertex 40.499961853027344 -44.04997634887695 0
vertex 40.499961853027344 -44.749977111816406 0
vertex 40.499961853027344 -44.04997634887695 3.549999952316284
endloop
endfacet
facet normal 0 0 -1
outer loop
vertex 40.499961853027344 -44.749977111816406 3.549999952316284
vertex 35.499961853027344 -44.749977111816406 3.549999952316284
vertex 35.499961853027344 -44.04997634887695 3.549999952316284
endloop
endfacet
facet normal 0 1 0
outer loop
vertex 40.499961853027344 -44.749977111816406 0
vertex 35.499961853027344 -44.749977111816406 3.549999952316284
vertex 40.499961853027344 -44.749977111816406 3.549999952316284
endloop
endfacet
facet normal 1 0 0
outer loop
vertex 35.499961853027344 -44.04997634887695 0
vertex 35.499961853027344 -44.749977111816406 3.549999952316284
vertex 35.499961853027344 -44.749977111816406 0
endloop
endfacet
facet normal -1 0 0
outer loop
vertex 21.499961853027344 -44.04997634887695 3.549999952316284
vertex 21.499961853027344 -44.749977111816406 0
vertex 21.499961853027344 -44.749977111816406 3.549999952316284
endloop
endfacet
facet normal 0 1 0
outer loop
vertex 21.499961853027344 -44.749977111816406 0
vertex 16.499961853027344 -44.749977111816406 3.549999952316284
vertex 21.499961853027344 -44.749977111816406 3.549999952316284
endloop
endfacet
facet normal -1 0 0
outer loop
vertex 21.499961853027344 -29.249977111816406 0
vertex 21.499961853027344 -29.949975967407227 0
vertex 21.499961853027344 -29.249977111816406 3.549999952316284
endloop
endfacet
facet normal -1 0 0
outer loop
vertex 21.499961853027344 -44.04997634887695 0
vertex 21.499961853027344 -44.749977111816406 0
vertex 21.499961853027344 -44.04997634887695 3.549999952316284
endloop
endfacet
facet normal 1 0 0
outer loop
vertex 16.499961853027344 -44.04997634887695 0
vertex 16.499961853027344 -44.749977111816406 3.549999952316284
vertex 16.499961853027344 -44.749977111816406 0
endloop
endfacet
facet normal 0 1 0
outer loop
vertex 21.499961853027344 -44.749977111816406 0
vertex 16.499961853027344 -44.749977111816406 0
vertex 16.499961853027344 -44.749977111816406 3.549999952316284
endloop
endfacet
facet normal 1 0 0
outer loop
vertex 16.499961853027344 -29.949975967407227 3.549999952316284
vertex 16.499961853027344 -29.249977111816406 0
vertex 16.499961853027344 -29.249977111816406 3.549999952316284
endloop
endfacet
facet normal 0 -1 0
outer loop
vertex 16.499961853027344 -29.249977111816406 3.549999952316284
vertex 16.499961853027344 -29.249977111816406 0
vertex 21.499961853027344 -29.249977111816406 3.549999952316284
endloop
endfacet
facet normal 0 0 -1
outer loop
vertex 16.499961853027344 -29.249977111816406 3.549999952316284
vertex 21.499961853027344 -29.949975967407227 3.549999952316284
vertex 16.499961853027344 -29.949975967407227 3.549999952316284
endloop
endfacet
facet normal 1 0 0
outer loop
vertex 16.499961853027344 -29.949975967407227 3.549999952316284
vertex 16.499961853027344 -29.949975967407227 0
vertex 16.499961853027344 -29.249977111816406 0
endloop
endfacet
facet normal -1 0 0
outer loop
vertex 21.499961853027344 -29.249977111816406 3.549999952316284
vertex 21.499961853027344 -29.949975967407227 0
vertex 21.499961853027344 -29.949975967407227 3.549999952316284
endloop
endfacet
facet normal 0 0 -1
outer loop
vertex 21.499961853027344 -29.249977111816406 3.549999952316284
vertex 21.499961853027344 -29.949975967407227 3.549999952316284
vertex 16.499961853027344 -29.249977111816406 3.549999952316284
endloop
endfacet
facet normal 0 0 -1
outer loop
vertex 21.499961853027344 -44.04997634887695 3.549999952316284
vertex 21.499961853027344 -44.749977111816406 3.549999952316284
vertex 16.499961853027344 -44.04997634887695 3.549999952316284
endloop
endfacet
facet normal 0 0 -1
outer loop
vertex 21.499961853027344 -44.749977111816406 3.549999952316284
vertex 16.499961853027344 -44.749977111816406 3.549999952316284
vertex 16.499961853027344 -44.04997634887695 3.549999952316284
endloop
endfacet
facet normal 1 0 0
outer loop
vertex 16.499961853027344 -44.749977111816406 3.549999952316284
vertex 16.499961853027344 -44.04997634887695 0
vertex 16.499961853027344 -44.04997634887695 3.549999952316284
endloop
endfacet
facet normal 0 -1 0
outer loop
vertex 16.499961853027344 -29.249977111816406 0
vertex 21.499961853027344 -29.249977111816406 0
vertex 21.499961853027344 -29.249977111816406 3.549999952316284
endloop
endfacet
facet normal 0 0 -1
outer loop
vertex -2.50003719329834 -44.749977111816406 3.549999952316284
vertex -2.50003719329834 -44.04997634887695 3.549999952316284
vertex 2.49996280670166 -44.749977111816406 3.549999952316284
endloop
endfacet
facet normal 0 0 -1
outer loop
vertex -2.50003719329834 -29.249977111816406 3.549999952316284
vertex 2.49996280670166 -29.949975967407227 3.549999952316284
vertex -2.50003719329834 -29.949975967407227 3.549999952316284
endloop
endfacet
facet normal -1 0 0
outer loop
vertex 2.49996280670166 -44.04997634887695 3.549999952316284
vertex 2.49996280670166 -44.749977111816406 0
vertex 2.49996280670166 -44.749977111816406 3.549999952316284
endloop
endfacet
facet normal 1 0 0
outer loop
vertex -2.50003719329834 -44.04997634887695 0
vertex -2.50003719329834 -44.749977111816406 3.549999952316284
vertex -2.50003719329834 -44.749977111816406 0
endloop
endfacet
facet normal 0 1 0
outer loop
vertex 2.49996280670166 -44.749977111816406 0
vertex -2.50003719329834 -44.749977111816406 3.549999952316284
vertex 2.49996280670166 -44.749977111816406 3.549999952316284
endloop
endfacet
facet normal 1 0 0
outer loop
vertex -2.50003719329834 -29.949975967407227 3.549999952316284
vertex -2.50003719329834 -29.249977111816406 0
vertex -2.50003719329834 -29.249977111816406 3.549999952316284
endloop
endfacet
facet normal 0 0 -1
outer loop
vertex 2.49996280670166 -29.949975967407227 3.549999952316284
vertex -2.50003719329834 -29.249977111816406 3.549999952316284
vertex 2.49996280670166 -29.249977111816406 3.549999952316284
endloop
endfacet
facet normal 0 1 0
outer loop
vertex 2.49996280670166 -44.749977111816406 0
vertex -2.50003719329834 -44.749977111816406 0
vertex -2.50003719329834 -44.749977111816406 3.549999952316284
endloop
endfacet
facet normal 1 0 0
outer loop
vertex -2.50003719329834 -44.749977111816406 3.549999952316284
vertex -2.50003719329834 -44.04997634887695 0
vertex -2.50003719329834 -44.04997634887695 3.549999952316284
endloop
endfacet
facet normal 0 -1 0
outer loop
vertex -2.50003719329834 -29.249977111816406 3.549999952316284
vertex -2.50003719329834 -29.249977111816406 0
vertex 2.49996280670166 -29.249977111816406 3.549999952316284
endloop
endfacet
facet normal 0 0 -1
outer loop
vertex 2.49996280670166 -44.749977111816406 3.549999952316284
vertex -2.50003719329834 -44.04997634887695 3.549999952316284
vertex 2.49996280670166 -44.04997634887695 3.549999952316284
endloop
endfacet
facet normal 1 0 0
outer loop
vertex -2.50003719329834 -29.949975967407227 3.549999952316284
vertex -2.50003719329834 -29.949975967407227 0
vertex -2.50003719329834 -29.249977111816406 0
endloop
endfacet
facet normal -1 0 0
outer loop
vertex 2.49996280670166 -44.04997634887695 0
vertex 2.49996280670166 -44.749977111816406 0
vertex 2.49996280670166 -44.04997634887695 3.549999952316284
endloop
endfacet
facet normal -1 0 0
outer loop
vertex 2.49996280670166 -29.249977111816406 3.549999952316284
vertex 2.49996280670166 -29.949975967407227 0
vertex 2.49996280670166 -29.949975967407227 3.549999952316284
endloop
endfacet
facet normal 0 -1 0
outer loop
vertex 2.49996280670166 -29.249977111816406 3.549999952316284
vertex -2.50003719329834 -29.249977111816406 0
vertex 2.49996280670166 -29.249977111816406 0
endloop
endfacet
facet normal -1 0 0
outer loop
vertex 2.49996280670166 -29.249977111816406 0
vertex 2.49996280670166 -29.949975967407227 0
vertex 2.49996280670166 -29.249977111816406 3.549999952316284
endloop
endfacet
facet normal 1 0 0
outer loop
vertex -21.500038146972656 -44.749977111816406 3.549999952316284
vertex -21.500038146972656 -44.04997634887695 0
vertex -21.500038146972656 -44.04997634887695 3.549999952316284
endloop
endfacet
facet normal 0 0 -1
outer loop
vertex -16.500038146972656 -44.749977111816406 3.549999952316284
vertex -21.500038146972656 -44.749977111816406 3.549999952316284
vertex -21.500038146972656 -44.04997634887695 3.549999952316284
endloop
endfacet
facet normal 0 1 0
outer loop
vertex -16.500038146972656 -44.749977111816406 0
vertex -21.500038146972656 -44.749977111816406 3.549999952316284
vertex -16.500038146972656 -44.749977111816406 3.549999952316284
endloop
endfacet
facet normal 1 0 0
outer loop
vertex -21.500038146972656 -29.949975967407227 3.549999952316284
vertex -21.500038146972656 -29.249977111816406 0
vertex -21.500038146972656 -29.249977111816406 3.549999952316284
endloop
endfacet
facet normal 0 0 -1
outer loop
vertex -21.500038146972656 -29.249977111816406 3.549999952316284
vertex -16.500038146972656 -29.949975967407227 3.549999952316284
vertex -21.500038146972656 -29.949975967407227 3.549999952316284
endloop
endfacet
facet normal 0 0 -1
outer loop
vertex -16.500038146972656 -29.249977111816406 3.549999952316284
vertex -16.500038146972656 -29.949975967407227 3.549999952316284
vertex -21.500038146972656 -29.249977111816406 3.549999952316284
endloop
endfacet
facet normal 1 0 0
outer loop
vertex -21.500038146972656 -29.949975967407227 3.549999952316284
vertex -21.500038146972656 -29.949975967407227 0
vertex -21.500038146972656 -29.249977111816406 0
endloop
endfacet
facet normal -1 0 0
outer loop
vertex -16.500038146972656 -29.249977111816406 3.549999952316284
vertex -16.500038146972656 -29.249977111816406 0
vertex -16.500038146972656 -29.949975967407227 0
endloop
endfacet
facet normal 0 0 -1
outer loop
vertex -16.500038146972656 -44.04997634887695 3.549999952316284
vertex -16.500038146972656 -44.749977111816406 3.549999952316284
vertex -21.500038146972656 -44.04997634887695 3.549999952316284
endloop
endfacet
facet normal -1 0 0
outer loop
vertex -16.500038146972656 -44.04997634887695 0
vertex -16.500038146972656 -44.749977111816406 0
vertex -16.500038146972656 -44.04997634887695 3.549999952316284
endloop
endfacet
facet normal 0 -1 0
outer loop
vertex -21.500038146972656 -29.249977111816406 0
vertex -16.500038146972656 -29.249977111816406 0
vertex -16.500038146972656 -29.249977111816406 3.549999952316284
endloop
endfacet
facet normal -1 0 0
outer loop
vertex -16.500038146972656 -29.249977111816406 3.549999952316284
vertex -16.500038146972656 -29.949975967407227 0
vertex -16.500038146972656 -29.949975967407227 3.549999952316284
endloop
endfacet
facet normal -1 0 0
outer loop
vertex -16.500038146972656 -44.04997634887695 3.549999952316284
vertex -16.500038146972656 -44.749977111816406 0
vertex -16.500038146972656 -44.749977111816406 3.549999952316284
endloop
endfacet
facet normal 0 -1 0
outer loop
vertex -21.500038146972656 -29.249977111816406 3.549999952316284
vertex -21.500038146972656 -29.249977111816406 0
vertex -16.500038146972656 -29.249977111816406 3.549999952316284
endloop
endfacet
facet normal 0 1 0
outer loop
vertex -16.500038146972656 -44.749977111816406 0
vertex -21.500038146972656 -44.749977111816406 0
vertex -21.500038146972656 -44.749977111816406 3.549999952316284
endloop
endfacet
facet normal 1 0 0
outer loop
vertex -21.500038146972656 -44.04997634887695 0
vertex -21.500038146972656 -44.749977111816406 3.549999952316284
vertex -21.500038146972656 -44.749977111816406 0
endloop
endfacet
facet normal -1 0 0
outer loop
vertex -35.500038146972656 -44.04997634887695 0
vertex -35.500038146972656 -44.749977111816406 0
vertex -35.500038146972656 -44.04997634887695 3.549999952316284
endloop
endfacet
facet normal 0 0 -1
outer loop
vertex -35.500038146972656 -29.249977111816406 3.549999952316284
vertex -35.500038146972656 -29.949975967407227 3.549999952316284
vertex -40.500038146972656 -29.249977111816406 3.549999952316284
endloop
endfacet
facet normal 0 -1 0
outer loop
vertex -40.500038146972656 -29.249977111816406 3.549999952316284
vertex -40.500038146972656 -29.249977111816406 0
vertex -35.500038146972656 -29.249977111816406 3.549999952316284
endloop
endfacet
facet normal 0 -1 0
outer loop
vertex -40.500038146972656 -29.249977111816406 0
vertex -35.500038146972656 -29.249977111816406 0
vertex -35.500038146972656 -29.249977111816406 3.549999952316284
endloop
endfacet
facet normal -1 0 0
outer loop
vertex -35.500038146972656 -29.249977111816406 3.549999952316284
vertex -35.500038146972656 -29.949975967407227 0
vertex -35.500038146972656 -29.949975967407227 3.549999952316284
endloop
endfacet
facet normal -1 0 0
outer loop
vertex -35.500038146972656 -44.04997634887695 3.549999952316284
vertex -35.500038146972656 -44.749977111816406 0
vertex -35.500038146972656 -44.749977111816406 3.549999952316284
endloop
endfacet
facet normal 0 1 0
outer loop
vertex -35.500038146972656 -44.749977111816406 0
vertex -40.500038146972656 -44.749977111816406 0
vertex -40.500038146972656 -44.749977111816406 3.549999952316284
endloop
endfacet
facet normal 1 0 0
outer loop
vertex -40.500038146972656 -29.949975967407227 3.549999952316284
vertex -40.500038146972656 -29.249977111816406 0
vertex -40.500038146972656 -29.249977111816406 3.549999952316284
endloop
endfacet
facet normal 0 1 0
outer loop
vertex -35.500038146972656 -44.749977111816406 0
vertex -40.500038146972656 -44.749977111816406 3.549999952316284
vertex -35.500038146972656 -44.749977111816406 3.549999952316284
endloop
endfacet
facet normal 1 0 0
outer loop
vertex -40.500038146972656 -44.749977111816406 0
vertex -40.500038146972656 -44.04997634887695 0
vertex -40.500038146972656 -44.749977111816406 3.549999952316284
endloop
endfacet
facet normal 1 0 0
outer loop
vertex -40.500038146972656 -29.949975967407227 3.549999952316284
vertex -40.500038146972656 -29.949975967407227 0
vertex -40.500038146972656 -29.249977111816406 0
endloop
endfacet
facet normal 0 0 -1
outer loop
vertex -35.500038146972656 -44.749977111816406 3.549999952316284
vertex -40.500038146972656 -44.749977111816406 3.549999952316284
vertex -40.500038146972656 -44.04997634887695 3.549999952316284
endloop
endfacet
facet normal -1 0 0
outer loop
vertex -35.500038146972656 -29.249977111816406 3.549999952316284
vertex -35.500038146972656 -29.249977111816406 0
vertex -35.500038146972656 -29.949975967407227 0
endloop
endfacet
facet normal 0 0 -1
outer loop
vertex -40.500038146972656 -29.249977111816406 3.549999952316284
vertex -35.500038146972656 -29.949975967407227 3.549999952316284
vertex -40.500038146972656 -29.949975967407227 3.549999952316284
endloop
endfacet
facet normal 0 0 -1
outer loop
vertex -35.500038146972656 -44.04997634887695 3.549999952316284
vertex -35.500038146972656 -44.749977111816406 3.549999952316284
vertex -40.500038146972656 -44.04997634887695 3.549999952316284
endloop
endfacet
facet normal 1 0 0
outer loop
vertex -40.500038146972656 -44.749977111816406 3.549999952316284
vertex -40.500038146972656 -44.04997634887695 0
vertex -40.500038146972656 -44.04997634887695 3.549999952316284
endloop
endfacet
facet normal 0 1 0
outer loop
vertex -54.500038146972656 -44.749977111816406 0
vertex -59.500038146972656 -44.749977111816406 3.549999952316284
vertex -54.500038146972656 -44.749977111816406 3.549999952316284
endloop
endfacet
facet normal 0 0 -1
outer loop
vertex -54.500038146972656 -44.04997634887695 3.549999952316284
vertex -54.500038146972656 -44.749977111816406 3.549999952316284
vertex -59.500038146972656 -44.04997634887695 3.549999952316284
endloop
endfacet
facet normal 1 0 0
outer loop
vertex -59.500038146972656 -44.749977111816406 3.549999952316284
vertex -59.500038146972656 -44.04997634887695 0
vertex -59.500038146972656 -44.04997634887695 3.549999952316284
endloop
endfacet
facet normal 0 0 -1
outer loop
vertex -54.500038146972656 -44.749977111816406 3.549999952316284
vertex -59.500038146972656 -44.749977111816406 3.549999952316284
vertex -59.500038146972656 -44.04997634887695 3.549999952316284
endloop
endfacet
facet normal -1 0 0
outer loop
vertex -54.500038146972656 -29.249977111816406 3.549999952316284
vertex -54.500038146972656 -29.249977111816406 0
vertex -54.500038146972656 -29.949975967407227 0
endloop
endfacet
facet normal 0 -1 0
outer loop
vertex -59.500038146972656 -29.249977111816406 0
vertex -54.500038146972656 -29.249977111816406 0
vertex -54.500038146972656 -29.249977111816406 3.549999952316284
endloop
endfacet
facet normal 1 0 0
outer loop
vertex -59.500038146972656 -29.949975967407227 3.549999952316284
vertex -59.500038146972656 -29.949975967407227 0
vertex -59.500038146972656 -29.249977111816406 0
endloop
endfacet
facet normal -1 0 0
outer loop
vertex -54.500038146972656 -44.749977111816406 0
vertex -54.500038146972656 -44.04997634887695 3.549999952316284
vertex -54.500038146972656 -44.04997634887695 0
endloop
endfacet
facet normal -1 0 0
outer loop
vertex -54.500038146972656 -29.249977111816406 3.549999952316284
vertex -54.500038146972656 -29.949975967407227 0
vertex -54.500038146972656 -29.949975967407227 3.549999952316284
endloop
endfacet
facet normal 0 1 0
outer loop
vertex -54.500038146972656 -44.749977111816406 0
vertex -59.500038146972656 -44.749977111816406 0
vertex -59.500038146972656 -44.749977111816406 3.549999952316284
endloop
endfacet
facet normal 0 -1 0
outer loop
vertex -59.500038146972656 -29.249977111816406 3.549999952316284
vertex -59.500038146972656 -29.249977111816406 0
vertex -54.500038146972656 -29.249977111816406 3.549999952316284
endloop
endfacet
facet normal 1 0 0
outer loop
vertex -59.500038146972656 -44.04997634887695 0
vertex -59.500038146972656 -44.749977111816406 3.549999952316284
vertex -59.500038146972656 -44.749977111816406 0
endloop
endfacet
facet normal 1 0 0
outer loop
vertex -59.500038146972656 -29.949975967407227 3.549999952316284
vertex -59.500038146972656 -29.249977111816406 0
vertex -59.500038146972656 -29.249977111816406 3.549999952316284
endloop
endfacet
facet normal -1 0 0
outer loop
vertex -54.500038146972656 -44.04997634887695 3.549999952316284
vertex -54.500038146972656 -44.749977111816406 0
vertex -54.500038146972656 -44.749977111816406 3.549999952316284
endloop
endfacet
facet normal 0 0 -1
outer loop
vertex -54.500038146972656 -29.249977111816406 3.549999952316284
vertex -54.500038146972656 -29.949975967407227 3.549999952316284
vertex -59.500038146972656 -29.249977111816406 3.549999952316284
endloop
endfacet
facet normal 0 0 -1
outer loop
vertex -59.500038146972656 -29.249977111816406 3.549999952316284
vertex -54.500038146972656 -29.949975967407227 3.549999952316284
vertex -59.500038146972656 -29.949975967407227 3.549999952316284
endloop
endfacet
facet normal 1 0 0
outer loop
vertex 35.499961853027344 -10.949976921081543 3.549999952316284
vertex 35.499961853027344 -10.24997615814209 0
vertex 35.499961853027344 -10.24997615814209 3.549999952316284
endloop
endfacet
facet normal 0 1 0
outer loop
vertex 40.499961853027344 -25.749977111816406 0
vertex 35.499961853027344 -25.749977111816406 0
vertex 35.499961853027344 -25.749977111816406 3.549999952316284
endloop
endfacet
facet normal 0 0 -1
outer loop
vertex 40.499961853027344 -10.949976921081543 3.549999952316284
vertex 35.499961853027344 -10.949976921081543 3.549999952316284
vertex 35.499961853027344 -10.24997615814209 3.549999952316284
endloop
endfacet
facet normal -1 0 0
outer loop
vertex 40.499961853027344 -25.049976348876953 0
vertex 40.499961853027344 -25.749977111816406 0
vertex 40.499961853027344 -25.049976348876953 3.549999952316284
endloop
endfacet
facet normal 1 0 0
outer loop
vertex 35.499961853027344 -25.749977111816406 3.549999952316284
vertex 35.499961853027344 -25.049976348876953 0
vertex 35.499961853027344 -25.049976348876953 3.549999952316284
endloop
endfacet
facet normal 0 -1 0
outer loop
vertex 35.499961853027344 -10.24997615814209 0
vertex 40.499961853027344 -10.24997615814209 0
vertex 40.499961853027344 -10.24997615814209 3.549999952316284
endloop
endfacet
facet normal 1 0 0
outer loop
vertex 35.499961853027344 -25.049976348876953 0
vertex 35.499961853027344 -25.749977111816406 3.549999952316284
vertex 35.499961853027344 -25.749977111816406 0
endloop
endfacet
facet normal -1 0 0
outer loop
vertex 40.499961853027344 -10.24997615814209 0
vertex 40.499961853027344 -10.949976921081543 0
vertex 40.499961853027344 -10.24997615814209 3.549999952316284
endloop
endfacet
facet normal 0 0 -1
outer loop
vertex 40.499961853027344 -10.24997615814209 3.549999952316284
vertex 40.499961853027344 -10.949976921081543 3.549999952316284
vertex 35.499961853027344 -10.24997615814209 3.549999952316284
endloop
endfacet
facet normal 0 1 0
outer loop
vertex 40.499961853027344 -25.749977111816406 0
vertex 35.499961853027344 -25.749977111816406 3.549999952316284
vertex 40.499961853027344 -25.749977111816406 3.549999952316284
endloop
endfacet
facet normal -1 0 0
outer loop
vertex 40.499961853027344 -25.049976348876953 3.549999952316284
vertex 40.499961853027344 -25.749977111816406 0
vertex 40.499961853027344 -25.749977111816406 3.549999952316284
endloop
endfacet
facet normal 0 -1 0
outer loop
vertex 35.499961853027344 -10.24997615814209 3.549999952316284
vertex 35.499961853027344 -10.24997615814209 0
vertex 40.499961853027344 -10.24997615814209 3.549999952316284
endloop
endfacet
facet normal -1 0 0
outer loop
vertex 40.499961853027344 -10.24997615814209 3.549999952316284
vertex 40.499961853027344 -10.949976921081543 0
vertex 40.499961853027344 -10.949976921081543 3.549999952316284
endloop
endfacet
facet normal 0 0 -1
outer loop
vertex 40.499961853027344 -25.049976348876953 3.549999952316284
vertex 40.499961853027344 -25.749977111816406 3.549999952316284
vertex 35.499961853027344 -25.049976348876953 3.549999952316284
endloop
endfacet
facet normal 1 0 0
outer loop
vertex 35.499961853027344 -10.949976921081543 3.549999952316284
vertex 35.499961853027344 -10.949976921081543 0
vertex 35.499961853027344 -10.24997615814209 0
endloop
endfacet
facet normal 0 0 -1
outer loop
vertex 40.499961853027344 -25.749977111816406 3.549999952316284
vertex 35.499961853027344 -25.749977111816406 3.549999952316284
vertex 35.499961853027344 -25.049976348876953 3.549999952316284
endloop
endfacet
facet normal 0 0 -1
outer loop
vertex 16.499961853027344 -10.24997615814209 3.549999952316284
vertex 21.499961853027344 -10.949976921081543 3.549999952316284
vertex 16.499961853027344 -10.949976921081543 3.549999952316284
endloop
endfacet
facet normal -1 0 0
outer loop
vertex 21.499961853027344 -10.24997615814209 3.549999952316284
vertex 21.499961853027344 -10.949976921081543 0
vertex 21.499961853027344 -10.949976921081543 3.549999952316284
endloop
endfacet
facet normal 0 1 0
outer loop
vertex 21.499961853027344 -25.749977111816406 0
vertex 16.499961853027344 -25.749977111816406 3.549999952316284
vertex 21.499961853027344 -25.749977111816406 3.549999952316284
endloop
endfacet
facet normal 1 0 0
outer loop
vertex 16.499961853027344 -25.049976348876953 0
vertex 16.499961853027344 -25.749977111816406 3.549999952316284
vertex 16.499961853027344 -25.749977111816406 0
endloop
endfacet
facet normal 0 1 0
outer loop
vertex 21.499961853027344 -25.749977111816406 0
vertex 16.499961853027344 -25.749977111816406 0
vertex 16.499961853027344 -25.749977111816406 3.549999952316284
endloop
endfacet
facet normal 1 0 0
outer loop
vertex 16.499961853027344 -25.749977111816406 3.549999952316284
vertex 16.499961853027344 -25.049976348876953 0
vertex 16.499961853027344 -25.049976348876953 3.549999952316284
endloop
endfacet
facet normal -1 0 0
outer loop
vertex 21.499961853027344 -10.24997615814209 0
vertex 21.499961853027344 -10.949976921081543 0
vertex 21.499961853027344 -10.24997615814209 3.549999952316284
endloop
endfacet
facet normal 0 -1 0
outer loop
vertex 16.499961853027344 -10.24997615814209 0
vertex 21.499961853027344 -10.24997615814209 0
vertex 21.499961853027344 -10.24997615814209 3.549999952316284
endloop
endfacet
facet normal 1 0 0
outer loop
vertex 16.499961853027344 -10.949976921081543 3.549999952316284
vertex 16.499961853027344 -10.949976921081543 0
vertex 16.499961853027344 -10.24997615814209 0
endloop
endfacet
facet normal -1 0 0
outer loop
vertex 21.499961853027344 -25.049976348876953 3.549999952316284
vertex 21.499961853027344 -25.749977111816406 0
vertex 21.499961853027344 -25.749977111816406 3.549999952316284
endloop
endfacet
facet normal 0 0 -1
outer loop
vertex 21.499961853027344 -10.24997615814209 3.549999952316284
vertex 21.499961853027344 -10.949976921081543 3.549999952316284
vertex 16.499961853027344 -10.24997615814209 3.549999952316284
endloop
endfacet
facet normal 1 0 0
outer loop
vertex 16.499961853027344 -10.949976921081543 3.549999952316284
vertex 16.499961853027344 -10.24997615814209 0
vertex 16.499961853027344 -10.24997615814209 3.549999952316284
endloop
endfacet
facet normal 0 0 -1
outer loop
vertex 21.499961853027344 -25.049976348876953 3.549999952316284
vertex 21.499961853027344 -25.749977111816406 3.549999952316284
vertex 16.499961853027344 -25.049976348876953 3.549999952316284
endloop
endfacet
facet normal 0 -1 0
outer loop
vertex 16.499961853027344 -10.24997615814209 3.549999952316284
vertex 16.499961853027344 -10.24997615814209 0
vertex 21.499961853027344 -10.24997615814209 3.549999952316284
endloop
endfacet
facet normal -1 0 0
outer loop
vertex 21.499961853027344 -25.049976348876953 0
vertex 21.499961853027344 -25.749977111816406 0
vertex 21.499961853027344 -25.049976348876953 3.549999952316284
endloop
endfacet
facet normal 0 0 -1
outer loop
vertex 21.499961853027344 -25.749977111816406 3.549999952316284
vertex 16.499961853027344 -25.749977111816406 3.549999952316284
vertex 16.499961853027344 -25.049976348876953 3.549999952316284
endloop
endfacet
facet normal -1 0 0
outer loop
vertex 2.49996280670166 -10.24997615814209 0
vertex 2.49996280670166 -10.949976921081543 0
vertex 2.49996280670166 -10.24997615814209 3.549999952316284
endloop
endfacet
facet normal 1 0 0
outer loop
vertex -2.50003719329834 -25.749977111816406 0
vertex -2.50003719329834 -25.049976348876953 0
vertex -2.50003719329834 -25.749977111816406 3.549999952316284
endloop
endfacet
facet normal 0 1 0
outer loop
vertex 2.49996280670166 -25.749977111816406 0
vertex -2.50003719329834 -25.749977111816406 3.549999952316284
vertex 2.49996280670166 -25.749977111816406 3.549999952316284
endloop
endfacet
facet normal 0 -1 0
outer loop
vertex -2.50003719329834 -10.24997615814209 3.549999952316284
vertex -2.50003719329834 -10.24997615814209 0
vertex 2.49996280670166 -10.24997615814209 3.549999952316284
endloop
endfacet
facet normal 1 0 0
outer loop
vertex -2.50003719329834 -10.949976921081543 3.549999952316284
vertex -2.50003719329834 -10.24997615814209 0
vertex -2.50003719329834 -10.24997615814209 3.549999952316284
endloop
endfacet
facet normal -1 0 0
outer loop
vertex 2.49996280670166 -25.049976348876953 3.549999952316284
vertex 2.49996280670166 -25.749977111816406 0
vertex 2.49996280670166 -25.749977111816406 3.549999952316284
endloop
endfacet
facet normal 0 0 -1
outer loop
vertex 2.49996280670166 -25.749977111816406 3.549999952316284
vertex -2.50003719329834 -25.049976348876953 3.549999952316284
vertex 2.49996280670166 -25.049976348876953 3.549999952316284
endloop
endfacet
facet normal 0 0 -1
outer loop
vertex -2.50003719329834 -25.749977111816406 3.549999952316284
vertex -2.50003719329834 -25.049976348876953 3.549999952316284
vertex 2.49996280670166 -25.749977111816406 3.549999952316284
endloop
endfacet
facet normal 0 -1 0
outer loop
vertex 2.49996280670166 -10.24997615814209 3.549999952316284
vertex -2.50003719329834 -10.24997615814209 0
vertex 2.49996280670166 -10.24997615814209 0
endloop
endfacet
facet normal 1 0 0
outer loop
vertex -2.50003719329834 -10.949976921081543 3.549999952316284
vertex -2.50003719329834 -10.949976921081543 0
vertex -2.50003719329834 -10.24997615814209 0
endloop
endfacet
facet normal -1 0 0
outer loop
vertex 2.49996280670166 -25.049976348876953 0
vertex 2.49996280670166 -25.749977111816406 0
vertex 2.49996280670166 -25.049976348876953 3.549999952316284
endloop
endfacet
facet normal -1 0 0
outer loop
vertex 2.49996280670166 -10.24997615814209 3.549999952316284
vertex 2.49996280670166 -10.949976921081543 0
vertex 2.49996280670166 -10.949976921081543 3.549999952316284
endloop
endfacet
facet normal 1 0 0
outer loop
vertex -2.50003719329834 -25.749977111816406 3.549999952316284
vertex -2.50003719329834 -25.049976348876953 0
vertex -2.50003719329834 -25.049976348876953 3.549999952316284
endloop
endfacet
facet normal 0 0 -1
outer loop
vertex -2.50003719329834 -10.24997615814209 3.549999952316284
vertex 2.49996280670166 -10.949976921081543 3.549999952316284
vertex -2.50003719329834 -10.949976921081543 3.549999952316284
endloop
endfacet
facet normal 0 0 -1
outer loop
vertex 2.49996280670166 -10.949976921081543 3.549999952316284
vertex -2.50003719329834 -10.24997615814209 3.549999952316284
vertex 2.49996280670166 -10.24997615814209 3.549999952316284
endloop
endfacet
facet normal 0 1 0
outer loop
vertex 2.49996280670166 -25.749977111816406 0
vertex -2.50003719329834 -25.749977111816406 0
vertex -2.50003719329834 -25.749977111816406 3.549999952316284
endloop
endfacet
facet normal 1 0 0
outer loop
vertex -21.500038146972656 -25.749977111816406 3.549999952316284
vertex -21.500038146972656 -25.049976348876953 0
vertex -21.500038146972656 -25.049976348876953 3.549999952316284
endloop
endfacet
facet normal 0 0 -1
outer loop
vertex -16.500038146972656 -10.24997615814209 3.549999952316284
vertex -16.500038146972656 -10.949976921081543 3.549999952316284
vertex -21.500038146972656 -10.24997615814209 3.549999952316284
endloop
endfacet
facet normal 0 -1 0
outer loop
vertex -21.500038146972656 -10.24997615814209 0
vertex -16.500038146972656 -10.24997615814209 0
vertex -16.500038146972656 -10.24997615814209 3.549999952316284
endloop
endfacet
facet normal 0 1 0
outer loop
vertex -16.500038146972656 -25.749977111816406 0
vertex -21.500038146972656 -25.749977111816406 3.549999952316284
vertex -16.500038146972656 -25.749977111816406 3.549999952316284
endloop
endfacet
facet normal 0 0 -1
outer loop
vertex -21.500038146972656 -10.24997615814209 3.549999952316284
vertex -16.500038146972656 -10.949976921081543 3.549999952316284
vertex -21.500038146972656 -10.949976921081543 3.549999952316284
endloop
endfacet
facet normal 1 0 0
outer loop
vertex -21.500038146972656 -25.049976348876953 0
vertex -21.500038146972656 -25.749977111816406 3.549999952316284
vertex -21.500038146972656 -25.749977111816406 0
endloop
endfacet
facet normal 0 0 -1
outer loop
vertex -16.500038146972656 -25.049976348876953 3.549999952316284
vertex -16.500038146972656 -25.749977111816406 3.549999952316284
vertex -21.500038146972656 -25.049976348876953 3.549999952316284
endloop
endfacet
facet normal 0 -1 0
outer loop
vertex -21.500038146972656 -10.24997615814209 3.549999952316284
vertex -21.500038146972656 -10.24997615814209 0
vertex -16.500038146972656 -10.24997615814209 3.549999952316284
endloop
endfacet
facet normal 1 0 0
outer loop
vertex -21.500038146972656 -10.949976921081543 3.549999952316284
vertex -21.500038146972656 -10.949976921081543 0
vertex -21.500038146972656 -10.24997615814209 0
endloop
endfacet
facet normal -1 0 0
outer loop
vertex -16.500038146972656 -10.24997615814209 3.549999952316284
vertex -16.500038146972656 -10.24997615814209 0
vertex -16.500038146972656 -10.949976921081543 0
endloop
endfacet
facet normal -1 0 0
outer loop
vertex -16.500038146972656 -25.049976348876953 3.549999952316284
vertex -16.500038146972656 -25.749977111816406 0
vertex -16.500038146972656 -25.749977111816406 3.549999952316284
endloop
endfacet
facet normal -1 0 0
outer loop
vertex -16.500038146972656 -10.24997615814209 3.549999952316284
vertex -16.500038146972656 -10.949976921081543 0
vertex -16.500038146972656 -10.949976921081543 3.549999952316284
endloop
endfacet
facet normal -1 0 0
outer loop
vertex -16.500038146972656 -25.049976348876953 0
vertex -16.500038146972656 -25.749977111816406 0
vertex -16.500038146972656 -25.049976348876953 3.549999952316284
endloop
endfacet
facet normal 0 1 0
outer loop
vertex -16.500038146972656 -25.749977111816406 0
vertex -21.500038146972656 -25.749977111816406 0
vertex -21.500038146972656 -25.749977111816406 3.549999952316284
endloop
endfacet
facet normal 0 0 -1
outer loop
vertex -16.500038146972656 -25.749977111816406 3.549999952316284
vertex -21.500038146972656 -25.749977111816406 3.549999952316284
vertex -21.500038146972656 -25.049976348876953 3.549999952316284
endloop
endfacet
facet normal 1 0 0
outer loop
vertex -21.500038146972656 -10.949976921081543 3.549999952316284
vertex -21.500038146972656 -10.24997615814209 0
vertex -21.500038146972656 -10.24997615814209 3.549999952316284
endloop
endfacet
facet normal 0 0 -1
outer loop
vertex -35.500038146972656 -25.749977111816406 3.549999952316284
vertex -40.500038146972656 -25.749977111816406 3.549999952316284
vertex -40.500038146972656 -25.049976348876953 3.549999952316284
endloop
endfacet
facet normal 0 0 -1
outer loop
vertex -35.500038146972656 -10.24997615814209 3.549999952316284
vertex -35.500038146972656 -10.949976921081543 3.549999952316284
vertex -40.500038146972656 -10.24997615814209 3.549999952316284
endloop
endfacet
facet normal 1 0 0
outer loop
vertex -40.500038146972656 -25.749977111816406 3.549999952316284
vertex -40.500038146972656 -25.049976348876953 0
vertex -40.500038146972656 -25.049976348876953 3.549999952316284
endloop
endfacet
facet normal 0 1 0
outer loop
vertex -35.500038146972656 -25.749977111816406 0
vertex -40.500038146972656 -25.749977111816406 3.549999952316284
vertex -35.500038146972656 -25.749977111816406 3.549999952316284
endloop
endfacet
facet normal 1 0 0
outer loop
vertex -40.500038146972656 -10.949976921081543 3.549999952316284
vertex -40.500038146972656 -10.24997615814209 0
vertex -40.500038146972656 -10.24997615814209 3.549999952316284
endloop
endfacet
facet normal 0 -1 0
outer loop
vertex -40.500038146972656 -10.24997615814209 3.549999952316284
vertex -40.500038146972656 -10.24997615814209 0
vertex -35.500038146972656 -10.24997615814209 3.549999952316284
endloop
endfacet
facet normal 0 -1 0
outer loop
vertex -40.500038146972656 -10.24997615814209 0
vertex -35.500038146972656 -10.24997615814209 0
vertex -35.500038146972656 -10.24997615814209 3.549999952316284
endloop
endfacet
facet normal -1 0 0
outer loop
vertex -35.500038146972656 -10.24997615814209 3.549999952316284
vertex -35.500038146972656 -10.949976921081543 0
vertex -35.500038146972656 -10.949976921081543 3.549999952316284
endloop
endfacet
facet normal 1 0 0
outer loop
vertex -40.500038146972656 -25.049976348876953 0
vertex -40.500038146972656 -25.749977111816406 3.549999952316284
vertex -40.500038146972656 -25.749977111816406 0
endloop
endfacet
facet normal -1 0 0
outer loop
vertex -35.500038146972656 -10.24997615814209 3.549999952316284
vertex -35.500038146972656 -10.24997615814209 0
vertex -35.500038146972656 -10.949976921081543 0
endloop
endfacet
facet normal 0 1 0
outer loop
vertex -35.500038146972656 -25.749977111816406 0
vertex -40.500038146972656 -25.749977111816406 0
vertex -40.500038146972656 -25.749977111816406 3.549999952316284
endloop
endfacet
facet normal -1 0 0
outer loop
vertex -35.500038146972656 -25.049976348876953 0
vertex -35.500038146972656 -25.749977111816406 0
vertex -35.500038146972656 -25.049976348876953 3.549999952316284
endloop
endfacet
facet normal 0 0 -1
outer loop
vertex -40.500038146972656 -10.24997615814209 3.549999952316284
vertex -35.500038146972656 -10.949976921081543 3.549999952316284
vertex -40.500038146972656 -10.949976921081543 3.549999952316284
endloop
endfacet
facet normal -1 0 0
outer loop
vertex -35.500038146972656 -25.049976348876953 3.549999952316284
vertex -35.500038146972656 -25.749977111816406 0
vertex -35.500038146972656 -25.749977111816406 3.549999952316284
endloop
endfacet
facet normal 1 0 0
outer loop
vertex -40.500038146972656 -10.949976921081543 3.549999952316284
vertex -40.500038146972656 -10.949976921081543 0
vertex -40.500038146972656 -10.24997615814209 0
endloop
endfacet
facet normal 0 0 -1
outer loop
vertex -35.500038146972656 -25.049976348876953 3.549999952316284
vertex -35.500038146972656 -25.749977111816406 3.549999952316284
vertex -40.500038146972656 -25.049976348876953 3.549999952316284
endloop
endfacet
facet normal 1 0 0
outer loop
vertex -59.500038146972656 -25.749977111816406 3.549999952316284
vertex -59.500038146972656 -25.049976348876953 0
vertex -59.500038146972656 -25.049976348876953 3.549999952316284
endloop
endfacet
facet normal 0 1 0
outer loop
vertex -54.500038146972656 -25.749977111816406 0
vertex -59.500038146972656 -25.749977111816406 3.549999952316284
vertex -54.500038146972656 -25.749977111816406 3.549999952316284
endloop
endfacet
facet normal -1 0 0
outer loop
vertex -54.500038146972656 -25.049976348876953 3.549999952316284
vertex -54.500038146972656 -25.749977111816406 0
vertex -54.500038146972656 -25.749977111816406 3.549999952316284
endloop
endfacet
facet normal 1 0 0
outer loop
vertex -59.500038146972656 -10.949976921081543 3.549999952316284
vertex -59.500038146972656 -10.949976921081543 0
vertex -59.500038146972656 -10.24997615814209 0
endloop
endfacet
facet normal 1 0 0
outer loop
vertex -59.500038146972656 -10.949976921081543 3.549999952316284
vertex -59.500038146972656 -10.24997615814209 0
vertex -59.500038146972656 -10.24997615814209 3.549999952316284
endloop
endfacet
facet normal 0 -1 0
outer loop
vertex -59.500038146972656 -10.24997615814209 3.549999952316284
vertex -59.500038146972656 -10.24997615814209 0
vertex -54.500038146972656 -10.24997615814209 3.549999952316284
endloop
endfacet
facet normal -1 0 0
outer loop
vertex -54.500038146972656 -10.24997615814209 3.549999952316284
vertex -54.500038146972656 -10.949976921081543 0
vertex -54.500038146972656 -10.949976921081543 3.549999952316284
endloop
endfacet
facet normal -1 0 0
outer loop
vertex -54.500038146972656 -10.949976921081543 0
vertex -54.500038146972656 -10.24997615814209 3.549999952316284
vertex -54.500038146972656 -10.24997615814209 0
endloop
endfacet
facet normal 0 -1 0
outer loop
vertex -59.500038146972656 -10.24997615814209 0
vertex -54.500038146972656 -10.24997615814209 0
vertex -54.500038146972656 -10.24997615814209 3.549999952316284
endloop
endfacet
facet normal 0 1 0
outer loop
vertex -54.500038146972656 -25.749977111816406 0
vertex -59.500038146972656 -25.749977111816406 0
vertex -59.500038146972656 -25.749977111816406 3.549999952316284
endloop
endfacet
facet normal 0 0 -1
outer loop
vertex -54.500038146972656 -25.749977111816406 3.549999952316284
vertex -59.500038146972656 -25.749977111816406 3.549999952316284
vertex -59.500038146972656 -25.049976348876953 3.549999952316284
endloop
endfacet
facet normal -1 0 0
outer loop
vertex -54.500038146972656 -25.749977111816406 0
vertex -54.500038146972656 -25.049976348876953 3.549999952316284
vertex -54.500038146972656 -25.049976348876953 0
endloop
endfacet
facet normal 0 0 -1
outer loop
vertex -59.500038146972656 -10.24997615814209 3.549999952316284
vertex -54.500038146972656 -10.949976921081543 3.549999952316284
vertex -59.500038146972656 -10.949976921081543 3.549999952316284
endloop
endfacet
facet normal 1 0 0
outer loop
vertex -59.500038146972656 -25.049976348876953 0
vertex -59.500038146972656 -25.749977111816406 3.549999952316284
vertex -59.500038146972656 -25.749977111816406 0
endloop
endfacet
facet normal 0 0 -1
outer loop
vertex -54.500038146972656 -25.049976348876953 3.549999952316284
vertex -54.500038146972656 -25.749977111816406 3.549999952316284
vertex -59.500038146972656 -25.049976348876953 3.549999952316284
endloop
endfacet
facet normal 0 0 -1
outer loop
vertex -54.500038146972656 -10.24997615814209 3.549999952316284
vertex -54.500038146972656 -10.949976921081543 3.549999952316284
vertex -59.500038146972656 -10.24997615814209 3.549999952316284
endloop
endfacet
facet normal 0 0 -1
outer loop
vertex 40.499961853027344 -6.749976634979248 3.549999952316284
vertex 35.499961853027344 -6.749976634979248 3.549999952316284
vertex 35.499961853027344 -6.049976825714111 3.549999952316284
endloop
endfacet
facet normal 1 0 0
outer loop
vertex 35.499961853027344 8.050023078918457 3.549999952316284
vertex 35.499961853027344 8.75002384185791 0
vertex 35.499961853027344 8.75002384185791 3.549999952316284
endloop
endfacet
facet normal -1 0 0
outer loop
vertex 40.499961853027344 -6.049976825714111 3.549999952316284
vertex 40.499961853027344 -6.749976634979248 0
vertex 40.499961853027344 -6.749976634979248 3.549999952316284
endloop
endfacet
facet normal -1 0 0
outer loop
vertex 40.499961853027344 8.75002384185791 3.549999952316284
vertex 40.499961853027344 8.050023078918457 0
vertex 40.499961853027344 8.050023078918457 3.549999952316284
endloop
endfacet
facet normal 0 1 0
outer loop
vertex 40.499961853027344 -6.749976634979248 0
vertex 35.499961853027344 -6.749976634979248 3.549999952316284
vertex 40.499961853027344 -6.749976634979248 3.549999952316284
endloop
endfacet
facet normal 0 -1 0
outer loop
vertex 35.499961853027344 8.75002384185791 3.549999952316284
vertex 35.499961853027344 8.75002384185791 0
vertex 40.499961853027344 8.75002384185791 3.549999952316284
endloop
endfacet
facet normal -1 0 0
outer loop
vertex 40.499961853027344 -6.049976825714111 0
vertex 40.499961853027344 -6.749976634979248 0
vertex 40.499961853027344 -6.049976825714111 3.549999952316284
endloop
endfacet
facet normal 1 0 0
outer loop
vertex 35.499961853027344 -6.749976634979248 3.549999952316284
vertex 35.499961853027344 -6.049976825714111 0
vertex 35.499961853027344 -6.049976825714111 3.549999952316284
endloop
endfacet
facet normal 0 0 -1
outer loop
vertex 40.499961853027344 8.75002384185791 3.549999952316284
vertex 40.499961853027344 8.050023078918457 3.549999952316284
vertex 35.499961853027344 8.75002384185791 3.549999952316284
endloop
endfacet
facet normal 0 1 0
outer loop
vertex 40.499961853027344 -6.749976634979248 0
vertex 35.499961853027344 -6.749976634979248 0
vertex 35.499961853027344 -6.749976634979248 3.549999952316284
endloop
endfacet
facet normal 1 0 0
outer loop
vertex 35.499961853027344 -6.749976634979248 0
vertex 35.499961853027344 -6.049976825714111 0
vertex 35.499961853027344 -6.749976634979248 3.549999952316284
endloop
endfacet
facet normal 0 0 -1
outer loop
vertex 40.499961853027344 8.050023078918457 3.549999952316284
vertex 35.499961853027344 8.050023078918457 3.549999952316284
vertex 35.499961853027344 8.75002384185791 3.549999952316284
endloop
endfacet
facet normal 1 0 0
outer loop
vertex 35.499961853027344 8.050023078918457 3.549999952316284
vertex 35.499961853027344 8.050023078918457 0
vertex 35.499961853027344 8.75002384185791 0
endloop
endfacet
facet normal 0 0 -1
outer loop
vertex 40.499961853027344 -6.049976825714111 3.549999952316284
vertex 40.499961853027344 -6.749976634979248 3.549999952316284
vertex 35.499961853027344 -6.049976825714111 3.549999952316284
endloop
endfacet
facet normal -1 0 0
outer loop
vertex 40.499961853027344 8.75002384185791 0
vertex 40.499961853027344 8.050023078918457 0
vertex 40.499961853027344 8.75002384185791 3.549999952316284
endloop
endfacet
facet normal 0 -1 0
outer loop
vertex 35.499961853027344 8.75002384185791 0
vertex 40.499961853027344 8.75002384185791 0
vertex 40.499961853027344 8.75002384185791 3.549999952316284
endloop
endfacet
facet normal -1 0 0
outer loop
vertex 21.499961853027344 -6.049976825714111 0
vertex 21.499961853027344 -6.749976634979248 0
vertex 21.499961853027344 -6.049976825714111 3.549999952316284
endloop
endfacet
facet normal 1 0 0
outer loop
vertex 16.499961853027344 8.050023078918457 3.549999952316284
vertex 16.499961853027344 8.75002384185791 0
vertex 16.499961853027344 8.75002384185791 3.549999952316284
endloop
endfacet
facet normal 1 0 0
outer loop
vertex 16.499961853027344 -6.049976825714111 0
vertex 16.499961853027344 -6.749976634979248 3.549999952316284
vertex 16.499961853027344 -6.749976634979248 0
endloop
endfacet
facet normal 0 1 0
outer loop
vertex 21.499961853027344 -6.749976634979248 0
vertex 16.499961853027344 -6.749976634979248 3.549999952316284
vertex 21.499961853027344 -6.749976634979248 3.549999952316284
endloop
endfacet
facet normal -1 0 0
outer loop
vertex 21.499961853027344 -6.049976825714111 3.549999952316284
vertex 21.499961853027344 -6.749976634979248 0
vertex 21.499961853027344 -6.749976634979248 3.549999952316284
endloop
endfacet
facet normal 0 0 -1
outer loop
vertex 21.499961853027344 -6.049976825714111 3.549999952316284
vertex 21.499961853027344 -6.749976634979248 3.549999952316284
vertex 16.499961853027344 -6.049976825714111 3.549999952316284
endloop
endfacet
facet normal 0 1 0
outer loop
vertex 21.499961853027344 -6.749976634979248 0
vertex 16.499961853027344 -6.749976634979248 0
vertex 16.499961853027344 -6.749976634979248 3.549999952316284
endloop
endfacet
facet normal 1 0 0
outer loop
vertex 16.499961853027344 8.050023078918457 3.549999952316284
vertex 16.499961853027344 8.050023078918457 0
vertex 16.499961853027344 8.75002384185791 0
endloop
endfacet
facet normal -1 0 0
outer loop
vertex 21.499961853027344 8.75002384185791 3.549999952316284
vertex 21.499961853027344 8.050023078918457 0
vertex 21.499961853027344 8.050023078918457 3.549999952316284
endloop
endfacet
facet normal 0 0 -1
outer loop
vertex 16.499961853027344 8.75002384185791 3.549999952316284
vertex 21.499961853027344 8.050023078918457 3.549999952316284
vertex 16.499961853027344 8.050023078918457 3.549999952316284
endloop
endfacet
facet normal 0 0 -1
outer loop
vertex 21.499961853027344 -6.749976634979248 3.549999952316284
vertex 16.499961853027344 -6.749976634979248 3.549999952316284
vertex 16.499961853027344 -6.049976825714111 3.549999952316284
endloop
endfacet
facet normal 0 0 -1
outer loop
vertex 21.499961853027344 8.75002384185791 3.549999952316284
vertex 21.499961853027344 8.050023078918457 3.549999952316284
vertex 16.499961853027344 8.75002384185791 3.549999952316284
endloop
endfacet
facet normal 0 -1 0
outer loop
vertex 16.499961853027344 8.75002384185791 0
vertex 21.499961853027344 8.75002384185791 0
vertex 21.499961853027344 8.75002384185791 3.549999952316284
endloop
endfacet
facet normal -1 0 0
outer loop
vertex 21.499961853027344 8.75002384185791 0
vertex 21.499961853027344 8.050023078918457 0
vertex 21.499961853027344 8.75002384185791 3.549999952316284
endloop
endfacet
facet normal 0 -1 0
outer loop
vertex 16.499961853027344 8.75002384185791 3.549999952316284
vertex 16.499961853027344 8.75002384185791 0
vertex 21.499961853027344 8.75002384185791 3.549999952316284
endloop
endfacet
facet normal 1 0 0
outer loop
vertex 16.499961853027344 -6.749976634979248 3.549999952316284
vertex 16.499961853027344 -6.049976825714111 0
vertex 16.499961853027344 -6.049976825714111 3.549999952316284
endloop
endfacet
facet normal 0 1 0
outer loop
vertex 2.49996280670166 -6.749976634979248 0
vertex -2.50003719329834 -6.749976634979248 0
vertex -2.50003719329834 -6.749976634979248 3.549999952316284
endloop
endfacet
facet normal 1 0 0
outer loop
vertex -2.50003719329834 -6.049976825714111 0
vertex -2.50003719329834 -6.749976634979248 3.549999952316284
vertex -2.50003719329834 -6.749976634979248 0
endloop
endfacet
facet normal -1 0 0
outer loop
vertex 2.49996280670166 8.75002384185791 3.549999952316284
vertex 2.49996280670166 8.050023078918457 0
vertex 2.49996280670166 8.050023078918457 3.549999952316284
endloop
endfacet
facet normal 1 0 0
outer loop
vertex -2.50003719329834 -6.749976634979248 3.549999952316284
vertex -2.50003719329834 -6.049976825714111 0
vertex -2.50003719329834 -6.049976825714111 3.549999952316284
endloop
endfacet
facet normal -1 0 0
outer loop
vertex 2.49996280670166 -6.049976825714111 0
vertex 2.49996280670166 -6.749976634979248 0
vertex 2.49996280670166 -6.049976825714111 3.549999952316284
endloop
endfacet
facet normal -1 0 0
outer loop
vertex 2.49996280670166 8.75002384185791 0
vertex 2.49996280670166 8.050023078918457 0
vertex 2.49996280670166 8.75002384185791 3.549999952316284
endloop
endfacet
facet normal 0 0 -1
outer loop
vertex 2.49996280670166 -6.749976634979248 3.549999952316284
vertex -2.50003719329834 -6.049976825714111 3.549999952316284
vertex 2.49996280670166 -6.049976825714111 3.549999952316284
endloop
endfacet
facet normal 0 -1 0
outer loop
vertex 2.49996280670166 8.75002384185791 3.549999952316284
vertex -2.50003719329834 8.75002384185791 0
vertex 2.49996280670166 8.75002384185791 0
endloop
endfacet
facet normal 0 0 -1
outer loop
vertex 2.49996280670166 8.050023078918457 3.549999952316284
vertex -2.50003719329834 8.75002384185791 3.549999952316284
vertex 2.49996280670166 8.75002384185791 3.549999952316284
endloop
endfacet
facet normal 1 0 0
outer loop
vertex -2.50003719329834 8.050023078918457 3.549999952316284
vertex -2.50003719329834 8.75002384185791 0
vertex -2.50003719329834 8.75002384185791 3.549999952316284
endloop
endfacet
facet normal 0 -1 0
outer loop
vertex -2.50003719329834 8.75002384185791 3.549999952316284
vertex -2.50003719329834 8.75002384185791 0
vertex 2.49996280670166 8.75002384185791 3.549999952316284
endloop
endfacet
facet normal 1 0 0
outer loop
vertex -2.50003719329834 8.050023078918457 3.549999952316284
vertex -2.50003719329834 8.050023078918457 0
vertex -2.50003719329834 8.75002384185791 0
endloop
endfacet
facet normal 0 0 -1
outer loop
vertex -2.50003719329834 8.75002384185791 3.549999952316284
vertex 2.49996280670166 8.050023078918457 3.549999952316284
vertex -2.50003719329834 8.050023078918457 3.549999952316284
endloop
endfacet
facet normal 0 1 0
outer loop
vertex 2.49996280670166 -6.749976634979248 0
vertex -2.50003719329834 -6.749976634979248 3.549999952316284
vertex 2.49996280670166 -6.749976634979248 3.549999952316284
endloop
endfacet
facet normal 0 0 -1
outer loop
vertex -2.50003719329834 -6.749976634979248 3.549999952316284
vertex -2.50003719329834 -6.049976825714111 3.549999952316284
vertex 2.49996280670166 -6.749976634979248 3.549999952316284
endloop
endfacet
facet normal -1 0 0
outer loop
vertex 2.49996280670166 -6.049976825714111 3.549999952316284
vertex 2.49996280670166 -6.749976634979248 0
vertex 2.49996280670166 -6.749976634979248 3.549999952316284
endloop
endfacet
facet normal 0 1 0
outer loop
vertex -16.500038146972656 -6.749976634979248 0
vertex -21.500038146972656 -6.749976634979248 0
vertex -21.500038146972656 -6.749976634979248 3.549999952316284
endloop
endfacet
facet normal 0 0 -1
outer loop
vertex -21.500038146972656 8.75002384185791 3.549999952316284
vertex -16.500038146972656 8.050023078918457 3.549999952316284
vertex -21.500038146972656 8.050023078918457 3.549999952316284
endloop
endfacet
facet normal 0 -1 0
outer loop
vertex -21.500038146972656 8.75002384185791 0
vertex -16.500038146972656 8.75002384185791 0
vertex -16.500038146972656 8.75002384185791 3.549999952316284
endloop
endfacet
facet normal 0 0 -1
outer loop
vertex -16.500038146972656 -6.049976825714111 3.549999952316284
vertex -16.500038146972656 -6.749976634979248 3.549999952316284
vertex -21.500038146972656 -6.049976825714111 3.549999952316284
endloop
endfacet
facet normal 1 0 0
outer loop
vertex -21.500038146972656 8.050023078918457 3.549999952316284
vertex -21.500038146972656 8.050023078918457 0
vertex -21.500038146972656 8.75002384185791 0
endloop
endfacet
facet normal 0 0 -1
outer loop
vertex -16.500038146972656 -6.749976634979248 3.549999952316284
vertex -21.500038146972656 -6.749976634979248 3.549999952316284
vertex -21.500038146972656 -6.049976825714111 3.549999952316284
endloop
endfacet
facet normal 1 0 0
outer loop
vertex -21.500038146972656 -6.049976825714111 0
vertex -21.500038146972656 -6.749976634979248 3.549999952316284
vertex -21.500038146972656 -6.749976634979248 0
endloop
endfacet
facet normal 1 0 0
outer loop
vertex -21.500038146972656 -6.749976634979248 3.549999952316284
vertex -21.500038146972656 -6.049976825714111 0
vertex -21.500038146972656 -6.049976825714111 3.549999952316284
endloop
endfacet
facet normal -1 0 0
outer loop
vertex -16.500038146972656 -6.049976825714111 0
vertex -16.500038146972656 -6.749976634979248 0
vertex -16.500038146972656 -6.049976825714111 3.549999952316284
endloop
endfacet
facet normal 0 1 0
outer loop
vertex -16.500038146972656 -6.749976634979248 0
vertex -21.500038146972656 -6.749976634979248 3.549999952316284
vertex -16.500038146972656 -6.749976634979248 3.549999952316284
endloop
endfacet
facet normal 1 0 0
outer loop
vertex -21.500038146972656 8.050023078918457 3.549999952316284
vertex -21.500038146972656 8.75002384185791 0
vertex -21.500038146972656 8.75002384185791 3.549999952316284
endloop
endfacet
facet normal 0 -1 0
outer loop
vertex -21.500038146972656 8.75002384185791 3.549999952316284
vertex -21.500038146972656 8.75002384185791 0
vertex -16.500038146972656 8.75002384185791 3.549999952316284
endloop
endfacet
facet normal -1 0 0
outer loop
vertex -16.500038146972656 8.75002384185791 3.549999952316284
vertex -16.500038146972656 8.050023078918457 0
vertex -16.500038146972656 8.050023078918457 3.549999952316284
endloop
endfacet
facet normal -1 0 0
outer loop
vertex -16.500038146972656 8.75002384185791 3.549999952316284
vertex -16.500038146972656 8.75002384185791 0
vertex -16.500038146972656 8.050023078918457 0
endloop
endfacet
facet normal -1 0 0
outer loop
vertex -16.500038146972656 -6.049976825714111 3.549999952316284
vertex -16.500038146972656 -6.749976634979248 0
vertex -16.500038146972656 -6.749976634979248 3.549999952316284
endloop
endfacet
facet normal 0 0 -1
outer loop
vertex -16.500038146972656 8.75002384185791 3.549999952316284
vertex -16.500038146972656 8.050023078918457 3.549999952316284
vertex -21.500038146972656 8.75002384185791 3.549999952316284
endloop
endfacet
facet normal 1 0 0
outer loop
vertex -40.500038146972656 -6.749976634979248 3.549999952316284
vertex -40.500038146972656 -6.049976825714111 0
vertex -40.500038146972656 -6.049976825714111 3.549999952316284
endloop
endfacet
facet normal 0 1 0
outer loop
vertex -35.500038146972656 -6.749976634979248 0
vertex -40.500038146972656 -6.749976634979248 3.549999952316284
vertex -35.500038146972656 -6.749976634979248 3.549999952316284
endloop
endfacet
facet normal -1 0 0
outer loop
vertex -35.500038146972656 8.75002384185791 3.549999952316284
vertex -35.500038146972656 8.050023078918457 0
vertex -35.500038146972656 8.050023078918457 3.549999952316284
endloop
endfacet
facet normal 0 0 -1
outer loop
vertex -35.500038146972656 -6.049976825714111 3.549999952316284
vertex -35.500038146972656 -6.749976634979248 3.549999952316284
vertex -40.500038146972656 -6.049976825714111 3.549999952316284
endloop
endfacet
facet normal 0 -1 0
outer loop
vertex -40.500038146972656 8.75002384185791 0
vertex -35.500038146972656 8.75002384185791 0
vertex -35.500038146972656 8.75002384185791 3.549999952316284
endloop
endfacet
facet normal 1 0 0
outer loop
vertex -40.500038146972656 8.050023078918457 3.549999952316284
vertex -40.500038146972656 8.050023078918457 0
vertex -40.500038146972656 8.75002384185791 0
endloop
endfacet
facet normal 0 0 -1
outer loop
vertex -35.500038146972656 -6.749976634979248 3.549999952316284
vertex -40.500038146972656 -6.749976634979248 3.549999952316284
vertex -40.500038146972656 -6.049976825714111 3.549999952316284
endloop
endfacet
facet normal -1 0 0
outer loop
vertex -35.500038146972656 8.75002384185791 3.549999952316284
vertex -35.500038146972656 8.75002384185791 0
vertex -35.500038146972656 8.050023078918457 0
endloop
endfacet
facet normal -1 0 0
outer loop
vertex -35.500038146972656 -6.049976825714111 0
vertex -35.500038146972656 -6.749976634979248 0
vertex -35.500038146972656 -6.049976825714111 3.549999952316284
endloop
endfacet
facet normal 0 0 -1
outer loop
vertex -35.500038146972656 8.75002384185791 3.549999952316284
vertex -35.500038146972656 8.050023078918457 3.549999952316284
vertex -40.500038146972656 8.75002384185791 3.549999952316284
endloop
endfacet
facet normal 0 0 -1
outer loop
vertex -40.500038146972656 8.75002384185791 3.549999952316284
vertex -35.500038146972656 8.050023078918457 3.549999952316284
vertex -40.500038146972656 8.050023078918457 3.549999952316284
endloop
endfacet
facet normal 0 1 0
outer loop
vertex -35.500038146972656 -6.749976634979248 0
vertex -40.500038146972656 -6.749976634979248 0
vertex -40.500038146972656 -6.749976634979248 3.549999952316284
endloop
endfacet
facet normal 1 0 0
outer loop
vertex -40.500038146972656 -6.049976825714111 0
vertex -40.500038146972656 -6.749976634979248 3.549999952316284
vertex -40.500038146972656 -6.749976634979248 0
endloop
endfacet
facet normal 1 0 0
outer loop
vertex -40.500038146972656 8.050023078918457 3.549999952316284
vertex -40.500038146972656 8.75002384185791 0
vertex -40.500038146972656 8.75002384185791 3.549999952316284
endloop
endfacet
facet normal 0 -1 0
outer loop
vertex -40.500038146972656 8.75002384185791 3.549999952316284
vertex -40.500038146972656 8.75002384185791 0
vertex -35.500038146972656 8.75002384185791 3.549999952316284
endloop
endfacet
facet normal -1 0 0
outer loop
vertex -35.500038146972656 -6.049976825714111 3.549999952316284
vertex -35.500038146972656 -6.749976634979248 0
vertex -35.500038146972656 -6.749976634979248 3.549999952316284
endloop
endfacet
facet normal 0 0 -1
outer loop
vertex -54.500038146972656 8.75002384185791 3.549999952316284
vertex -54.500038146972656 8.050023078918457 3.549999952316284
vertex -59.500038146972656 8.75002384185791 3.549999952316284
endloop
endfacet
facet normal 0 0 -1
outer loop
vertex -59.500038146972656 8.75002384185791 3.549999952316284
vertex -54.500038146972656 8.050023078918457 3.549999952316284
vertex -59.500038146972656 8.050023078918457 3.549999952316284
endloop
endfacet
facet normal -1 0 0
outer loop
vertex -54.500038146972656 8.75002384185791 3.549999952316284
vertex -54.500038146972656 8.75002384185791 0
vertex -54.500038146972656 8.050023078918457 0
endloop
endfacet
facet normal 0 -1 0
outer loop
vertex -59.500038146972656 8.75002384185791 0
vertex -54.500038146972656 8.75002384185791 0
vertex -54.500038146972656 8.75002384185791 3.549999952316284
endloop
endfacet
facet normal 1 0 0
outer loop
vertex -59.500038146972656 8.050023078918457 3.549999952316284
vertex -59.500038146972656 8.050023078918457 0
vertex -59.500038146972656 8.75002384185791 0
endloop
endfacet
facet normal 1 0 0
outer loop
vertex -59.500038146972656 -6.749976634979248 3.549999952316284
vertex -59.500038146972656 -6.049976825714111 0
vertex -59.500038146972656 -6.049976825714111 3.549999952316284
endloop
endfacet
facet normal 0 1 0
outer loop
vertex -54.500038146972656 -6.749976634979248 0
vertex -59.500038146972656 -6.749976634979248 3.549999952316284
vertex -54.500038146972656 -6.749976634979248 3.549999952316284
endloop
endfacet
facet normal -1 0 0
outer loop
vertex -54.500038146972656 -6.049976825714111 3.549999952316284
vertex -54.500038146972656 -6.749976634979248 0
vertex -54.500038146972656 -6.749976634979248 3.549999952316284
endloop
endfacet
facet normal 1 0 0
outer loop
vertex -59.500038146972656 -6.049976825714111 0
vertex -59.500038146972656 -6.749976634979248 3.549999952316284
vertex -59.500038146972656 -6.749976634979248 0
endloop
endfacet
facet normal 0 0 -1
outer loop
vertex -54.500038146972656 -6.049976825714111 3.549999952316284
vertex -54.500038146972656 -6.749976634979248 3.549999952316284
vertex -59.500038146972656 -6.049976825714111 3.549999952316284
endloop
endfacet
facet normal 0 1 0
outer loop
vertex -54.500038146972656 -6.749976634979248 0
vertex -59.500038146972656 -6.749976634979248 0
vertex -59.500038146972656 -6.749976634979248 3.549999952316284
endloop
endfacet
facet normal 1 0 0
outer loop
vertex -59.500038146972656 8.050023078918457 3.549999952316284
vertex -59.500038146972656 8.75002384185791 0
vertex -59.500038146972656 8.75002384185791 3.549999952316284
endloop
endfacet
facet normal 0 -1 0
outer loop
vertex -59.500038146972656 8.75002384185791 3.549999952316284
vertex -59.500038146972656 8.75002384185791 0
vertex -54.500038146972656 8.75002384185791 3.549999952316284
endloop
endfacet
facet normal 0 0 -1
outer loop
vertex -54.500038146972656 -6.749976634979248 3.549999952316284
vertex -59.500038146972656 -6.749976634979248 3.549999952316284
vertex -59.500038146972656 -6.049976825714111 3.549999952316284
endloop
endfacet
facet normal -1 0 0
outer loop
vertex -54.500038146972656 -6.749976634979248 0
vertex -54.500038146972656 -6.049976825714111 3.549999952316284
vertex -54.500038146972656 -6.049976825714111 0
endloop
endfacet
facet normal -1 0 0
outer loop
vertex -54.500038146972656 8.75002384185791 3.549999952316284
vertex -54.500038146972656 8.050023078918457 0
vertex -54.500038146972656 8.050023078918457 3.549999952316284
endloop
endfacet
facet normal -1 0 0
outer loop
vertex 59.499961853027344 12.950023651123047 0
vertex 59.499961853027344 12.25002384185791 0
vertex 59.499961853027344 12.950023651123047 3.549999952316284
endloop
endfacet
facet normal 1 0 0
outer loop
vertex 54.499961853027344 27.050024032592773 3.549999952316284
vertex 54.499961853027344 27.750022888183594 0
vertex 54.499961853027344 27.750022888183594 3.549999952316284
endloop
endfacet
facet normal 0 1 0
outer loop
vertex 59.499961853027344 12.25002384185791 0
vertex 54.499961853027344 12.25002384185791 3.549999952316284
vertex 59.499961853027344 12.25002384185791 3.549999952316284
endloop
endfacet
facet normal 0 0 -1
outer loop
vertex 59.499961853027344 12.950023651123047 3.549999952316284
vertex 59.499961853027344 12.25002384185791 3.549999952316284
vertex 54.499961853027344 12.950023651123047 3.549999952316284
endloop
endfacet
facet normal 1 0 0
outer loop
vertex 54.499961853027344 27.050024032592773 3.549999952316284
vertex 54.499961853027344 27.050024032592773 0
vertex 54.499961853027344 27.750022888183594 0
endloop
endfacet
facet normal 0 0 -1
outer loop
vertex 59.499961853027344 27.750022888183594 3.549999952316284
vertex 59.499961853027344 27.050024032592773 3.549999952316284
vertex 54.499961853027344 27.750022888183594 3.549999952316284
endloop
endfacet
facet normal -1 0 0
outer loop
vertex 59.499961853027344 12.950023651123047 3.549999952316284
vertex 59.499961853027344 12.25002384185791 0
vertex 59.499961853027344 12.25002384185791 3.549999952316284
endloop
endfacet
facet normal 0 -1 0
outer loop
vertex 54.499961853027344 27.750022888183594 0
vertex 59.499961853027344 27.750022888183594 0
vertex 59.499961853027344 27.750022888183594 3.549999952316284
endloop
endfacet
facet normal 0 1 0
outer loop
vertex 59.499961853027344 12.25002384185791 0
vertex 54.499961853027344 12.25002384185791 0
vertex 54.499961853027344 12.25002384185791 3.549999952316284
endloop
endfacet
facet normal 1 0 0
outer loop
vertex 54.499961853027344 12.950023651123047 0
vertex 54.499961853027344 12.25002384185791 3.549999952316284
vertex 54.499961853027344 12.25002384185791 0
endloop
endfacet
facet normal -1 0 0
outer loop
vertex 59.499961853027344 27.750022888183594 3.549999952316284
vertex 59.499961853027344 27.050024032592773 0
vertex 59.499961853027344 27.050024032592773 3.549999952316284
endloop
endfacet
facet normal 0 -1 0
outer loop
vertex 54.499961853027344 27.750022888183594 3.549999952316284
vertex 54.499961853027344 27.750022888183594 0
vertex 59.499961853027344 27.750022888183594 3.549999952316284
endloop
endfacet
facet normal 1 0 0
outer loop
vertex 54.499961853027344 12.25002384185791 3.549999952316284
vertex 54.499961853027344 12.950023651123047 0
vertex 54.499961853027344 12.950023651123047 3.549999952316284
endloop
endfacet
facet normal -1 0 0
outer loop
vertex 59.499961853027344 27.750022888183594 0
vertex 59.499961853027344 27.050024032592773 0
vertex 59.499961853027344 27.750022888183594 3.549999952316284
endloop
endfacet
facet normal 0 0 -1
outer loop
vertex 54.499961853027344 27.750022888183594 3.549999952316284
vertex 59.499961853027344 27.050024032592773 3.549999952316284
vertex 54.499961853027344 27.050024032592773 3.549999952316284
endloop
endfacet
facet normal 0 0 -1
outer loop
vertex 59.499961853027344 12.25002384185791 3.549999952316284
vertex 54.499961853027344 12.25002384185791 3.549999952316284
vertex 54.499961853027344 12.950023651123047 3.549999952316284
endloop
endfacet
facet normal 0 0 -1
outer loop
vertex 40.499961853027344 27.050024032592773 3.549999952316284
vertex 35.499961853027344 27.050024032592773 3.549999952316284
vertex 35.499961853027344 27.750022888183594 3.549999952316284
endloop
endfacet
facet normal 0 1 0
outer loop
vertex 40.499961853027344 12.25002384185791 0
vertex 35.499961853027344 12.25002384185791 3.549999952316284
vertex 40.499961853027344 12.25002384185791 3.549999952316284
endloop
endfacet
facet normal 0 -1 0
outer loop
vertex 35.499961853027344 27.750022888183594 3.549999952316284
vertex 35.499961853027344 27.750022888183594 0
vertex 40.499961853027344 27.750022888183594 3.549999952316284
endloop
endfacet
facet normal 0 0 -1
outer loop
vertex 40.499961853027344 12.25002384185791 3.549999952316284
vertex 35.499961853027344 12.25002384185791 3.549999952316284
vertex 35.499961853027344 12.950023651123047 3.549999952316284
endloop
endfacet
facet normal -1 0 0
outer loop
vertex 40.499961853027344 27.750022888183594 0
vertex 40.499961853027344 27.050024032592773 0
vertex 40.499961853027344 27.750022888183594 3.549999952316284
endloop
endfacet
facet normal 1 0 0
outer loop
vertex 35.499961853027344 12.25002384185791 0
vertex 35.499961853027344 12.950023651123047 0
vertex 35.499961853027344 12.25002384185791 3.549999952316284
endloop
endfacet
facet normal 1 0 0
outer loop
vertex 35.499961853027344 27.050024032592773 3.549999952316284
vertex 35.499961853027344 27.050024032592773 0
vertex 35.499961853027344 27.750022888183594 0
endloop
endfacet
facet normal -1 0 0
outer loop
vertex 40.499961853027344 27.750022888183594 3.549999952316284
vertex 40.499961853027344 27.050024032592773 0
vertex 40.499961853027344 27.050024032592773 3.549999952316284
endloop
endfacet
facet normal -1 0 0
outer loop
vertex 40.499961853027344 12.950023651123047 3.549999952316284
vertex 40.499961853027344 12.25002384185791 0
vertex 40.499961853027344 12.25002384185791 3.549999952316284
endloop
endfacet
facet normal 0 0 -1
outer loop
vertex 40.499961853027344 12.950023651123047 3.549999952316284
vertex 40.499961853027344 12.25002384185791 3.549999952316284
vertex 35.499961853027344 12.950023651123047 3.549999952316284
endloop
endfacet
facet normal 1 0 0
outer loop
vertex 35.499961853027344 27.050024032592773 3.549999952316284
vertex 35.499961853027344 27.750022888183594 0
vertex 35.499961853027344 27.750022888183594 3.549999952316284
endloop
endfacet
facet normal 1 0 0
outer loop
vertex 35.499961853027344 12.25002384185791 3.549999952316284
vertex 35.499961853027344 12.950023651123047 0
vertex 35.499961853027344 12.950023651123047 3.549999952316284
endloop
endfacet
facet normal 0 1 0
outer loop
vertex 40.499961853027344 12.25002384185791 0
vertex 35.499961853027344 12.25002384185791 0
vertex 35.499961853027344 12.25002384185791 3.549999952316284
endloop
endfacet
facet normal -1 0 0
outer loop
vertex 40.499961853027344 12.950023651123047 0
vertex 40.499961853027344 12.25002384185791 0
vertex 40.499961853027344 12.950023651123047 3.549999952316284
endloop
endfacet
facet normal 0 -1 0
outer loop
vertex 35.499961853027344 27.750022888183594 0
vertex 40.499961853027344 27.750022888183594 0
vertex 40.499961853027344 27.750022888183594 3.549999952316284
endloop
endfacet
facet normal 0 0 -1
outer loop
vertex 40.499961853027344 27.750022888183594 3.549999952316284
vertex 40.499961853027344 27.050024032592773 3.549999952316284
vertex 35.499961853027344 27.750022888183594 3.549999952316284
endloop
endfacet
facet normal 1 0 0
outer loop
vertex 16.499961853027344 12.25002384185791 0
vertex 16.499961853027344 12.950023651123047 0
vertex 16.499961853027344 12.25002384185791 3.549999952316284
endloop
endfacet
facet normal 0 0 -1
outer loop
vertex 16.499961853027344 27.750022888183594 3.549999952316284
vertex 21.499961853027344 27.050024032592773 3.549999952316284
vertex 16.499961853027344 27.050024032592773 3.549999952316284
endloop
endfacet
facet normal -1 0 0
outer loop
vertex 21.499961853027344 27.750022888183594 0
vertex 21.499961853027344 27.050024032592773 0
vertex 21.499961853027344 27.750022888183594 3.549999952316284
endloop
endfacet
facet normal 0 0 -1
outer loop
vertex 21.499961853027344 12.25002384185791 3.549999952316284
vertex 16.499961853027344 12.25002384185791 3.549999952316284
vertex 16.499961853027344 12.950023651123047 3.549999952316284
endloop
endfacet
facet normal 0 0 -1
outer loop
vertex 21.499961853027344 27.750022888183594 3.549999952316284
vertex 21.499961853027344 27.050024032592773 3.549999952316284
vertex 16.499961853027344 27.750022888183594 3.549999952316284
endloop
endfacet
facet normal 1 0 0
outer loop
vertex 16.499961853027344 12.25002384185791 3.549999952316284
vertex 16.499961853027344 12.950023651123047 0
vertex 16.499961853027344 12.950023651123047 3.549999952316284
endloop
endfacet
facet normal 0 1 0
outer loop
vertex 21.499961853027344 12.25002384185791 0
vertex 16.499961853027344 12.25002384185791 3.549999952316284
vertex 21.499961853027344 12.25002384185791 3.549999952316284
endloop
endfacet
facet normal 1 0 0
outer loop
vertex 16.499961853027344 27.050024032592773 3.549999952316284
vertex 16.499961853027344 27.750022888183594 0
vertex 16.499961853027344 27.750022888183594 3.549999952316284
endloop
endfacet
facet normal 0 -1 0
outer loop
vertex 16.499961853027344 27.750022888183594 0
vertex 21.499961853027344 27.750022888183594 0
vertex 21.499961853027344 27.750022888183594 3.549999952316284
endloop
endfacet
facet normal 0 1 0
outer loop
vertex 21.499961853027344 12.25002384185791 0
vertex 16.499961853027344 12.25002384185791 0
vertex 16.499961853027344 12.25002384185791 3.549999952316284
endloop
endfacet
facet normal -1 0 0
outer loop
vertex 21.499961853027344 12.950023651123047 3.549999952316284
vertex 21.499961853027344 12.25002384185791 0
vertex 21.499961853027344 12.25002384185791 3.549999952316284
endloop
endfacet
facet normal 0 -1 0
outer loop
vertex 16.499961853027344 27.750022888183594 3.549999952316284
vertex 16.499961853027344 27.750022888183594 0
vertex 21.499961853027344 27.750022888183594 3.549999952316284
endloop
endfacet
facet normal 0 0 -1
outer loop
vertex 21.499961853027344 12.950023651123047 3.549999952316284
vertex 21.499961853027344 12.25002384185791 3.549999952316284
vertex 16.499961853027344 12.950023651123047 3.549999952316284
endloop
endfacet
facet normal -1 0 0
outer loop
vertex 21.499961853027344 27.750022888183594 3.549999952316284
vertex 21.499961853027344 27.050024032592773 0
vertex 21.499961853027344 27.050024032592773 3.549999952316284
endloop
endfacet
facet normal 1 0 0
outer loop
vertex 16.499961853027344 27.050024032592773 3.549999952316284
vertex 16.499961853027344 27.050024032592773 0
vertex 16.499961853027344 27.750022888183594 0
endloop
endfacet
facet normal -1 0 0
outer loop
vertex 21.499961853027344 12.950023651123047 0
vertex 21.499961853027344 12.25002384185791 0
vertex 21.499961853027344 12.950023651123047 3.549999952316284
endloop
endfacet
facet normal 1 0 0
outer loop
vertex -2.50003719329834 12.25002384185791 0
vertex -2.50003719329834 12.950023651123047 0
vertex -2.50003719329834 12.25002384185791 3.549999952316284
endloop
endfacet
facet normal 0 1 0
outer loop
vertex 2.49996280670166 12.25002384185791 0
vertex -2.50003719329834 12.25002384185791 0
vertex -2.50003719329834 12.25002384185791 3.549999952316284
endloop
endfacet
facet normal 0 0 -1
outer loop
vertex 2.49996280670166 12.25002384185791 3.549999952316284
vertex -2.50003719329834 12.950023651123047 3.549999952316284
vertex 2.49996280670166 12.950023651123047 3.549999952316284
endloop
endfacet
facet normal 1 0 0
outer loop
vertex -2.50003719329834 12.25002384185791 3.549999952316284
vertex -2.50003719329834 12.950023651123047 0
vertex -2.50003719329834 12.950023651123047 3.549999952316284
endloop
endfacet
facet normal -1 0 0
outer loop
vertex 2.49996280670166 12.950023651123047 3.549999952316284
vertex 2.49996280670166 12.25002384185791 0
vertex 2.49996280670166 12.25002384185791 3.549999952316284
endloop
endfacet
facet normal 0 1 0
outer loop
vertex 2.49996280670166 12.25002384185791 0
vertex -2.50003719329834 12.25002384185791 3.549999952316284
vertex 2.49996280670166 12.25002384185791 3.549999952316284
endloop
endfacet
facet normal 0 0 -1
outer loop
vertex -2.50003719329834 27.750022888183594 3.549999952316284
vertex 2.49996280670166 27.050024032592773 3.549999952316284
vertex -2.50003719329834 27.050024032592773 3.549999952316284
endloop
endfacet
facet normal 0 0 -1
outer loop
vertex -2.50003719329834 12.25002384185791 3.549999952316284
vertex -2.50003719329834 12.950023651123047 3.549999952316284
vertex 2.49996280670166 12.25002384185791 3.549999952316284
endloop
endfacet
facet normal -1 0 0
outer loop
vertex 2.49996280670166 27.750022888183594 3.549999952316284
vertex 2.49996280670166 27.050024032592773 0
vertex 2.49996280670166 27.050024032592773 3.549999952316284
endloop
endfacet
facet normal -1 0 0
outer loop
vertex 2.49996280670166 12.950023651123047 0
vertex 2.49996280670166 12.25002384185791 0
vertex 2.49996280670166 12.950023651123047 3.549999952316284
endloop
endfacet
facet normal 0 -1 0
outer loop
vertex -2.50003719329834 27.750022888183594 3.549999952316284
vertex -2.50003719329834 27.750022888183594 0
vertex 2.49996280670166 27.750022888183594 3.549999952316284
endloop
endfacet
facet normal 0 -1 0
outer loop
vertex 2.49996280670166 27.750022888183594 3.549999952316284
vertex -2.50003719329834 27.750022888183594 0
vertex 2.49996280670166 27.750022888183594 0
endloop
endfacet
facet normal 0 0 -1
outer loop
vertex 2.49996280670166 27.050024032592773 3.549999952316284
vertex -2.50003719329834 27.750022888183594 3.549999952316284
vertex 2.49996280670166 27.750022888183594 3.549999952316284
endloop
endfacet
facet normal 1 0 0
outer loop
vertex -2.50003719329834 27.050024032592773 3.549999952316284
vertex -2.50003719329834 27.750022888183594 0
vertex -2.50003719329834 27.750022888183594 3.549999952316284
endloop
endfacet
facet normal 1 0 0
outer loop
vertex -2.50003719329834 27.050024032592773 3.549999952316284
vertex -2.50003719329834 27.050024032592773 0
vertex -2.50003719329834 27.750022888183594 0
endloop
endfacet
facet normal -1 0 0
outer loop
vertex 2.49996280670166 27.750022888183594 0
vertex 2.49996280670166 27.050024032592773 0
vertex 2.49996280670166 27.750022888183594 3.549999952316284
endloop
endfacet
facet normal 1 0 0
outer loop
vertex -21.500038146972656 27.050024032592773 3.549999952316284
vertex -21.500038146972656 27.050024032592773 0
vertex -21.500038146972656 27.750022888183594 0
endloop
endfacet
facet normal 0 -1 0
outer loop
vertex -21.500038146972656 27.750022888183594 0
vertex -16.500038146972656 27.750022888183594 0
vertex -16.500038146972656 27.750022888183594 3.549999952316284
endloop
endfacet
facet normal -1 0 0
outer loop
vertex -16.500038146972656 12.950023651123047 3.549999952316284
vertex -16.500038146972656 12.25002384185791 0
vertex -16.500038146972656 12.25002384185791 3.549999952316284
endloop
endfacet
facet normal 0 -1 0
outer loop
vertex -21.500038146972656 27.750022888183594 3.549999952316284
vertex -21.500038146972656 27.750022888183594 0
vertex -16.500038146972656 27.750022888183594 3.549999952316284
endloop
endfacet
facet normal 1 0 0
outer loop
vertex -21.500038146972656 27.050024032592773 3.549999952316284
vertex -21.500038146972656 27.750022888183594 0
vertex -21.500038146972656 27.750022888183594 3.549999952316284
endloop
endfacet
facet normal 0 0 -1
outer loop
vertex -16.500038146972656 12.25002384185791 3.549999952316284
vertex -21.500038146972656 12.25002384185791 3.549999952316284
vertex -21.500038146972656 12.950023651123047 3.549999952316284
endloop
endfacet
facet normal 0 0 -1
outer loop
vertex -16.500038146972656 12.950023651123047 3.549999952316284
vertex -16.500038146972656 12.25002384185791 3.549999952316284
vertex -21.500038146972656 12.950023651123047 3.549999952316284
endloop
endfacet
facet normal 0 1 0
outer loop
vertex -16.500038146972656 12.25002384185791 0
vertex -21.500038146972656 12.25002384185791 3.549999952316284
vertex -16.500038146972656 12.25002384185791 3.549999952316284
endloop
endfacet
facet normal 0 0 -1
outer loop
vertex -21.500038146972656 27.750022888183594 3.549999952316284
vertex -16.500038146972656 27.050024032592773 3.549999952316284
vertex -21.500038146972656 27.050024032592773 3.549999952316284
endloop
endfacet
facet normal -1 0 0
outer loop
vertex -16.500038146972656 27.750022888183594 3.549999952316284
vertex -16.500038146972656 27.750022888183594 0
vertex -16.500038146972656 27.050024032592773 0
endloop
endfacet
facet normal 0 0 -1
outer loop
vertex -16.500038146972656 27.750022888183594 3.549999952316284
vertex -16.500038146972656 27.050024032592773 3.549999952316284
vertex -21.500038146972656 27.750022888183594 3.549999952316284
endloop
endfacet
facet normal 1 0 0
outer loop
vertex -21.500038146972656 12.950023651123047 0
vertex -21.500038146972656 12.25002384185791 3.549999952316284
vertex -21.500038146972656 12.25002384185791 0
endloop
endfacet
facet normal 0 1 0
outer loop
vertex -16.500038146972656 12.25002384185791 0
vertex -21.500038146972656 12.25002384185791 0
vertex -21.500038146972656 12.25002384185791 3.549999952316284
endloop
endfacet
facet normal -1 0 0
outer loop
vertex -16.500038146972656 12.950023651123047 0
vertex -16.500038146972656 12.25002384185791 0
vertex -16.500038146972656 12.950023651123047 3.549999952316284
endloop
endfacet
facet normal -1 0 0
outer loop
vertex -16.500038146972656 27.750022888183594 3.549999952316284
vertex -16.500038146972656 27.050024032592773 0
vertex -16.500038146972656 27.050024032592773 3.549999952316284
endloop
endfacet
facet normal 1 0 0
outer loop
vertex -21.500038146972656 12.25002384185791 3.549999952316284
vertex -21.500038146972656 12.950023651123047 0
vertex -21.500038146972656 12.950023651123047 3.549999952316284
endloop
endfacet
facet normal 0 -1 0
outer loop
vertex -40.500038146972656 27.750022888183594 3.549999952316284
vertex -40.500038146972656 27.750022888183594 0
vertex -35.500038146972656 27.750022888183594 3.549999952316284
endloop
endfacet
facet normal 1 0 0
outer loop
vertex -40.500038146972656 27.050024032592773 3.549999952316284
vertex -40.500038146972656 27.750022888183594 0
vertex -40.500038146972656 27.750022888183594 3.549999952316284
endloop
endfacet
facet normal -1 0 0
outer loop
vertex -35.500038146972656 12.950023651123047 3.549999952316284
vertex -35.500038146972656 12.25002384185791 0
vertex -35.500038146972656 12.25002384185791 3.549999952316284
endloop
endfacet
facet normal -1 0 0
outer loop
vertex -35.500038146972656 27.750022888183594 3.549999952316284
vertex -35.500038146972656 27.050024032592773 0
vertex -35.500038146972656 27.050024032592773 3.549999952316284
endloop
endfacet
facet normal 0 1 0
outer loop
vertex -35.500038146972656 12.25002384185791 0
vertex -40.500038146972656 12.25002384185791 3.549999952316284
vertex -35.500038146972656 12.25002384185791 3.549999952316284
endloop
endfacet
facet normal 1 0 0
outer loop
vertex -40.500038146972656 12.25002384185791 3.549999952316284
vertex -40.500038146972656 12.950023651123047 0
vertex -40.500038146972656 12.950023651123047 3.549999952316284
endloop
endfacet
facet normal -1 0 0
outer loop
vertex -35.500038146972656 12.950023651123047 0
vertex -35.500038146972656 12.25002384185791 0
vertex -35.500038146972656 12.950023651123047 3.549999952316284
endloop
endfacet
facet normal 0 0 -1
outer loop
vertex -35.500038146972656 12.25002384185791 3.549999952316284
vertex -40.500038146972656 12.25002384185791 3.549999952316284
vertex -40.500038146972656 12.950023651123047 3.549999952316284
endloop
endfacet
facet normal 0 -1 0
outer loop
vertex -40.500038146972656 27.750022888183594 0
vertex -35.500038146972656 27.750022888183594 0
vertex -35.500038146972656 27.750022888183594 3.549999952316284
endloop
endfacet
facet normal 0 0 -1
outer loop
vertex -35.500038146972656 12.950023651123047 3.549999952316284
vertex -35.500038146972656 12.25002384185791 3.549999952316284
vertex -40.500038146972656 12.950023651123047 3.549999952316284
endloop
endfacet
facet normal 1 0 0
outer loop
vertex -40.500038146972656 27.050024032592773 3.549999952316284
vertex -40.500038146972656 27.050024032592773 0
vertex -40.500038146972656 27.750022888183594 0
endloop
endfacet
facet normal 0 1 0
outer loop
vertex -35.500038146972656 12.25002384185791 0
vertex -40.500038146972656 12.25002384185791 0
vertex -40.500038146972656 12.25002384185791 3.549999952316284
endloop
endfacet
facet normal 1 0 0
outer loop
vertex -40.500038146972656 12.950023651123047 0
vertex -40.500038146972656 12.25002384185791 3.549999952316284
vertex -40.500038146972656 12.25002384185791 0
endloop
endfacet
facet normal 0 0 -1
outer loop
vertex -40.500038146972656 27.750022888183594 3.549999952316284
vertex -35.500038146972656 27.050024032592773 3.549999952316284
vertex -40.500038146972656 27.050024032592773 3.549999952316284
endloop
endfacet
facet normal -1 0 0
outer loop
vertex -35.500038146972656 27.750022888183594 3.549999952316284
vertex -35.500038146972656 27.750022888183594 0
vertex -35.500038146972656 27.050024032592773 0
endloop
endfacet
facet normal 0 0 -1
outer loop
vertex -35.500038146972656 27.750022888183594 3.549999952316284
vertex -35.500038146972656 27.050024032592773 3.549999952316284
vertex -40.500038146972656 27.750022888183594 3.549999952316284
endloop
endfacet
facet normal 0 1 0
outer loop
vertex -54.500038146972656 12.25002384185791 0
vertex -59.500038146972656 12.25002384185791 3.549999952316284
vertex -54.500038146972656 12.25002384185791 3.549999952316284
endloop
endfacet
facet normal -1 0 0
outer loop
vertex -54.500038146972656 27.750022888183594 3.549999952316284
vertex -54.500038146972656 27.050024032592773 0
vertex -54.500038146972656 27.050024032592773 3.549999952316284
endloop
endfacet
facet normal 0 1 0
outer loop
vertex -54.500038146972656 12.25002384185791 0
vertex -59.500038146972656 12.25002384185791 0
vertex -59.500038146972656 12.25002384185791 3.549999952316284
endloop
endfacet
facet normal 1 0 0
outer loop
vertex -59.500038146972656 12.950023651123047 0
vertex -59.500038146972656 12.25002384185791 3.549999952316284
vertex -59.500038146972656 12.25002384185791 0
endloop
endfacet
facet normal 1 0 0
outer loop
vertex -59.500038146972656 27.050024032592773 3.549999952316284
vertex -59.500038146972656 27.050024032592773 0
vertex -59.500038146972656 27.750022888183594 0
endloop
endfacet
facet normal 0 -1 0
outer loop
vertex -59.500038146972656 27.750022888183594 0
vertex -54.500038146972656 27.750022888183594 0
vertex -54.500038146972656 27.750022888183594 3.549999952316284
endloop
endfacet
facet normal -1 0 0
outer loop
vertex -54.500038146972656 27.750022888183594 3.549999952316284
vertex -54.500038146972656 27.750022888183594 0
vertex -54.500038146972656 27.050024032592773 0
endloop
endfacet
facet normal 0 0 -1
outer loop
vertex -54.500038146972656 12.25002384185791 3.549999952316284
vertex -59.500038146972656 12.25002384185791 3.549999952316284
vertex -59.500038146972656 12.950023651123047 3.549999952316284
endloop
endfacet
facet normal 0 0 -1
outer loop
vertex -54.500038146972656 12.950023651123047 3.549999952316284
vertex -54.500038146972656 12.25002384185791 3.549999952316284
vertex -59.500038146972656 12.950023651123047 3.549999952316284
endloop
endfacet
facet normal 1 0 0
outer loop
vertex -59.500038146972656 12.25002384185791 3.549999952316284
vertex -59.500038146972656 12.950023651123047 0
vertex -59.500038146972656 12.950023651123047 3.549999952316284
endloop
endfacet
facet normal -1 0 0
outer loop
vertex -54.500038146972656 12.950023651123047 3.549999952316284
vertex -54.500038146972656 12.25002384185791 0
vertex -54.500038146972656 12.25002384185791 3.549999952316284
endloop
endfacet
facet normal 0 0 -1
outer loop
vertex -59.500038146972656 27.750022888183594 3.549999952316284
vertex -54.500038146972656 27.050024032592773 3.549999952316284
vertex -59.500038146972656 27.050024032592773 3.549999952316284
endloop
endfacet
facet normal 0 0 -1
outer loop
vertex -54.500038146972656 27.750022888183594 3.549999952316284
vertex -54.500038146972656 27.050024032592773 3.549999952316284
vertex -59.500038146972656 27.750022888183594 3.549999952316284
endloop
endfacet
facet normal 1 0 0
outer loop
vertex -59.500038146972656 27.050024032592773 3.549999952316284
vertex -59.500038146972656 27.750022888183594 0
vertex -59.500038146972656 27.750022888183594 3.549999952316284
endloop
endfacet
facet normal 0 -1 0
outer loop
vertex -59.500038146972656 27.750022888183594 3.549999952316284
vertex -59.500038146972656 27.750022888183594 0
vertex -54.500038146972656 27.750022888183594 3.549999952316284
endloop
endfacet
facet normal -1 0 0
outer loop
vertex -54.500038146972656 12.25002384185791 0
vertex -54.500038146972656 12.950023651123047 3.549999952316284
vertex -54.500038146972656 12.950023651123047 0
endloop
endfacet
facet normal 0 1 0
outer loop
vertex 49.9499626159668 35.500022888183594 0
vertex 49.249961853027344 35.500022888183594 0
vertex 49.9499626159668 35.500022888183594 1
endloop
endfacet
facet normal 0 1 0
outer loop
vertex 49.9499626159668 35.500022888183594 1
vertex 49.249961853027344 35.500022888183594 0
vertex 49.249961853027344 35.500022888183594 1
endloop
endfacet
facet normal -1 0 0
outer loop
vertex 64.74996185302734 42.500022888183594 0
vertex 64.74996185302734 35.500022888183594 1
vertex 64.74996185302734 42.500022888183594 1
endloop
endfacet
facet normal 0 0 -1
outer loop
vertex 64.74996185302734 35.500022888183594 1
vertex 64.04996490478516 35.500022888183594 1
vertex 64.74996185302734 42.500022888183594 1
endloop
endfacet
facet normal 0 1 0
outer loop
vertex 64.74996185302734 35.500022888183594 1
vertex 64.04996490478516 35.500022888183594 0
vertex 64.04996490478516 35.500022888183594 1
endloop
endfacet
facet normal 1 0 0
outer loop
vertex 49.249961853027344 35.500022888183594 1
vertex 49.249961853027344 35.500022888183594 0
vertex 49.249961853027344 42.500022888183594 1
endloop
endfacet
facet normal 0 0 -1
outer loop
vertex 64.74996185302734 42.500022888183594 1
vertex 64.04996490478516 35.500022888183594 1
vertex 64.04996490478516 42.500022888183594 1
endloop
endfacet
facet normal 0 -1 0
outer loop
vertex 64.04996490478516 42.500022888183594 1
vertex 64.74996185302734 42.500022888183594 0
vertex 64.74996185302734 42.500022888183594 1
endloop
endfacet
facet normal 0 0 -1
outer loop
vertex 49.9499626159668 35.500022888183594 1
vertex 49.249961853027344 35.500022888183594 1
vertex 49.249961853027344 42.500022888183594 1
endloop
endfacet
facet normal 0 -1 0
outer loop
vertex 49.9499626159668 42.500022888183594 0
vertex 49.9499626159668 42.500022888183594 1
vertex 49.249961853027344 42.500022888183594 0
endloop
endfacet
facet normal 0 -1 0
outer loop
vertex 49.249961853027344 42.500022888183594 1
vertex 49.249961853027344 42.500022888183594 0
vertex 49.9499626159668 42.500022888183594 1
endloop
endfacet
facet normal 1 0 0
outer loop
vertex 49.249961853027344 42.500022888183594 1
vertex 49.249961853027344 35.500022888183594 0
vertex 49.249961853027344 42.500022888183594 0
endloop
endfacet
facet normal 0 -1 0
outer loop
vertex 64.74996185302734 42.500022888183594 0
vertex 64.04996490478516 42.500022888183594 1
vertex 64.04996490478516 42.500022888183594 0
endloop
endfacet
facet normal -1 0 0
outer loop
vertex 64.74996185302734 42.500022888183594 0
vertex 64.74996185302734 35.500022888183594 0
vertex 64.74996185302734 35.500022888183594 1
endloop
endfacet
facet normal 0 1 0
outer loop
vertex 64.74996185302734 35.500022888183594 0
vertex 64.04996490478516 35.500022888183594 0
vertex 64.74996185302734 35.500022888183594 1
endloop
endfacet
facet normal 0 0 -1
outer loop
vertex 49.9499626159668 42.500022888183594 1
vertex 49.9499626159668 35.500022888183594 1
vertex 49.249961853027344 42.500022888183594 1
endloop
endfacet
facet normal 0 -1 0
outer loop
vertex 30.249961853027344 42.500022888183594 0
vertex 30.949962615966797 42.500022888183594 0
vertex 30.949962615966797 42.500022888183594 1
endloop
endfacet
facet normal -1 0 0
outer loop
vertex 45.749961853027344 42.500022888183594 0
vertex 45.749961853027344 35.500022888183594 0
vertex 45.749961853027344 35.500022888183594 1
endloop
endfacet
facet normal 0 0 -1
outer loop
vertex 45.749961853027344 42.500022888183594 1
vertex 45.04996109008789 35.500022888183594 1
vertex 45.04996109008789 42.500022888183594 1
endloop
endfacet
facet normal 0 -1 0
outer loop
vertex 45.04996109008789 42.500022888183594 1
vertex 45.04996109008789 42.500022888183594 0
vertex 45.749961853027344 42.500022888183594 0
endloop
endfacet
facet normal 0 1 0
outer loop
vertex 45.749961853027344 35.500022888183594 0
vertex 45.04996109008789 35.500022888183594 0
vertex 45.04996109008789 35.500022888183594 1
endloop
endfacet
facet normal 1 0 0
outer loop
vertex 30.249961853027344 42.500022888183594 1
vertex 30.249961853027344 35.500022888183594 0
vertex 30.249961853027344 42.500022888183594 0
endloop
endfacet
facet normal 0 1 0
outer loop
vertex 30.949962615966797 35.500022888183594 0
vertex 30.249961853027344 35.500022888183594 0
vertex 30.949962615966797 35.500022888183594 1
endloop
endfacet
facet normal 0 -1 0
outer loop
vertex 45.04996109008789 42.500022888183594 1
vertex 45.749961853027344 42.500022888183594 0
vertex 45.749961853027344 42.500022888183594 1
endloop
endfacet
facet normal -1 0 0
outer loop
vertex 45.749961853027344 42.500022888183594 0
vertex 45.749961853027344 35.500022888183594 1
vertex 45.749961853027344 42.500022888183594 1
endloop
endfacet
facet normal 1 0 0
outer loop
vertex 30.249961853027344 35.500022888183594 1
vertex 30.249961853027344 35.500022888183594 0
vertex 30.249961853027344 42.500022888183594 1
endloop
endfacet
facet normal 0 1 0
outer loop
vertex 30.949962615966797 35.500022888183594 1
vertex 30.249961853027344 35.500022888183594 0
vertex 30.249961853027344 35.500022888183594 1
endloop
endfacet
facet normal 0 0 -1
outer loop
vertex 30.949962615966797 35.500022888183594 1
vertex 30.249961853027344 35.500022888183594 1
vertex 30.249961853027344 42.500022888183594 1
endloop
endfacet
facet normal 0 0 -1
outer loop
vertex 45.749961853027344 35.500022888183594 1
vertex 45.04996109008789 35.500022888183594 1
vertex 45.749961853027344 42.500022888183594 1
endloop
endfacet
facet normal 0 -1 0
outer loop
vertex 30.249961853027344 42.500022888183594 1
vertex 30.249961853027344 42.500022888183594 0
vertex 30.949962615966797 42.500022888183594 1
endloop
endfacet
facet normal 0 0 -1
outer loop
vertex 30.949962615966797 42.500022888183594 1
vertex 30.949962615966797 35.500022888183594 1
vertex 30.249961853027344 42.500022888183594 1
endloop
endfacet
facet normal 0 1 0
outer loop
vertex 45.749961853027344 35.500022888183594 1
vertex 45.749961853027344 35.500022888183594 0
vertex 45.04996109008789 35.500022888183594 1
endloop
endfacet
facet normal 0 -1 0
outer loop
vertex -40.500038146972656 46.750022888183594 3.549999952316284
vertex -40.500038146972656 46.750022888183594 0
vertex -35.500038146972656 46.750022888183594 3.549999952316284
endloop
endfacet
facet normal -1 0 0
outer loop
vertex -35.500038146972656 31.950023651123047 0
vertex -35.500038146972656 31.250022888183594 0
vertex -35.500038146972656 31.950023651123047 3.549999952316284
endloop
endfacet
facet normal 0 0 -1
outer loop
vertex -35.500038146972656 31.250022888183594 3.549999952316284
vertex -40.500038146972656 31.250022888183594 3.549999952316284
vertex -40.500038146972656 31.950023651123047 3.549999952316284
endloop
endfacet
facet normal 0 0 -1
outer loop
vertex -35.500038146972656 31.950023651123047 3.549999952316284
vertex -35.500038146972656 31.250022888183594 3.549999952316284
vertex -40.500038146972656 31.950023651123047 3.549999952316284
endloop
endfacet
facet normal 0 1 0
outer loop
vertex -35.500038146972656 31.250022888183594 0
vertex -40.500038146972656 31.250022888183594 0
vertex -40.500038146972656 31.250022888183594 3.549999952316284
endloop
endfacet
facet normal 0 0 -1
outer loop
vertex -35.500038146972656 46.750022888183594 3.549999952316284
vertex -35.500038146972656 46.05002212524414 3.549999952316284
vertex -40.500038146972656 46.750022888183594 3.549999952316284
endloop
endfacet
facet normal 0 0 -1
outer loop
vertex -40.500038146972656 46.750022888183594 3.549999952316284
vertex -35.500038146972656 46.05002212524414 3.549999952316284
vertex -40.500038146972656 46.05002212524414 3.549999952316284
endloop
endfacet
facet normal 1 0 0
outer loop
vertex -40.500038146972656 46.05002212524414 3.549999952316284
vertex -40.500038146972656 46.05002212524414 0
vertex -40.500038146972656 46.750022888183594 0
endloop
endfacet
facet normal 0 -1 0
outer loop
vertex -40.500038146972656 46.750022888183594 0
vertex -35.500038146972656 46.750022888183594 0
vertex -35.500038146972656 46.750022888183594 3.549999952316284
endloop
endfacet
facet normal 1 0 0
outer loop
vertex -40.500038146972656 31.950023651123047 0
vertex -40.500038146972656 31.250022888183594 3.549999952316284
vertex -40.500038146972656 31.250022888183594 0
endloop
endfacet
facet normal -1 0 0
outer loop
vertex -35.500038146972656 31.950023651123047 3.549999952316284
vertex -35.500038146972656 31.250022888183594 0
vertex -35.500038146972656 31.250022888183594 3.549999952316284
endloop
endfacet
facet normal 0 1 0
outer loop
vertex -35.500038146972656 31.250022888183594 0
vertex -40.500038146972656 31.250022888183594 3.549999952316284
vertex -35.500038146972656 31.250022888183594 3.549999952316284
endloop
endfacet
facet normal 1 0 0
outer loop
vertex -40.500038146972656 31.250022888183594 3.549999952316284
vertex -40.500038146972656 31.950023651123047 0
vertex -40.500038146972656 31.950023651123047 3.549999952316284
endloop
endfacet
facet normal -1 0 0
outer loop
vertex -35.500038146972656 46.750022888183594 3.549999952316284
vertex -35.500038146972656 46.750022888183594 0
vertex -35.500038146972656 46.05002212524414 0
endloop
endfacet
facet normal -1 0 0
outer loop
vertex -35.500038146972656 46.750022888183594 3.549999952316284
vertex -35.500038146972656 46.05002212524414 0
vertex -35.500038146972656 46.05002212524414 3.549999952316284
endloop
endfacet
facet normal 1 0 0
outer loop
vertex -40.500038146972656 46.05002212524414 3.549999952316284
vertex -40.500038146972656 46.750022888183594 0
vertex -40.500038146972656 46.750022888183594 3.549999952316284
endloop
endfacet
facet normal -1 0 0
outer loop
vertex -54.500038146972656 46.750022888183594 3.549999952316284
vertex -54.500038146972656 46.05002212524414 0
vertex -54.500038146972656 46.05002212524414 3.549999952316284
endloop
endfacet
facet normal 1 0 0
outer loop
vertex -59.500038146972656 31.250022888183594 3.549999952316284
vertex -59.500038146972656 31.950023651123047 0
vertex -59.500038146972656 31.950023651123047 3.549999952316284
endloop
endfacet
facet normal 0 0 -1
outer loop
vertex -54.500038146972656 46.750022888183594 3.549999952316284
vertex -54.500038146972656 46.05002212524414 3.549999952316284
vertex -59.500038146972656 46.750022888183594 3.549999952316284
endloop
endfacet
facet normal 0 0 -1
outer loop
vertex -54.500038146972656 31.250022888183594 3.549999952316284
vertex -59.500038146972656 31.250022888183594 3.549999952316284
vertex -59.500038146972656 31.950023651123047 3.549999952316284
endloop
endfacet
facet normal 0 0 -1
outer loop
vertex -59.500038146972656 46.750022888183594 3.549999952316284
vertex -54.500038146972656 46.05002212524414 3.549999952316284
vertex -59.500038146972656 46.05002212524414 3.549999952316284
endloop
endfacet
facet normal 1 0 0
outer loop
vertex -59.500038146972656 46.05002212524414 3.549999952316284
vertex -59.500038146972656 46.750022888183594 0
vertex -59.500038146972656 46.750022888183594 3.549999952316284
endloop
endfacet
facet normal 0 1 0
outer loop
vertex -54.500038146972656 31.250022888183594 0
vertex -59.500038146972656 31.250022888183594 3.549999952316284
vertex -54.500038146972656 31.250022888183594 3.549999952316284
endloop
endfacet
facet normal -1 0 0
outer loop
vertex -54.500038146972656 31.950023651123047 3.549999952316284
vertex -54.500038146972656 31.250022888183594 0
vertex -54.500038146972656 31.250022888183594 3.549999952316284
endloop
endfacet
facet normal 0 0 -1
outer loop
vertex -54.500038146972656 31.950023651123047 3.549999952316284
vertex -54.500038146972656 31.250022888183594 3.549999952316284
vertex -59.500038146972656 31.950023651123047 3.549999952316284
endloop
endfacet
facet normal 0 -1 0
outer loop
vertex -59.500038146972656 46.750022888183594 3.549999952316284
vertex -59.500038146972656 46.750022888183594 0
vertex -54.500038146972656 46.750022888183594 3.549999952316284
endloop
endfacet
facet normal 1 0 0
outer loop
vertex -59.500038146972656 46.05002212524414 3.549999952316284
vertex -59.500038146972656 46.05002212524414 0
vertex -59.500038146972656 46.750022888183594 0
endloop
endfacet
facet normal 1 0 0
outer loop
vertex -59.500038146972656 31.950023651123047 0
vertex -59.500038146972656 31.250022888183594 3.549999952316284
vertex -59.500038146972656 31.250022888183594 0
endloop
endfacet
facet normal 0 1 0
outer loop
vertex -54.500038146972656 31.250022888183594 0
vertex -59.500038146972656 31.250022888183594 0
vertex -59.500038146972656 31.250022888183594 3.549999952316284
endloop
endfacet
facet normal -1 0 0
outer loop
vertex -54.500038146972656 31.250022888183594 0
vertex -54.500038146972656 31.950023651123047 3.549999952316284
vertex -54.500038146972656 31.950023651123047 0
endloop
endfacet
facet normal 0 -1 0
outer loop
vertex -59.500038146972656 46.750022888183594 0
vertex -54.500038146972656 46.750022888183594 0
vertex -54.500038146972656 46.750022888183594 3.549999952316284
endloop
endfacet
facet normal -1 0 0
outer loop
vertex -54.500038146972656 46.750022888183594 3.549999952316284
vertex -54.500038146972656 46.750022888183594 0
vertex -54.500038146972656 46.05002212524414 0
endloop
endfacet
facet normal 0.19509971138541468 -0.9807834126948354 0
outer loop
vertex 9.927755355834961 -46.084232330322266 1.7000000476837158
vertex 9.927755355834961 -46.084232330322266 0
vertex 10.099963188171387 -46.04997634887695 1.7000000476837158
endloop
endfacet
facet normal -0.5555622638012966 0.8314749371087372 0
outer loop
vertex 10.418160438537598 -46.81817626953125 0
vertex 10.272170066833496 -46.91572189331055 0
vertex 10.272170066833496 -46.91572189331055 1.7000000476837158
endloop
endfacet
facet normal 0.8314732719568675 0.5555647559208026 0
outer loop
vertex 9.68421745300293 -46.672183990478516 0
vertex 9.68421745300293 -46.672183990478516 1.7000000476837158
vertex 9.78176498413086 -46.81817626953125 0
endloop
endfacet
facet normal 0.9807842452687219 0.1950955259165719 0
outer loop
vertex 9.649962425231934 -46.499977111816406 0
vertex 9.649962425231934 -46.499977111816406 1.7000000476837158
vertex 9.68421745300293 -46.672183990478516 0
endloop
endfacet
facet normal 0 0 -1
outer loop
vertex 10.515708923339844 -46.3277702331543 1.7000000476837158
vertex 10.418160438537598 -46.81817626953125 1.7000000476837158
vertex 10.418160438537598 -46.18177795410156 1.7000000476837158
endloop
endfacet
facet normal 0 0 -1
outer loop
vertex 10.549962997436523 -46.499977111816406 1.7000000476837158
vertex 10.515708923339844 -46.672183990478516 1.7000000476837158
vertex 10.515708923339844 -46.3277702331543 1.7000000476837158
endloop
endfacet
facet normal 0 0 -1
outer loop
vertex 10.515708923339844 -46.672183990478516 1.7000000476837158
vertex 10.418160438537598 -46.81817626953125 1.7000000476837158
vertex 10.515708923339844 -46.3277702331543 1.7000000476837158
endloop
endfacet
facet normal 0 0 -1
outer loop
vertex 10.418160438537598 -46.18177795410156 1.7000000476837158
vertex 10.272170066833496 -46.91572189331055 1.7000000476837158
vertex 10.272170066833496 -46.084232330322266 1.7000000476837158
endloop
endfacet
facet normal 0.5555622638012966 0.8314749371087372 0
outer loop
vertex 9.927755355834961 -46.91572189331055 1.7000000476837158
vertex 9.927755355834961 -46.91572189331055 0
vertex 9.78176498413086 -46.81817626953125 1.7000000476837158
endloop
endfacet
facet normal 0.19509971138541468 0.9807834126948354 0
outer loop
vertex 10.099963188171387 -46.94997787475586 1.7000000476837158
vertex 10.099963188171387 -46.94997787475586 0
vertex 9.927755355834961 -46.91572189331055 1.7000000476837158
endloop
endfacet
facet normal 0.9807842452687219 0.1950955259165719 0
outer loop
vertex 9.68421745300293 -46.672183990478516 1.7000000476837158
vertex 9.68421745300293 -46.672183990478516 0
vertex 9.649962425231934 -46.499977111816406 1.7000000476837158
endloop
endfacet
facet normal 0.8314732719568675 0.5555647559208026 0
outer loop
vertex 9.78176498413086 -46.81817626953125 1.7000000476837158
vertex 9.78176498413086 -46.81817626953125 0
vertex 9.68421745300293 -46.672183990478516 1.7000000476837158
endloop
endfacet
facet normal 0.9807842452687219 -0.1950955259165719 0
outer loop
vertex 9.649962425231934 -46.499977111816406 1.7000000476837158
vertex 9.649962425231934 -46.499977111816406 0
vertex 9.68421745300293 -46.3277702331543 1.7000000476837158
endloop
endfacet
facet normal 0.8314732719568675 -0.5555647559208026 0
outer loop
vertex 9.68421745300293 -46.3277702331543 1.7000000476837158
vertex 9.68421745300293 -46.3277702331543 0
vertex 9.78176498413086 -46.18177795410156 1.7000000476837158
endloop
endfacet
facet normal 0.5555622638012966 -0.8314749371087372 0
outer loop
vertex 9.78176498413086 -46.18177795410156 1.7000000476837158
vertex 9.78176498413086 -46.18177795410156 0
vertex 9.927755355834961 -46.084232330322266 1.7000000476837158
endloop
endfacet
facet normal 0.5555622638012966 0.8314749371087372 0
outer loop
vertex 9.927755355834961 -46.91572189331055 0
vertex 9.78176498413086 -46.81817626953125 0
vertex 9.78176498413086 -46.81817626953125 1.7000000476837158
endloop
endfacet
facet normal 0 0 -1
outer loop
vertex 10.272170066833496 -46.084232330322266 1.7000000476837158
vertex 10.099963188171387 -46.94997787475586 1.7000000476837158
vertex 10.099963188171387 -46.04997634887695 1.7000000476837158
endloop
endfacet
facet normal 0 0 -1
outer loop
vertex 10.418160438537598 -46.81817626953125 1.7000000476837158
vertex 10.272170066833496 -46.91572189331055 1.7000000476837158
vertex 10.418160438537598 -46.18177795410156 1.7000000476837158
endloop
endfacet
facet normal 0.9807842452687219 -0.1950955259165719 0
outer loop
vertex 9.68421745300293 -46.3277702331543 0
vertex 9.68421745300293 -46.3277702331543 1.7000000476837158
vertex 9.649962425231934 -46.499977111816406 0
endloop
endfacet
facet normal 0 0 -1
outer loop
vertex 10.272170066833496 -46.91572189331055 1.7000000476837158
vertex 10.099963188171387 -46.94997787475586 1.7000000476837158
vertex 10.272170066833496 -46.084232330322266 1.7000000476837158
endloop
endfacet
facet normal -0.1951007507126451 0.9807832059488795 0
outer loop
vertex 10.272170066833496 -46.91572189331055 1.7000000476837158
vertex 10.272170066833496 -46.91572189331055 0
vertex 10.099963188171387 -46.94997787475586 1.7000000476837158
endloop
endfacet
facet normal -0.5555622638012966 0.8314749371087372 0
outer loop
vertex 10.418160438537598 -46.81817626953125 1.7000000476837158
vertex 10.418160438537598 -46.81817626953125 0
vertex 10.272170066833496 -46.91572189331055 1.7000000476837158
endloop
endfacet
facet normal -0.8314707629512766 0.5555685109482196 0
outer loop
vertex 10.515708923339844 -46.672183990478516 1.7000000476837158
vertex 10.515708923339844 -46.672183990478516 0
vertex 10.418160438537598 -46.81817626953125 1.7000000476837158
endloop
endfacet
facet normal -0.9807852845629332 0.19509030110388895 0
outer loop
vertex 10.549962997436523 -46.499977111816406 1.7000000476837158
vertex 10.549962997436523 -46.499977111816406 0
vertex 10.515708923339844 -46.672183990478516 1.7000000476837158
endloop
endfacet
facet normal -0.9807852845629332 -0.19509030110388895 0
outer loop
vertex 10.515708923339844 -46.3277702331543 1.7000000476837158
vertex 10.515708923339844 -46.3277702331543 0
vertex 10.549962997436523 -46.499977111816406 1.7000000476837158
endloop
endfacet
facet normal -0.5555622638012966 -0.8314749371087372 0
outer loop
vertex 10.272170066833496 -46.084232330322266 1.7000000476837158
vertex 10.272170066833496 -46.084232330322266 0
vertex 10.418160438537598 -46.18177795410156 1.7000000476837158
endloop
endfacet
facet normal -0.1951007507126451 -0.9807832059488795 0
outer loop
vertex 10.099963188171387 -46.04997634887695 1.7000000476837158
vertex 10.099963188171387 -46.04997634887695 0
vertex 10.272170066833496 -46.084232330322266 1.7000000476837158
endloop
endfacet
facet normal -0.8314707629512766 -0.5555685109482196 0
outer loop
vertex 10.418160438537598 -46.18177795410156 1.7000000476837158
vertex 10.418160438537598 -46.18177795410156 0
vertex 10.515708923339844 -46.3277702331543 1.7000000476837158
endloop
endfacet
facet normal -0.1951007507126451 -0.9807832059488795 0
outer loop
vertex 10.272170066833496 -46.084232330322266 0
vertex 10.272170066833496 -46.084232330322266 1.7000000476837158
vertex 10.099963188171387 -46.04997634887695 0
endloop
endfacet
facet normal -0.5555622638012966 -0.8314749371087372 0
outer loop
vertex 10.418160438537598 -46.18177795410156 0
vertex 10.418160438537598 -46.18177795410156 1.7000000476837158
vertex 10.272170066833496 -46.084232330322266 0
endloop
endfacet
facet normal -0.8314707629512766 -0.5555685109482196 0
outer loop
vertex 10.515708923339844 -46.3277702331543 0
vertex 10.515708923339844 -46.3277702331543 1.7000000476837158
vertex 10.418160438537598 -46.18177795410156 0
endloop
endfacet
facet normal 0.8314732719568675 -0.5555647559208026 0
outer loop
vertex 9.78176498413086 -46.18177795410156 0
vertex 9.78176498413086 -46.18177795410156 1.7000000476837158
vertex 9.68421745300293 -46.3277702331543 0
endloop
endfacet
facet normal -0.9807852845629332 -0.19509030110388895 0
outer loop
vertex 10.515708923339844 -46.3277702331543 0
vertex 10.549962997436523 -46.499977111816406 0
vertex 10.549962997436523 -46.499977111816406 1.7000000476837158
endloop
endfacet
facet normal 0.5555622638012966 -0.8314749371087372 0
outer loop
vertex 9.927755355834961 -46.084232330322266 0
vertex 9.927755355834961 -46.084232330322266 1.7000000476837158
vertex 9.78176498413086 -46.18177795410156 0
endloop
endfacet
facet normal 0 0 -1
outer loop
vertex 10.099963188171387 -46.04997634887695 1.7000000476837158
vertex 9.927755355834961 -46.91572189331055 1.7000000476837158
vertex 9.927755355834961 -46.084232330322266 1.7000000476837158
endloop
endfacet
facet normal 0 0 -1
outer loop
vertex 10.099963188171387 -46.94997787475586 1.7000000476837158
vertex 9.927755355834961 -46.91572189331055 1.7000000476837158
vertex 10.099963188171387 -46.04997634887695 1.7000000476837158
endloop
endfacet
facet normal 0 0 -1
outer loop
vertex 9.927755355834961 -46.91572189331055 1.7000000476837158
vertex 9.78176498413086 -46.81817626953125 1.7000000476837158
vertex 9.927755355834961 -46.084232330322266 1.7000000476837158
endloop
endfacet
facet normal 0 0 -1
outer loop
vertex 9.927755355834961 -46.084232330322266 1.7000000476837158
vertex 9.78176498413086 -46.81817626953125 1.7000000476837158
vertex 9.78176498413086 -46.18177795410156 1.7000000476837158
endloop
endfacet
facet normal 0.19509971138541468 -0.9807834126948354 0
outer loop
vertex 10.099963188171387 -46.04997634887695 0
vertex 10.099963188171387 -46.04997634887695 1.7000000476837158
vertex 9.927755355834961 -46.084232330322266 0
endloop
endfacet
facet normal 0 0 -1
outer loop
vertex 9.78176498413086 -46.81817626953125 1.7000000476837158
vertex 9.68421745300293 -46.672183990478516 1.7000000476837158
vertex 9.78176498413086 -46.18177795410156 1.7000000476837158
endloop
endfacet
facet normal 0 0 -1
outer loop
vertex 9.78176498413086 -46.18177795410156 1.7000000476837158
vertex 9.68421745300293 -46.672183990478516 1.7000000476837158
vertex 9.68421745300293 -46.3277702331543 1.7000000476837158
endloop
endfacet
facet normal 0 0 -1
outer loop
vertex 9.68421745300293 -46.672183990478516 1.7000000476837158
vertex 9.649962425231934 -46.499977111816406 1.7000000476837158
vertex 9.68421745300293 -46.3277702331543 1.7000000476837158
endloop
endfacet
facet normal -0.1951007507126451 0.9807832059488795 0
outer loop
vertex 10.272170066833496 -46.91572189331055 0
vertex 10.099963188171387 -46.94997787475586 0
vertex 10.099963188171387 -46.94997787475586 1.7000000476837158
endloop
endfacet
facet normal -0.8314707629512766 0.5555685109482196 0
outer loop
vertex 10.515708923339844 -46.672183990478516 0
vertex 10.418160438537598 -46.81817626953125 0
vertex 10.418160438537598 -46.81817626953125 1.7000000476837158
endloop
endfacet
facet normal -0.9807852845629332 0.19509030110388895 0
outer loop
vertex 10.549962997436523 -46.499977111816406 0
vertex 10.515708923339844 -46.672183990478516 0
vertex 10.515708923339844 -46.672183990478516 1.7000000476837158
endloop
endfacet
facet normal 0.19509971138541468 0.9807834126948354 0
outer loop
vertex 9.927755355834961 -46.91572189331055 0
vertex 9.927755355834961 -46.91572189331055 1.7000000476837158
vertex 10.099963188171387 -46.94997787475586 0
endloop
endfacet
facet normal -0.8314707629512766 -0.5555685109482196 0
outer loop
vertex 10.418160438537598 -44.91177749633789 1.7000000476837158
vertex 10.418160438537598 -44.91177749633789 0
vertex 10.515708923339844 -45.057769775390625 1.7000000476837158
endloop
endfacet
facet normal 0 0 -1
outer loop
vertex 10.099963188171387 -45.67997741699219 1.7000000476837158
vertex 9.927755355834961 -45.645721435546875 1.7000000476837158
vertex 10.099963188171387 -44.77997589111328 1.7000000476837158
endloop
endfacet
facet normal -0.8314707629512766 -0.5555685109482196 0
outer loop
vertex 10.418160438537598 -44.91177749633789 0
vertex 10.515708923339844 -45.057769775390625 0
vertex 10.515708923339844 -45.057769775390625 1.7000000476837158
endloop
endfacet
facet normal -0.9807852845629332 0.19509030110388895 0
outer loop
vertex 10.549962997436523 -45.229976654052734 0
vertex 10.515708923339844 -45.402183532714844 0
vertex 10.515708923339844 -45.402183532714844 1.7000000476837158
endloop
endfacet
facet normal -0.9807852845629332 0.19509030110388895 0
outer loop
vertex 10.549962997436523 -45.229976654052734 1.7000000476837158
vertex 10.549962997436523 -45.229976654052734 0
vertex 10.515708923339844 -45.402183532714844 1.7000000476837158
endloop
endfacet
facet normal -0.9807852845629332 -0.19509030110388895 0
outer loop
vertex 10.515708923339844 -45.057769775390625 1.7000000476837158
vertex 10.515708923339844 -45.057769775390625 0
vertex 10.549962997436523 -45.229976654052734 1.7000000476837158
endloop
endfacet
facet normal 0 0 -1
outer loop
vertex 10.272170066833496 -44.814231872558594 1.7000000476837158
vertex 10.099963188171387 -45.67997741699219 1.7000000476837158
vertex 10.099963188171387 -44.77997589111328 1.7000000476837158
endloop
endfacet
facet normal -0.1951007507126451 -0.9807832059488795 0
outer loop
vertex 10.099963188171387 -44.77997589111328 1.7000000476837158
vertex 10.099963188171387 -44.77997589111328 0
vertex 10.272170066833496 -44.814231872558594 1.7000000476837158
endloop
endfacet
facet normal -0.5555622638012966 -0.8314749371087372 0
outer loop
vertex 10.272170066833496 -44.814231872558594 1.7000000476837158
vertex 10.272170066833496 -44.814231872558594 0
vertex 10.418160438537598 -44.91177749633789 1.7000000476837158
endloop
endfacet
facet normal 0 0 -1
outer loop
vertex 10.418160438537598 -44.91177749633789 1.7000000476837158
vertex 10.272170066833496 -45.645721435546875 1.7000000476837158
vertex 10.272170066833496 -44.814231872558594 1.7000000476837158
endloop
endfacet
facet normal 0 0 -1
outer loop
vertex 10.515708923339844 -45.402183532714844 1.7000000476837158
vertex 10.418160438537598 -45.54817581176758 1.7000000476837158
vertex 10.515708923339844 -45.057769775390625 1.7000000476837158
endloop
endfacet
facet normal 0.9807842452687219 0.1950955259165719 0
outer loop
vertex 9.649962425231934 -45.229976654052734 0
vertex 9.649962425231934 -45.229976654052734 1.7000000476837158
vertex 9.68421745300293 -45.402183532714844 0
endloop
endfacet
facet normal -0.8314707629512766 0.5555685109482196 0
outer loop
vertex 10.515708923339844 -45.402183532714844 0
vertex 10.418160438537598 -45.54817581176758 0
vertex 10.418160438537598 -45.54817581176758 1.7000000476837158
endloop
endfacet
facet normal 0.19509971138541468 -0.9807834126948354 0
outer loop
vertex 9.927755355834961 -44.814231872558594 1.7000000476837158
vertex 9.927755355834961 -44.814231872558594 0
vertex 10.099963188171387 -44.77997589111328 1.7000000476837158
endloop
endfacet
facet normal 0 0 -1
outer loop
vertex 10.549962997436523 -45.229976654052734 1.7000000476837158
vertex 10.515708923339844 -45.402183532714844 1.7000000476837158
vertex 10.515708923339844 -45.057769775390625 1.7000000476837158
endloop
endfacet
facet normal 0 0 -1
outer loop
vertex 10.418160438537598 -44.91177749633789 1.7000000476837158
vertex 10.515708923339844 -45.057769775390625 1.7000000476837158
vertex 10.418160438537598 -45.54817581176758 1.7000000476837158
endloop
endfacet
facet normal 0.5555622638012966 -0.8314749371087372 0
outer loop
vertex 9.78176498413086 -44.91177749633789 1.7000000476837158
vertex 9.78176498413086 -44.91177749633789 0
vertex 9.927755355834961 -44.814231872558594 1.7000000476837158
endloop
endfacet
facet normal -0.5555622638012966 0.8314749371087372 0
outer loop
vertex 10.418160438537598 -45.54817581176758 0
vertex 10.272170066833496 -45.645721435546875 0
vertex 10.272170066833496 -45.645721435546875 1.7000000476837158
endloop
endfacet
facet normal 0.8314732719568675 -0.5555647559208026 0
outer loop
vertex 9.68421745300293 -45.057769775390625 1.7000000476837158
vertex 9.68421745300293 -45.057769775390625 0
vertex 9.78176498413086 -44.91177749633789 1.7000000476837158
endloop
endfacet
facet normal 0.9807842452687219 -0.1950955259165719 0
outer loop
vertex 9.649962425231934 -45.229976654052734 1.7000000476837158
vertex 9.649962425231934 -45.229976654052734 0
vertex 9.68421745300293 -45.057769775390625 1.7000000476837158
endloop
endfacet
facet normal -0.1951007507126451 0.9807832059488795 0
outer loop
vertex 10.272170066833496 -45.645721435546875 0
vertex 10.099963188171387 -45.67997741699219 0
vertex 10.099963188171387 -45.67997741699219 1.7000000476837158
endloop
endfacet
facet normal 0.9807842452687219 0.1950955259165719 0
outer loop
vertex 9.68421745300293 -45.402183532714844 1.7000000476837158
vertex 9.68421745300293 -45.402183532714844 0
vertex 9.649962425231934 -45.229976654052734 1.7000000476837158
endloop
endfacet
facet normal -0.8314707629512766 0.5555685109482196 0
outer loop
vertex 10.515708923339844 -45.402183532714844 1.7000000476837158
vertex 10.515708923339844 -45.402183532714844 0
vertex 10.418160438537598 -45.54817581176758 1.7000000476837158
endloop
endfacet
facet normal -0.5555622638012966 0.8314749371087372 0
outer loop
vertex 10.418160438537598 -45.54817581176758 1.7000000476837158
vertex 10.418160438537598 -45.54817581176758 0
vertex 10.272170066833496 -45.645721435546875 1.7000000476837158
endloop
endfacet
facet normal -0.1951007507126451 0.9807832059488795 0
outer loop
vertex 10.272170066833496 -45.645721435546875 1.7000000476837158
vertex 10.272170066833496 -45.645721435546875 0
vertex 10.099963188171387 -45.67997741699219 1.7000000476837158
endloop
endfacet
facet normal 0.5555622638012966 0.8314749371087372 0
outer loop
vertex 9.927755355834961 -45.645721435546875 1.7000000476837158
vertex 9.927755355834961 -45.645721435546875 0
vertex 9.78176498413086 -45.54817581176758 1.7000000476837158
endloop
endfacet
facet normal 0.19509971138541468 0.9807834126948354 0
outer loop
vertex 10.099963188171387 -45.67997741699219 1.7000000476837158
vertex 10.099963188171387 -45.67997741699219 0
vertex 9.927755355834961 -45.645721435546875 1.7000000476837158
endloop
endfacet
facet normal 0.8314732719568675 0.5555647559208026 0
outer loop
vertex 9.78176498413086 -45.54817581176758 1.7000000476837158
vertex 9.78176498413086 -45.54817581176758 0
vertex 9.68421745300293 -45.402183532714844 1.7000000476837158
endloop
endfacet
facet normal 0.19509971138541468 0.9807834126948354 0
outer loop
vertex 10.099963188171387 -45.67997741699219 0
vertex 9.927755355834961 -45.645721435546875 0
vertex 9.927755355834961 -45.645721435546875 1.7000000476837158
endloop
endfacet
facet normal 0.5555622638012966 0.8314749371087372 0
outer loop
vertex 9.927755355834961 -45.645721435546875 0
vertex 9.78176498413086 -45.54817581176758 0
vertex 9.78176498413086 -45.54817581176758 1.7000000476837158
endloop
endfacet
facet normal 0.8314732719568675 0.5555647559208026 0
outer loop
vertex 9.68421745300293 -45.402183532714844 0
vertex 9.68421745300293 -45.402183532714844 1.7000000476837158
vertex 9.78176498413086 -45.54817581176758 0
endloop
endfacet
facet normal 0.9807842452687219 -0.1950955259165719 0
outer loop
vertex 9.68421745300293 -45.057769775390625 0
vertex 9.68421745300293 -45.057769775390625 1.7000000476837158
vertex 9.649962425231934 -45.229976654052734 0
endloop
endfacet
facet normal 0 0 -1
outer loop
vertex 9.68421745300293 -45.402183532714844 1.7000000476837158
vertex 9.649962425231934 -45.229976654052734 1.7000000476837158
vertex 9.68421745300293 -45.057769775390625 1.7000000476837158
endloop
endfacet
facet normal 0 0 -1
outer loop
vertex 9.78176498413086 -45.54817581176758 1.7000000476837158
vertex 9.68421745300293 -45.402183532714844 1.7000000476837158
vertex 9.78176498413086 -44.91177749633789 1.7000000476837158
endloop
endfacet
facet normal 0.8314732719568675 -0.5555647559208026 0
outer loop
vertex 9.78176498413086 -44.91177749633789 0
vertex 9.78176498413086 -44.91177749633789 1.7000000476837158
vertex 9.68421745300293 -45.057769775390625 0
endloop
endfacet
facet normal 0.5555622638012966 -0.8314749371087372 0
outer loop
vertex 9.927755355834961 -44.814231872558594 0
vertex 9.927755355834961 -44.814231872558594 1.7000000476837158
vertex 9.78176498413086 -44.91177749633789 0
endloop
endfacet
facet normal 0.19509971138541468 -0.9807834126948354 0
outer loop
vertex 10.099963188171387 -44.77997589111328 0
vertex 10.099963188171387 -44.77997589111328 1.7000000476837158
vertex 9.927755355834961 -44.814231872558594 0
endloop
endfacet
facet normal 0 0 -1
outer loop
vertex 10.099963188171387 -44.77997589111328 1.7000000476837158
vertex 9.927755355834961 -45.645721435546875 1.7000000476837158
vertex 9.927755355834961 -44.814231872558594 1.7000000476837158
endloop
endfacet
facet normal -0.9807852845629332 -0.19509030110388895 0
outer loop
vertex 10.515708923339844 -45.057769775390625 0
vertex 10.549962997436523 -45.229976654052734 0
vertex 10.549962997436523 -45.229976654052734 1.7000000476837158
endloop
endfacet
facet normal 0 0 -1
outer loop
vertex 10.272170066833496 -45.645721435546875 1.7000000476837158
vertex 10.099963188171387 -45.67997741699219 1.7000000476837158
vertex 10.272170066833496 -44.814231872558594 1.7000000476837158
endloop
endfacet
facet normal -0.1951007507126451 -0.9807832059488795 0
outer loop
vertex 10.272170066833496 -44.814231872558594 0
vertex 10.272170066833496 -44.814231872558594 1.7000000476837158
vertex 10.099963188171387 -44.77997589111328 0
endloop
endfacet
facet normal -0.5555622638012966 -0.8314749371087372 0
outer loop
vertex 10.418160438537598 -44.91177749633789 0
vertex 10.418160438537598 -44.91177749633789 1.7000000476837158
vertex 10.272170066833496 -44.814231872558594 0
endloop
endfacet
facet normal 0 0 -1
outer loop
vertex 9.78176498413086 -44.91177749633789 1.7000000476837158
vertex 9.68421745300293 -45.402183532714844 1.7000000476837158
vertex 9.68421745300293 -45.057769775390625 1.7000000476837158
endloop
endfacet
facet normal 0 0 -1
outer loop
vertex 9.78176498413086 -45.54817581176758 1.7000000476837158
vertex 9.78176498413086 -44.91177749633789 1.7000000476837158
vertex 9.927755355834961 -44.814231872558594 1.7000000476837158
endloop
endfacet
facet normal 0 0 -1
outer loop
vertex 9.927755355834961 -45.645721435546875 1.7000000476837158
vertex 9.78176498413086 -45.54817581176758 1.7000000476837158
vertex 9.927755355834961 -44.814231872558594 1.7000000476837158
endloop
endfacet
facet normal 0 0 -1
outer loop
vertex 10.418160438537598 -45.54817581176758 1.7000000476837158
vertex 10.272170066833496 -45.645721435546875 1.7000000476837158
vertex 10.418160438537598 -44.91177749633789 1.7000000476837158
endloop
endfacet
facet normal 0 0 -1
outer loop
vertex 10.099963188171387 -43.50997543334961 1.7000000476837158
vertex 9.927755355834961 -44.3757209777832 1.7000000476837158
vertex 9.927755355834961 -43.54423141479492 1.7000000476837158
endloop
endfacet
facet normal 0 0 -1
outer loop
vertex 9.927755355834961 -43.54423141479492 1.7000000476837158
vertex 9.78176498413086 -44.278175354003906 1.7000000476837158
vertex 9.78176498413086 -43.64177703857422 1.7000000476837158
endloop
endfacet
facet normal -0.9807852845629332 -0.19509030110388895 0
outer loop
vertex 10.515708923339844 -43.78776931762695 1.7000000476837158
vertex 10.515708923339844 -43.78776931762695 0
vertex 10.549962997436523 -43.95997619628906 1.7000000476837158
endloop
endfacet
facet normal -0.8314707629512766 -0.5555685109482196 0
outer loop
vertex 10.418160438537598 -43.64177703857422 1.7000000476837158
vertex 10.418160438537598 -43.64177703857422 0
vertex 10.515708923339844 -43.78776931762695 1.7000000476837158
endloop
endfacet
facet normal 0.19509971138541468 -0.9807834126948354 0
outer loop
vertex 9.927755355834961 -43.54423141479492 1.7000000476837158
vertex 9.927755355834961 -43.54423141479492 0
vertex 10.099963188171387 -43.50997543334961 1.7000000476837158
endloop
endfacet
facet normal -0.8314707629512766 -0.5555685109482196 0
outer loop
vertex 10.515708923339844 -43.78776931762695 0
vertex 10.515708923339844 -43.78776931762695 1.7000000476837158
vertex 10.418160438537598 -43.64177703857422 0
endloop
endfacet
facet normal -0.9807852845629332 -0.19509030110388895 0
outer loop
vertex 10.515708923339844 -43.78776931762695 0
vertex 10.549962997436523 -43.95997619628906 0
vertex 10.549962997436523 -43.95997619628906 1.7000000476837158
endloop
endfacet
facet normal -0.5555622638012966 -0.8314749371087372 0
outer loop
vertex 10.418160438537598 -43.64177703857422 0
vertex 10.418160438537598 -43.64177703857422 1.7000000476837158
vertex 10.272170066833496 -43.54423141479492 0
endloop
endfacet
facet normal -0.9807852845629332 0.19509030110388895 0
outer loop
vertex 10.549962997436523 -43.95997619628906 0
vertex 10.515708923339844 -44.13218307495117 0
vertex 10.515708923339844 -44.13218307495117 1.7000000476837158
endloop
endfacet
facet normal 0.8314732719568675 -0.5555647559208026 0
outer loop
vertex 9.68421745300293 -43.78776931762695 1.7000000476837158
vertex 9.68421745300293 -43.78776931762695 0
vertex 9.78176498413086 -43.64177703857422 1.7000000476837158
endloop
endfacet
facet normal 0.5555622638012966 -0.8314749371087372 0
outer loop
vertex 9.78176498413086 -43.64177703857422 1.7000000476837158
vertex 9.78176498413086 -43.64177703857422 0
vertex 9.927755355834961 -43.54423141479492 1.7000000476837158
endloop
endfacet
facet normal 0.19509971138541468 0.9807834126948354 0
outer loop
vertex 10.099963188171387 -44.409976959228516 1.7000000476837158
vertex 10.099963188171387 -44.409976959228516 0
vertex 9.927755355834961 -44.3757209777832 1.7000000476837158
endloop
endfacet
facet normal -0.1951007507126451 0.9807832059488795 0
outer loop
vertex 10.272170066833496 -44.3757209777832 1.7000000476837158
vertex 10.272170066833496 -44.3757209777832 0
vertex 10.099963188171387 -44.409976959228516 1.7000000476837158
endloop
endfacet
facet normal 0.5555622638012966 0.8314749371087372 0
outer loop
vertex 9.927755355834961 -44.3757209777832 1.7000000476837158
vertex 9.927755355834961 -44.3757209777832 0
vertex 9.78176498413086 -44.278175354003906 1.7000000476837158
endloop
endfacet
facet normal 0.8314732719568675 0.5555647559208026 0
outer loop
vertex 9.78176498413086 -44.278175354003906 1.7000000476837158
vertex 9.78176498413086 -44.278175354003906 0
vertex 9.68421745300293 -44.13218307495117 1.7000000476837158
endloop
endfacet
facet normal 0.9807842452687219 0.1950955259165719 0
outer loop
vertex 9.68421745300293 -44.13218307495117 1.7000000476837158
vertex 9.68421745300293 -44.13218307495117 0
vertex 9.649962425231934 -43.95997619628906 1.7000000476837158
endloop
endfacet
facet normal -0.5555622638012966 0.8314749371087372 0
outer loop
vertex 10.418160438537598 -44.278175354003906 1.7000000476837158
vertex 10.418160438537598 -44.278175354003906 0
vertex 10.272170066833496 -44.3757209777832 1.7000000476837158
endloop
endfacet
facet normal -0.8314707629512766 0.5555685109482196 0
outer loop
vertex 10.515708923339844 -44.13218307495117 0
vertex 10.418160438537598 -44.278175354003906 0
vertex 10.418160438537598 -44.278175354003906 1.7000000476837158
endloop
endfacet
facet normal -0.5555622638012966 0.8314749371087372 0
outer loop
vertex 10.418160438537598 -44.278175354003906 0
vertex 10.272170066833496 -44.3757209777832 0
vertex 10.272170066833496 -44.3757209777832 1.7000000476837158
endloop
endfacet
facet normal -0.1951007507126451 0.9807832059488795 0
outer loop
vertex 10.272170066833496 -44.3757209777832 0
vertex 10.099963188171387 -44.409976959228516 0
vertex 10.099963188171387 -44.409976959228516 1.7000000476837158
endloop
endfacet
facet normal -0.8314707629512766 0.5555685109482196 0
outer loop
vertex 10.515708923339844 -44.13218307495117 1.7000000476837158
vertex 10.515708923339844 -44.13218307495117 0
vertex 10.418160438537598 -44.278175354003906 1.7000000476837158
endloop
endfacet
facet normal 0 0 -1
outer loop
vertex 10.272170066833496 -44.3757209777832 1.7000000476837158
vertex 10.099963188171387 -44.409976959228516 1.7000000476837158
vertex 10.272170066833496 -43.54423141479492 1.7000000476837158
endloop
endfacet
facet normal -0.1951007507126451 -0.9807832059488795 0
outer loop
vertex 10.272170066833496 -43.54423141479492 0
vertex 10.272170066833496 -43.54423141479492 1.7000000476837158
vertex 10.099963188171387 -43.50997543334961 0
endloop
endfacet
facet normal 0 0 -1
outer loop
vertex 10.418160438537598 -44.278175354003906 1.7000000476837158
vertex 10.272170066833496 -44.3757209777832 1.7000000476837158
vertex 10.418160438537598 -43.64177703857422 1.7000000476837158
endloop
endfacet
facet normal 0.9807842452687219 -0.1950955259165719 0
outer loop
vertex 9.649962425231934 -43.95997619628906 1.7000000476837158
vertex 9.649962425231934 -43.95997619628906 0
vertex 9.68421745300293 -43.78776931762695 1.7000000476837158
endloop
endfacet
facet normal 0.5555622638012966 -0.8314749371087372 0
outer loop
vertex 9.927755355834961 -43.54423141479492 0
vertex 9.927755355834961 -43.54423141479492 1.7000000476837158
vertex 9.78176498413086 -43.64177703857422 0
endloop
endfacet
facet normal 0.8314732719568675 -0.5555647559208026 0
outer loop
vertex 9.78176498413086 -43.64177703857422 0
vertex 9.78176498413086 -43.64177703857422 1.7000000476837158
vertex 9.68421745300293 -43.78776931762695 0
endloop
endfacet
facet normal 0.9807842452687219 -0.1950955259165719 0
outer loop
vertex 9.68421745300293 -43.78776931762695 0
vertex 9.68421745300293 -43.78776931762695 1.7000000476837158
vertex 9.649962425231934 -43.95997619628906 0
endloop
endfacet
facet normal 0 0 -1
outer loop
vertex 10.515708923339844 -44.13218307495117 1.7000000476837158
vertex 10.418160438537598 -44.278175354003906 1.7000000476837158
vertex 10.515708923339844 -43.78776931762695 1.7000000476837158
endloop
endfacet
facet normal 0 0 -1
outer loop
vertex 9.927755355834961 -44.3757209777832 1.7000000476837158
vertex 9.78176498413086 -44.278175354003906 1.7000000476837158
vertex 9.927755355834961 -43.54423141479492 1.7000000476837158
endloop
endfacet
facet normal 0 0 -1
outer loop
vertex 10.099963188171387 -44.409976959228516 1.7000000476837158
vertex 9.927755355834961 -44.3757209777832 1.7000000476837158
vertex 10.099963188171387 -43.50997543334961 1.7000000476837158
endloop
endfacet
facet normal 0 0 -1
outer loop
vertex 9.68421745300293 -44.13218307495117 1.7000000476837158
vertex 9.649962425231934 -43.95997619628906 1.7000000476837158
vertex 9.68421745300293 -43.78776931762695 1.7000000476837158
endloop
endfacet
facet normal 0.9807842452687219 0.1950955259165719 0
outer loop
vertex 9.649962425231934 -43.95997619628906 0
vertex 9.649962425231934 -43.95997619628906 1.7000000476837158
vertex 9.68421745300293 -44.13218307495117 0
endloop
endfacet
facet normal 0 0 -1
outer loop
vertex 9.78176498413086 -43.64177703857422 1.7000000476837158
vertex 9.68421745300293 -44.13218307495117 1.7000000476837158
vertex 9.68421745300293 -43.78776931762695 1.7000000476837158
endloop
endfacet
facet normal 0.19509971138541468 0.9807834126948354 0
outer loop
vertex 10.099963188171387 -44.409976959228516 0
vertex 9.927755355834961 -44.3757209777832 0
vertex 9.927755355834961 -44.3757209777832 1.7000000476837158
endloop
endfacet
facet normal 0.8314732719568675 0.5555647559208026 0
outer loop
vertex 9.68421745300293 -44.13218307495117 0
vertex 9.68421745300293 -44.13218307495117 1.7000000476837158
vertex 9.78176498413086 -44.278175354003906 0
endloop
endfacet
facet normal 0.5555622638012966 0.8314749371087372 0
outer loop
vertex 9.927755355834961 -44.3757209777832 0
vertex 9.78176498413086 -44.278175354003906 0
vertex 9.78176498413086 -44.278175354003906 1.7000000476837158
endloop
endfacet
facet normal 0 0 -1
outer loop
vertex 10.272170066833496 -43.54423141479492 1.7000000476837158
vertex 10.099963188171387 -44.409976959228516 1.7000000476837158
vertex 10.099963188171387 -43.50997543334961 1.7000000476837158
endloop
endfacet
facet normal 0 0 -1
outer loop
vertex 10.418160438537598 -43.64177703857422 1.7000000476837158
vertex 10.272170066833496 -44.3757209777832 1.7000000476837158
vertex 10.272170066833496 -43.54423141479492 1.7000000476837158
endloop
endfacet
facet normal -0.9807852845629332 0.19509030110388895 0
outer loop
vertex 10.549962997436523 -43.95997619628906 1.7000000476837158
vertex 10.549962997436523 -43.95997619628906 0
vertex 10.515708923339844 -44.13218307495117 1.7000000476837158
endloop
endfacet
facet normal 0 0 -1
outer loop
vertex 10.549962997436523 -43.95997619628906 1.7000000476837158
vertex 10.515708923339844 -44.13218307495117 1.7000000476837158
vertex 10.515708923339844 -43.78776931762695 1.7000000476837158
endloop
endfacet
facet normal 0 0 -1
outer loop
vertex 10.515708923339844 -43.78776931762695 1.7000000476837158
vertex 10.418160438537598 -44.278175354003906 1.7000000476837158
vertex 10.418160438537598 -43.64177703857422 1.7000000476837158
endloop
endfacet
facet normal 0 0 -1
outer loop
vertex 9.78176498413086 -44.278175354003906 1.7000000476837158
vertex 9.68421745300293 -44.13218307495117 1.7000000476837158
vertex 9.78176498413086 -43.64177703857422 1.7000000476837158
endloop
endfacet
facet normal -0.1951007507126451 -0.9807832059488795 0
outer loop
vertex 10.099963188171387 -43.50997543334961 1.7000000476837158
vertex 10.099963188171387 -43.50997543334961 0
vertex 10.272170066833496 -43.54423141479492 1.7000000476837158
endloop
endfacet
facet normal -0.5555622638012966 -0.8314749371087372 0
outer loop
vertex 10.272170066833496 -43.54423141479492 1.7000000476837158
vertex 10.272170066833496 -43.54423141479492 0
vertex 10.418160438537598 -43.64177703857422 1.7000000476837158
endloop
endfacet
facet normal 0.19509971138541468 -0.9807834126948354 0
outer loop
vertex 10.099963188171387 -43.50997543334961 0
vertex 10.099963188171387 -43.50997543334961 1.7000000476837158
vertex 9.927755355834961 -43.54423141479492 0
endloop
endfacet
facet normal -0.8314640569414533 -0.5555785471150407 0
outer loop
vertex 10.418160438537598 -42.37178039550781 0
vertex 10.515708923339844 -42.51776885986328 0
vertex 10.515708923339844 -42.51776885986328 1.7000000476837158
endloop
endfacet
facet normal 0.5555622638012966 0.8314749371087372 0
outer loop
vertex 9.927755355834961 -43.10572052001953 1.7000000476837158
vertex 9.927755355834961 -43.10572052001953 0
vertex 9.78176498413086 -43.008174896240234 1.7000000476837158
endloop
endfacet
facet normal 0.9807842452687219 -0.1950955259165719 0
outer loop
vertex 9.649962425231934 -42.68997573852539 1.7000000476837158
vertex 9.649962425231934 -42.68997573852539 0
vertex 9.68421745300293 -42.51776885986328 1.7000000476837158
endloop
endfacet
facet normal 0.8314665660174577 -0.5555747920803612 0
outer loop
vertex 9.68421745300293 -42.51776885986328 1.7000000476837158
vertex 9.68421745300293 -42.51776885986328 0
vertex 9.78176498413086 -42.37178039550781 1.7000000476837158
endloop
endfacet
facet normal 0.5555772839934787 -0.8314649009491799 0
outer loop
vertex 9.78176498413086 -42.37178039550781 1.7000000476837158
vertex 9.78176498413086 -42.37178039550781 0
vertex 9.927755355834961 -42.27423095703125 1.7000000476837158
endloop
endfacet
facet normal 0 0 -1
outer loop
vertex 10.418160438537598 -42.37178039550781 1.7000000476837158
vertex 10.515708923339844 -42.51776885986328 1.7000000476837158
vertex 10.418160438537598 -43.008174896240234 1.7000000476837158
endloop
endfacet
facet normal 0 0 -1
outer loop
vertex 10.418160438537598 -42.37178039550781 1.7000000476837158
vertex 10.272170066833496 -43.10572052001953 1.7000000476837158
vertex 10.272170066833496 -42.27423095703125 1.7000000476837158
endloop
endfacet
facet normal 0 0 -1
outer loop
vertex 10.272170066833496 -42.27423095703125 1.7000000476837158
vertex 10.099963188171387 -43.139976501464844 1.7000000476837158
vertex 10.099963188171387 -42.23997497558594 1.7000000476837158
endloop
endfacet
facet normal 0 0 -1
outer loop
vertex 10.549962997436523 -42.68997573852539 1.7000000476837158
vertex 10.515708923339844 -42.8621826171875 1.7000000476837158
vertex 10.515708923339844 -42.51776885986328 1.7000000476837158
endloop
endfacet
facet normal 0 0 -1
outer loop
vertex 10.515708923339844 -42.8621826171875 1.7000000476837158
vertex 10.418160438537598 -43.008174896240234 1.7000000476837158
vertex 10.515708923339844 -42.51776885986328 1.7000000476837158
endloop
endfacet
facet normal 0 0 -1
outer loop
vertex 10.418160438537598 -43.008174896240234 1.7000000476837158
vertex 10.272170066833496 -43.10572052001953 1.7000000476837158
vertex 10.418160438537598 -42.37178039550781 1.7000000476837158
endloop
endfacet
facet normal 0 0 -1
outer loop
vertex 10.272170066833496 -43.10572052001953 1.7000000476837158
vertex 10.099963188171387 -43.139976501464844 1.7000000476837158
vertex 10.272170066833496 -42.27423095703125 1.7000000476837158
endloop
endfacet
facet normal 0 0 -1
outer loop
vertex 10.099963188171387 -42.23997497558594 1.7000000476837158
vertex 9.927755355834961 -43.10572052001953 1.7000000476837158
vertex 9.927755355834961 -42.27423095703125 1.7000000476837158
endloop
endfacet
facet normal 0 0 -1
outer loop
vertex 9.78176498413086 -43.008174896240234 1.7000000476837158
vertex 9.78176498413086 -42.37178039550781 1.7000000476837158
vertex 9.927755355834961 -42.27423095703125 1.7000000476837158
endloop
endfacet
facet normal 0.19509971138541468 -0.9807834126948354 0
outer loop
vertex 9.927755355834961 -42.27423095703125 1.7000000476837158
vertex 9.927755355834961 -42.27423095703125 0
vertex 10.099963188171387 -42.23997497558594 1.7000000476837158
endloop
endfacet
facet normal -0.9807852845629332 -0.19509030110388895 0
outer loop
vertex 10.515708923339844 -42.51776885986328 0
vertex 10.549962997436523 -42.68997573852539 0
vertex 10.549962997436523 -42.68997573852539 1.7000000476837158
endloop
endfacet
facet normal 0 0 -1
outer loop
vertex 9.78176498413086 -42.37178039550781 1.7000000476837158
vertex 9.68421745300293 -42.8621826171875 1.7000000476837158
vertex 9.68421745300293 -42.51776885986328 1.7000000476837158
endloop
endfacet
facet normal 0 0 -1
outer loop
vertex 10.099963188171387 -43.139976501464844 1.7000000476837158
vertex 9.927755355834961 -43.10572052001953 1.7000000476837158
vertex 10.099963188171387 -42.23997497558594 1.7000000476837158
endloop
endfacet
facet normal 0 0 -1
outer loop
vertex 9.927755355834961 -43.10572052001953 1.7000000476837158
vertex 9.78176498413086 -43.008174896240234 1.7000000476837158
vertex 9.927755355834961 -42.27423095703125 1.7000000476837158
endloop
endfacet
facet normal -0.1951007507126451 0.9807832059488795 0
outer loop
vertex 10.272170066833496 -43.10572052001953 1.7000000476837158
vertex 10.272170066833496 -43.10572052001953 0
vertex 10.099963188171387 -43.139976501464844 1.7000000476837158
endloop
endfacet
facet normal 0 0 -1
outer loop
vertex 9.78176498413086 -43.008174896240234 1.7000000476837158
vertex 9.68421745300293 -42.8621826171875 1.7000000476837158
vertex 9.78176498413086 -42.37178039550781 1.7000000476837158
endloop
endfacet
facet normal 0 0 -1
outer loop
vertex 9.68421745300293 -42.8621826171875 1.7000000476837158
vertex 9.649962425231934 -42.68997573852539 1.7000000476837158
vertex 9.68421745300293 -42.51776885986328 1.7000000476837158
endloop
endfacet
facet normal -0.5555772839934787 -0.8314649009491799 0
outer loop
vertex 10.418160438537598 -42.37178039550781 0
vertex 10.418160438537598 -42.37178039550781 1.7000000476837158
vertex 10.272170066833496 -42.27423095703125 0
endloop
endfacet
facet normal -0.5555622638012966 0.8314749371087372 0
outer loop
vertex 10.418160438537598 -43.008174896240234 1.7000000476837158
vertex 10.418160438537598 -43.008174896240234 0
vertex 10.272170066833496 -43.10572052001953 1.7000000476837158
endloop
endfacet
facet normal -0.8314707629512766 0.5555685109482196 0
outer loop
vertex 10.515708923339844 -42.8621826171875 1.7000000476837158
vertex 10.515708923339844 -42.8621826171875 0
vertex 10.418160438537598 -43.008174896240234 1.7000000476837158
endloop
endfacet
facet normal -0.1951007507126451 -0.9807832059488795 0
outer loop
vertex 10.272170066833496 -42.27423095703125 0
vertex 10.272170066833496 -42.27423095703125 1.7000000476837158
vertex 10.099963188171387 -42.23997497558594 0
endloop
endfacet
facet normal -0.9807852845629332 0.19509030110388895 0
outer loop
vertex 10.549962997436523 -42.68997573852539 1.7000000476837158
vertex 10.549962997436523 -42.68997573852539 0
vertex 10.515708923339844 -42.8621826171875 1.7000000476837158
endloop
endfacet
facet normal -0.9807852845629332 0.19509030110388895 0
outer loop
vertex 10.549962997436523 -42.68997573852539 0
vertex 10.515708923339844 -42.8621826171875 0
vertex 10.515708923339844 -42.8621826171875 1.7000000476837158
endloop
endfacet
facet normal -0.8314707629512766 0.5555685109482196 0
outer loop
vertex 10.515708923339844 -42.8621826171875 0
vertex 10.418160438537598 -43.008174896240234 0
vertex 10.418160438537598 -43.008174896240234 1.7000000476837158
endloop
endfacet
facet normal -0.5555622638012966 0.8314749371087372 0
outer loop
vertex 10.418160438537598 -43.008174896240234 0
vertex 10.272170066833496 -43.10572052001953 0
vertex 10.272170066833496 -43.10572052001953 1.7000000476837158
endloop
endfacet
facet normal -0.1951007507126451 0.9807832059488795 0
outer loop
vertex 10.272170066833496 -43.10572052001953 0
vertex 10.099963188171387 -43.139976501464844 0
vertex 10.099963188171387 -43.139976501464844 1.7000000476837158
endloop
endfacet
facet normal -0.1951007507126451 -0.9807832059488795 0
outer loop
vertex 10.099963188171387 -42.23997497558594 1.7000000476837158
vertex 10.099963188171387 -42.23997497558594 0
vertex 10.272170066833496 -42.27423095703125 1.7000000476837158
endloop
endfacet
facet normal -0.5555772839934787 -0.8314649009491799 0
outer loop
vertex 10.272170066833496 -42.27423095703125 1.7000000476837158
vertex 10.272170066833496 -42.27423095703125 0
vertex 10.418160438537598 -42.37178039550781 1.7000000476837158
endloop
endfacet
facet normal 0.19509971138541468 -0.9807834126948354 0
outer loop
vertex 10.099963188171387 -42.23997497558594 0
vertex 10.099963188171387 -42.23997497558594 1.7000000476837158
vertex 9.927755355834961 -42.27423095703125 0
endloop
endfacet
facet normal 0.5555772839934787 -0.8314649009491799 0
outer loop
vertex 9.927755355834961 -42.27423095703125 0
vertex 9.927755355834961 -42.27423095703125 1.7000000476837158
vertex 9.78176498413086 -42.37178039550781 0
endloop
endfacet
facet normal 0.9807842452687219 0.1950955259165719 0
outer loop
vertex 9.68421745300293 -42.8621826171875 1.7000000476837158
vertex 9.68421745300293 -42.8621826171875 0
vertex 9.649962425231934 -42.68997573852539 1.7000000476837158
endloop
endfacet
facet normal -0.9807852845629332 -0.19509030110388895 0
outer loop
vertex 10.515708923339844 -42.51776885986328 1.7000000476837158
vertex 10.515708923339844 -42.51776885986328 0
vertex 10.549962997436523 -42.68997573852539 1.7000000476837158
endloop
endfacet
facet normal -0.8314640569414533 -0.5555785471150407 0
outer loop
vertex 10.418160438537598 -42.37178039550781 1.7000000476837158
vertex 10.418160438537598 -42.37178039550781 0
vertex 10.515708923339844 -42.51776885986328 1.7000000476837158
endloop
endfacet
facet normal 0.8314732719568675 0.5555647559208026 0
outer loop
vertex 9.78176498413086 -43.008174896240234 1.7000000476837158
vertex 9.78176498413086 -43.008174896240234 0
vertex 9.68421745300293 -42.8621826171875 1.7000000476837158
endloop
endfacet
facet normal 0.19509971138541468 0.9807834126948354 0
outer loop
vertex 10.099963188171387 -43.139976501464844 1.7000000476837158
vertex 10.099963188171387 -43.139976501464844 0
vertex 9.927755355834961 -43.10572052001953 1.7000000476837158
endloop
endfacet
facet normal 0.19509971138541468 0.9807834126948354 0
outer loop
vertex 10.099963188171387 -43.139976501464844 0
vertex 9.927755355834961 -43.10572052001953 0
vertex 9.927755355834961 -43.10572052001953 1.7000000476837158
endloop
endfacet
facet normal 0.8314732719568675 0.5555647559208026 0
outer loop
vertex 9.68421745300293 -42.8621826171875 0
vertex 9.68421745300293 -42.8621826171875 1.7000000476837158
vertex 9.78176498413086 -43.008174896240234 0
endloop
endfacet
facet normal 0.5555622638012966 0.8314749371087372 0
outer loop
vertex 9.927755355834961 -43.10572052001953 0
vertex 9.78176498413086 -43.008174896240234 0
vertex 9.78176498413086 -43.008174896240234 1.7000000476837158
endloop
endfacet
facet normal 0.9807842452687219 0.1950955259165719 0
outer loop
vertex 9.649962425231934 -42.68997573852539 0
vertex 9.649962425231934 -42.68997573852539 1.7000000476837158
vertex 9.68421745300293 -42.8621826171875 0
endloop
endfacet
facet normal 0.9807842452687219 -0.1950955259165719 0
outer loop
vertex 9.68421745300293 -42.51776885986328 0
vertex 9.68421745300293 -42.51776885986328 1.7000000476837158
vertex 9.649962425231934 -42.68997573852539 0
endloop
endfacet
facet normal 0.8314665660174577 -0.5555747920803612 0
outer loop
vertex 9.78176498413086 -42.37178039550781 0
vertex 9.78176498413086 -42.37178039550781 1.7000000476837158
vertex 9.68421745300293 -42.51776885986328 0
endloop
endfacet
facet normal -0.1950798514286955 -0.9807873630744628 0
outer loop
vertex 10.272170066833496 -41.00423049926758 0
vertex 10.272170066833496 -41.00423049926758 1.7000000476837158
vertex 10.099963188171387 -40.96997833251953 0
endloop
endfacet
facet normal 0.9807850721893059 0.19509136877529504 0
outer loop
vertex 9.68421745300293 -41.592185974121094 1.7000000476837158
vertex 9.68421745300293 -41.592185974121094 0
vertex 9.649962425231934 -41.41997528076172 1.7000000476837158
endloop
endfacet
facet normal 0 0 -1
outer loop
vertex 9.78176498413086 -41.10177993774414 1.7000000476837158
vertex 9.68421745300293 -41.592185974121094 1.7000000476837158
vertex 9.68421745300293 -41.24776840209961 1.7000000476837158
endloop
endfacet
facet normal 0 0 -1
outer loop
vertex 9.78176498413086 -41.73817443847656 1.7000000476837158
vertex 9.68421745300293 -41.592185974121094 1.7000000476837158
vertex 9.78176498413086 -41.10177993774414 1.7000000476837158
endloop
endfacet
facet normal 0 0 -1
outer loop
vertex 9.927755355834961 -41.00423049926758 1.7000000476837158
vertex 9.78176498413086 -41.73817443847656 1.7000000476837158
vertex 9.78176498413086 -41.10177993774414 1.7000000476837158
endloop
endfacet
facet normal 0 0 -1
outer loop
vertex 9.927755355834961 -41.835723876953125 1.7000000476837158
vertex 9.78176498413086 -41.73817443847656 1.7000000476837158
vertex 9.927755355834961 -41.00423049926758 1.7000000476837158
endloop
endfacet
facet normal 0 0 -1
outer loop
vertex 10.099963188171387 -41.86997604370117 1.7000000476837158
vertex 9.927755355834961 -41.835723876953125 1.7000000476837158
vertex 10.099963188171387 -40.96997833251953 1.7000000476837158
endloop
endfacet
facet normal 0 0 -1
outer loop
vertex 10.099963188171387 -40.96997833251953 1.7000000476837158
vertex 9.927755355834961 -41.835723876953125 1.7000000476837158
vertex 9.927755355834961 -41.00423049926758 1.7000000476837158
endloop
endfacet
facet normal -0.5555772839934787 -0.8314649009491799 0
outer loop
vertex 10.418160438537598 -41.10177993774414 0
vertex 10.418160438537598 -41.10177993774414 1.7000000476837158
vertex 10.272170066833496 -41.00423049926758 0
endloop
endfacet
facet normal -0.8314640569414533 0.5555785471150407 0
outer loop
vertex 10.515708923339844 -41.592185974121094 0
vertex 10.418160438537598 -41.73817443847656 0
vertex 10.418160438537598 -41.73817443847656 1.7000000476837158
endloop
endfacet
facet normal 0.1950788122039888 -0.9807875697770038 0
outer loop
vertex 10.099963188171387 -40.96997833251953 0
vertex 10.099963188171387 -40.96997833251953 1.7000000476837158
vertex 9.927755355834961 -41.00423049926758 0
endloop
endfacet
facet normal 0.5555772839934787 -0.8314649009491799 0
outer loop
vertex 9.927755355834961 -41.00423049926758 0
vertex 9.927755355834961 -41.00423049926758 1.7000000476837158
vertex 9.78176498413086 -41.10177993774414 0
endloop
endfacet
facet normal 0.8314665660174577 -0.5555747920803612 0
outer loop
vertex 9.78176498413086 -41.10177993774414 0
vertex 9.78176498413086 -41.10177993774414 1.7000000476837158
vertex 9.68421745300293 -41.24776840209961 0
endloop
endfacet
facet normal 0.9807842452687219 -0.1950955259165719 0
outer loop
vertex 9.68421745300293 -41.24776840209961 0
vertex 9.68421745300293 -41.24776840209961 1.7000000476837158
vertex 9.649962425231934 -41.41997528076172 0
endloop
endfacet
facet normal 0.9807850721893059 0.19509136877529504 0
outer loop
vertex 9.649962425231934 -41.41997528076172 0
vertex 9.649962425231934 -41.41997528076172 1.7000000476837158
vertex 9.68421745300293 -41.592185974121094 0
endloop
endfacet
facet normal 0 0 -1
outer loop
vertex 10.272170066833496 -41.835723876953125 1.7000000476837158
vertex 10.099963188171387 -41.86997604370117 1.7000000476837158
vertex 10.272170066833496 -41.00423049926758 1.7000000476837158
endloop
endfacet
facet normal 0 0 -1
outer loop
vertex 10.418160438537598 -41.73817443847656 1.7000000476837158
vertex 10.272170066833496 -41.835723876953125 1.7000000476837158
vertex 10.418160438537598 -41.10177993774414 1.7000000476837158
endloop
endfacet
facet normal 0 0 -1
outer loop
vertex 10.272170066833496 -41.00423049926758 1.7000000476837158
vertex 10.099963188171387 -41.86997604370117 1.7000000476837158
vertex 10.099963188171387 -40.96997833251953 1.7000000476837158
endloop
endfacet
facet normal 0 0 -1
outer loop
vertex 10.418160438537598 -41.10177993774414 1.7000000476837158
vertex 10.272170066833496 -41.835723876953125 1.7000000476837158
vertex 10.272170066833496 -41.00423049926758 1.7000000476837158
endloop
endfacet
facet normal 0 0 -1
outer loop
vertex 10.515708923339844 -41.592185974121094 1.7000000476837158
vertex 10.418160438537598 -41.73817443847656 1.7000000476837158
vertex 10.515708923339844 -41.24776840209961 1.7000000476837158
endloop
endfacet
facet normal 0 0 -1
outer loop
vertex 10.549962997436523 -41.41997528076172 1.7000000476837158
vertex 10.515708923339844 -41.592185974121094 1.7000000476837158
vertex 10.515708923339844 -41.24776840209961 1.7000000476837158
endloop
endfacet
facet normal 0 0 -1
outer loop
vertex 10.515708923339844 -41.24776840209961 1.7000000476837158
vertex 10.418160438537598 -41.73817443847656 1.7000000476837158
vertex 10.418160438537598 -41.10177993774414 1.7000000476837158
endloop
endfacet
facet normal 0.8314665660174577 0.5555747920803612 0
outer loop
vertex 9.68421745300293 -41.592185974121094 0
vertex 9.68421745300293 -41.592185974121094 1.7000000476837158
vertex 9.78176498413086 -41.73817443847656 0
endloop
endfacet
facet normal -0.8314640569414533 -0.5555785471150407 0
outer loop
vertex 10.515708923339844 -41.24776840209961 0
vertex 10.515708923339844 -41.24776840209961 1.7000000476837158
vertex 10.418160438537598 -41.10177993774414 0
endloop
endfacet
facet normal -0.9807861114401027 0.19508614406513386 0
outer loop
vertex 10.549962997436523 -41.41997528076172 0
vertex 10.515708923339844 -41.592185974121094 0
vertex 10.515708923339844 -41.592185974121094 1.7000000476837158
endloop
endfacet
facet normal -0.5555772839934787 0.8314649009491799 0
outer loop
vertex 10.418160438537598 -41.73817443847656 1.7000000476837158
vertex 10.418160438537598 -41.73817443847656 0
vertex 10.272170066833496 -41.835723876953125 1.7000000476837158
endloop
endfacet
facet normal -0.1950798514286955 0.9807873630744628 0
outer loop
vertex 10.272170066833496 -41.835723876953125 1.7000000476837158
vertex 10.272170066833496 -41.835723876953125 0
vertex 10.099963188171387 -41.86997604370117 1.7000000476837158
endloop
endfacet
facet normal 0.1950788122039888 0.9807875697770038 0
outer loop
vertex 10.099963188171387 -41.86997604370117 1.7000000476837158
vertex 10.099963188171387 -41.86997604370117 0
vertex 9.927755355834961 -41.835723876953125 1.7000000476837158
endloop
endfacet
facet normal 0.5555772839934787 0.8314649009491799 0
outer loop
vertex 9.927755355834961 -41.835723876953125 1.7000000476837158
vertex 9.927755355834961 -41.835723876953125 0
vertex 9.78176498413086 -41.73817443847656 1.7000000476837158
endloop
endfacet
facet normal -0.5555772839934787 0.8314649009491799 0
outer loop
vertex 10.418160438537598 -41.73817443847656 0
vertex 10.272170066833496 -41.835723876953125 0
vertex 10.272170066833496 -41.835723876953125 1.7000000476837158
endloop
endfacet
facet normal -0.1950798514286955 0.9807873630744628 0
outer loop
vertex 10.272170066833496 -41.835723876953125 0
vertex 10.099963188171387 -41.86997604370117 0
vertex 10.099963188171387 -41.86997604370117 1.7000000476837158
endloop
endfacet
facet normal 0.1950788122039888 0.9807875697770038 0
outer loop
vertex 10.099963188171387 -41.86997604370117 0
vertex 9.927755355834961 -41.835723876953125 0
vertex 9.927755355834961 -41.835723876953125 1.7000000476837158
endloop
endfacet
facet normal 0.5555772839934787 0.8314649009491799 0
outer loop
vertex 9.927755355834961 -41.835723876953125 0
vertex 9.78176498413086 -41.73817443847656 0
vertex 9.78176498413086 -41.73817443847656 1.7000000476837158
endloop
endfacet
facet normal -0.9807852845629332 -0.19509030110388895 0
outer loop
vertex 10.515708923339844 -41.24776840209961 0
vertex 10.549962997436523 -41.41997528076172 0
vertex 10.549962997436523 -41.41997528076172 1.7000000476837158
endloop
endfacet
facet normal -0.8314640569414533 -0.5555785471150407 0
outer loop
vertex 10.418160438537598 -41.10177993774414 1.7000000476837158
vertex 10.418160438537598 -41.10177993774414 0
vertex 10.515708923339844 -41.24776840209961 1.7000000476837158
endloop
endfacet
facet normal -0.1950798514286955 -0.9807873630744628 0
outer loop
vertex 10.099963188171387 -40.96997833251953 1.7000000476837158
vertex 10.099963188171387 -40.96997833251953 0
vertex 10.272170066833496 -41.00423049926758 1.7000000476837158
endloop
endfacet
facet normal -0.5555772839934787 -0.8314649009491799 0
outer loop
vertex 10.272170066833496 -41.00423049926758 1.7000000476837158
vertex 10.272170066833496 -41.00423049926758 0
vertex 10.418160438537598 -41.10177993774414 1.7000000476837158
endloop
endfacet
facet normal -0.9807852845629332 -0.19509030110388895 0
outer loop
vertex 10.515708923339844 -41.24776840209961 1.7000000476837158
vertex 10.515708923339844 -41.24776840209961 0
vertex 10.549962997436523 -41.41997528076172 1.7000000476837158
endloop
endfacet
facet normal -0.9807861114401027 0.19508614406513386 0
outer loop
vertex 10.549962997436523 -41.41997528076172 1.7000000476837158
vertex 10.549962997436523 -41.41997528076172 0
vertex 10.515708923339844 -41.592185974121094 1.7000000476837158
endloop
endfacet
facet normal -0.8314640569414533 0.5555785471150407 0
outer loop
vertex 10.515708923339844 -41.592185974121094 1.7000000476837158
vertex 10.515708923339844 -41.592185974121094 0
vertex 10.418160438537598 -41.73817443847656 1.7000000476837158
endloop
endfacet
facet normal 0.1950788122039888 -0.9807875697770038 0
outer loop
vertex 9.927755355834961 -41.00423049926758 1.7000000476837158
vertex 9.927755355834961 -41.00423049926758 0
vertex 10.099963188171387 -40.96997833251953 1.7000000476837158
endloop
endfacet
facet normal 0.5555772839934787 -0.8314649009491799 0
outer loop
vertex 9.78176498413086 -41.10177993774414 1.7000000476837158
vertex 9.78176498413086 -41.10177993774414 0
vertex 9.927755355834961 -41.00423049926758 1.7000000476837158
endloop
endfacet
facet normal 0.8314665660174577 -0.5555747920803612 0
outer loop
vertex 9.68421745300293 -41.24776840209961 1.7000000476837158
vertex 9.68421745300293 -41.24776840209961 0
vertex 9.78176498413086 -41.10177993774414 1.7000000476837158
endloop
endfacet
facet normal 0 0 -1
outer loop
vertex 9.68421745300293 -41.592185974121094 1.7000000476837158
vertex 9.649962425231934 -41.41997528076172 1.7000000476837158
vertex 9.68421745300293 -41.24776840209961 1.7000000476837158
endloop
endfacet
facet normal 0.8314665660174577 0.5555747920803612 0
outer loop
vertex 9.78176498413086 -41.73817443847656 1.7000000476837158
vertex 9.78176498413086 -41.73817443847656 0
vertex 9.68421745300293 -41.592185974121094 1.7000000476837158
endloop
endfacet
facet normal 0.9807842452687219 -0.1950955259165719 0
outer loop
vertex 9.649962425231934 -41.41997528076172 1.7000000476837158
vertex 9.649962425231934 -41.41997528076172 0
vertex 9.68421745300293 -41.24776840209961 1.7000000476837158
endloop
endfacet
facet normal 0 0 -1
outer loop
vertex 10.549962997436523 -40.14997482299805 1.7000000476837158
vertex 10.515708923339844 -40.32218551635742 1.7000000476837158
vertex 10.515708923339844 -39.97776794433594 1.7000000476837158
endloop
endfacet
facet normal -0.9807852845629332 -0.19509030110388895 0
outer loop
vertex 10.515708923339844 -39.97776794433594 1.7000000476837158
vertex 10.515708923339844 -39.97776794433594 0
vertex 10.549962997436523 -40.14997482299805 1.7000000476837158
endloop
endfacet
facet normal 0.5555772839934787 -0.8314649009491799 0
outer loop
vertex 9.78176498413086 -39.83177947998047 1.7000000476837158
vertex 9.78176498413086 -39.83177947998047 0
vertex 9.927755355834961 -39.734230041503906 1.7000000476837158
endloop
endfacet
facet normal 0 0 -1
outer loop
vertex 9.78176498413086 -40.46817398071289 1.7000000476837158
vertex 9.68421745300293 -40.32218551635742 1.7000000476837158
vertex 9.78176498413086 -39.83177947998047 1.7000000476837158
endloop
endfacet
facet normal 0.8314665660174577 -0.5555747920803612 0
outer loop
vertex 9.78176498413086 -39.83177947998047 0
vertex 9.78176498413086 -39.83177947998047 1.7000000476837158
vertex 9.68421745300293 -39.97776794433594 0
endloop
endfacet
facet normal 0.9807842452687219 -0.1950955259165719 0
outer loop
vertex 9.68421745300293 -39.97776794433594 0
vertex 9.68421745300293 -39.97776794433594 1.7000000476837158
vertex 9.649962425231934 -40.14997482299805 0
endloop
endfacet
facet normal 0.9807850721893059 0.19509136877529504 0
outer loop
vertex 9.649962425231934 -40.14997482299805 0
vertex 9.649962425231934 -40.14997482299805 1.7000000476837158
vertex 9.68421745300293 -40.32218551635742 0
endloop
endfacet
facet normal 0.1950788122039888 0.9807875697770038 0
outer loop
vertex 10.099963188171387 -40.5999755859375 0
vertex 9.927755355834961 -40.56572341918945 0
vertex 9.927755355834961 -40.56572341918945 1.7000000476837158
endloop
endfacet
facet normal 0.5555772839934787 0.8314649009491799 0
outer loop
vertex 9.927755355834961 -40.56572341918945 0
vertex 9.78176498413086 -40.46817398071289 0
vertex 9.78176498413086 -40.46817398071289 1.7000000476837158
endloop
endfacet
facet normal 0.8314665660174577 0.5555747920803612 0
outer loop
vertex 9.68421745300293 -40.32218551635742 1.7000000476837158
vertex 9.78176498413086 -40.46817398071289 0
vertex 9.68421745300293 -40.32218551635742 0
endloop
endfacet
facet normal 0 0 -1
outer loop
vertex 9.78176498413086 -39.83177947998047 1.7000000476837158
vertex 9.68421745300293 -40.32218551635742 1.7000000476837158
vertex 9.68421745300293 -39.97776794433594 1.7000000476837158
endloop
endfacet
facet normal 0 0 -1
outer loop
vertex 9.78176498413086 -40.46817398071289 1.7000000476837158
vertex 9.78176498413086 -39.83177947998047 1.7000000476837158
vertex 9.927755355834961 -39.734230041503906 1.7000000476837158
endloop
endfacet
facet normal 0 0 -1
outer loop
vertex 9.927755355834961 -40.56572341918945 1.7000000476837158
vertex 9.78176498413086 -40.46817398071289 1.7000000476837158
vertex 9.927755355834961 -39.734230041503906 1.7000000476837158
endloop
endfacet
facet normal 0 0 -1
outer loop
vertex 10.099963188171387 -40.5999755859375 1.7000000476837158
vertex 9.927755355834961 -40.56572341918945 1.7000000476837158
vertex 10.099963188171387 -39.69997787475586 1.7000000476837158
endloop
endfacet
facet normal 0 0 -1
outer loop
vertex 10.099963188171387 -39.69997787475586 1.7000000476837158
vertex 9.927755355834961 -40.56572341918945 1.7000000476837158
vertex 9.927755355834961 -39.734230041503906 1.7000000476837158
endloop
endfacet
facet normal 0 0 -1
outer loop
vertex 10.272170066833496 -40.56572341918945 1.7000000476837158
vertex 10.099963188171387 -40.5999755859375 1.7000000476837158
vertex 10.272170066833496 -39.734230041503906 1.7000000476837158
endloop
endfacet
facet normal 0 0 -1
outer loop
vertex 10.418160438537598 -40.46817398071289 1.7000000476837158
vertex 10.272170066833496 -40.56572341918945 1.7000000476837158
vertex 10.418160438537598 -39.83177947998047 1.7000000476837158
endloop
endfacet
facet normal 0 0 -1
outer loop
vertex 10.272170066833496 -39.734230041503906 1.7000000476837158
vertex 10.099963188171387 -40.5999755859375 1.7000000476837158
vertex 10.099963188171387 -39.69997787475586 1.7000000476837158
endloop
endfacet
facet normal -0.1950798514286955 0.9807873630744628 0
outer loop
vertex 10.272170066833496 -40.56572341918945 0
vertex 10.099963188171387 -40.5999755859375 0
vertex 10.099963188171387 -40.5999755859375 1.7000000476837158
endloop
endfacet
facet normal -0.5555772839934787 0.8314649009491799 0
outer loop
vertex 10.418160438537598 -40.46817398071289 0
vertex 10.272170066833496 -40.56572341918945 0
vertex 10.272170066833496 -40.56572341918945 1.7000000476837158
endloop
endfacet
facet normal -0.8314640569414533 0.5555785471150407 0
outer loop
vertex 10.515708923339844 -40.32218551635742 0
vertex 10.418160438537598 -40.46817398071289 0
vertex 10.418160438537598 -40.46817398071289 1.7000000476837158
endloop
endfacet
facet normal -0.9807861114401027 0.19508614406513386 0
outer loop
vertex 10.549962997436523 -40.14997482299805 0
vertex 10.515708923339844 -40.32218551635742 0
vertex 10.515708923339844 -40.32218551635742 1.7000000476837158
endloop
endfacet
facet normal -0.9807852845629332 -0.19509030110388895 0
outer loop
vertex 10.515708923339844 -39.97776794433594 0
vertex 10.549962997436523 -40.14997482299805 0
vertex 10.549962997436523 -40.14997482299805 1.7000000476837158
endloop
endfacet
facet normal -0.8314640569414533 -0.5555785471150407 0
outer loop
vertex 10.418160438537598 -39.83177947998047 0
vertex 10.515708923339844 -39.97776794433594 0
vertex 10.515708923339844 -39.97776794433594 1.7000000476837158
endloop
endfacet
facet normal 0.5555772839934787 -0.8314649009491799 0
outer loop
vertex 9.927755355834961 -39.734230041503906 0
vertex 9.927755355834961 -39.734230041503906 1.7000000476837158
vertex 9.78176498413086 -39.83177947998047 0
endloop
endfacet
facet normal 0.1950788122039888 -0.9807875697770038 0
outer loop
vertex 10.099963188171387 -39.69997787475586 0
vertex 10.099963188171387 -39.69997787475586 1.7000000476837158
vertex 9.927755355834961 -39.734230041503906 0
endloop
endfacet
facet normal 0.8314665660174577 0.5555747920803612 0
outer loop
vertex 9.78176498413086 -40.46817398071289 1.7000000476837158
vertex 9.78176498413086 -40.46817398071289 0
vertex 9.68421745300293 -40.32218551635742 1.7000000476837158
endloop
endfacet
facet normal 0.1950788122039888 0.9807875697770038 0
outer loop
vertex 10.099963188171387 -40.5999755859375 1.7000000476837158
vertex 10.099963188171387 -40.5999755859375 0
vertex 9.927755355834961 -40.56572341918945 1.7000000476837158
endloop
endfacet
facet normal 0.5555772839934787 0.8314649009491799 0
outer loop
vertex 9.927755355834961 -40.56572341918945 1.7000000476837158
vertex 9.927755355834961 -40.56572341918945 0
vertex 9.78176498413086 -40.46817398071289 1.7000000476837158
endloop
endfacet
facet normal 0.9807850721893059 0.19509136877529504 0
outer loop
vertex 9.68421745300293 -40.32218551635742 1.7000000476837158
vertex 9.68421745300293 -40.32218551635742 0
vertex 9.649962425231934 -40.14997482299805 1.7000000476837158
endloop
endfacet
facet normal 0.9807842452687219 -0.1950955259165719 0
outer loop
vertex 9.649962425231934 -40.14997482299805 1.7000000476837158
vertex 9.649962425231934 -40.14997482299805 0
vertex 9.68421745300293 -39.97776794433594 1.7000000476837158
endloop
endfacet
facet normal 0.8314665660174577 -0.5555747920803612 0
outer loop
vertex 9.68421745300293 -39.97776794433594 1.7000000476837158
vertex 9.68421745300293 -39.97776794433594 0
vertex 9.78176498413086 -39.83177947998047 1.7000000476837158
endloop
endfacet
facet normal -0.1950798514286955 0.9807873630744628 0
outer loop
vertex 10.272170066833496 -40.56572341918945 1.7000000476837158
vertex 10.272170066833496 -40.56572341918945 0
vertex 10.099963188171387 -40.5999755859375 1.7000000476837158
endloop
endfacet
facet normal -0.5555772839934787 0.8314649009491799 0
outer loop
vertex 10.418160438537598 -40.46817398071289 1.7000000476837158
vertex 10.418160438537598 -40.46817398071289 0
vertex 10.272170066833496 -40.56572341918945 1.7000000476837158
endloop
endfacet
facet normal -0.1950798514286955 -0.9807873630744628 0
outer loop
vertex 10.272170066833496 -39.734230041503906 0
vertex 10.272170066833496 -39.734230041503906 1.7000000476837158
vertex 10.099963188171387 -39.69997787475586 0
endloop
endfacet
facet normal -0.5555772839934787 -0.8314649009491799 0
outer loop
vertex 10.418160438537598 -39.83177947998047 0
vertex 10.418160438537598 -39.83177947998047 1.7000000476837158
vertex 10.272170066833496 -39.734230041503906 0
endloop
endfacet
facet normal -0.8314640569414533 0.5555785471150407 0
outer loop
vertex 10.515708923339844 -40.32218551635742 1.7000000476837158
vertex 10.515708923339844 -40.32218551635742 0
vertex 10.418160438537598 -40.46817398071289 1.7000000476837158
endloop
endfacet
facet normal -0.9807861114401027 0.19508614406513386 0
outer loop
vertex 10.549962997436523 -40.14997482299805 1.7000000476837158
vertex 10.549962997436523 -40.14997482299805 0
vertex 10.515708923339844 -40.32218551635742 1.7000000476837158
endloop
endfacet
facet normal 0 0 -1
outer loop
vertex 9.68421745300293 -40.32218551635742 1.7000000476837158
vertex 9.649962425231934 -40.14997482299805 1.7000000476837158
vertex 9.68421745300293 -39.97776794433594 1.7000000476837158
endloop
endfacet
facet normal -0.8314640569414533 -0.5555785471150407 0
outer loop
vertex 10.418160438537598 -39.83177947998047 1.7000000476837158
vertex 10.418160438537598 -39.83177947998047 0
vertex 10.515708923339844 -39.97776794433594 1.7000000476837158
endloop
endfacet
facet normal 0.1950788122039888 -0.9807875697770038 0
outer loop
vertex 9.927755355834961 -39.734230041503906 1.7000000476837158
vertex 9.927755355834961 -39.734230041503906 0
vertex 10.099963188171387 -39.69997787475586 1.7000000476837158
endloop
endfacet
facet normal -0.1950798514286955 -0.9807873630744628 0
outer loop
vertex 10.099963188171387 -39.69997787475586 1.7000000476837158
vertex 10.099963188171387 -39.69997787475586 0
vertex 10.272170066833496 -39.734230041503906 1.7000000476837158
endloop
endfacet
facet normal -0.5555772839934787 -0.8314649009491799 0
outer loop
vertex 10.272170066833496 -39.734230041503906 1.7000000476837158
vertex 10.272170066833496 -39.734230041503906 0
vertex 10.418160438537598 -39.83177947998047 1.7000000476837158
endloop
endfacet
facet normal 0 0 -1
outer loop
vertex 10.418160438537598 -39.83177947998047 1.7000000476837158
vertex 10.515708923339844 -39.97776794433594 1.7000000476837158
vertex 10.418160438537598 -40.46817398071289 1.7000000476837158
endloop
endfacet
facet normal 0 0 -1
outer loop
vertex 10.418160438537598 -39.83177947998047 1.7000000476837158
vertex 10.272170066833496 -40.56572341918945 1.7000000476837158
vertex 10.272170066833496 -39.734230041503906 1.7000000476837158
endloop
endfacet
facet normal 0 0 -1
outer loop
vertex 10.515708923339844 -40.32218551635742 1.7000000476837158
vertex 10.418160438537598 -40.46817398071289 1.7000000476837158
vertex 10.515708923339844 -39.97776794433594 1.7000000476837158
endloop
endfacet
facet normal 0 0 -1
outer loop
vertex 10.515708923339844 -38.707767486572266 1.7000000476837158
vertex 10.418160438537598 -39.19817352294922 1.7000000476837158
vertex 10.418160438537598 -38.5617790222168 1.7000000476837158
endloop
endfacet
facet normal 0 0 -1
outer loop
vertex 10.549962997436523 -38.87997817993164 1.7000000476837158
vertex 10.515708923339844 -39.05218505859375 1.7000000476837158
vertex 10.515708923339844 -38.707767486572266 1.7000000476837158
endloop
endfacet
facet normal -0.1950798514286955 -0.9807873630744628 0
outer loop
vertex 10.099963188171387 -38.42997741699219 1.7000000476837158
vertex 10.099963188171387 -38.42997741699219 0
vertex 10.272170066833496 -38.464229583740234 1.7000000476837158
endloop
endfacet
facet normal -0.8314640569414533 -0.5555785471150407 0
outer loop
vertex 10.418160438537598 -38.5617790222168 1.7000000476837158
vertex 10.418160438537598 -38.5617790222168 0
vertex 10.515708923339844 -38.707767486572266 1.7000000476837158
endloop
endfacet
facet normal -0.9807861114401027 -0.19508614406513386 0
outer loop
vertex 10.515708923339844 -38.707767486572266 1.7000000476837158
vertex 10.515708923339844 -38.707767486572266 0
vertex 10.549962997436523 -38.87997817993164 1.7000000476837158
endloop
endfacet
facet normal -0.9807852845629332 0.19509030110388895 0
outer loop
vertex 10.549962997436523 -38.87997817993164 1.7000000476837158
vertex 10.549962997436523 -38.87997817993164 0
vertex 10.515708923339844 -39.05218505859375 1.7000000476837158
endloop
endfacet
facet normal -0.5555772839934787 -0.8314649009491799 0
outer loop
vertex 10.272170066833496 -38.464229583740234 1.7000000476837158
vertex 10.272170066833496 -38.464229583740234 0
vertex 10.418160438537598 -38.5617790222168 1.7000000476837158
endloop
endfacet
facet normal -0.8314640569414533 0.5555785471150407 0
outer loop
vertex 10.515708923339844 -39.05218505859375 1.7000000476837158
vertex 10.515708923339844 -39.05218505859375 0
vertex 10.418160438537598 -39.19817352294922 1.7000000476837158
endloop
endfacet
facet normal -0.5555772839934787 0.8314649009491799 0
outer loop
vertex 10.418160438537598 -39.19817352294922 1.7000000476837158
vertex 10.418160438537598 -39.19817352294922 0
vertex 10.272170066833496 -39.29572296142578 1.7000000476837158
endloop
endfacet
facet normal -0.1950798514286955 0.9807873630744628 0
outer loop
vertex 10.272170066833496 -39.29572296142578 1.7000000476837158
vertex 10.272170066833496 -39.29572296142578 0
vertex 10.099963188171387 -39.32997512817383 1.7000000476837158
endloop
endfacet
facet normal 0 0 -1
outer loop
vertex 9.927755355834961 -39.29572296142578 1.7000000476837158
vertex 9.78176498413086 -39.19817352294922 1.7000000476837158
vertex 9.927755355834961 -38.464229583740234 1.7000000476837158
endloop
endfacet
facet normal 0 0 -1
outer loop
vertex 10.099963188171387 -39.32997512817383 1.7000000476837158
vertex 9.927755355834961 -39.29572296142578 1.7000000476837158
vertex 10.099963188171387 -38.42997741699219 1.7000000476837158
endloop
endfacet
facet normal 0 0 -1
outer loop
vertex 9.68421745300293 -39.05218505859375 1.7000000476837158
vertex 9.649962425231934 -38.87997817993164 1.7000000476837158
vertex 9.68421745300293 -38.707767486572266 1.7000000476837158
endloop
endfacet
facet normal 0 0 -1
outer loop
vertex 9.78176498413086 -38.5617790222168 1.7000000476837158
vertex 9.68421745300293 -39.05218505859375 1.7000000476837158
vertex 9.68421745300293 -38.707767486572266 1.7000000476837158
endloop
endfacet
facet normal 0 0 -1
outer loop
vertex 9.78176498413086 -39.19817352294922 1.7000000476837158
vertex 9.68421745300293 -39.05218505859375 1.7000000476837158
vertex 9.78176498413086 -38.5617790222168 1.7000000476837158
endloop
endfacet
facet normal -0.8314640569414533 -0.5555785471150407 0
outer loop
vertex 10.515708923339844 -38.707767486572266 0
vertex 10.515708923339844 -38.707767486572266 1.7000000476837158
vertex 10.418160438537598 -38.5617790222168 0
endloop
endfacet
facet normal -0.9807861114401027 -0.19508614406513386 0
outer loop
vertex 10.515708923339844 -38.707767486572266 0
vertex 10.549962997436523 -38.87997817993164 0
vertex 10.549962997436523 -38.87997817993164 1.7000000476837158
endloop
endfacet
facet normal 0.1950788122039888 -0.9807875697770038 0
outer loop
vertex 9.927755355834961 -38.464229583740234 1.7000000476837158
vertex 9.927755355834961 -38.464229583740234 0
vertex 10.099963188171387 -38.42997741699219 1.7000000476837158
endloop
endfacet
facet normal 0.5555772839934787 -0.8314649009491799 0
outer loop
vertex 9.78176498413086 -38.5617790222168 1.7000000476837158
vertex 9.78176498413086 -38.5617790222168 0
vertex 9.927755355834961 -38.464229583740234 1.7000000476837158
endloop
endfacet
facet normal 0.8314665660174577 -0.5555747920803612 0
outer loop
vertex 9.68421745300293 -38.707767486572266 1.7000000476837158
vertex 9.68421745300293 -38.707767486572266 0
vertex 9.78176498413086 -38.5617790222168 1.7000000476837158
endloop
endfacet
facet normal 0.9807850721893059 -0.19509136877529504 0
outer loop
vertex 9.649962425231934 -38.87997817993164 1.7000000476837158
vertex 9.649962425231934 -38.87997817993164 0
vertex 9.68421745300293 -38.707767486572266 1.7000000476837158
endloop
endfacet
facet normal 0.1950788122039888 0.9807875697770038 0
outer loop
vertex 10.099963188171387 -39.32997512817383 1.7000000476837158
vertex 10.099963188171387 -39.32997512817383 0
vertex 9.927755355834961 -39.29572296142578 1.7000000476837158
endloop
endfacet
facet normal 0.5555772839934787 0.8314649009491799 0
outer loop
vertex 9.927755355834961 -39.29572296142578 1.7000000476837158
vertex 9.927755355834961 -39.29572296142578 0
vertex 9.78176498413086 -39.19817352294922 1.7000000476837158
endloop
endfacet
facet normal 0.8314665660174577 0.5555747920803612 0
outer loop
vertex 9.78176498413086 -39.19817352294922 1.7000000476837158
vertex 9.78176498413086 -39.19817352294922 0
vertex 9.68421745300293 -39.05218505859375 1.7000000476837158
endloop
endfacet
facet normal 0.9807842452687219 0.1950955259165719 0
outer loop
vertex 9.68421745300293 -39.05218505859375 1.7000000476837158
vertex 9.68421745300293 -39.05218505859375 0
vertex 9.649962425231934 -38.87997817993164 1.7000000476837158
endloop
endfacet
facet normal -0.5555772839934787 -0.8314649009491799 0
outer loop
vertex 10.418160438537598 -38.5617790222168 0
vertex 10.418160438537598 -38.5617790222168 1.7000000476837158
vertex 10.272170066833496 -38.464229583740234 0
endloop
endfacet
facet normal -0.9807852845629332 0.19509030110388895 0
outer loop
vertex 10.549962997436523 -38.87997817993164 0
vertex 10.515708923339844 -39.05218505859375 0
vertex 10.515708923339844 -39.05218505859375 1.7000000476837158
endloop
endfacet
facet normal -0.8314640569414533 0.5555785471150407 0
outer loop
vertex 10.515708923339844 -39.05218505859375 0
vertex 10.418160438537598 -39.19817352294922 0
vertex 10.418160438537598 -39.19817352294922 1.7000000476837158
endloop
endfacet
facet normal -0.5555772839934787 0.8314649009491799 0
outer loop
vertex 10.418160438537598 -39.19817352294922 0
vertex 10.272170066833496 -39.29572296142578 0
vertex 10.272170066833496 -39.29572296142578 1.7000000476837158
endloop
endfacet
facet normal -0.1950798514286955 0.9807873630744628 0
outer loop
vertex 10.272170066833496 -39.29572296142578 0
vertex 10.099963188171387 -39.32997512817383 0
vertex 10.099963188171387 -39.32997512817383 1.7000000476837158
endloop
endfacet
facet normal 0.1950788122039888 -0.9807875697770038 0
outer loop
vertex 10.099963188171387 -38.42997741699219 0
vertex 10.099963188171387 -38.42997741699219 1.7000000476837158
vertex 9.927755355834961 -38.464229583740234 0
endloop
endfacet
facet normal 0.5555772839934787 -0.8314649009491799 0
outer loop
vertex 9.927755355834961 -38.464229583740234 0
vertex 9.927755355834961 -38.464229583740234 1.7000000476837158
vertex 9.78176498413086 -38.5617790222168 0
endloop
endfacet
facet normal 0 0 -1
outer loop
vertex 9.927755355834961 -38.464229583740234 1.7000000476837158
vertex 9.78176498413086 -39.19817352294922 1.7000000476837158
vertex 9.78176498413086 -38.5617790222168 1.7000000476837158
endloop
endfacet
facet normal 0 0 -1
outer loop
vertex 10.099963188171387 -38.42997741699219 1.7000000476837158
vertex 9.927755355834961 -39.29572296142578 1.7000000476837158
vertex 9.927755355834961 -38.464229583740234 1.7000000476837158
endloop
endfacet
facet normal 0 0 -1
outer loop
vertex 10.272170066833496 -39.29572296142578 1.7000000476837158
vertex 10.099963188171387 -39.32997512817383 1.7000000476837158
vertex 10.272170066833496 -38.464229583740234 1.7000000476837158
endloop
endfacet
facet normal 0 0 -1
outer loop
vertex 10.418160438537598 -39.19817352294922 1.7000000476837158
vertex 10.272170066833496 -39.29572296142578 1.7000000476837158
vertex 10.418160438537598 -38.5617790222168 1.7000000476837158
endloop
endfacet
facet normal 0 0 -1
outer loop
vertex 10.515708923339844 -39.05218505859375 1.7000000476837158
vertex 10.418160438537598 -39.19817352294922 1.7000000476837158
vertex 10.515708923339844 -38.707767486572266 1.7000000476837158
endloop
endfacet
facet normal 0 0 -1
outer loop
vertex 10.272170066833496 -38.464229583740234 1.7000000476837158
vertex 10.099963188171387 -39.32997512817383 1.7000000476837158
vertex 10.099963188171387 -38.42997741699219 1.7000000476837158
endloop
endfacet
facet normal 0.8314665660174577 -0.5555747920803612 0
outer loop
vertex 9.78176498413086 -38.5617790222168 0
vertex 9.78176498413086 -38.5617790222168 1.7000000476837158
vertex 9.68421745300293 -38.707767486572266 0
endloop
endfacet
facet normal 0.9807850721893059 -0.19509136877529504 0
outer loop
vertex 9.68421745300293 -38.707767486572266 0
vertex 9.68421745300293 -38.707767486572266 1.7000000476837158
vertex 9.649962425231934 -38.87997817993164 0
endloop
endfacet
facet normal 0.9807842452687219 0.1950955259165719 0
outer loop
vertex 9.649962425231934 -38.87997817993164 0
vertex 9.649962425231934 -38.87997817993164 1.7000000476837158
vertex 9.68421745300293 -39.05218505859375 0
endloop
endfacet
facet normal 0.1950788122039888 0.9807875697770038 0
outer loop
vertex 10.099963188171387 -39.32997512817383 0
vertex 9.927755355834961 -39.29572296142578 0
vertex 9.927755355834961 -39.29572296142578 1.7000000476837158
endloop
endfacet
facet normal 0.8314665660174577 0.5555747920803612 0
outer loop
vertex 9.68421745300293 -39.05218505859375 0
vertex 9.68421745300293 -39.05218505859375 1.7000000476837158
vertex 9.78176498413086 -39.19817352294922 0
endloop
endfacet
facet normal 0.5555772839934787 0.8314649009491799 0
outer loop
vertex 9.927755355834961 -39.29572296142578 0
vertex 9.78176498413086 -39.19817352294922 0
vertex 9.78176498413086 -39.19817352294922 1.7000000476837158
endloop
endfacet
facet normal 0 0 -1
outer loop
vertex 10.418160438537598 -38.5617790222168 1.7000000476837158
vertex 10.272170066833496 -39.29572296142578 1.7000000476837158
vertex 10.272170066833496 -38.464229583740234 1.7000000476837158
endloop
endfacet
facet normal -0.1950798514286955 -0.9807873630744628 0
outer loop
vertex 10.272170066833496 -38.464229583740234 0
vertex 10.272170066833496 -38.464229583740234 1.7000000476837158
vertex 10.099963188171387 -38.42997741699219 0
endloop
endfacet
facet normal 0 0 -1
outer loop
vertex 9.78176498413086 -37.291778564453125 1.7000000476837158
vertex 9.68421745300293 -37.78218460083008 1.7000000476837158
vertex 9.68421745300293 -37.43777084350586 1.7000000476837158
endloop
endfacet
facet normal 0 0 -1
outer loop
vertex 10.418160438537598 -37.291778564453125 1.7000000476837158
vertex 10.272170066833496 -38.02572250366211 1.7000000476837158
vertex 10.272170066833496 -37.19422912597656 1.7000000476837158
endloop
endfacet
facet normal -0.8314707629512766 -0.5555685109482196 0
outer loop
vertex 10.418160438537598 -37.291778564453125 1.7000000476837158
vertex 10.418160438537598 -37.291778564453125 0
vertex 10.515708923339844 -37.43777084350586 1.7000000476837158
endloop
endfacet
facet normal 0 0 -1
outer loop
vertex 10.099963188171387 -37.159976959228516 1.7000000476837158
vertex 9.927755355834961 -38.02572250366211 1.7000000476837158
vertex 9.927755355834961 -37.19422912597656 1.7000000476837158
endloop
endfacet
facet normal 0 0 -1
outer loop
vertex 10.099963188171387 -38.05997848510742 1.7000000476837158
vertex 9.927755355834961 -38.02572250366211 1.7000000476837158
vertex 10.099963188171387 -37.159976959228516 1.7000000476837158
endloop
endfacet
facet normal -0.9807852845629332 -0.19509030110388895 0
outer loop
vertex 10.515708923339844 -37.43777084350586 1.7000000476837158
vertex 10.515708923339844 -37.43777084350586 0
vertex 10.549962997436523 -37.60997772216797 1.7000000476837158
endloop
endfacet
facet normal -0.1951007507126451 0.9807832059488795 0
outer loop
vertex 10.272170066833496 -38.02572250366211 1.7000000476837158
vertex 10.272170066833496 -38.02572250366211 0
vertex 10.099963188171387 -38.05997848510742 1.7000000476837158
endloop
endfacet
facet normal 0.8314665660174577 0.5555747920803612 0
outer loop
vertex 9.78176498413086 -37.92817306518555 1.7000000476837158
vertex 9.78176498413086 -37.92817306518555 0
vertex 9.68421745300293 -37.78218460083008 1.7000000476837158
endloop
endfacet
facet normal 0.9807842452687219 0.1950955259165719 0
outer loop
vertex 9.68421745300293 -37.78218460083008 1.7000000476837158
vertex 9.68421745300293 -37.78218460083008 0
vertex 9.649962425231934 -37.60997772216797 1.7000000476837158
endloop
endfacet
facet normal 0.5555772839934787 0.8314649009491799 0
outer loop
vertex 9.927755355834961 -38.02572250366211 1.7000000476837158
vertex 9.927755355834961 -38.02572250366211 0
vertex 9.78176498413086 -37.92817306518555 1.7000000476837158
endloop
endfacet
facet normal 0.9807842452687219 -0.1950955259165719 0
outer loop
vertex 9.649962425231934 -37.60997772216797 1.7000000476837158
vertex 9.649962425231934 -37.60997772216797 0
vertex 9.68421745300293 -37.43777084350586 1.7000000476837158
endloop
endfacet
facet normal 0 0 -1
outer loop
vertex 10.272170066833496 -38.02572250366211 1.7000000476837158
vertex 10.099963188171387 -38.05997848510742 1.7000000476837158
vertex 10.272170066833496 -37.19422912597656 1.7000000476837158
endloop
endfacet
facet normal 0 0 -1
outer loop
vertex 10.418160438537598 -37.92817306518555 1.7000000476837158
vertex 10.272170066833496 -38.02572250366211 1.7000000476837158
vertex 10.418160438537598 -37.291778564453125 1.7000000476837158
endloop
endfacet
facet normal 0 0 -1
outer loop
vertex 10.515708923339844 -37.78218460083008 1.7000000476837158
vertex 10.418160438537598 -37.92817306518555 1.7000000476837158
vertex 10.515708923339844 -37.43777084350586 1.7000000476837158
endloop
endfacet
facet normal 0 0 -1
outer loop
vertex 10.549962997436523 -37.60997772216797 1.7000000476837158
vertex 10.515708923339844 -37.78218460083008 1.7000000476837158
vertex 10.515708923339844 -37.43777084350586 1.7000000476837158
endloop
endfacet
facet normal 0 0 -1
outer loop
vertex 10.272170066833496 -37.19422912597656 1.7000000476837158
vertex 10.099963188171387 -38.05997848510742 1.7000000476837158
vertex 10.099963188171387 -37.159976959228516 1.7000000476837158
endloop
endfacet
facet normal 0.8314732719568675 -0.5555647559208026 0
outer loop
vertex 9.68421745300293 -37.43777084350586 1.7000000476837158
vertex 9.68421745300293 -37.43777084350586 0
vertex 9.78176498413086 -37.291778564453125 1.7000000476837158
endloop
endfacet
facet normal 0.5555772839934787 -0.8314649009491799 0
outer loop
vertex 9.78176498413086 -37.291778564453125 1.7000000476837158
vertex 9.78176498413086 -37.291778564453125 0
vertex 9.927755355834961 -37.19422912597656 1.7000000476837158
endloop
endfacet
facet normal 0.1950788122039888 -0.9807875697770038 0
outer loop
vertex 9.927755355834961 -37.19422912597656 1.7000000476837158
vertex 9.927755355834961 -37.19422912597656 0
vertex 10.099963188171387 -37.159976959228516 1.7000000476837158
endloop
endfacet
facet normal 0.19509971138541468 0.9807834126948354 0
outer loop
vertex 10.099963188171387 -38.05997848510742 1.7000000476837158
vertex 10.099963188171387 -38.05997848510742 0
vertex 9.927755355834961 -38.02572250366211 1.7000000476837158
endloop
endfacet
facet normal 0 0 -1
outer loop
vertex 9.927755355834961 -38.02572250366211 1.7000000476837158
vertex 9.78176498413086 -37.92817306518555 1.7000000476837158
vertex 9.927755355834961 -37.19422912597656 1.7000000476837158
endloop
endfacet
facet normal -0.5555772839934787 0.8314649009491799 0
outer loop
vertex 10.418160438537598 -37.92817306518555 1.7000000476837158
vertex 10.418160438537598 -37.92817306518555 0
vertex 10.272170066833496 -38.02572250366211 1.7000000476837158
endloop
endfacet
facet normal -0.8314640569414533 0.5555785471150407 0
outer loop
vertex 10.515708923339844 -37.78218460083008 1.7000000476837158
vertex 10.515708923339844 -37.78218460083008 0
vertex 10.418160438537598 -37.92817306518555 1.7000000476837158
endloop
endfacet
facet normal -0.9807852845629332 0.19509030110388895 0
outer loop
vertex 10.549962997436523 -37.60997772216797 1.7000000476837158
vertex 10.549962997436523 -37.60997772216797 0
vertex 10.515708923339844 -37.78218460083008 1.7000000476837158
endloop
endfacet
facet normal -0.1950798514286955 -0.9807873630744628 0
outer loop
vertex 10.099963188171387 -37.159976959228516 1.7000000476837158
vertex 10.099963188171387 -37.159976959228516 0
vertex 10.272170066833496 -37.19422912597656 1.7000000476837158
endloop
endfacet
facet normal 0 0 -1
outer loop
vertex 9.78176498413086 -37.92817306518555 1.7000000476837158
vertex 9.78176498413086 -37.291778564453125 1.7000000476837158
vertex 9.927755355834961 -37.19422912597656 1.7000000476837158
endloop
endfacet
facet normal -0.8314707629512766 -0.5555685109482196 0
outer loop
vertex 10.418160438537598 -37.291778564453125 0
vertex 10.515708923339844 -37.43777084350586 0
vertex 10.515708923339844 -37.43777084350586 1.7000000476837158
endloop
endfacet
facet normal -0.9807852845629332 -0.19509030110388895 0
outer loop
vertex 10.515708923339844 -37.43777084350586 0
vertex 10.549962997436523 -37.60997772216797 0
vertex 10.549962997436523 -37.60997772216797 1.7000000476837158
endloop
endfacet
facet normal -0.5555772839934787 -0.8314649009491799 0
outer loop
vertex 10.418160438537598 -37.291778564453125 0
vertex 10.418160438537598 -37.291778564453125 1.7000000476837158
vertex 10.272170066833496 -37.19422912597656 0
endloop
endfacet
facet normal -0.1950798514286955 -0.9807873630744628 0
outer loop
vertex 10.272170066833496 -37.19422912597656 0
vertex 10.272170066833496 -37.19422912597656 1.7000000476837158
vertex 10.099963188171387 -37.159976959228516 0
endloop
endfacet
facet normal -0.9807852845629332 0.19509030110388895 0
outer loop
vertex 10.549962997436523 -37.60997772216797 0
vertex 10.515708923339844 -37.78218460083008 0
vertex 10.515708923339844 -37.78218460083008 1.7000000476837158
endloop
endfacet
facet normal -0.8314640569414533 0.5555785471150407 0
outer loop
vertex 10.515708923339844 -37.78218460083008 0
vertex 10.418160438537598 -37.92817306518555 0
vertex 10.418160438537598 -37.92817306518555 1.7000000476837158
endloop
endfacet
facet normal -0.5555772839934787 0.8314649009491799 0
outer loop
vertex 10.418160438537598 -37.92817306518555 0
vertex 10.272170066833496 -38.02572250366211 0
vertex 10.272170066833496 -38.02572250366211 1.7000000476837158
endloop
endfacet
facet normal 0.1950788122039888 -0.9807875697770038 0
outer loop
vertex 10.099963188171387 -37.159976959228516 0
vertex 10.099963188171387 -37.159976959228516 1.7000000476837158
vertex 9.927755355834961 -37.19422912597656 0
endloop
endfacet
facet normal 0.5555772839934787 -0.8314649009491799 0
outer loop
vertex 9.927755355834961 -37.19422912597656 0
vertex 9.927755355834961 -37.19422912597656 1.7000000476837158
vertex 9.78176498413086 -37.291778564453125 0
endloop
endfacet
facet normal 0.8314732719568675 -0.5555647559208026 0
outer loop
vertex 9.78176498413086 -37.291778564453125 0
vertex 9.78176498413086 -37.291778564453125 1.7000000476837158
vertex 9.68421745300293 -37.43777084350586 0
endloop
endfacet
facet normal 0 0 -1
outer loop
vertex 9.68421745300293 -37.78218460083008 1.7000000476837158
vertex 9.649962425231934 -37.60997772216797 1.7000000476837158
vertex 9.68421745300293 -37.43777084350586 1.7000000476837158
endloop
endfacet
facet normal 0 0 -1
outer loop
vertex 9.78176498413086 -37.92817306518555 1.7000000476837158
vertex 9.68421745300293 -37.78218460083008 1.7000000476837158
vertex 9.78176498413086 -37.291778564453125 1.7000000476837158
endloop
endfacet
facet normal 0.9807842452687219 0.1950955259165719 0
outer loop
vertex 9.649962425231934 -37.60997772216797 0
vertex 9.649962425231934 -37.60997772216797 1.7000000476837158
vertex 9.68421745300293 -37.78218460083008 0
endloop
endfacet
facet normal 0.5555772839934787 0.8314649009491799 0
outer loop
vertex 9.927755355834961 -38.02572250366211 0
vertex 9.78176498413086 -37.92817306518555 0
vertex 9.78176498413086 -37.92817306518555 1.7000000476837158
endloop
endfacet
facet normal 0.8314665660174577 0.5555747920803612 0
outer loop
vertex 9.68421745300293 -37.78218460083008 0
vertex 9.68421745300293 -37.78218460083008 1.7000000476837158
vertex 9.78176498413086 -37.92817306518555 0
endloop
endfacet
facet normal -0.1951007507126451 0.9807832059488795 0
outer loop
vertex 10.272170066833496 -38.02572250366211 0
vertex 10.099963188171387 -38.05997848510742 0
vertex 10.099963188171387 -38.05997848510742 1.7000000476837158
endloop
endfacet
facet normal 0.19509971138541468 0.9807834126948354 0
outer loop
vertex 10.099963188171387 -38.05997848510742 0
vertex 9.927755355834961 -38.02572250366211 0
vertex 9.927755355834961 -38.02572250366211 1.7000000476837158
endloop
endfacet
facet normal -0.5555772839934787 -0.8314649009491799 0
outer loop
vertex 10.272170066833496 -37.19422912597656 1.7000000476837158
vertex 10.272170066833496 -37.19422912597656 0
vertex 10.418160438537598 -37.291778564453125 1.7000000476837158
endloop
endfacet
facet normal 0 0 -1
outer loop
vertex 10.418160438537598 -37.291778564453125 1.7000000476837158
vertex 10.515708923339844 -37.43777084350586 1.7000000476837158
vertex 10.418160438537598 -37.92817306518555 1.7000000476837158
endloop
endfacet
facet normal 0.9807842452687219 -0.1950955259165719 0
outer loop
vertex 9.68421745300293 -37.43777084350586 0
vertex 9.68421745300293 -37.43777084350586 1.7000000476837158
vertex 9.649962425231934 -37.60997772216797 0
endloop
endfacet
facet normal 0.5555622638012966 0.8314749371087372 0
outer loop
vertex 9.927755355834961 -36.75572204589844 0
vertex 9.78176498413086 -36.65817642211914 0
vertex 9.78176498413086 -36.65817642211914 1.7000000476837158
endloop
endfacet
facet normal -0.5555622638012966 0.8314749371087372 0
outer loop
vertex 10.418160438537598 -36.65817642211914 0
vertex 10.272170066833496 -36.75572204589844 0
vertex 10.272170066833496 -36.75572204589844 1.7000000476837158
endloop
endfacet
facet normal 0 0 -1
outer loop
vertex 10.099963188171387 -35.889976501464844 1.7000000476837158
vertex 9.927755355834961 -36.75572204589844 1.7000000476837158
vertex 9.927755355834961 -35.924232482910156 1.7000000476837158
endloop
endfacet
facet normal -0.9807852845629332 0.19509030110388895 0
outer loop
vertex 10.549962997436523 -36.3399772644043 1.7000000476837158
vertex 10.549962997436523 -36.3399772644043 0
vertex 10.515708923339844 -36.512184143066406 1.7000000476837158
endloop
endfacet
facet normal -0.9807852845629332 -0.19509030110388895 0
outer loop
vertex 10.515708923339844 -36.16777038574219 1.7000000476837158
vertex 10.515708923339844 -36.16777038574219 0
vertex 10.549962997436523 -36.3399772644043 1.7000000476837158
endloop
endfacet
facet normal 0.8314732719568675 -0.5555647559208026 0
outer loop
vertex 9.68421745300293 -36.16777038574219 1.7000000476837158
vertex 9.68421745300293 -36.16777038574219 0
vertex 9.78176498413086 -36.02177810668945 1.7000000476837158
endloop
endfacet
facet normal 0.5555622638012966 -0.8314749371087372 0
outer loop
vertex 9.78176498413086 -36.02177810668945 1.7000000476837158
vertex 9.78176498413086 -36.02177810668945 0
vertex 9.927755355834961 -35.924232482910156 1.7000000476837158
endloop
endfacet
facet normal 0.19509971138541468 -0.9807834126948354 0
outer loop
vertex 9.927755355834961 -35.924232482910156 1.7000000476837158
vertex 9.927755355834961 -35.924232482910156 0
vertex 10.099963188171387 -35.889976501464844 1.7000000476837158
endloop
endfacet
facet normal -0.5555622638012966 -0.8314749371087372 0
outer loop
vertex 10.272170066833496 -35.924232482910156 1.7000000476837158
vertex 10.272170066833496 -35.924232482910156 0
vertex 10.418160438537598 -36.02177810668945 1.7000000476837158
endloop
endfacet
facet normal -0.8314707629512766 -0.5555685109482196 0
outer loop
vertex 10.515708923339844 -36.16777038574219 0
vertex 10.515708923339844 -36.16777038574219 1.7000000476837158
vertex 10.418160438537598 -36.02177810668945 0
endloop
endfacet
facet normal -0.1951007507126451 -0.9807832059488795 0
outer loop
vertex 10.099963188171387 -35.889976501464844 1.7000000476837158
vertex 10.099963188171387 -35.889976501464844 0
vertex 10.272170066833496 -35.924232482910156 1.7000000476837158
endloop
endfacet
facet normal -0.8314707629512766 -0.5555685109482196 0
outer loop
vertex 10.418160438537598 -36.02177810668945 1.7000000476837158
vertex 10.418160438537598 -36.02177810668945 0
vertex 10.515708923339844 -36.16777038574219 1.7000000476837158
endloop
endfacet
facet normal 0.5555622638012966 0.8314749371087372 0
outer loop
vertex 9.927755355834961 -36.75572204589844 1.7000000476837158
vertex 9.927755355834961 -36.75572204589844 0
vertex 9.78176498413086 -36.65817642211914 1.7000000476837158
endloop
endfacet
facet normal 0.19509971138541468 0.9807834126948354 0
outer loop
vertex 10.099963188171387 -36.78997802734375 1.7000000476837158
vertex 10.099963188171387 -36.78997802734375 0
vertex 9.927755355834961 -36.75572204589844 1.7000000476837158
endloop
endfacet
facet normal 0 0 -1
outer loop
vertex 10.272170066833496 -36.75572204589844 1.7000000476837158
vertex 10.099963188171387 -36.78997802734375 1.7000000476837158
vertex 10.272170066833496 -35.924232482910156 1.7000000476837158
endloop
endfacet
facet normal 0 0 -1
outer loop
vertex 10.418160438537598 -36.65817642211914 1.7000000476837158
vertex 10.272170066833496 -36.75572204589844 1.7000000476837158
vertex 10.418160438537598 -36.02177810668945 1.7000000476837158
endloop
endfacet
facet normal 0 0 -1
outer loop
vertex 10.272170066833496 -35.924232482910156 1.7000000476837158
vertex 10.099963188171387 -36.78997802734375 1.7000000476837158
vertex 10.099963188171387 -35.889976501464844 1.7000000476837158
endloop
endfacet
facet normal 0 0 -1
outer loop
vertex 10.418160438537598 -36.02177810668945 1.7000000476837158
vertex 10.272170066833496 -36.75572204589844 1.7000000476837158
vertex 10.272170066833496 -35.924232482910156 1.7000000476837158
endloop
endfacet
facet normal 0 0 -1
outer loop
vertex 10.515708923339844 -36.512184143066406 1.7000000476837158
vertex 10.418160438537598 -36.65817642211914 1.7000000476837158
vertex 10.515708923339844 -36.16777038574219 1.7000000476837158
endloop
endfacet
facet normal 0.9807842452687219 0.1950955259165719 0
outer loop
vertex 9.68421745300293 -36.512184143066406 1.7000000476837158
vertex 9.68421745300293 -36.512184143066406 0
vertex 9.649962425231934 -36.3399772644043 1.7000000476837158
endloop
endfacet
facet normal 0.8314732719568675 0.5555647559208026 0
outer loop
vertex 9.78176498413086 -36.65817642211914 1.7000000476837158
vertex 9.78176498413086 -36.65817642211914 0
vertex 9.68421745300293 -36.512184143066406 1.7000000476837158
endloop
endfacet
facet normal 0 0 -1
outer loop
vertex 10.099963188171387 -36.78997802734375 1.7000000476837158
vertex 9.927755355834961 -36.75572204589844 1.7000000476837158
vertex 10.099963188171387 -35.889976501464844 1.7000000476837158
endloop
endfacet
facet normal 0 0 -1
outer loop
vertex 9.927755355834961 -36.75572204589844 1.7000000476837158
vertex 9.78176498413086 -36.65817642211914 1.7000000476837158
vertex 9.927755355834961 -35.924232482910156 1.7000000476837158
endloop
endfacet
facet normal 0 0 -1
outer loop
vertex 10.549962997436523 -36.3399772644043 1.7000000476837158
vertex 10.515708923339844 -36.512184143066406 1.7000000476837158
vertex 10.515708923339844 -36.16777038574219 1.7000000476837158
endloop
endfacet
facet normal 0 0 -1
outer loop
vertex 10.515708923339844 -36.16777038574219 1.7000000476837158
vertex 10.418160438537598 -36.65817642211914 1.7000000476837158
vertex 10.418160438537598 -36.02177810668945 1.7000000476837158
endloop
endfacet
facet normal -0.8314707629512766 0.5555685109482196 0
outer loop
vertex 10.515708923339844 -36.512184143066406 1.7000000476837158
vertex 10.515708923339844 -36.512184143066406 0
vertex 10.418160438537598 -36.65817642211914 1.7000000476837158
endloop
endfacet
facet normal 0.8314732719568675 -0.5555647559208026 0
outer loop
vertex 9.78176498413086 -36.02177810668945 0
vertex 9.78176498413086 -36.02177810668945 1.7000000476837158
vertex 9.68421745300293 -36.16777038574219 0
endloop
endfacet
facet normal 0.5555622638012966 -0.8314749371087372 0
outer loop
vertex 9.927755355834961 -35.924232482910156 0
vertex 9.927755355834961 -35.924232482910156 1.7000000476837158
vertex 9.78176498413086 -36.02177810668945 0
endloop
endfacet
facet normal 0 0 -1
outer loop
vertex 9.927755355834961 -35.924232482910156 1.7000000476837158
vertex 9.78176498413086 -36.65817642211914 1.7000000476837158
vertex 9.78176498413086 -36.02177810668945 1.7000000476837158
endloop
endfacet
facet normal 0.9807842452687219 -0.1950955259165719 0
outer loop
vertex 9.649962425231934 -36.3399772644043 1.7000000476837158
vertex 9.649962425231934 -36.3399772644043 0
vertex 9.68421745300293 -36.16777038574219 1.7000000476837158
endloop
endfacet
facet normal -0.9807852845629332 -0.19509030110388895 0
outer loop
vertex 10.515708923339844 -36.16777038574219 0
vertex 10.549962997436523 -36.3399772644043 0
vertex 10.549962997436523 -36.3399772644043 1.7000000476837158
endloop
endfacet
facet normal -0.9807852845629332 0.19509030110388895 0
outer loop
vertex 10.549962997436523 -36.3399772644043 0
vertex 10.515708923339844 -36.512184143066406 0
vertex 10.515708923339844 -36.512184143066406 1.7000000476837158
endloop
endfacet
facet normal 0 0 -1
outer loop
vertex 9.78176498413086 -36.65817642211914 1.7000000476837158
vertex 9.68421745300293 -36.512184143066406 1.7000000476837158
vertex 9.78176498413086 -36.02177810668945 1.7000000476837158
endloop
endfacet
facet normal 0.19509971138541468 -0.9807834126948354 0
outer loop
vertex 10.099963188171387 -35.889976501464844 0
vertex 10.099963188171387 -35.889976501464844 1.7000000476837158
vertex 9.927755355834961 -35.924232482910156 0
endloop
endfacet
facet normal 0 0 -1
outer loop
vertex 9.68421745300293 -36.512184143066406 1.7000000476837158
vertex 9.649962425231934 -36.3399772644043 1.7000000476837158
vertex 9.68421745300293 -36.16777038574219 1.7000000476837158
endloop
endfacet
facet normal -0.5555622638012966 -0.8314749371087372 0
outer loop
vertex 10.418160438537598 -36.02177810668945 0
vertex 10.418160438537598 -36.02177810668945 1.7000000476837158
vertex 10.272170066833496 -35.924232482910156 0
endloop
endfacet
facet normal -0.8314707629512766 0.5555685109482196 0
outer loop
vertex 10.515708923339844 -36.512184143066406 0
vertex 10.418160438537598 -36.65817642211914 0
vertex 10.418160438537598 -36.65817642211914 1.7000000476837158
endloop
endfacet
facet normal 0 0 -1
outer loop
vertex 9.68421745300293 -36.512184143066406 1.7000000476837158
vertex 9.68421745300293 -36.16777038574219 1.7000000476837158
vertex 9.78176498413086 -36.02177810668945 1.7000000476837158
endloop
endfacet
facet normal -0.1951007507126451 0.9807832059488795 0
outer loop
vertex 10.272170066833496 -36.75572204589844 0
vertex 10.099963188171387 -36.78997802734375 0
vertex 10.099963188171387 -36.78997802734375 1.7000000476837158
endloop
endfacet
facet normal -0.1951007507126451 0.9807832059488795 0
outer loop
vertex 10.272170066833496 -36.75572204589844 1.7000000476837158
vertex 10.272170066833496 -36.75572204589844 0
vertex 10.099963188171387 -36.78997802734375 1.7000000476837158
endloop
endfacet
facet normal -0.5555622638012966 0.8314749371087372 0
outer loop
vertex 10.418160438537598 -36.65817642211914 1.7000000476837158
vertex 10.418160438537598 -36.65817642211914 0
vertex 10.272170066833496 -36.75572204589844 1.7000000476837158
endloop
endfacet
facet normal -0.1951007507126451 -0.9807832059488795 0
outer loop
vertex 10.272170066833496 -35.924232482910156 0
vertex 10.272170066833496 -35.924232482910156 1.7000000476837158
vertex 10.099963188171387 -35.889976501464844 0
endloop
endfacet
facet normal 0.9807842452687219 -0.1950955259165719 0
outer loop
vertex 9.68421745300293 -36.16777038574219 0
vertex 9.68421745300293 -36.16777038574219 1.7000000476837158
vertex 9.649962425231934 -36.3399772644043 0
endloop
endfacet
facet normal 0.9807842452687219 0.1950955259165719 0
outer loop
vertex 9.649962425231934 -36.3399772644043 0
vertex 9.649962425231934 -36.3399772644043 1.7000000476837158
vertex 9.68421745300293 -36.512184143066406 0
endloop
endfacet
facet normal 0.8314732719568675 0.5555647559208026 0
outer loop
vertex 9.68421745300293 -36.512184143066406 0
vertex 9.68421745300293 -36.512184143066406 1.7000000476837158
vertex 9.78176498413086 -36.65817642211914 0
endloop
endfacet
facet normal 0.19509971138541468 0.9807834126948354 0
outer loop
vertex 10.099963188171387 -36.78997802734375 0
vertex 9.927755355834961 -36.75572204589844 0
vertex 9.927755355834961 -36.75572204589844 1.7000000476837158
endloop
endfacet
facet normal -0.1950986720690384 0.9807836194374872 0
outer loop
vertex 29.271879196166992 -36.75572204589844 1.7000000476837158
vertex 29.271879196166992 -36.75572204589844 0
vertex 29.09967041015625 -36.78997802734375 1.7000000476837158
endloop
endfacet
facet normal 0.8314732719568675 -0.5555647559208026 0
outer loop
vertex 28.68392562866211 -36.16777038574219 1.7000000476837158
vertex 28.68392562866211 -36.16777038574219 0
vertex 28.78147315979004 -36.02177810668945 1.7000000476837158
endloop
endfacet
facet normal -0.5555622638012966 0.8314749371087372 0
outer loop
vertex 29.417869567871094 -36.65817642211914 0
vertex 29.271879196166992 -36.75572204589844 0
vertex 29.271879196166992 -36.75572204589844 1.7000000476837158
endloop
endfacet
facet normal 0.8314732719568675 -0.5555647559208026 0
outer loop
vertex 28.78147315979004 -36.02177810668945 0
vertex 28.78147315979004 -36.02177810668945 1.7000000476837158
vertex 28.68392562866211 -36.16777038574219 0
endloop
endfacet
facet normal 0.5555622638012966 -0.8314749371087372 0
outer loop
vertex 28.92746353149414 -35.924232482910156 0
vertex 28.92746353149414 -35.924232482910156 1.7000000476837158
vertex 28.78147315979004 -36.02177810668945 0
endloop
endfacet
facet normal -0.1950986720690384 0.9807836194374872 0
outer loop
vertex 29.271879196166992 -36.75572204589844 0
vertex 29.09967041015625 -36.78997802734375 0
vertex 29.09967041015625 -36.78997802734375 1.7000000476837158
endloop
endfacet
facet normal 0.1951007507126451 0.9807832059488795 0
outer loop
vertex 29.09967041015625 -36.78997802734375 0
vertex 28.92746353149414 -36.75572204589844 0
vertex 28.92746353149414 -36.75572204589844 1.7000000476837158
endloop
endfacet
facet normal 0.5555622638012966 0.8314749371087372 0
outer loop
vertex 28.92746353149414 -36.75572204589844 0
vertex 28.78147315979004 -36.65817642211914 0
vertex 28.78147315979004 -36.65817642211914 1.7000000476837158
endloop
endfacet
facet normal 0.9807852845629332 -0.19509030110388895 0
outer loop
vertex 28.68392562866211 -36.16777038574219 0
vertex 28.68392562866211 -36.16777038574219 1.7000000476837158
vertex 28.64967155456543 -36.3399772644043 0
endloop
endfacet
facet normal 0.9807852845629332 0.19509030110388895 0
outer loop
vertex 28.64967155456543 -36.3399772644043 0
vertex 28.64967155456543 -36.3399772644043 1.7000000476837158
vertex 28.68392562866211 -36.512184143066406 0
endloop
endfacet
facet normal 0.1951007507126451 -0.9807832059488795 0
outer loop
vertex 29.09967041015625 -35.889976501464844 0
vertex 29.09967041015625 -35.889976501464844 1.7000000476837158
vertex 28.92746353149414 -35.924232482910156 0
endloop
endfacet
facet normal -0.1950986720690384 -0.9807836194374872 0
outer loop
vertex 29.09967041015625 -35.889976501464844 0
vertex 29.271879196166992 -35.924232482910156 0
vertex 29.271879196166992 -35.924232482910156 1.7000000476837158
endloop
endfacet
facet normal 0 0 -1
outer loop
vertex 29.549671173095703 -36.3399772644043 1.7000000476837158
vertex 29.515417098999023 -36.512184143066406 1.7000000476837158
vertex 29.515417098999023 -36.16777038574219 1.7000000476837158
endloop
endfacet
facet normal 0.8314732719568675 0.5555647559208026 0
outer loop
vertex 28.78147315979004 -36.65817642211914 1.7000000476837158
vertex 28.78147315979004 -36.65817642211914 0
vertex 28.68392562866211 -36.512184143066406 1.7000000476837158
endloop
endfacet
facet normal 0.9807852845629332 0.19509030110388895 0
outer loop
vertex 28.68392562866211 -36.512184143066406 1.7000000476837158
vertex 28.68392562866211 -36.512184143066406 0
vertex 28.64967155456543 -36.3399772644043 1.7000000476837158
endloop
endfacet
facet normal 0.9807852845629332 -0.19509030110388895 0
outer loop
vertex 28.64967155456543 -36.3399772644043 1.7000000476837158
vertex 28.64967155456543 -36.3399772644043 0
vertex 28.68392562866211 -36.16777038574219 1.7000000476837158
endloop
endfacet
facet normal 0.8314732719568675 0.5555647559208026 0
outer loop
vertex 28.78147315979004 -36.65817642211914 0
vertex 28.68392562866211 -36.512184143066406 0
vertex 28.68392562866211 -36.512184143066406 1.7000000476837158
endloop
endfacet
facet normal 0.5555622638012966 0.8314749371087372 0
outer loop
vertex 28.92746353149414 -36.75572204589844 1.7000000476837158
vertex 28.92746353149414 -36.75572204589844 0
vertex 28.78147315979004 -36.65817642211914 1.7000000476837158
endloop
endfacet
facet normal 0.1951007507126451 0.9807832059488795 0
outer loop
vertex 29.09967041015625 -36.78997802734375 1.7000000476837158
vertex 29.09967041015625 -36.78997802734375 0
vertex 28.92746353149414 -36.75572204589844 1.7000000476837158
endloop
endfacet
facet normal 0.1951007507126451 -0.9807832059488795 0
outer loop
vertex 28.92746353149414 -35.924232482910156 1.7000000476837158
vertex 28.92746353149414 -35.924232482910156 0
vertex 29.09967041015625 -35.889976501464844 1.7000000476837158
endloop
endfacet
facet normal -0.5555622638012966 -0.8314749371087372 0
outer loop
vertex 29.271879196166992 -35.924232482910156 1.7000000476837158
vertex 29.271879196166992 -35.924232482910156 0
vertex 29.417869567871094 -36.02177810668945 1.7000000476837158
endloop
endfacet
facet normal -0.1950986720690384 -0.9807836194374872 0
outer loop
vertex 29.09967041015625 -35.889976501464844 1.7000000476837158
vertex 29.09967041015625 -35.889976501464844 0
vertex 29.271879196166992 -35.924232482910156 1.7000000476837158
endloop
endfacet
facet normal 0 0 -1
outer loop
vertex 29.515417098999023 -36.512184143066406 1.7000000476837158
vertex 29.417869567871094 -36.65817642211914 1.7000000476837158
vertex 29.515417098999023 -36.16777038574219 1.7000000476837158
endloop
endfacet
facet normal 0 0 -1
outer loop
vertex 29.417869567871094 -36.65817642211914 1.7000000476837158
vertex 29.271879196166992 -36.75572204589844 1.7000000476837158
vertex 29.417869567871094 -36.02177810668945 1.7000000476837158
endloop
endfacet
facet normal 0 0 -1
outer loop
vertex 29.417869567871094 -36.02177810668945 1.7000000476837158
vertex 29.271879196166992 -36.75572204589844 1.7000000476837158
vertex 29.271879196166992 -35.924232482910156 1.7000000476837158
endloop
endfacet
facet normal 0 0 -1
outer loop
vertex 29.09967041015625 -35.889976501464844 1.7000000476837158
vertex 29.271879196166992 -35.924232482910156 1.7000000476837158
vertex 29.09967041015625 -36.78997802734375 1.7000000476837158
endloop
endfacet
facet normal 0 0 -1
outer loop
vertex 29.271879196166992 -36.75572204589844 1.7000000476837158
vertex 29.09967041015625 -36.78997802734375 1.7000000476837158
vertex 29.271879196166992 -35.924232482910156 1.7000000476837158
endloop
endfacet
facet normal -0.9807852845629332 0.19509030110388895 0
outer loop
vertex 29.549671173095703 -36.3399772644043 0
vertex 29.515417098999023 -36.512184143066406 0
vertex 29.515417098999023 -36.512184143066406 1.7000000476837158
endloop
endfacet
facet normal -0.9807852845629332 -0.19509030110388895 0
outer loop
vertex 29.515417098999023 -36.16777038574219 0
vertex 29.549671173095703 -36.3399772644043 0
vertex 29.549671173095703 -36.3399772644043 1.7000000476837158
endloop
endfacet
facet normal -0.5555622638012966 -0.8314749371087372 0
outer loop
vertex 29.417869567871094 -36.02177810668945 0
vertex 29.417869567871094 -36.02177810668945 1.7000000476837158
vertex 29.271879196166992 -35.924232482910156 0
endloop
endfacet
facet normal -0.8314732719568675 -0.5555647559208026 0
outer loop
vertex 29.417869567871094 -36.02177810668945 0
vertex 29.515417098999023 -36.16777038574219 0
vertex 29.515417098999023 -36.16777038574219 1.7000000476837158
endloop
endfacet
facet normal 0.5555622638012966 -0.8314749371087372 0
outer loop
vertex 28.78147315979004 -36.02177810668945 1.7000000476837158
vertex 28.78147315979004 -36.02177810668945 0
vertex 28.92746353149414 -35.924232482910156 1.7000000476837158
endloop
endfacet
facet normal -0.5555622638012966 0.8314749371087372 0
outer loop
vertex 29.417869567871094 -36.65817642211914 1.7000000476837158
vertex 29.417869567871094 -36.65817642211914 0
vertex 29.271879196166992 -36.75572204589844 1.7000000476837158
endloop
endfacet
facet normal -0.8314732719568675 0.5555647559208026 0
outer loop
vertex 29.515417098999023 -36.512184143066406 1.7000000476837158
vertex 29.515417098999023 -36.512184143066406 0
vertex 29.417869567871094 -36.65817642211914 1.7000000476837158
endloop
endfacet
facet normal -0.9807852845629332 0.19509030110388895 0
outer loop
vertex 29.549671173095703 -36.3399772644043 1.7000000476837158
vertex 29.549671173095703 -36.3399772644043 0
vertex 29.515417098999023 -36.512184143066406 1.7000000476837158
endloop
endfacet
facet normal 0 0 -1
outer loop
vertex 29.09967041015625 -35.889976501464844 1.7000000476837158
vertex 28.92746353149414 -36.75572204589844 1.7000000476837158
vertex 28.92746353149414 -35.924232482910156 1.7000000476837158
endloop
endfacet
facet normal -0.9807852845629332 -0.19509030110388895 0
outer loop
vertex 29.515417098999023 -36.16777038574219 1.7000000476837158
vertex 29.515417098999023 -36.16777038574219 0
vertex 29.549671173095703 -36.3399772644043 1.7000000476837158
endloop
endfacet
facet normal 0 0 -1
outer loop
vertex 28.92746353149414 -35.924232482910156 1.7000000476837158
vertex 28.78147315979004 -36.65817642211914 1.7000000476837158
vertex 28.78147315979004 -36.02177810668945 1.7000000476837158
endloop
endfacet
facet normal -0.8314732719568675 -0.5555647559208026 0
outer loop
vertex 29.417869567871094 -36.02177810668945 1.7000000476837158
vertex 29.417869567871094 -36.02177810668945 0
vertex 29.515417098999023 -36.16777038574219 1.7000000476837158
endloop
endfacet
facet normal 0 0 -1
outer loop
vertex 29.09967041015625 -36.78997802734375 1.7000000476837158
vertex 28.92746353149414 -36.75572204589844 1.7000000476837158
vertex 29.09967041015625 -35.889976501464844 1.7000000476837158
endloop
endfacet
facet normal 0 0 -1
outer loop
vertex 28.92746353149414 -36.75572204589844 1.7000000476837158
vertex 28.78147315979004 -36.65817642211914 1.7000000476837158
vertex 28.92746353149414 -35.924232482910156 1.7000000476837158
endloop
endfacet
facet normal 0 0 -1
outer loop
vertex 28.78147315979004 -36.02177810668945 1.7000000476837158
vertex 28.68392562866211 -36.512184143066406 1.7000000476837158
vertex 28.68392562866211 -36.16777038574219 1.7000000476837158
endloop
endfacet
facet normal 0 0 -1
outer loop
vertex 28.78147315979004 -36.65817642211914 1.7000000476837158
vertex 28.68392562866211 -36.512184143066406 1.7000000476837158
vertex 28.78147315979004 -36.02177810668945 1.7000000476837158
endloop
endfacet
facet normal 0 0 -1
outer loop
vertex 28.68392562866211 -36.512184143066406 1.7000000476837158
vertex 28.64967155456543 -36.3399772644043 1.7000000476837158
vertex 28.68392562866211 -36.16777038574219 1.7000000476837158
endloop
endfacet
facet normal -0.8314732719568675 0.5555647559208026 0
outer loop
vertex 29.515417098999023 -36.512184143066406 0
vertex 29.417869567871094 -36.65817642211914 0
vertex 29.417869567871094 -36.65817642211914 1.7000000476837158
endloop
endfacet
facet normal 0 0 -1
outer loop
vertex 29.417869567871094 -36.02177810668945 1.7000000476837158
vertex 29.515417098999023 -36.16777038574219 1.7000000476837158
vertex 29.417869567871094 -36.65817642211914 1.7000000476837158
endloop
endfacet
facet normal 0.5555772839934787 0.8314649009491799 0
outer loop
vertex 28.92746353149414 -38.02572250366211 0
vertex 28.78147315979004 -37.92817306518555 0
vertex 28.78147315979004 -37.92817306518555 1.7000000476837158
endloop
endfacet
facet normal 0 0 -1
outer loop
vertex 29.09967041015625 -37.159976959228516 1.7000000476837158
vertex 28.92746353149414 -38.02572250366211 1.7000000476837158
vertex 28.92746353149414 -37.19422912597656 1.7000000476837158
endloop
endfacet
facet normal 0.9807852845629332 0.19509030110388895 0
outer loop
vertex 28.68392562866211 -37.78218460083008 1.7000000476837158
vertex 28.68392562866211 -37.78218460083008 0
vertex 28.64967155456543 -37.60997772216797 1.7000000476837158
endloop
endfacet
facet normal 0.8314665660174577 0.5555747920803612 0
outer loop
vertex 28.78147315979004 -37.92817306518555 1.7000000476837158
vertex 28.78147315979004 -37.92817306518555 0
vertex 28.68392562866211 -37.78218460083008 1.7000000476837158
endloop
endfacet
facet normal 0.9807852845629332 -0.19509030110388895 0
outer loop
vertex 28.68392562866211 -37.43777084350586 0
vertex 28.68392562866211 -37.43777084350586 1.7000000476837158
vertex 28.64967155456543 -37.60997772216797 0
endloop
endfacet
facet normal 0.8314732719568675 -0.5555647559208026 0
outer loop
vertex 28.78147315979004 -37.291778564453125 0
vertex 28.78147315979004 -37.291778564453125 1.7000000476837158
vertex 28.68392562866211 -37.43777084350586 0
endloop
endfacet
facet normal 0.8314732719568675 -0.5555647559208026 0
outer loop
vertex 28.68392562866211 -37.43777084350586 1.7000000476837158
vertex 28.68392562866211 -37.43777084350586 0
vertex 28.78147315979004 -37.291778564453125 1.7000000476837158
endloop
endfacet
facet normal -0.5555772839934787 -0.8314649009491799 0
outer loop
vertex 29.417869567871094 -37.291778564453125 0
vertex 29.417869567871094 -37.291778564453125 1.7000000476837158
vertex 29.271879196166992 -37.19422912597656 0
endloop
endfacet
facet normal 0.5555772839934787 0.8314649009491799 0
outer loop
vertex 28.92746353149414 -38.02572250366211 1.7000000476837158
vertex 28.92746353149414 -38.02572250366211 0
vertex 28.78147315979004 -37.92817306518555 1.7000000476837158
endloop
endfacet
facet normal 0.5555772839934787 -0.8314649009491799 0
outer loop
vertex 28.78147315979004 -37.291778564453125 1.7000000476837158
vertex 28.78147315979004 -37.291778564453125 0
vertex 28.92746353149414 -37.19422912597656 1.7000000476837158
endloop
endfacet
facet normal -0.8314732719568675 -0.5555647559208026 0
outer loop
vertex 29.417869567871094 -37.291778564453125 0
vertex 29.515417098999023 -37.43777084350586 0
vertex 29.515417098999023 -37.43777084350586 1.7000000476837158
endloop
endfacet
facet normal -0.9807852845629332 -0.19509030110388895 0
outer loop
vertex 29.515417098999023 -37.43777084350586 0
vertex 29.549671173095703 -37.60997772216797 0
vertex 29.549671173095703 -37.60997772216797 1.7000000476837158
endloop
endfacet
facet normal -0.1950986720690384 0.9807836194374872 0
outer loop
vertex 29.271879196166992 -38.02572250366211 1.7000000476837158
vertex 29.271879196166992 -38.02572250366211 0
vertex 29.09967041015625 -38.05997848510742 1.7000000476837158
endloop
endfacet
facet normal -0.9807852845629332 0.19509030110388895 0
outer loop
vertex 29.549671173095703 -37.60997772216797 0
vertex 29.515417098999023 -37.78218460083008 0
vertex 29.515417098999023 -37.78218460083008 1.7000000476837158
endloop
endfacet
facet normal 0.1951007507126451 0.9807832059488795 0
outer loop
vertex 29.09967041015625 -38.05997848510742 1.7000000476837158
vertex 29.09967041015625 -38.05997848510742 0
vertex 28.92746353149414 -38.02572250366211 1.7000000476837158
endloop
endfacet
facet normal -0.5555772839934787 -0.8314649009491799 0
outer loop
vertex 29.271879196166992 -37.19422912597656 1.7000000476837158
vertex 29.271879196166992 -37.19422912597656 0
vertex 29.417869567871094 -37.291778564453125 1.7000000476837158
endloop
endfacet
facet normal -0.8314665660174577 0.5555747920803612 0
outer loop
vertex 29.515417098999023 -37.78218460083008 0
vertex 29.417869567871094 -37.92817306518555 0
vertex 29.417869567871094 -37.92817306518555 1.7000000476837158
endloop
endfacet
facet normal 0 0 -1
outer loop
vertex 29.271879196166992 -37.19422912597656 1.7000000476837158
vertex 29.09967041015625 -38.05997848510742 1.7000000476837158
vertex 29.09967041015625 -37.159976959228516 1.7000000476837158
endloop
endfacet
facet normal -0.5555772839934787 0.8314649009491799 0
outer loop
vertex 29.417869567871094 -37.92817306518555 1.7000000476837158
vertex 29.417869567871094 -37.92817306518555 0
vertex 29.271879196166992 -38.02572250366211 1.7000000476837158
endloop
endfacet
facet normal 0.1950798514286955 -0.9807873630744628 0
outer loop
vertex 28.92746353149414 -37.19422912597656 1.7000000476837158
vertex 28.92746353149414 -37.19422912597656 0
vertex 29.09967041015625 -37.159976959228516 1.7000000476837158
endloop
endfacet
facet normal -0.19507777299013523 -0.9807877764762413 0
outer loop
vertex 29.09967041015625 -37.159976959228516 1.7000000476837158
vertex 29.09967041015625 -37.159976959228516 0
vertex 29.271879196166992 -37.19422912597656 1.7000000476837158
endloop
endfacet
facet normal -0.8314665660174577 0.5555747920803612 0
outer loop
vertex 29.515417098999023 -37.78218460083008 1.7000000476837158
vertex 29.515417098999023 -37.78218460083008 0
vertex 29.417869567871094 -37.92817306518555 1.7000000476837158
endloop
endfacet
facet normal 0 0 -1
outer loop
vertex 29.417869567871094 -37.291778564453125 1.7000000476837158
vertex 29.515417098999023 -37.43777084350586 1.7000000476837158
vertex 29.417869567871094 -37.92817306518555 1.7000000476837158
endloop
endfacet
facet normal -0.9807852845629332 0.19509030110388895 0
outer loop
vertex 29.549671173095703 -37.60997772216797 1.7000000476837158
vertex 29.549671173095703 -37.60997772216797 0
vertex 29.515417098999023 -37.78218460083008 1.7000000476837158
endloop
endfacet
facet normal 0 0 -1
outer loop
vertex 29.549671173095703 -37.60997772216797 1.7000000476837158
vertex 29.515417098999023 -37.78218460083008 1.7000000476837158
vertex 29.515417098999023 -37.43777084350586 1.7000000476837158
endloop
endfacet
facet normal 0 0 -1
outer loop
vertex 29.515417098999023 -37.78218460083008 1.7000000476837158
vertex 29.417869567871094 -37.92817306518555 1.7000000476837158
vertex 29.515417098999023 -37.43777084350586 1.7000000476837158
endloop
endfacet
facet normal 0 0 -1
outer loop
vertex 29.417869567871094 -37.92817306518555 1.7000000476837158
vertex 29.271879196166992 -38.02572250366211 1.7000000476837158
vertex 29.417869567871094 -37.291778564453125 1.7000000476837158
endloop
endfacet
facet normal -0.19507777299013523 -0.9807877764762413 0
outer loop
vertex 29.271879196166992 -37.19422912597656 0
vertex 29.271879196166992 -37.19422912597656 1.7000000476837158
vertex 29.09967041015625 -37.159976959228516 0
endloop
endfacet
facet normal -0.8314732719568675 -0.5555647559208026 0
outer loop
vertex 29.417869567871094 -37.291778564453125 1.7000000476837158
vertex 29.417869567871094 -37.291778564453125 0
vertex 29.515417098999023 -37.43777084350586 1.7000000476837158
endloop
endfacet
facet normal -0.9807852845629332 -0.19509030110388895 0
outer loop
vertex 29.515417098999023 -37.43777084350586 1.7000000476837158
vertex 29.515417098999023 -37.43777084350586 0
vertex 29.549671173095703 -37.60997772216797 1.7000000476837158
endloop
endfacet
facet normal 0.1951007507126451 0.9807832059488795 0
outer loop
vertex 29.09967041015625 -38.05997848510742 0
vertex 28.92746353149414 -38.02572250366211 0
vertex 28.92746353149414 -38.02572250366211 1.7000000476837158
endloop
endfacet
facet normal -0.1950986720690384 0.9807836194374872 0
outer loop
vertex 29.271879196166992 -38.02572250366211 0
vertex 29.09967041015625 -38.05997848510742 0
vertex 29.09967041015625 -38.05997848510742 1.7000000476837158
endloop
endfacet
facet normal 0.1950798514286955 -0.9807873630744628 0
outer loop
vertex 29.09967041015625 -37.159976959228516 0
vertex 29.09967041015625 -37.159976959228516 1.7000000476837158
vertex 28.92746353149414 -37.19422912597656 0
endloop
endfacet
facet normal 0.5555772839934787 -0.8314649009491799 0
outer loop
vertex 28.92746353149414 -37.19422912597656 0
vertex 28.92746353149414 -37.19422912597656 1.7000000476837158
vertex 28.78147315979004 -37.291778564453125 0
endloop
endfacet
facet normal -0.5555772839934787 0.8314649009491799 0
outer loop
vertex 29.417869567871094 -37.92817306518555 0
vertex 29.271879196166992 -38.02572250366211 0
vertex 29.271879196166992 -38.02572250366211 1.7000000476837158
endloop
endfacet
facet normal 0.8314665660174577 0.5555747920803612 0
outer loop
vertex 28.78147315979004 -37.92817306518555 0
vertex 28.68392562866211 -37.78218460083008 0
vertex 28.68392562866211 -37.78218460083008 1.7000000476837158
endloop
endfacet
facet normal 0.9807852845629332 0.19509030110388895 0
outer loop
vertex 28.64967155456543 -37.60997772216797 0
vertex 28.64967155456543 -37.60997772216797 1.7000000476837158
vertex 28.68392562866211 -37.78218460083008 0
endloop
endfacet
facet normal 0 0 -1
outer loop
vertex 29.271879196166992 -38.02572250366211 1.7000000476837158
vertex 29.271879196166992 -37.19422912597656 1.7000000476837158
vertex 29.417869567871094 -37.291778564453125 1.7000000476837158
endloop
endfacet
facet normal 0 0 -1
outer loop
vertex 28.78147315979004 -37.92817306518555 1.7000000476837158
vertex 28.68392562866211 -37.78218460083008 1.7000000476837158
vertex 28.78147315979004 -37.291778564453125 1.7000000476837158
endloop
endfacet
facet normal 0 0 -1
outer loop
vertex 28.68392562866211 -37.78218460083008 1.7000000476837158
vertex 28.64967155456543 -37.60997772216797 1.7000000476837158
vertex 28.68392562866211 -37.43777084350586 1.7000000476837158
endloop
endfacet
facet normal 0 0 -1
outer loop
vertex 28.78147315979004 -37.291778564453125 1.7000000476837158
vertex 28.68392562866211 -37.78218460083008 1.7000000476837158
vertex 28.68392562866211 -37.43777084350586 1.7000000476837158
endloop
endfacet
facet normal 0 0 -1
outer loop
vertex 28.92746353149414 -38.02572250366211 1.7000000476837158
vertex 28.78147315979004 -37.92817306518555 1.7000000476837158
vertex 28.92746353149414 -37.19422912597656 1.7000000476837158
endloop
endfacet
facet normal 0 0 -1
outer loop
vertex 29.09967041015625 -38.05997848510742 1.7000000476837158
vertex 28.92746353149414 -38.02572250366211 1.7000000476837158
vertex 29.09967041015625 -37.159976959228516 1.7000000476837158
endloop
endfacet
facet normal 0 0 -1
outer loop
vertex 29.271879196166992 -38.02572250366211 1.7000000476837158
vertex 29.09967041015625 -38.05997848510742 1.7000000476837158
vertex 29.271879196166992 -37.19422912597656 1.7000000476837158
endloop
endfacet
facet normal 0 0 -1
outer loop
vertex 28.92746353149414 -37.19422912597656 1.7000000476837158
vertex 28.78147315979004 -37.92817306518555 1.7000000476837158
vertex 28.78147315979004 -37.291778564453125 1.7000000476837158
endloop
endfacet
facet normal 0.9807852845629332 -0.19509030110388895 0
outer loop
vertex 28.64967155456543 -37.60997772216797 1.7000000476837158
vertex 28.64967155456543 -37.60997772216797 0
vertex 28.68392562866211 -37.43777084350586 1.7000000476837158
endloop
endfacet
facet normal 0.9807852845629332 0.19509030110388895 0
outer loop
vertex 28.68392562866211 -39.05218505859375 1.7000000476837158
vertex 28.68392562866211 -39.05218505859375 0
vertex 28.64967155456543 -38.87997817993164 1.7000000476837158
endloop
endfacet
facet normal -0.9807852845629332 0.19509030110388895 0
outer loop
vertex 29.549671173095703 -38.87997817993164 1.7000000476837158
vertex 29.549671173095703 -38.87997817993164 0
vertex 29.515417098999023 -39.05218505859375 1.7000000476837158
endloop
endfacet
facet normal 0 0 -1
outer loop
vertex 29.417869567871094 -38.5617790222168 1.7000000476837158
vertex 29.515417098999023 -38.707767486572266 1.7000000476837158
vertex 29.417869567871094 -39.19817352294922 1.7000000476837158
endloop
endfacet
facet normal 0 0 -1
outer loop
vertex 29.515417098999023 -39.05218505859375 1.7000000476837158
vertex 29.417869567871094 -39.19817352294922 1.7000000476837158
vertex 29.515417098999023 -38.707767486572266 1.7000000476837158
endloop
endfacet
facet normal 0 0 -1
outer loop
vertex 29.417869567871094 -39.19817352294922 1.7000000476837158
vertex 29.271879196166992 -39.29572296142578 1.7000000476837158
vertex 29.417869567871094 -38.5617790222168 1.7000000476837158
endloop
endfacet
facet normal 0 0 -1
outer loop
vertex 28.92746353149414 -38.464229583740234 1.7000000476837158
vertex 28.78147315979004 -39.19817352294922 1.7000000476837158
vertex 28.78147315979004 -38.5617790222168 1.7000000476837158
endloop
endfacet
facet normal 0 0 -1
outer loop
vertex 29.271879196166992 -38.464229583740234 1.7000000476837158
vertex 29.09967041015625 -39.32997512817383 1.7000000476837158
vertex 29.09967041015625 -38.42997741699219 1.7000000476837158
endloop
endfacet
facet normal -0.8314665660174577 -0.5555747920803612 0
outer loop
vertex 29.417869567871094 -38.5617790222168 0
vertex 29.515417098999023 -38.707767486572266 0
vertex 29.515417098999023 -38.707767486572266 1.7000000476837158
endloop
endfacet
facet normal -0.5555772839934787 -0.8314649009491799 0
outer loop
vertex 29.417869567871094 -38.5617790222168 0
vertex 29.417869567871094 -38.5617790222168 1.7000000476837158
vertex 29.271879196166992 -38.464229583740234 0
endloop
endfacet
facet normal -0.9807861114401027 -0.19508614406513386 0
outer loop
vertex 29.515417098999023 -38.707767486572266 0
vertex 29.549671173095703 -38.87997817993164 0
vertex 29.549671173095703 -38.87997817993164 1.7000000476837158
endloop
endfacet
facet normal -0.9807852845629332 0.19509030110388895 0
outer loop
vertex 29.549671173095703 -38.87997817993164 0
vertex 29.515417098999023 -39.05218505859375 0
vertex 29.515417098999023 -39.05218505859375 1.7000000476837158
endloop
endfacet
facet normal -0.8314665660174577 0.5555747920803612 0
outer loop
vertex 29.515417098999023 -39.05218505859375 0
vertex 29.417869567871094 -39.19817352294922 0
vertex 29.417869567871094 -39.19817352294922 1.7000000476837158
endloop
endfacet
facet normal -0.19507777299013523 -0.9807877764762413 0
outer loop
vertex 29.271879196166992 -38.464229583740234 0
vertex 29.271879196166992 -38.464229583740234 1.7000000476837158
vertex 29.09967041015625 -38.42997741699219 0
endloop
endfacet
facet normal 0 0 -1
outer loop
vertex 29.271879196166992 -39.29572296142578 1.7000000476837158
vertex 29.271879196166992 -38.464229583740234 1.7000000476837158
vertex 29.417869567871094 -38.5617790222168 1.7000000476837158
endloop
endfacet
facet normal 0.1950798514286955 -0.9807873630744628 0
outer loop
vertex 29.09967041015625 -38.42997741699219 0
vertex 29.09967041015625 -38.42997741699219 1.7000000476837158
vertex 28.92746353149414 -38.464229583740234 0
endloop
endfacet
facet normal 0.8314665660174577 0.5555747920803612 0
outer loop
vertex 28.78147315979004 -39.19817352294922 1.7000000476837158
vertex 28.78147315979004 -39.19817352294922 0
vertex 28.68392562866211 -39.05218505859375 1.7000000476837158
endloop
endfacet
facet normal 0 0 -1
outer loop
vertex 28.78147315979004 -38.5617790222168 1.7000000476837158
vertex 28.68392562866211 -39.05218505859375 1.7000000476837158
vertex 28.68392562866211 -38.707767486572266 1.7000000476837158
endloop
endfacet
facet normal 0 0 -1
outer loop
vertex 28.68392562866211 -39.05218505859375 1.7000000476837158
vertex 28.64967155456543 -38.87997817993164 1.7000000476837158
vertex 28.68392562866211 -38.707767486572266 1.7000000476837158
endloop
endfacet
facet normal 0 0 -1
outer loop
vertex 28.78147315979004 -39.19817352294922 1.7000000476837158
vertex 28.68392562866211 -39.05218505859375 1.7000000476837158
vertex 28.78147315979004 -38.5617790222168 1.7000000476837158
endloop
endfacet
facet normal 0 0 -1
outer loop
vertex 29.271879196166992 -39.29572296142578 1.7000000476837158
vertex 29.09967041015625 -39.32997512817383 1.7000000476837158
vertex 29.271879196166992 -38.464229583740234 1.7000000476837158
endloop
endfacet
facet normal 0 0 -1
outer loop
vertex 29.09967041015625 -39.32997512817383 1.7000000476837158
vertex 28.92746353149414 -39.29572296142578 1.7000000476837158
vertex 29.09967041015625 -38.42997741699219 1.7000000476837158
endloop
endfacet
facet normal 0 0 -1
outer loop
vertex 28.92746353149414 -39.29572296142578 1.7000000476837158
vertex 28.78147315979004 -39.19817352294922 1.7000000476837158
vertex 28.92746353149414 -38.464229583740234 1.7000000476837158
endloop
endfacet
facet normal 0.5555772839934787 -0.8314649009491799 0
outer loop
vertex 28.92746353149414 -38.464229583740234 0
vertex 28.92746353149414 -38.464229583740234 1.7000000476837158
vertex 28.78147315979004 -38.5617790222168 0
endloop
endfacet
facet normal 0.8314665660174577 -0.5555747920803612 0
outer loop
vertex 28.78147315979004 -38.5617790222168 0
vertex 28.78147315979004 -38.5617790222168 1.7000000476837158
vertex 28.68392562866211 -38.707767486572266 0
endloop
endfacet
facet normal 0.9807861114401027 -0.19508614406513386 0
outer loop
vertex 28.68392562866211 -38.707767486572266 0
vertex 28.68392562866211 -38.707767486572266 1.7000000476837158
vertex 28.64967155456543 -38.87997817993164 0
endloop
endfacet
facet normal 0.9807852845629332 0.19509030110388895 0
outer loop
vertex 28.64967155456543 -38.87997817993164 0
vertex 28.64967155456543 -38.87997817993164 1.7000000476837158
vertex 28.68392562866211 -39.05218505859375 0
endloop
endfacet
facet normal -0.5555772839934787 0.8314649009491799 0
outer loop
vertex 29.417869567871094 -39.19817352294922 0
vertex 29.271879196166992 -39.29572296142578 0
vertex 29.271879196166992 -39.29572296142578 1.7000000476837158
endloop
endfacet
facet normal -0.19507777299013523 0.9807877764762413 0
outer loop
vertex 29.271879196166992 -39.29572296142578 0
vertex 29.09967041015625 -39.32997512817383 0
vertex 29.09967041015625 -39.32997512817383 1.7000000476837158
endloop
endfacet
facet normal 0.1950798514286955 0.9807873630744628 0
outer loop
vertex 29.09967041015625 -39.32997512817383 0
vertex 28.92746353149414 -39.29572296142578 0
vertex 28.92746353149414 -39.29572296142578 1.7000000476837158
endloop
endfacet
facet normal 0.5555772839934787 0.8314649009491799 0
outer loop
vertex 28.92746353149414 -39.29572296142578 0
vertex 28.78147315979004 -39.19817352294922 0
vertex 28.78147315979004 -39.19817352294922 1.7000000476837158
endloop
endfacet
facet normal 0.8314665660174577 0.5555747920803612 0
outer loop
vertex 28.78147315979004 -39.19817352294922 0
vertex 28.68392562866211 -39.05218505859375 0
vertex 28.68392562866211 -39.05218505859375 1.7000000476837158
endloop
endfacet
facet normal 0.5555772839934787 0.8314649009491799 0
outer loop
vertex 28.92746353149414 -39.29572296142578 1.7000000476837158
vertex 28.92746353149414 -39.29572296142578 0
vertex 28.78147315979004 -39.19817352294922 1.7000000476837158
endloop
endfacet
facet normal 0.1950798514286955 0.9807873630744628 0
outer loop
vertex 29.09967041015625 -39.32997512817383 1.7000000476837158
vertex 29.09967041015625 -39.32997512817383 0
vertex 28.92746353149414 -39.29572296142578 1.7000000476837158
endloop
endfacet
facet normal -0.19507777299013523 0.9807877764762413 0
outer loop
vertex 29.271879196166992 -39.29572296142578 1.7000000476837158
vertex 29.271879196166992 -39.29572296142578 0
vertex 29.09967041015625 -39.32997512817383 1.7000000476837158
endloop
endfacet
facet normal 0.9807861114401027 -0.19508614406513386 0
outer loop
vertex 28.64967155456543 -38.87997817993164 1.7000000476837158
vertex 28.64967155456543 -38.87997817993164 0
vertex 28.68392562866211 -38.707767486572266 1.7000000476837158
endloop
endfacet
facet normal 0 0 -1
outer loop
vertex 29.549671173095703 -38.87997817993164 1.7000000476837158
vertex 29.515417098999023 -39.05218505859375 1.7000000476837158
vertex 29.515417098999023 -38.707767486572266 1.7000000476837158
endloop
endfacet
facet normal 0.8314665660174577 -0.5555747920803612 0
outer loop
vertex 28.68392562866211 -38.707767486572266 1.7000000476837158
vertex 28.68392562866211 -38.707767486572266 0
vertex 28.78147315979004 -38.5617790222168 1.7000000476837158
endloop
endfacet
facet normal 0.5555772839934787 -0.8314649009491799 0
outer loop
vertex 28.78147315979004 -38.5617790222168 1.7000000476837158
vertex 28.78147315979004 -38.5617790222168 0
vertex 28.92746353149414 -38.464229583740234 1.7000000476837158
endloop
endfacet
facet normal -0.5555772839934787 -0.8314649009491799 0
outer loop
vertex 29.271879196166992 -38.464229583740234 1.7000000476837158
vertex 29.271879196166992 -38.464229583740234 0
vertex 29.417869567871094 -38.5617790222168 1.7000000476837158
endloop
endfacet
facet normal 0.1950798514286955 -0.9807873630744628 0
outer loop
vertex 28.92746353149414 -38.464229583740234 1.7000000476837158
vertex 28.92746353149414 -38.464229583740234 0
vertex 29.09967041015625 -38.42997741699219 1.7000000476837158
endloop
endfacet
facet normal -0.19507777299013523 -0.9807877764762413 0
outer loop
vertex 29.09967041015625 -38.42997741699219 1.7000000476837158
vertex 29.09967041015625 -38.42997741699219 0
vertex 29.271879196166992 -38.464229583740234 1.7000000476837158
endloop
endfacet
facet normal -0.5555772839934787 0.8314649009491799 0
outer loop
vertex 29.417869567871094 -39.19817352294922 1.7000000476837158
vertex 29.417869567871094 -39.19817352294922 0
vertex 29.271879196166992 -39.29572296142578 1.7000000476837158
endloop
endfacet
facet normal -0.8314665660174577 -0.5555747920803612 0
outer loop
vertex 29.417869567871094 -38.5617790222168 1.7000000476837158
vertex 29.417869567871094 -38.5617790222168 0
vertex 29.515417098999023 -38.707767486572266 1.7000000476837158
endloop
endfacet
facet normal -0.9807861114401027 -0.19508614406513386 0
outer loop
vertex 29.515417098999023 -38.707767486572266 1.7000000476837158
vertex 29.515417098999023 -38.707767486572266 0
vertex 29.549671173095703 -38.87997817993164 1.7000000476837158
endloop
endfacet
facet normal -0.8314665660174577 0.5555747920803612 0
outer loop
vertex 29.515417098999023 -39.05218505859375 1.7000000476837158
vertex 29.515417098999023 -39.05218505859375 0
vertex 29.417869567871094 -39.19817352294922 1.7000000476837158
endloop
endfacet
facet normal 0 0 -1
outer loop
vertex 29.09967041015625 -38.42997741699219 1.7000000476837158
vertex 28.92746353149414 -39.29572296142578 1.7000000476837158
vertex 28.92746353149414 -38.464229583740234 1.7000000476837158
endloop
endfacet
facet normal 0.5555772839934787 -0.8314649009491799 0
outer loop
vertex 28.92746353149414 -39.734230041503906 0
vertex 28.92746353149414 -39.734230041503906 1.7000000476837158
vertex 28.78147315979004 -39.83177947998047 0
endloop
endfacet
facet normal 0 0 -1
outer loop
vertex 29.417869567871094 -39.83177947998047 1.7000000476837158
vertex 29.515417098999023 -39.97776794433594 1.7000000476837158
vertex 29.417869567871094 -40.46817398071289 1.7000000476837158
endloop
endfacet
facet normal 0 0 -1
outer loop
vertex 29.549671173095703 -40.14997482299805 1.7000000476837158
vertex 29.515417098999023 -40.32218551635742 1.7000000476837158
vertex 29.515417098999023 -39.97776794433594 1.7000000476837158
endloop
endfacet
facet normal 0.5555772839934787 0.8314649009491799 0
outer loop
vertex 28.92746353149414 -40.56572341918945 1.7000000476837158
vertex 28.92746353149414 -40.56572341918945 0
vertex 28.78147315979004 -40.46817398071289 1.7000000476837158
endloop
endfacet
facet normal 0.1950798514286955 0.9807873630744628 0
outer loop
vertex 29.09967041015625 -40.5999755859375 1.7000000476837158
vertex 29.09967041015625 -40.5999755859375 0
vertex 28.92746353149414 -40.56572341918945 1.7000000476837158
endloop
endfacet
facet normal 0.8314665660174577 -0.5555747920803612 0
outer loop
vertex 28.68392562866211 -39.97776794433594 1.7000000476837158
vertex 28.68392562866211 -39.97776794433594 0
vertex 28.78147315979004 -39.83177947998047 1.7000000476837158
endloop
endfacet
facet normal 0.9807852845629332 -0.19509030110388895 0
outer loop
vertex 28.64967155456543 -40.14997482299805 1.7000000476837158
vertex 28.64967155456543 -40.14997482299805 0
vertex 28.68392562866211 -39.97776794433594 1.7000000476837158
endloop
endfacet
facet normal 0.9807861114401027 0.19508614406513386 0
outer loop
vertex 28.68392562866211 -40.32218551635742 1.7000000476837158
vertex 28.68392562866211 -40.32218551635742 0
vertex 28.64967155456543 -40.14997482299805 1.7000000476837158
endloop
endfacet
facet normal -0.9807852845629332 -0.19509030110388895 0
outer loop
vertex 29.515417098999023 -39.97776794433594 1.7000000476837158
vertex 29.515417098999023 -39.97776794433594 0
vertex 29.549671173095703 -40.14997482299805 1.7000000476837158
endloop
endfacet
facet normal 0.8314665660174577 0.5555747920803612 0
outer loop
vertex 28.78147315979004 -40.46817398071289 1.7000000476837158
vertex 28.78147315979004 -40.46817398071289 0
vertex 28.68392562866211 -40.32218551635742 1.7000000476837158
endloop
endfacet
facet normal -0.8314665660174577 -0.5555747920803612 0
outer loop
vertex 29.417869567871094 -39.83177947998047 1.7000000476837158
vertex 29.417869567871094 -39.83177947998047 0
vertex 29.515417098999023 -39.97776794433594 1.7000000476837158
endloop
endfacet
facet normal -0.9807861114401027 0.19508614406513386 0
outer loop
vertex 29.549671173095703 -40.14997482299805 1.7000000476837158
vertex 29.549671173095703 -40.14997482299805 0
vertex 29.515417098999023 -40.32218551635742 1.7000000476837158
endloop
endfacet
facet normal -0.8314665660174577 0.5555747920803612 0
outer loop
vertex 29.515417098999023 -40.32218551635742 1.7000000476837158
vertex 29.515417098999023 -40.32218551635742 0
vertex 29.417869567871094 -40.46817398071289 1.7000000476837158
endloop
endfacet
facet normal -0.5555772839934787 0.8314649009491799 0
outer loop
vertex 29.417869567871094 -40.46817398071289 1.7000000476837158
vertex 29.417869567871094 -40.46817398071289 0
vertex 29.271879196166992 -40.56572341918945 1.7000000476837158
endloop
endfacet
facet normal 0 0 -1
outer loop
vertex 29.515417098999023 -40.32218551635742 1.7000000476837158
vertex 29.417869567871094 -40.46817398071289 1.7000000476837158
vertex 29.515417098999023 -39.97776794433594 1.7000000476837158
endloop
endfacet
facet normal 0 0 -1
outer loop
vertex 29.417869567871094 -40.46817398071289 1.7000000476837158
vertex 29.271879196166992 -40.56572341918945 1.7000000476837158
vertex 29.417869567871094 -39.83177947998047 1.7000000476837158
endloop
endfacet
facet normal -0.5555772839934787 -0.8314649009491799 0
outer loop
vertex 29.417869567871094 -39.83177947998047 0
vertex 29.417869567871094 -39.83177947998047 1.7000000476837158
vertex 29.271879196166992 -39.734230041503906 0
endloop
endfacet
facet normal -0.8314665660174577 -0.5555747920803612 0
outer loop
vertex 29.417869567871094 -39.83177947998047 0
vertex 29.515417098999023 -39.97776794433594 0
vertex 29.515417098999023 -39.97776794433594 1.7000000476837158
endloop
endfacet
facet normal -0.9807852845629332 -0.19509030110388895 0
outer loop
vertex 29.515417098999023 -39.97776794433594 0
vertex 29.549671173095703 -40.14997482299805 0
vertex 29.549671173095703 -40.14997482299805 1.7000000476837158
endloop
endfacet
facet normal -0.9807861114401027 0.19508614406513386 0
outer loop
vertex 29.549671173095703 -40.14997482299805 0
vertex 29.515417098999023 -40.32218551635742 0
vertex 29.515417098999023 -40.32218551635742 1.7000000476837158
endloop
endfacet
facet normal -0.8314665660174577 0.5555747920803612 0
outer loop
vertex 29.417869567871094 -40.46817398071289 0
vertex 29.417869567871094 -40.46817398071289 1.7000000476837158
vertex 29.515417098999023 -40.32218551635742 0
endloop
endfacet
facet normal -0.19507777299013523 0.9807877764762413 0
outer loop
vertex 29.271879196166992 -40.56572341918945 1.7000000476837158
vertex 29.271879196166992 -40.56572341918945 0
vertex 29.09967041015625 -40.5999755859375 1.7000000476837158
endloop
endfacet
facet normal 0 0 -1
outer loop
vertex 29.271879196166992 -40.56572341918945 1.7000000476837158
vertex 29.271879196166992 -39.734230041503906 1.7000000476837158
vertex 29.417869567871094 -39.83177947998047 1.7000000476837158
endloop
endfacet
facet normal 0 0 -1
outer loop
vertex 29.271879196166992 -39.734230041503906 1.7000000476837158
vertex 29.09967041015625 -40.5999755859375 1.7000000476837158
vertex 29.09967041015625 -39.69997787475586 1.7000000476837158
endloop
endfacet
facet normal 0 0 -1
outer loop
vertex 29.09967041015625 -40.5999755859375 1.7000000476837158
vertex 28.92746353149414 -40.56572341918945 1.7000000476837158
vertex 29.09967041015625 -39.69997787475586 1.7000000476837158
endloop
endfacet
facet normal 0 0 -1
outer loop
vertex 29.271879196166992 -40.56572341918945 1.7000000476837158
vertex 29.09967041015625 -40.5999755859375 1.7000000476837158
vertex 29.271879196166992 -39.734230041503906 1.7000000476837158
endloop
endfacet
facet normal 0 0 -1
outer loop
vertex 29.09967041015625 -39.69997787475586 1.7000000476837158
vertex 28.92746353149414 -40.56572341918945 1.7000000476837158
vertex 28.92746353149414 -39.734230041503906 1.7000000476837158
endloop
endfacet
facet normal 0 0 -1
outer loop
vertex 28.92746353149414 -39.734230041503906 1.7000000476837158
vertex 28.78147315979004 -40.46817398071289 1.7000000476837158
vertex 28.78147315979004 -39.83177947998047 1.7000000476837158
endloop
endfacet
facet normal 0 0 -1
outer loop
vertex 28.92746353149414 -40.56572341918945 1.7000000476837158
vertex 28.78147315979004 -40.46817398071289 1.7000000476837158
vertex 28.92746353149414 -39.734230041503906 1.7000000476837158
endloop
endfacet
facet normal 0 0 -1
outer loop
vertex 28.78147315979004 -40.46817398071289 1.7000000476837158
vertex 28.68392562866211 -40.32218551635742 1.7000000476837158
vertex 28.78147315979004 -39.83177947998047 1.7000000476837158
endloop
endfacet
facet normal -0.5555772839934787 -0.8314649009491799 0
outer loop
vertex 29.271879196166992 -39.734230041503906 1.7000000476837158
vertex 29.271879196166992 -39.734230041503906 0
vertex 29.417869567871094 -39.83177947998047 1.7000000476837158
endloop
endfacet
facet normal -0.19507777299013523 -0.9807877764762413 0
outer loop
vertex 29.09967041015625 -39.69997787475586 1.7000000476837158
vertex 29.09967041015625 -39.69997787475586 0
vertex 29.271879196166992 -39.734230041503906 1.7000000476837158
endloop
endfacet
facet normal 0.1950798514286955 -0.9807873630744628 0
outer loop
vertex 28.92746353149414 -39.734230041503906 1.7000000476837158
vertex 28.92746353149414 -39.734230041503906 0
vertex 29.09967041015625 -39.69997787475586 1.7000000476837158
endloop
endfacet
facet normal 0.5555772839934787 -0.8314649009491799 0
outer loop
vertex 28.78147315979004 -39.83177947998047 1.7000000476837158
vertex 28.78147315979004 -39.83177947998047 0
vertex 28.92746353149414 -39.734230041503906 1.7000000476837158
endloop
endfacet
facet normal 0 0 -1
outer loop
vertex 28.78147315979004 -39.83177947998047 1.7000000476837158
vertex 28.68392562866211 -40.32218551635742 1.7000000476837158
vertex 28.68392562866211 -39.97776794433594 1.7000000476837158
endloop
endfacet
facet normal 0.8314665660174577 0.5555747920803612 0
outer loop
vertex 28.68392562866211 -40.32218551635742 1.7000000476837158
vertex 28.78147315979004 -40.46817398071289 0
vertex 28.68392562866211 -40.32218551635742 0
endloop
endfacet
facet normal 0.9807861114401027 0.19508614406513386 0
outer loop
vertex 28.64967155456543 -40.14997482299805 0
vertex 28.64967155456543 -40.14997482299805 1.7000000476837158
vertex 28.68392562866211 -40.32218551635742 0
endloop
endfacet
facet normal 0.9807852845629332 -0.19509030110388895 0
outer loop
vertex 28.68392562866211 -39.97776794433594 0
vertex 28.68392562866211 -39.97776794433594 1.7000000476837158
vertex 28.64967155456543 -40.14997482299805 0
endloop
endfacet
facet normal -0.19507777299013523 -0.9807877764762413 0
outer loop
vertex 29.271879196166992 -39.734230041503906 0
vertex 29.271879196166992 -39.734230041503906 1.7000000476837158
vertex 29.09967041015625 -39.69997787475586 0
endloop
endfacet
facet normal 0.8314665660174577 -0.5555747920803612 0
outer loop
vertex 28.78147315979004 -39.83177947998047 0
vertex 28.78147315979004 -39.83177947998047 1.7000000476837158
vertex 28.68392562866211 -39.97776794433594 0
endloop
endfacet
facet normal 0.1950798514286955 0.9807873630744628 0
outer loop
vertex 29.09967041015625 -40.5999755859375 0
vertex 28.92746353149414 -40.56572341918945 0
vertex 28.92746353149414 -40.56572341918945 1.7000000476837158
endloop
endfacet
facet normal 0.5555772839934787 0.8314649009491799 0
outer loop
vertex 28.92746353149414 -40.56572341918945 0
vertex 28.78147315979004 -40.46817398071289 0
vertex 28.78147315979004 -40.46817398071289 1.7000000476837158
endloop
endfacet
facet normal -0.19507777299013523 0.9807877764762413 0
outer loop
vertex 29.271879196166992 -40.56572341918945 0
vertex 29.09967041015625 -40.5999755859375 0
vertex 29.09967041015625 -40.5999755859375 1.7000000476837158
endloop
endfacet
facet normal -0.5555772839934787 0.8314649009491799 0
outer loop
vertex 29.417869567871094 -40.46817398071289 0
vertex 29.271879196166992 -40.56572341918945 0
vertex 29.271879196166992 -40.56572341918945 1.7000000476837158
endloop
endfacet
facet normal 0.1950798514286955 -0.9807873630744628 0
outer loop
vertex 29.09967041015625 -39.69997787475586 0
vertex 29.09967041015625 -39.69997787475586 1.7000000476837158
vertex 28.92746353149414 -39.734230041503906 0
endloop
endfacet
facet normal 0 0 -1
outer loop
vertex 28.68392562866211 -40.32218551635742 1.7000000476837158
vertex 28.64967155456543 -40.14997482299805 1.7000000476837158
vertex 28.68392562866211 -39.97776794433594 1.7000000476837158
endloop
endfacet
facet normal 0.1950798514286955 0.9807873630744628 0
outer loop
vertex 29.09967041015625 -41.86997604370117 0
vertex 28.92746353149414 -41.835723876953125 0
vertex 28.92746353149414 -41.835723876953125 1.7000000476837158
endloop
endfacet
facet normal -0.19507777299013523 0.9807877764762413 0
outer loop
vertex 29.271879196166992 -41.835723876953125 1.7000000476837158
vertex 29.271879196166992 -41.835723876953125 0
vertex 29.09967041015625 -41.86997604370117 1.7000000476837158
endloop
endfacet
facet normal -0.19507777299013523 0.9807877764762413 0
outer loop
vertex 29.271879196166992 -41.835723876953125 0
vertex 29.09967041015625 -41.86997604370117 0
vertex 29.09967041015625 -41.86997604370117 1.7000000476837158
endloop
endfacet
facet normal -0.19507777299013523 -0.9807877764762413 0
outer loop
vertex 29.271879196166992 -41.00423049926758 0
vertex 29.271879196166992 -41.00423049926758 1.7000000476837158
vertex 29.09967041015625 -40.96997833251953 0
endloop
endfacet
facet normal 0 0 -1
outer loop
vertex 29.271879196166992 -41.835723876953125 1.7000000476837158
vertex 29.271879196166992 -41.00423049926758 1.7000000476837158
vertex 29.417869567871094 -41.10177993774414 1.7000000476837158
endloop
endfacet
facet normal 0 0 -1
outer loop
vertex 29.271879196166992 -41.00423049926758 1.7000000476837158
vertex 29.09967041015625 -41.86997604370117 1.7000000476837158
vertex 29.09967041015625 -40.96997833251953 1.7000000476837158
endloop
endfacet
facet normal 0 0 -1
outer loop
vertex 29.271879196166992 -41.835723876953125 1.7000000476837158
vertex 29.09967041015625 -41.86997604370117 1.7000000476837158
vertex 29.271879196166992 -41.00423049926758 1.7000000476837158
endloop
endfacet
facet normal 0.5555772839934787 0.8314649009491799 0
outer loop
vertex 28.92746353149414 -41.835723876953125 0
vertex 28.78147315979004 -41.73817443847656 0
vertex 28.78147315979004 -41.73817443847656 1.7000000476837158
endloop
endfacet
facet normal 0.5555772839934787 0.8314649009491799 0
outer loop
vertex 28.92746353149414 -41.835723876953125 1.7000000476837158
vertex 28.92746353149414 -41.835723876953125 0
vertex 28.78147315979004 -41.73817443847656 1.7000000476837158
endloop
endfacet
facet normal 0 0 -1
outer loop
vertex 29.09967041015625 -40.96997833251953 1.7000000476837158
vertex 28.92746353149414 -41.835723876953125 1.7000000476837158
vertex 28.92746353149414 -41.00423049926758 1.7000000476837158
endloop
endfacet
facet normal 0 0 -1
outer loop
vertex 28.92746353149414 -41.00423049926758 1.7000000476837158
vertex 28.78147315979004 -41.73817443847656 1.7000000476837158
vertex 28.78147315979004 -41.10177993774414 1.7000000476837158
endloop
endfacet
facet normal 0 0 -1
outer loop
vertex 29.09967041015625 -41.86997604370117 1.7000000476837158
vertex 28.92746353149414 -41.835723876953125 1.7000000476837158
vertex 29.09967041015625 -40.96997833251953 1.7000000476837158
endloop
endfacet
facet normal 0 0 -1
outer loop
vertex 29.417869567871094 -41.73817443847656 1.7000000476837158
vertex 29.271879196166992 -41.835723876953125 1.7000000476837158
vertex 29.417869567871094 -41.10177993774414 1.7000000476837158
endloop
endfacet
facet normal -0.8314665660174577 0.5555747920803612 0
outer loop
vertex 29.515417098999023 -41.592185974121094 0
vertex 29.417869567871094 -41.73817443847656 0
vertex 29.417869567871094 -41.73817443847656 1.7000000476837158
endloop
endfacet
facet normal -0.9807861114401027 0.19508614406513386 0
outer loop
vertex 29.549671173095703 -41.41997528076172 0
vertex 29.515417098999023 -41.592185974121094 0
vertex 29.515417098999023 -41.592185974121094 1.7000000476837158
endloop
endfacet
facet normal -0.9807852845629332 -0.19509030110388895 0
outer loop
vertex 29.515417098999023 -41.24776840209961 0
vertex 29.549671173095703 -41.41997528076172 0
vertex 29.549671173095703 -41.41997528076172 1.7000000476837158
endloop
endfacet
facet normal -0.5555772839934787 -0.8314649009491799 0
outer loop
vertex 29.417869567871094 -41.10177993774414 0
vertex 29.417869567871094 -41.10177993774414 1.7000000476837158
vertex 29.271879196166992 -41.00423049926758 0
endloop
endfacet
facet normal -0.8314665660174577 -0.5555747920803612 0
outer loop
vertex 29.417869567871094 -41.10177993774414 0
vertex 29.515417098999023 -41.24776840209961 0
vertex 29.515417098999023 -41.24776840209961 1.7000000476837158
endloop
endfacet
facet normal 0 0 -1
outer loop
vertex 28.92746353149414 -41.835723876953125 1.7000000476837158
vertex 28.78147315979004 -41.73817443847656 1.7000000476837158
vertex 28.92746353149414 -41.00423049926758 1.7000000476837158
endloop
endfacet
facet normal 0 0 -1
outer loop
vertex 28.78147315979004 -41.10177993774414 1.7000000476837158
vertex 28.68392562866211 -41.592185974121094 1.7000000476837158
vertex 28.68392562866211 -41.24776840209961 1.7000000476837158
endloop
endfacet
facet normal 0 0 -1
outer loop
vertex 28.68392562866211 -41.592185974121094 1.7000000476837158
vertex 28.64967155456543 -41.41997528076172 1.7000000476837158
vertex 28.68392562866211 -41.24776840209961 1.7000000476837158
endloop
endfacet
facet normal -0.8314665660174577 0.5555747920803612 0
outer loop
vertex 29.515417098999023 -41.592185974121094 1.7000000476837158
vertex 29.515417098999023 -41.592185974121094 0
vertex 29.417869567871094 -41.73817443847656 1.7000000476837158
endloop
endfacet
facet normal -0.9807861114401027 0.19508614406513386 0
outer loop
vertex 29.549671173095703 -41.41997528076172 1.7000000476837158
vertex 29.549671173095703 -41.41997528076172 0
vertex 29.515417098999023 -41.592185974121094 1.7000000476837158
endloop
endfacet
facet normal 0 0 -1
outer loop
vertex 29.515417098999023 -41.592185974121094 1.7000000476837158
vertex 29.417869567871094 -41.73817443847656 1.7000000476837158
vertex 29.515417098999023 -41.24776840209961 1.7000000476837158
endloop
endfacet
facet normal 0 0 -1
outer loop
vertex 29.417869567871094 -41.10177993774414 1.7000000476837158
vertex 29.515417098999023 -41.24776840209961 1.7000000476837158
vertex 29.417869567871094 -41.73817443847656 1.7000000476837158
endloop
endfacet
facet normal 0 0 -1
outer loop
vertex 29.549671173095703 -41.41997528076172 1.7000000476837158
vertex 29.515417098999023 -41.592185974121094 1.7000000476837158
vertex 29.515417098999023 -41.24776840209961 1.7000000476837158
endloop
endfacet
facet normal -0.9807852845629332 -0.19509030110388895 0
outer loop
vertex 29.515417098999023 -41.24776840209961 1.7000000476837158
vertex 29.515417098999023 -41.24776840209961 0
vertex 29.549671173095703 -41.41997528076172 1.7000000476837158
endloop
endfacet
facet normal -0.8314665660174577 -0.5555747920803612 0
outer loop
vertex 29.417869567871094 -41.10177993774414 1.7000000476837158
vertex 29.417869567871094 -41.10177993774414 0
vertex 29.515417098999023 -41.24776840209961 1.7000000476837158
endloop
endfacet
facet normal 0.8314665660174577 0.5555747920803612 0
outer loop
vertex 28.78147315979004 -41.73817443847656 1.7000000476837158
vertex 28.78147315979004 -41.73817443847656 0
vertex 28.68392562866211 -41.592185974121094 1.7000000476837158
endloop
endfacet
facet normal 0.9807861114401027 0.19508614406513386 0
outer loop
vertex 28.68392562866211 -41.592185974121094 1.7000000476837158
vertex 28.68392562866211 -41.592185974121094 0
vertex 28.64967155456543 -41.41997528076172 1.7000000476837158
endloop
endfacet
facet normal 0.9807852845629332 -0.19509030110388895 0
outer loop
vertex 28.64967155456543 -41.41997528076172 1.7000000476837158
vertex 28.64967155456543 -41.41997528076172 0
vertex 28.68392562866211 -41.24776840209961 1.7000000476837158
endloop
endfacet
facet normal 0.8314665660174577 -0.5555747920803612 0
outer loop
vertex 28.68392562866211 -41.24776840209961 1.7000000476837158
vertex 28.68392562866211 -41.24776840209961 0
vertex 28.78147315979004 -41.10177993774414 1.7000000476837158
endloop
endfacet
facet normal 0.5555772839934787 -0.8314649009491799 0
outer loop
vertex 28.78147315979004 -41.10177993774414 1.7000000476837158
vertex 28.78147315979004 -41.10177993774414 0
vertex 28.92746353149414 -41.00423049926758 1.7000000476837158
endloop
endfacet
facet normal 0.1950798514286955 -0.9807873630744628 0
outer loop
vertex 28.92746353149414 -41.00423049926758 1.7000000476837158
vertex 28.92746353149414 -41.00423049926758 0
vertex 29.09967041015625 -40.96997833251953 1.7000000476837158
endloop
endfacet
facet normal -0.5555772839934787 -0.8314649009491799 0
outer loop
vertex 29.271879196166992 -41.00423049926758 1.7000000476837158
vertex 29.271879196166992 -41.00423049926758 0
vertex 29.417869567871094 -41.10177993774414 1.7000000476837158
endloop
endfacet
facet normal -0.19507777299013523 -0.9807877764762413 0
outer loop
vertex 29.09967041015625 -40.96997833251953 1.7000000476837158
vertex 29.09967041015625 -40.96997833251953 0
vertex 29.271879196166992 -41.00423049926758 1.7000000476837158
endloop
endfacet
facet normal -0.5555772839934787 0.8314649009491799 0
outer loop
vertex 29.417869567871094 -41.73817443847656 1.7000000476837158
vertex 29.417869567871094 -41.73817443847656 0
vertex 29.271879196166992 -41.835723876953125 1.7000000476837158
endloop
endfacet
facet normal 0 0 -1
outer loop
vertex 28.78147315979004 -41.73817443847656 1.7000000476837158
vertex 28.68392562866211 -41.592185974121094 1.7000000476837158
vertex 28.78147315979004 -41.10177993774414 1.7000000476837158
endloop
endfacet
facet normal 0.8314665660174577 0.5555747920803612 0
outer loop
vertex 28.78147315979004 -41.73817443847656 0
vertex 28.68392562866211 -41.592185974121094 0
vertex 28.68392562866211 -41.592185974121094 1.7000000476837158
endloop
endfacet
facet normal 0.9807861114401027 0.19508614406513386 0
outer loop
vertex 28.64967155456543 -41.41997528076172 0
vertex 28.64967155456543 -41.41997528076172 1.7000000476837158
vertex 28.68392562866211 -41.592185974121094 0
endloop
endfacet
facet normal 0.9807852845629332 -0.19509030110388895 0
outer loop
vertex 28.68392562866211 -41.24776840209961 0
vertex 28.68392562866211 -41.24776840209961 1.7000000476837158
vertex 28.64967155456543 -41.41997528076172 0
endloop
endfacet
facet normal 0.8314665660174577 -0.5555747920803612 0
outer loop
vertex 28.78147315979004 -41.10177993774414 0
vertex 28.78147315979004 -41.10177993774414 1.7000000476837158
vertex 28.68392562866211 -41.24776840209961 0
endloop
endfacet
facet normal 0.5555772839934787 -0.8314649009491799 0
outer loop
vertex 28.92746353149414 -41.00423049926758 0
vertex 28.92746353149414 -41.00423049926758 1.7000000476837158
vertex 28.78147315979004 -41.10177993774414 0
endloop
endfacet
facet normal 0.1950798514286955 0.9807873630744628 0
outer loop
vertex 29.09967041015625 -41.86997604370117 1.7000000476837158
vertex 29.09967041015625 -41.86997604370117 0
vertex 28.92746353149414 -41.835723876953125 1.7000000476837158
endloop
endfacet
facet normal 0.1950798514286955 -0.9807873630744628 0
outer loop
vertex 29.09967041015625 -40.96997833251953 0
vertex 29.09967041015625 -40.96997833251953 1.7000000476837158
vertex 28.92746353149414 -41.00423049926758 0
endloop
endfacet
facet normal -0.5555772839934787 0.8314649009491799 0
outer loop
vertex 29.417869567871094 -41.73817443847656 0
vertex 29.271879196166992 -41.835723876953125 0
vertex 29.271879196166992 -41.835723876953125 1.7000000476837158
endloop
endfacet
facet normal 0 0 -1
outer loop
vertex 28.78147315979004 -42.37178039550781 1.7000000476837158
vertex 28.68392562866211 -42.8621826171875 1.7000000476837158
vertex 28.68392562866211 -42.51776885986328 1.7000000476837158
endloop
endfacet
facet normal 0 0 -1
outer loop
vertex 29.09967041015625 -43.139976501464844 1.7000000476837158
vertex 28.92746353149414 -43.10572052001953 1.7000000476837158
vertex 29.09967041015625 -42.23997497558594 1.7000000476837158
endloop
endfacet
facet normal -0.8314732719568675 0.5555647559208026 0
outer loop
vertex 29.515417098999023 -42.8621826171875 0
vertex 29.417869567871094 -43.008174896240234 0
vertex 29.417869567871094 -43.008174896240234 1.7000000476837158
endloop
endfacet
facet normal 0 0 -1
outer loop
vertex 28.78147315979004 -43.008174896240234 1.7000000476837158
vertex 28.68392562866211 -42.8621826171875 1.7000000476837158
vertex 28.78147315979004 -42.37178039550781 1.7000000476837158
endloop
endfacet
facet normal 0 0 -1
outer loop
vertex 28.68392562866211 -42.8621826171875 1.7000000476837158
vertex 28.64967155456543 -42.68997573852539 1.7000000476837158
vertex 28.68392562866211 -42.51776885986328 1.7000000476837158
endloop
endfacet
facet normal 0 0 -1
outer loop
vertex 28.92746353149414 -42.27423095703125 1.7000000476837158
vertex 28.78147315979004 -43.008174896240234 1.7000000476837158
vertex 28.78147315979004 -42.37178039550781 1.7000000476837158
endloop
endfacet
facet normal 0 0 -1
outer loop
vertex 29.09967041015625 -42.23997497558594 1.7000000476837158
vertex 28.92746353149414 -43.10572052001953 1.7000000476837158
vertex 28.92746353149414 -42.27423095703125 1.7000000476837158
endloop
endfacet
facet normal 0 0 -1
outer loop
vertex 29.271879196166992 -42.27423095703125 1.7000000476837158
vertex 29.09967041015625 -43.139976501464844 1.7000000476837158
vertex 29.09967041015625 -42.23997497558594 1.7000000476837158
endloop
endfacet
facet normal 0 0 -1
outer loop
vertex 29.271879196166992 -43.10572052001953 1.7000000476837158
vertex 29.271879196166992 -42.27423095703125 1.7000000476837158
vertex 29.417869567871094 -42.37178039550781 1.7000000476837158
endloop
endfacet
facet normal -0.1950986720690384 0.9807836194374872 0
outer loop
vertex 29.271879196166992 -43.10572052001953 0
vertex 29.09967041015625 -43.139976501464844 0
vertex 29.09967041015625 -43.139976501464844 1.7000000476837158
endloop
endfacet
facet normal 0.5555622638012966 0.8314749371087372 0
outer loop
vertex 28.92746353149414 -43.10572052001953 0
vertex 28.78147315979004 -43.008174896240234 0
vertex 28.78147315979004 -43.008174896240234 1.7000000476837158
endloop
endfacet
facet normal 0 0 -1
outer loop
vertex 29.271879196166992 -43.10572052001953 1.7000000476837158
vertex 29.09967041015625 -43.139976501464844 1.7000000476837158
vertex 29.271879196166992 -42.27423095703125 1.7000000476837158
endloop
endfacet
facet normal -0.9807852845629332 0.19509030110388895 0
outer loop
vertex 29.549671173095703 -42.68997573852539 0
vertex 29.515417098999023 -42.8621826171875 0
vertex 29.515417098999023 -42.8621826171875 1.7000000476837158
endloop
endfacet
facet normal -0.9807852845629332 -0.19509030110388895 0
outer loop
vertex 29.515417098999023 -42.51776885986328 0
vertex 29.549671173095703 -42.68997573852539 0
vertex 29.549671173095703 -42.68997573852539 1.7000000476837158
endloop
endfacet
facet normal -0.8314665660174577 -0.5555747920803612 0
outer loop
vertex 29.417869567871094 -42.37178039550781 0
vertex 29.515417098999023 -42.51776885986328 0
vertex 29.515417098999023 -42.51776885986328 1.7000000476837158
endloop
endfacet
facet normal -0.5555772839934787 -0.8314649009491799 0
outer loop
vertex 29.417869567871094 -42.37178039550781 0
vertex 29.417869567871094 -42.37178039550781 1.7000000476837158
vertex 29.271879196166992 -42.27423095703125 0
endloop
endfacet
facet normal -0.5555622638012966 0.8314749371087372 0
outer loop
vertex 29.417869567871094 -43.008174896240234 0
vertex 29.271879196166992 -43.10572052001953 0
vertex 29.271879196166992 -43.10572052001953 1.7000000476837158
endloop
endfacet
facet normal 0.8314732719568675 0.5555647559208026 0
outer loop
vertex 28.78147315979004 -43.008174896240234 0
vertex 28.68392562866211 -42.8621826171875 0
vertex 28.68392562866211 -42.8621826171875 1.7000000476837158
endloop
endfacet
facet normal 0.9807852845629332 0.19509030110388895 0
outer loop
vertex 28.64967155456543 -42.68997573852539 0
vertex 28.64967155456543 -42.68997573852539 1.7000000476837158
vertex 28.68392562866211 -42.8621826171875 0
endloop
endfacet
facet normal 0.9807852845629332 -0.19509030110388895 0
outer loop
vertex 28.68392562866211 -42.51776885986328 0
vertex 28.68392562866211 -42.51776885986328 1.7000000476837158
vertex 28.64967155456543 -42.68997573852539 0
endloop
endfacet
facet normal 0.8314665660174577 -0.5555747920803612 0
outer loop
vertex 28.78147315979004 -42.37178039550781 0
vertex 28.78147315979004 -42.37178039550781 1.7000000476837158
vertex 28.68392562866211 -42.51776885986328 0
endloop
endfacet
facet normal 0.5555772839934787 -0.8314649009491799 0
outer loop
vertex 28.92746353149414 -42.27423095703125 0
vertex 28.92746353149414 -42.27423095703125 1.7000000476837158
vertex 28.78147315979004 -42.37178039550781 0
endloop
endfacet
facet normal 0.1951007507126451 -0.9807832059488795 0
outer loop
vertex 29.09967041015625 -42.23997497558594 0
vertex 29.09967041015625 -42.23997497558594 1.7000000476837158
vertex 28.92746353149414 -42.27423095703125 0
endloop
endfacet
facet normal -0.1950986720690384 -0.9807836194374872 0
outer loop
vertex 29.271879196166992 -42.27423095703125 0
vertex 29.271879196166992 -42.27423095703125 1.7000000476837158
vertex 29.09967041015625 -42.23997497558594 0
endloop
endfacet
facet normal 0 0 -1
outer loop
vertex 29.417869567871094 -43.008174896240234 1.7000000476837158
vertex 29.271879196166992 -43.10572052001953 1.7000000476837158
vertex 29.417869567871094 -42.37178039550781 1.7000000476837158
endloop
endfacet
facet normal 0 0 -1
outer loop
vertex 29.515417098999023 -42.8621826171875 1.7000000476837158
vertex 29.417869567871094 -43.008174896240234 1.7000000476837158
vertex 29.515417098999023 -42.51776885986328 1.7000000476837158
endloop
endfacet
facet normal 0 0 -1
outer loop
vertex 29.549671173095703 -42.68997573852539 1.7000000476837158
vertex 29.515417098999023 -42.8621826171875 1.7000000476837158
vertex 29.515417098999023 -42.51776885986328 1.7000000476837158
endloop
endfacet
facet normal 0 0 -1
outer loop
vertex 29.417869567871094 -42.37178039550781 1.7000000476837158
vertex 29.515417098999023 -42.51776885986328 1.7000000476837158
vertex 29.417869567871094 -43.008174896240234 1.7000000476837158
endloop
endfacet
facet normal 0.8314732719568675 0.5555647559208026 0
outer loop
vertex 28.78147315979004 -43.008174896240234 1.7000000476837158
vertex 28.78147315979004 -43.008174896240234 0
vertex 28.68392562866211 -42.8621826171875 1.7000000476837158
endloop
endfacet
facet normal 0.9807852845629332 0.19509030110388895 0
outer loop
vertex 28.68392562866211 -42.8621826171875 1.7000000476837158
vertex 28.68392562866211 -42.8621826171875 0
vertex 28.64967155456543 -42.68997573852539 1.7000000476837158
endloop
endfacet
facet normal -0.9807852845629332 -0.19509030110388895 0
outer loop
vertex 29.515417098999023 -42.51776885986328 1.7000000476837158
vertex 29.515417098999023 -42.51776885986328 0
vertex 29.549671173095703 -42.68997573852539 1.7000000476837158
endloop
endfacet
facet normal 0.1951007507126451 0.9807832059488795 0
outer loop
vertex 29.09967041015625 -43.139976501464844 1.7000000476837158
vertex 29.09967041015625 -43.139976501464844 0
vertex 28.92746353149414 -43.10572052001953 1.7000000476837158
endloop
endfacet
facet normal -0.8314665660174577 -0.5555747920803612 0
outer loop
vertex 29.417869567871094 -42.37178039550781 1.7000000476837158
vertex 29.417869567871094 -42.37178039550781 0
vertex 29.515417098999023 -42.51776885986328 1.7000000476837158
endloop
endfacet
facet normal -0.1950986720690384 0.9807836194374872 0
outer loop
vertex 29.271879196166992 -43.10572052001953 1.7000000476837158
vertex 29.271879196166992 -43.10572052001953 0
vertex 29.09967041015625 -43.139976501464844 1.7000000476837158
endloop
endfacet
facet normal 0.5555622638012966 0.8314749371087372 0
outer loop
vertex 28.92746353149414 -43.10572052001953 1.7000000476837158
vertex 28.92746353149414 -43.10572052001953 0
vertex 28.78147315979004 -43.008174896240234 1.7000000476837158
endloop
endfacet
facet normal 0.9807852845629332 -0.19509030110388895 0
outer loop
vertex 28.64967155456543 -42.68997573852539 1.7000000476837158
vertex 28.64967155456543 -42.68997573852539 0
vertex 28.68392562866211 -42.51776885986328 1.7000000476837158
endloop
endfacet
facet normal 0.8314665660174577 -0.5555747920803612 0
outer loop
vertex 28.68392562866211 -42.51776885986328 1.7000000476837158
vertex 28.68392562866211 -42.51776885986328 0
vertex 28.78147315979004 -42.37178039550781 1.7000000476837158
endloop
endfacet
facet normal 0.5555772839934787 -0.8314649009491799 0
outer loop
vertex 28.78147315979004 -42.37178039550781 1.7000000476837158
vertex 28.78147315979004 -42.37178039550781 0
vertex 28.92746353149414 -42.27423095703125 1.7000000476837158
endloop
endfacet
facet normal 0.1951007507126451 -0.9807832059488795 0
outer loop
vertex 28.92746353149414 -42.27423095703125 1.7000000476837158
vertex 28.92746353149414 -42.27423095703125 0
vertex 29.09967041015625 -42.23997497558594 1.7000000476837158
endloop
endfacet
facet normal -0.1950986720690384 -0.9807836194374872 0
outer loop
vertex 29.09967041015625 -42.23997497558594 1.7000000476837158
vertex 29.09967041015625 -42.23997497558594 0
vertex 29.271879196166992 -42.27423095703125 1.7000000476837158
endloop
endfacet
facet normal -0.5555772839934787 -0.8314649009491799 0
outer loop
vertex 29.271879196166992 -42.27423095703125 1.7000000476837158
vertex 29.271879196166992 -42.27423095703125 0
vertex 29.417869567871094 -42.37178039550781 1.7000000476837158
endloop
endfacet
facet normal -0.9807852845629332 0.19509030110388895 0
outer loop
vertex 29.549671173095703 -42.68997573852539 1.7000000476837158
vertex 29.549671173095703 -42.68997573852539 0
vertex 29.515417098999023 -42.8621826171875 1.7000000476837158
endloop
endfacet
facet normal 0.1951007507126451 0.9807832059488795 0
outer loop
vertex 29.09967041015625 -43.139976501464844 0
vertex 28.92746353149414 -43.10572052001953 0
vertex 28.92746353149414 -43.10572052001953 1.7000000476837158
endloop
endfacet
facet normal -0.8314732719568675 0.5555647559208026 0
outer loop
vertex 29.515417098999023 -42.8621826171875 1.7000000476837158
vertex 29.515417098999023 -42.8621826171875 0
vertex 29.417869567871094 -43.008174896240234 1.7000000476837158
endloop
endfacet
facet normal -0.5555622638012966 0.8314749371087372 0
outer loop
vertex 29.417869567871094 -43.008174896240234 1.7000000476837158
vertex 29.417869567871094 -43.008174896240234 0
vertex 29.271879196166992 -43.10572052001953 1.7000000476837158
endloop
endfacet
facet normal 0 0 -1
outer loop
vertex 28.92746353149414 -43.10572052001953 1.7000000476837158
vertex 28.78147315979004 -43.008174896240234 1.7000000476837158
vertex 28.92746353149414 -42.27423095703125 1.7000000476837158
endloop
endfacet
facet normal -0.8314732719568675 0.5555647559208026 0
outer loop
vertex 29.515417098999023 -44.13218307495117 1.7000000476837158
vertex 29.515417098999023 -44.13218307495117 0
vertex 29.417869567871094 -44.278175354003906 1.7000000476837158
endloop
endfacet
facet normal -0.9807852845629332 -0.19509030110388895 0
outer loop
vertex 29.515417098999023 -43.78776931762695 1.7000000476837158
vertex 29.515417098999023 -43.78776931762695 0
vertex 29.549671173095703 -43.95997619628906 1.7000000476837158
endloop
endfacet
facet normal -0.8314732719568675 -0.5555647559208026 0
outer loop
vertex 29.417869567871094 -43.64177703857422 1.7000000476837158
vertex 29.417869567871094 -43.64177703857422 0
vertex 29.515417098999023 -43.78776931762695 1.7000000476837158
endloop
endfacet
facet normal -0.5555622638012966 0.8314749371087372 0
outer loop
vertex 29.417869567871094 -44.278175354003906 1.7000000476837158
vertex 29.417869567871094 -44.278175354003906 0
vertex 29.271879196166992 -44.3757209777832 1.7000000476837158
endloop
endfacet
facet normal -0.1950986720690384 -0.9807836194374872 0
outer loop
vertex 29.271879196166992 -43.54423141479492 0
vertex 29.271879196166992 -43.54423141479492 1.7000000476837158
vertex 29.09967041015625 -43.50997543334961 0
endloop
endfacet
facet normal 0.1951007507126451 -0.9807832059488795 0
outer loop
vertex 29.09967041015625 -43.50997543334961 0
vertex 29.09967041015625 -43.50997543334961 1.7000000476837158
vertex 28.92746353149414 -43.54423141479492 0
endloop
endfacet
facet normal -0.1950986720690384 -0.9807836194374872 0
outer loop
vertex 29.09967041015625 -43.50997543334961 1.7000000476837158
vertex 29.09967041015625 -43.50997543334961 0
vertex 29.271879196166992 -43.54423141479492 1.7000000476837158
endloop
endfacet
facet normal 0.1951007507126451 -0.9807832059488795 0
outer loop
vertex 28.92746353149414 -43.54423141479492 1.7000000476837158
vertex 28.92746353149414 -43.54423141479492 0
vertex 29.09967041015625 -43.50997543334961 1.7000000476837158
endloop
endfacet
facet normal -0.5555622638012966 -0.8314749371087372 0
outer loop
vertex 29.271879196166992 -43.54423141479492 1.7000000476837158
vertex 29.271879196166992 -43.54423141479492 0
vertex 29.417869567871094 -43.64177703857422 1.7000000476837158
endloop
endfacet
facet normal 0.5555622638012966 -0.8314749371087372 0
outer loop
vertex 28.78147315979004 -43.64177703857422 1.7000000476837158
vertex 28.78147315979004 -43.64177703857422 0
vertex 28.92746353149414 -43.54423141479492 1.7000000476837158
endloop
endfacet
facet normal -0.1950986720690384 0.9807836194374872 0
outer loop
vertex 29.271879196166992 -44.3757209777832 1.7000000476837158
vertex 29.271879196166992 -44.3757209777832 0
vertex 29.09967041015625 -44.409976959228516 1.7000000476837158
endloop
endfacet
facet normal 0.1951007507126451 0.9807832059488795 0
outer loop
vertex 29.09967041015625 -44.409976959228516 1.7000000476837158
vertex 29.09967041015625 -44.409976959228516 0
vertex 28.92746353149414 -44.3757209777832 1.7000000476837158
endloop
endfacet
facet normal 0.5555622638012966 0.8314749371087372 0
outer loop
vertex 28.92746353149414 -44.3757209777832 1.7000000476837158
vertex 28.92746353149414 -44.3757209777832 0
vertex 28.78147315979004 -44.278175354003906 1.7000000476837158
endloop
endfacet
facet normal 0.8314732719568675 -0.5555647559208026 0
outer loop
vertex 28.68392562866211 -43.78776931762695 1.7000000476837158
vertex 28.68392562866211 -43.78776931762695 0
vertex 28.78147315979004 -43.64177703857422 1.7000000476837158
endloop
endfacet
facet normal 0.9807852845629332 -0.19509030110388895 0
outer loop
vertex 28.64967155456543 -43.95997619628906 1.7000000476837158
vertex 28.64967155456543 -43.95997619628906 0
vertex 28.68392562866211 -43.78776931762695 1.7000000476837158
endloop
endfacet
facet normal 0.9807852845629332 0.19509030110388895 0
outer loop
vertex 28.68392562866211 -44.13218307495117 1.7000000476837158
vertex 28.68392562866211 -44.13218307495117 0
vertex 28.64967155456543 -43.95997619628906 1.7000000476837158
endloop
endfacet
facet normal 0.8314732719568675 0.5555647559208026 0
outer loop
vertex 28.78147315979004 -44.278175354003906 1.7000000476837158
vertex 28.78147315979004 -44.278175354003906 0
vertex 28.68392562866211 -44.13218307495117 1.7000000476837158
endloop
endfacet
facet normal 0.5555622638012966 -0.8314749371087372 0
outer loop
vertex 28.92746353149414 -43.54423141479492 0
vertex 28.92746353149414 -43.54423141479492 1.7000000476837158
vertex 28.78147315979004 -43.64177703857422 0
endloop
endfacet
facet normal -0.5555622638012966 0.8314749371087372 0
outer loop
vertex 29.417869567871094 -44.278175354003906 0
vertex 29.271879196166992 -44.3757209777832 0
vertex 29.271879196166992 -44.3757209777832 1.7000000476837158
endloop
endfacet
facet normal -0.1950986720690384 0.9807836194374872 0
outer loop
vertex 29.09967041015625 -44.409976959228516 0
vertex 29.09967041015625 -44.409976959228516 1.7000000476837158
vertex 29.271879196166992 -44.3757209777832 0
endloop
endfacet
facet normal 0.1951007507126451 0.9807832059488795 0
outer loop
vertex 29.09967041015625 -44.409976959228516 0
vertex 28.92746353149414 -44.3757209777832 0
vertex 28.92746353149414 -44.3757209777832 1.7000000476837158
endloop
endfacet
facet normal 0.5555622638012966 0.8314749371087372 0
outer loop
vertex 28.92746353149414 -44.3757209777832 0
vertex 28.78147315979004 -44.278175354003906 0
vertex 28.78147315979004 -44.278175354003906 1.7000000476837158
endloop
endfacet
facet normal 0.8314732719568675 -0.5555647559208026 0
outer loop
vertex 28.78147315979004 -43.64177703857422 0
vertex 28.78147315979004 -43.64177703857422 1.7000000476837158
vertex 28.68392562866211 -43.78776931762695 0
endloop
endfacet
facet normal 0.9807852845629332 -0.19509030110388895 0
outer loop
vertex 28.68392562866211 -43.78776931762695 0
vertex 28.68392562866211 -43.78776931762695 1.7000000476837158
vertex 28.64967155456543 -43.95997619628906 0
endloop
endfacet
facet normal 0 0 -1
outer loop
vertex 29.549671173095703 -43.95997619628906 1.7000000476837158
vertex 29.515417098999023 -44.13218307495117 1.7000000476837158
vertex 29.515417098999023 -43.78776931762695 1.7000000476837158
endloop
endfacet
facet normal -0.8314732719568675 0.5555647559208026 0
outer loop
vertex 29.515417098999023 -44.13218307495117 0
vertex 29.417869567871094 -44.278175354003906 0
vertex 29.417869567871094 -44.278175354003906 1.7000000476837158
endloop
endfacet
facet normal 0 0 -1
outer loop
vertex 29.417869567871094 -43.64177703857422 1.7000000476837158
vertex 29.515417098999023 -43.78776931762695 1.7000000476837158
vertex 29.417869567871094 -44.278175354003906 1.7000000476837158
endloop
endfacet
facet normal 0 0 -1
outer loop
vertex 29.515417098999023 -44.13218307495117 1.7000000476837158
vertex 29.417869567871094 -44.278175354003906 1.7000000476837158
vertex 29.515417098999023 -43.78776931762695 1.7000000476837158
endloop
endfacet
facet normal 0 0 -1
outer loop
vertex 29.417869567871094 -44.278175354003906 1.7000000476837158
vertex 29.271879196166992 -44.3757209777832 1.7000000476837158
vertex 29.417869567871094 -43.64177703857422 1.7000000476837158
endloop
endfacet
facet normal -0.9807852845629332 0.19509030110388895 0
outer loop
vertex 29.549671173095703 -43.95997619628906 0
vertex 29.515417098999023 -44.13218307495117 0
vertex 29.515417098999023 -44.13218307495117 1.7000000476837158
endloop
endfacet
facet normal -0.9807852845629332 -0.19509030110388895 0
outer loop
vertex 29.515417098999023 -43.78776931762695 0
vertex 29.549671173095703 -43.95997619628906 0
vertex 29.549671173095703 -43.95997619628906 1.7000000476837158
endloop
endfacet
facet normal -0.5555622638012966 -0.8314749371087372 0
outer loop
vertex 29.417869567871094 -43.64177703857422 0
vertex 29.417869567871094 -43.64177703857422 1.7000000476837158
vertex 29.271879196166992 -43.54423141479492 0
endloop
endfacet
facet normal -0.8314732719568675 -0.5555647559208026 0
outer loop
vertex 29.417869567871094 -43.64177703857422 0
vertex 29.515417098999023 -43.78776931762695 0
vertex 29.515417098999023 -43.78776931762695 1.7000000476837158
endloop
endfacet
facet normal 0 0 -1
outer loop
vertex 28.68392562866211 -44.13218307495117 1.7000000476837158
vertex 28.64967155456543 -43.95997619628906 1.7000000476837158
vertex 28.68392562866211 -43.78776931762695 1.7000000476837158
endloop
endfacet
facet normal 0 0 -1
outer loop
vertex 28.78147315979004 -44.278175354003906 1.7000000476837158
vertex 28.68392562866211 -44.13218307495117 1.7000000476837158
vertex 28.78147315979004 -43.64177703857422 1.7000000476837158
endloop
endfacet
facet normal 0 0 -1
outer loop
vertex 28.78147315979004 -43.64177703857422 1.7000000476837158
vertex 28.68392562866211 -44.13218307495117 1.7000000476837158
vertex 28.68392562866211 -43.78776931762695 1.7000000476837158
endloop
endfacet
facet normal 0 0 -1
outer loop
vertex 28.92746353149414 -44.3757209777832 1.7000000476837158
vertex 28.78147315979004 -44.278175354003906 1.7000000476837158
vertex 28.92746353149414 -43.54423141479492 1.7000000476837158
endloop
endfacet
facet normal 0 0 -1
outer loop
vertex 29.09967041015625 -44.409976959228516 1.7000000476837158
vertex 28.92746353149414 -44.3757209777832 1.7000000476837158
vertex 29.09967041015625 -43.50997543334961 1.7000000476837158
endloop
endfacet
facet normal 0 0 -1
outer loop
vertex 29.271879196166992 -44.3757209777832 1.7000000476837158
vertex 29.09967041015625 -44.409976959228516 1.7000000476837158
vertex 29.271879196166992 -43.54423141479492 1.7000000476837158
endloop
endfacet
facet normal 0 0 -1
outer loop
vertex 28.92746353149414 -43.54423141479492 1.7000000476837158
vertex 28.78147315979004 -44.278175354003906 1.7000000476837158
vertex 28.78147315979004 -43.64177703857422 1.7000000476837158
endloop
endfacet
facet normal 0 0 -1
outer loop
vertex 29.09967041015625 -43.50997543334961 1.7000000476837158
vertex 28.92746353149414 -44.3757209777832 1.7000000476837158
vertex 28.92746353149414 -43.54423141479492 1.7000000476837158
endloop
endfacet
facet normal 0 0 -1
outer loop
vertex 29.271879196166992 -43.54423141479492 1.7000000476837158
vertex 29.09967041015625 -44.409976959228516 1.7000000476837158
vertex 29.09967041015625 -43.50997543334961 1.7000000476837158
endloop
endfacet
facet normal 0 0 -1
outer loop
vertex 29.271879196166992 -44.3757209777832 1.7000000476837158
vertex 29.271879196166992 -43.54423141479492 1.7000000476837158
vertex 29.417869567871094 -43.64177703857422 1.7000000476837158
endloop
endfacet
facet normal 0.9807852845629332 0.19509030110388895 0
outer loop
vertex 28.64967155456543 -43.95997619628906 0
vertex 28.64967155456543 -43.95997619628906 1.7000000476837158
vertex 28.68392562866211 -44.13218307495117 0
endloop
endfacet
facet normal 0.8314732719568675 0.5555647559208026 0
outer loop
vertex 28.78147315979004 -44.278175354003906 0
vertex 28.68392562866211 -44.13218307495117 0
vertex 28.68392562866211 -44.13218307495117 1.7000000476837158
endloop
endfacet
facet normal -0.9807852845629332 0.19509030110388895 0
outer loop
vertex 29.549671173095703 -43.95997619628906 1.7000000476837158
vertex 29.549671173095703 -43.95997619628906 0
vertex 29.515417098999023 -44.13218307495117 1.7000000476837158
endloop
endfacet
facet normal 0.1951007507126451 0.9807832059488795 0
outer loop
vertex 29.09967041015625 -45.67997741699219 1.7000000476837158
vertex 29.09967041015625 -45.67997741699219 0
vertex 28.92746353149414 -45.645721435546875 1.7000000476837158
endloop
endfacet
facet normal 0.8314732719568675 0.5555647559208026 0
outer loop
vertex 28.78147315979004 -45.54817581176758 1.7000000476837158
vertex 28.78147315979004 -45.54817581176758 0
vertex 28.68392562866211 -45.402183532714844 1.7000000476837158
endloop
endfacet
facet normal 0 0 -1
outer loop
vertex 29.271879196166992 -44.814231872558594 1.7000000476837158
vertex 29.09967041015625 -45.67997741699219 1.7000000476837158
vertex 29.09967041015625 -44.77997589111328 1.7000000476837158
endloop
endfacet
facet normal 0 0 -1
outer loop
vertex 29.271879196166992 -45.645721435546875 1.7000000476837158
vertex 29.09967041015625 -45.67997741699219 1.7000000476837158
vertex 29.271879196166992 -44.814231872558594 1.7000000476837158
endloop
endfacet
facet normal 0 0 -1
outer loop
vertex 29.09967041015625 -44.77997589111328 1.7000000476837158
vertex 28.92746353149414 -45.645721435546875 1.7000000476837158
vertex 28.92746353149414 -44.814231872558594 1.7000000476837158
endloop
endfacet
facet normal 0 0 -1
outer loop
vertex 29.417869567871094 -45.54817581176758 1.7000000476837158
vertex 29.271879196166992 -45.645721435546875 1.7000000476837158
vertex 29.417869567871094 -44.91177749633789 1.7000000476837158
endloop
endfacet
facet normal 0 0 -1
outer loop
vertex 29.417869567871094 -44.91177749633789 1.7000000476837158
vertex 29.515417098999023 -45.057769775390625 1.7000000476837158
vertex 29.417869567871094 -45.54817581176758 1.7000000476837158
endloop
endfacet
facet normal 0 0 -1
outer loop
vertex 29.515417098999023 -45.402183532714844 1.7000000476837158
vertex 29.417869567871094 -45.54817581176758 1.7000000476837158
vertex 29.515417098999023 -45.057769775390625 1.7000000476837158
endloop
endfacet
facet normal 0 0 -1
outer loop
vertex 29.549671173095703 -45.229976654052734 1.7000000476837158
vertex 29.515417098999023 -45.402183532714844 1.7000000476837158
vertex 29.515417098999023 -45.057769775390625 1.7000000476837158
endloop
endfacet
facet normal 0 0 -1
outer loop
vertex 28.92746353149414 -44.814231872558594 1.7000000476837158
vertex 28.78147315979004 -45.54817581176758 1.7000000476837158
vertex 28.78147315979004 -44.91177749633789 1.7000000476837158
endloop
endfacet
facet normal 0 0 -1
outer loop
vertex 29.09967041015625 -45.67997741699219 1.7000000476837158
vertex 28.92746353149414 -45.645721435546875 1.7000000476837158
vertex 29.09967041015625 -44.77997589111328 1.7000000476837158
endloop
endfacet
facet normal 0 0 -1
outer loop
vertex 28.92746353149414 -45.645721435546875 1.7000000476837158
vertex 28.78147315979004 -45.54817581176758 1.7000000476837158
vertex 28.92746353149414 -44.814231872558594 1.7000000476837158
endloop
endfacet
facet normal 0 0 -1
outer loop
vertex 28.78147315979004 -45.54817581176758 1.7000000476837158
vertex 28.68392562866211 -45.402183532714844 1.7000000476837158
vertex 28.78147315979004 -44.91177749633789 1.7000000476837158
endloop
endfacet
facet normal -0.9807852845629332 0.19509030110388895 0
outer loop
vertex 29.515417098999023 -45.402183532714844 0
vertex 29.515417098999023 -45.402183532714844 1.7000000476837158
vertex 29.549671173095703 -45.229976654052734 0
endloop
endfacet
facet normal -0.9807852845629332 -0.19509030110388895 0
outer loop
vertex 29.549671173095703 -45.229976654052734 0
vertex 29.549671173095703 -45.229976654052734 1.7000000476837158
vertex 29.515417098999023 -45.057769775390625 0
endloop
endfacet
facet normal -0.8314732719568675 -0.5555647559208026 0
outer loop
vertex 29.515417098999023 -45.057769775390625 0
vertex 29.515417098999023 -45.057769775390625 1.7000000476837158
vertex 29.417869567871094 -44.91177749633789 0
endloop
endfacet
facet normal -0.5555622638012966 -0.8314749371087372 0
outer loop
vertex 29.417869567871094 -44.91177749633789 0
vertex 29.417869567871094 -44.91177749633789 1.7000000476837158
vertex 29.271879196166992 -44.814231872558594 0
endloop
endfacet
facet normal -0.9807852845629332 -0.19509030110388895 0
outer loop
vertex 29.515417098999023 -45.057769775390625 1.7000000476837158
vertex 29.515417098999023 -45.057769775390625 0
vertex 29.549671173095703 -45.229976654052734 1.7000000476837158
endloop
endfacet
facet normal -0.8314732719568675 -0.5555647559208026 0
outer loop
vertex 29.417869567871094 -44.91177749633789 1.7000000476837158
vertex 29.417869567871094 -44.91177749633789 0
vertex 29.515417098999023 -45.057769775390625 1.7000000476837158
endloop
endfacet
facet normal -0.9807852845629332 0.19509030110388895 0
outer loop
vertex 29.549671173095703 -45.229976654052734 1.7000000476837158
vertex 29.549671173095703 -45.229976654052734 0
vertex 29.515417098999023 -45.402183532714844 1.7000000476837158
endloop
endfacet
facet normal -0.5555622638012966 -0.8314749371087372 0
outer loop
vertex 29.271879196166992 -44.814231872558594 1.7000000476837158
vertex 29.271879196166992 -44.814231872558594 0
vertex 29.417869567871094 -44.91177749633789 1.7000000476837158
endloop
endfacet
facet normal -0.1950986720690384 -0.9807836194374872 0
outer loop
vertex 29.09967041015625 -44.77997589111328 1.7000000476837158
vertex 29.09967041015625 -44.77997589111328 0
vertex 29.271879196166992 -44.814231872558594 1.7000000476837158
endloop
endfacet
facet normal 0.1951007507126451 -0.9807832059488795 0
outer loop
vertex 28.92746353149414 -44.814231872558594 1.7000000476837158
vertex 28.92746353149414 -44.814231872558594 0
vertex 29.09967041015625 -44.77997589111328 1.7000000476837158
endloop
endfacet
facet normal 0.5555622638012966 -0.8314749371087372 0
outer loop
vertex 28.78147315979004 -44.91177749633789 1.7000000476837158
vertex 28.78147315979004 -44.91177749633789 0
vertex 28.92746353149414 -44.814231872558594 1.7000000476837158
endloop
endfacet
facet normal 0.8314732719568675 -0.5555647559208026 0
outer loop
vertex 28.68392562866211 -45.057769775390625 1.7000000476837158
vertex 28.68392562866211 -45.057769775390625 0
vertex 28.78147315979004 -44.91177749633789 1.7000000476837158
endloop
endfacet
facet normal 0.9807852845629332 -0.19509030110388895 0
outer loop
vertex 28.64967155456543 -45.229976654052734 1.7000000476837158
vertex 28.64967155456543 -45.229976654052734 0
vertex 28.68392562866211 -45.057769775390625 1.7000000476837158
endloop
endfacet
facet normal 0.9807852845629332 0.19509030110388895 0
outer loop
vertex 28.68392562866211 -45.402183532714844 1.7000000476837158
vertex 28.68392562866211 -45.402183532714844 0
vertex 28.64967155456543 -45.229976654052734 1.7000000476837158
endloop
endfacet
facet normal -0.8314732719568675 0.5555647559208026 0
outer loop
vertex 29.515417098999023 -45.402183532714844 1.7000000476837158
vertex 29.515417098999023 -45.402183532714844 0
vertex 29.417869567871094 -45.54817581176758 1.7000000476837158
endloop
endfacet
facet normal -0.5555622638012966 0.8314749371087372 0
outer loop
vertex 29.417869567871094 -45.54817581176758 1.7000000476837158
vertex 29.417869567871094 -45.54817581176758 0
vertex 29.271879196166992 -45.645721435546875 1.7000000476837158
endloop
endfacet
facet normal -0.1950986720690384 0.9807836194374872 0
outer loop
vertex 29.271879196166992 -45.645721435546875 1.7000000476837158
vertex 29.271879196166992 -45.645721435546875 0
vertex 29.09967041015625 -45.67997741699219 1.7000000476837158
endloop
endfacet
facet normal 0.5555622638012966 0.8314749371087372 0
outer loop
vertex 28.92746353149414 -45.645721435546875 1.7000000476837158
vertex 28.92746353149414 -45.645721435546875 0
vertex 28.78147315979004 -45.54817581176758 1.7000000476837158
endloop
endfacet
facet normal -0.1950986720690384 -0.9807836194374872 0
outer loop
vertex 29.271879196166992 -44.814231872558594 0
vertex 29.271879196166992 -44.814231872558594 1.7000000476837158
vertex 29.09967041015625 -44.77997589111328 0
endloop
endfacet
facet normal 0.1951007507126451 -0.9807832059488795 0
outer loop
vertex 29.09967041015625 -44.77997589111328 0
vertex 29.09967041015625 -44.77997589111328 1.7000000476837158
vertex 28.92746353149414 -44.814231872558594 0
endloop
endfacet
facet normal 0.5555622638012966 -0.8314749371087372 0
outer loop
vertex 28.92746353149414 -44.814231872558594 0
vertex 28.92746353149414 -44.814231872558594 1.7000000476837158
vertex 28.78147315979004 -44.91177749633789 0
endloop
endfacet
facet normal 0.8314732719568675 -0.5555647559208026 0
outer loop
vertex 28.78147315979004 -44.91177749633789 0
vertex 28.78147315979004 -44.91177749633789 1.7000000476837158
vertex 28.68392562866211 -45.057769775390625 0
endloop
endfacet
facet normal 0.9807852845629332 -0.19509030110388895 0
outer loop
vertex 28.68392562866211 -45.057769775390625 0
vertex 28.68392562866211 -45.057769775390625 1.7000000476837158
vertex 28.64967155456543 -45.229976654052734 0
endloop
endfacet
facet normal 0.9807852845629332 0.19509030110388895 0
outer loop
vertex 28.64967155456543 -45.229976654052734 0
vertex 28.64967155456543 -45.229976654052734 1.7000000476837158
vertex 28.68392562866211 -45.402183532714844 0
endloop
endfacet
facet normal -0.8314732719568675 0.5555647559208026 0
outer loop
vertex 29.515417098999023 -45.402183532714844 0
vertex 29.417869567871094 -45.54817581176758 0
vertex 29.417869567871094 -45.54817581176758 1.7000000476837158
endloop
endfacet
facet normal -0.5555622638012966 0.8314749371087372 0
outer loop
vertex 29.417869567871094 -45.54817581176758 0
vertex 29.271879196166992 -45.645721435546875 0
vertex 29.271879196166992 -45.645721435546875 1.7000000476837158
endloop
endfacet
facet normal -0.1950986720690384 0.9807836194374872 0
outer loop
vertex 29.271879196166992 -45.645721435546875 0
vertex 29.09967041015625 -45.67997741699219 0
vertex 29.09967041015625 -45.67997741699219 1.7000000476837158
endloop
endfacet
facet normal 0.5555622638012966 0.8314749371087372 0
outer loop
vertex 28.92746353149414 -45.645721435546875 0
vertex 28.78147315979004 -45.54817581176758 0
vertex 28.78147315979004 -45.54817581176758 1.7000000476837158
endloop
endfacet
facet normal 0.1951007507126451 0.9807832059488795 0
outer loop
vertex 29.09967041015625 -45.67997741699219 0
vertex 28.92746353149414 -45.645721435546875 0
vertex 28.92746353149414 -45.645721435546875 1.7000000476837158
endloop
endfacet
facet normal 0.8314732719568675 0.5555647559208026 0
outer loop
vertex 28.68392562866211 -45.402183532714844 0
vertex 28.68392562866211 -45.402183532714844 1.7000000476837158
vertex 28.78147315979004 -45.54817581176758 0
endloop
endfacet
facet normal 0 0 -1
outer loop
vertex 28.68392562866211 -45.402183532714844 1.7000000476837158
vertex 28.64967155456543 -45.229976654052734 1.7000000476837158
vertex 28.68392562866211 -45.057769775390625 1.7000000476837158
endloop
endfacet
facet normal 0 0 -1
outer loop
vertex 28.78147315979004 -44.91177749633789 1.7000000476837158
vertex 28.68392562866211 -45.402183532714844 1.7000000476837158
vertex 28.68392562866211 -45.057769775390625 1.7000000476837158
endloop
endfacet
facet normal 0 0 -1
outer loop
vertex 29.271879196166992 -45.645721435546875 1.7000000476837158
vertex 29.271879196166992 -44.814231872558594 1.7000000476837158
vertex 29.417869567871094 -44.91177749633789 1.7000000476837158
endloop
endfacet
facet normal 0.8314732719568675 0.5555647559208026 0
outer loop
vertex 28.78147315979004 -46.81817626953125 0
vertex 28.68392562866211 -46.672183990478516 0
vertex 28.68392562866211 -46.672183990478516 1.7000000476837158
endloop
endfacet
facet normal -0.8314732719568675 -0.5555647559208026 0
outer loop
vertex 29.417869567871094 -46.18177795410156 0
vertex 29.515417098999023 -46.3277702331543 0
vertex 29.515417098999023 -46.3277702331543 1.7000000476837158
endloop
endfacet
facet normal 0.9807852845629332 0.19509030110388895 0
outer loop
vertex 28.68392562866211 -46.672183990478516 1.7000000476837158
vertex 28.68392562866211 -46.672183990478516 0
vertex 28.64967155456543 -46.499977111816406 1.7000000476837158
endloop
endfacet
facet normal 0.9807852845629332 -0.19509030110388895 0
outer loop
vertex 28.64967155456543 -46.499977111816406 1.7000000476837158
vertex 28.64967155456543 -46.499977111816406 0
vertex 28.68392562866211 -46.3277702331543 1.7000000476837158
endloop
endfacet
facet normal 0.5555622638012966 0.8314749371087372 0
outer loop
vertex 28.92746353149414 -46.91572189331055 1.7000000476837158
vertex 28.92746353149414 -46.91572189331055 0
vertex 28.78147315979004 -46.81817626953125 1.7000000476837158
endloop
endfacet
facet normal 0.1951007507126451 0.9807832059488795 0
outer loop
vertex 29.09967041015625 -46.94997787475586 1.7000000476837158
vertex 29.09967041015625 -46.94997787475586 0
vertex 28.92746353149414 -46.91572189331055 1.7000000476837158
endloop
endfacet
facet normal -0.1950986720690384 0.9807836194374872 0
outer loop
vertex 29.271879196166992 -46.91572189331055 1.7000000476837158
vertex 29.271879196166992 -46.91572189331055 0
vertex 29.09967041015625 -46.94997787475586 1.7000000476837158
endloop
endfacet
facet normal 0.8314732719568675 -0.5555647559208026 0
outer loop
vertex 28.68392562866211 -46.3277702331543 1.7000000476837158
vertex 28.68392562866211 -46.3277702331543 0
vertex 28.78147315979004 -46.18177795410156 1.7000000476837158
endloop
endfacet
facet normal 0.5555622638012966 -0.8314749371087372 0
outer loop
vertex 28.78147315979004 -46.18177795410156 1.7000000476837158
vertex 28.78147315979004 -46.18177795410156 0
vertex 28.92746353149414 -46.084232330322266 1.7000000476837158
endloop
endfacet
facet normal 0.1951007507126451 -0.9807832059488795 0
outer loop
vertex 28.92746353149414 -46.084232330322266 1.7000000476837158
vertex 28.92746353149414 -46.084232330322266 0
vertex 29.09967041015625 -46.04997634887695 1.7000000476837158
endloop
endfacet
facet normal -0.5555622638012966 -0.8314749371087372 0
outer loop
vertex 29.271879196166992 -46.084232330322266 1.7000000476837158
vertex 29.271879196166992 -46.084232330322266 0
vertex 29.417869567871094 -46.18177795410156 1.7000000476837158
endloop
endfacet
facet normal -0.1950986720690384 -0.9807836194374872 0
outer loop
vertex 29.09967041015625 -46.04997634887695 1.7000000476837158
vertex 29.09967041015625 -46.04997634887695 0
vertex 29.271879196166992 -46.084232330322266 1.7000000476837158
endloop
endfacet
facet normal -0.5555622638012966 0.8314749371087372 0
outer loop
vertex 29.417869567871094 -46.81817626953125 1.7000000476837158
vertex 29.417869567871094 -46.81817626953125 0
vertex 29.271879196166992 -46.91572189331055 1.7000000476837158
endloop
endfacet
facet normal -0.8314732719568675 0.5555647559208026 0
outer loop
vertex 29.515417098999023 -46.672183990478516 1.7000000476837158
vertex 29.515417098999023 -46.672183990478516 0
vertex 29.417869567871094 -46.81817626953125 1.7000000476837158
endloop
endfacet
facet normal -0.9807852845629332 0.19509030110388895 0
outer loop
vertex 29.549671173095703 -46.499977111816406 1.7000000476837158
vertex 29.549671173095703 -46.499977111816406 0
vertex 29.515417098999023 -46.672183990478516 1.7000000476837158
endloop
endfacet
facet normal -0.9807852845629332 -0.19509030110388895 0
outer loop
vertex 29.515417098999023 -46.3277702331543 1.7000000476837158
vertex 29.515417098999023 -46.3277702331543 0
vertex 29.549671173095703 -46.499977111816406 1.7000000476837158
endloop
endfacet
facet normal -0.8314732719568675 -0.5555647559208026 0
outer loop
vertex 29.417869567871094 -46.18177795410156 1.7000000476837158
vertex 29.417869567871094 -46.18177795410156 0
vertex 29.515417098999023 -46.3277702331543 1.7000000476837158
endloop
endfacet
facet normal 0 0 -1
outer loop
vertex 28.68392562866211 -46.672183990478516 1.7000000476837158
vertex 28.64967155456543 -46.499977111816406 1.7000000476837158
vertex 28.68392562866211 -46.3277702331543 1.7000000476837158
endloop
endfacet
facet normal 0 0 -1
outer loop
vertex 28.78147315979004 -46.81817626953125 1.7000000476837158
vertex 28.68392562866211 -46.672183990478516 1.7000000476837158
vertex 28.78147315979004 -46.18177795410156 1.7000000476837158
endloop
endfacet
facet normal 0 0 -1
outer loop
vertex 28.78147315979004 -46.18177795410156 1.7000000476837158
vertex 28.68392562866211 -46.672183990478516 1.7000000476837158
vertex 28.68392562866211 -46.3277702331543 1.7000000476837158
endloop
endfacet
facet normal 0 0 -1
outer loop
vertex 28.92746353149414 -46.91572189331055 1.7000000476837158
vertex 28.78147315979004 -46.81817626953125 1.7000000476837158
vertex 28.92746353149414 -46.084232330322266 1.7000000476837158
endloop
endfacet
facet normal 0 0 -1
outer loop
vertex 29.09967041015625 -46.94997787475586 1.7000000476837158
vertex 28.92746353149414 -46.91572189331055 1.7000000476837158
vertex 29.09967041015625 -46.04997634887695 1.7000000476837158
endloop
endfacet
facet normal 0 0 -1
outer loop
vertex 28.92746353149414 -46.084232330322266 1.7000000476837158
vertex 28.78147315979004 -46.81817626953125 1.7000000476837158
vertex 28.78147315979004 -46.18177795410156 1.7000000476837158
endloop
endfacet
facet normal 0 0 -1
outer loop
vertex 29.09967041015625 -46.04997634887695 1.7000000476837158
vertex 28.92746353149414 -46.91572189331055 1.7000000476837158
vertex 28.92746353149414 -46.084232330322266 1.7000000476837158
endloop
endfacet
facet normal 0 0 -1
outer loop
vertex 29.271879196166992 -46.91572189331055 1.7000000476837158
vertex 29.09967041015625 -46.94997787475586 1.7000000476837158
vertex 29.271879196166992 -46.084232330322266 1.7000000476837158
endloop
endfacet
facet normal 0 0 -1
outer loop
vertex 29.271879196166992 -46.084232330322266 1.7000000476837158
vertex 29.09967041015625 -46.94997787475586 1.7000000476837158
vertex 29.09967041015625 -46.04997634887695 1.7000000476837158
endloop
endfacet
facet normal 0 0 -1
outer loop
vertex 29.271879196166992 -46.91572189331055 1.7000000476837158
vertex 29.271879196166992 -46.084232330322266 1.7000000476837158
vertex 29.417869567871094 -46.18177795410156 1.7000000476837158
endloop
endfacet
facet normal 0 0 -1
outer loop
vertex 29.417869567871094 -46.81817626953125 1.7000000476837158
vertex 29.271879196166992 -46.91572189331055 1.7000000476837158
vertex 29.417869567871094 -46.18177795410156 1.7000000476837158
endloop
endfacet
facet normal 0 0 -1
outer loop
vertex 29.515417098999023 -46.672183990478516 1.7000000476837158
vertex 29.417869567871094 -46.81817626953125 1.7000000476837158
vertex 29.515417098999023 -46.3277702331543 1.7000000476837158
endloop
endfacet
facet normal 0 0 -1
outer loop
vertex 29.417869567871094 -46.18177795410156 1.7000000476837158
vertex 29.515417098999023 -46.3277702331543 1.7000000476837158
vertex 29.417869567871094 -46.81817626953125 1.7000000476837158
endloop
endfacet
facet normal 0 0 -1
outer loop
vertex 29.549671173095703 -46.499977111816406 1.7000000476837158
vertex 29.515417098999023 -46.672183990478516 1.7000000476837158
vertex 29.515417098999023 -46.3277702331543 1.7000000476837158
endloop
endfacet
facet normal 0.5555622638012966 0.8314749371087372 0
outer loop
vertex 28.92746353149414 -46.91572189331055 0
vertex 28.78147315979004 -46.81817626953125 0
vertex 28.78147315979004 -46.81817626953125 1.7000000476837158
endloop
endfacet
facet normal 0.9807852845629332 -0.19509030110388895 0
outer loop
vertex 28.68392562866211 -46.3277702331543 0
vertex 28.68392562866211 -46.3277702331543 1.7000000476837158
vertex 28.64967155456543 -46.499977111816406 0
endloop
endfacet
facet normal 0.1951007507126451 0.9807832059488795 0
outer loop
vertex 28.92746353149414 -46.91572189331055 0
vertex 28.92746353149414 -46.91572189331055 1.7000000476837158
vertex 29.09967041015625 -46.94997787475586 0
endloop
endfacet
facet normal -0.1950986720690384 0.9807836194374872 0
outer loop
vertex 29.09967041015625 -46.94997787475586 0
vertex 29.09967041015625 -46.94997787475586 1.7000000476837158
vertex 29.271879196166992 -46.91572189331055 0
endloop
endfacet
facet normal -0.5555622638012966 0.8314749371087372 0
outer loop
vertex 29.271879196166992 -46.91572189331055 0
vertex 29.271879196166992 -46.91572189331055 1.7000000476837158
vertex 29.417869567871094 -46.81817626953125 0
endloop
endfacet
facet normal 0.8314732719568675 -0.5555647559208026 0
outer loop
vertex 28.78147315979004 -46.18177795410156 0
vertex 28.78147315979004 -46.18177795410156 1.7000000476837158
vertex 28.68392562866211 -46.3277702331543 0
endloop
endfacet
facet normal 0.8314732719568675 0.5555647559208026 0
outer loop
vertex 28.78147315979004 -46.81817626953125 1.7000000476837158
vertex 28.78147315979004 -46.81817626953125 0
vertex 28.68392562866211 -46.672183990478516 1.7000000476837158
endloop
endfacet
facet normal 0.5555622638012966 -0.8314749371087372 0
outer loop
vertex 28.92746353149414 -46.084232330322266 0
vertex 28.92746353149414 -46.084232330322266 1.7000000476837158
vertex 28.78147315979004 -46.18177795410156 0
endloop
endfacet
facet normal 0.1951007507126451 -0.9807832059488795 0
outer loop
vertex 29.09967041015625 -46.04997634887695 0
vertex 29.09967041015625 -46.04997634887695 1.7000000476837158
vertex 28.92746353149414 -46.084232330322266 0
endloop
endfacet
facet normal -0.1950986720690384 -0.9807836194374872 0
outer loop
vertex 29.271879196166992 -46.084232330322266 0
vertex 29.271879196166992 -46.084232330322266 1.7000000476837158
vertex 29.09967041015625 -46.04997634887695 0
endloop
endfacet
facet normal -0.8314732719568675 0.5555647559208026 0
outer loop
vertex 29.417869567871094 -46.81817626953125 0
vertex 29.417869567871094 -46.81817626953125 1.7000000476837158
vertex 29.515417098999023 -46.672183990478516 0
endloop
endfacet
facet normal -0.9807852845629332 0.19509030110388895 0
outer loop
vertex 29.515417098999023 -46.672183990478516 0
vertex 29.515417098999023 -46.672183990478516 1.7000000476837158
vertex 29.549671173095703 -46.499977111816406 0
endloop
endfacet
facet normal -0.9807852845629332 -0.19509030110388895 0
outer loop
vertex 29.549671173095703 -46.499977111816406 0
vertex 29.549671173095703 -46.499977111816406 1.7000000476837158
vertex 29.515417098999023 -46.3277702331543 0
endloop
endfacet
facet normal -0.5555622638012966 -0.8314749371087372 0
outer loop
vertex 29.417869567871094 -46.18177795410156 0
vertex 29.417869567871094 -46.18177795410156 1.7000000476837158
vertex 29.271879196166992 -46.084232330322266 0
endloop
endfacet
facet normal 0.9807852845629332 0.19509030110388895 0
outer loop
vertex 28.64967155456543 -46.499977111816406 0
vertex 28.64967155456543 -46.499977111816406 1.7000000476837158
vertex 28.68392562866211 -46.672183990478516 0
endloop
endfacet
facet normal 0 0 1
outer loop
vertex 64.04996490478516 31.950023651123047 2.200000047683716
vertex 66.49996185302734 29.500022888183594 2.200000047683716
vertex 66.49996185302734 48.500022888183594 2.200000047683716
endloop
endfacet
facet normal 0 0 1
outer loop
vertex 64.04996490478516 46.05002212524414 2.200000047683716
vertex 64.04996490478516 31.950023651123047 2.200000047683716
vertex 66.49996185302734 48.500022888183594 2.200000047683716
endloop
endfacet
facet normal 0 0 1
outer loop
vertex 47.499961853027344 48.500022888183594 2.200000047683716
vertex 49.9499626159668 46.05002212524414 2.200000047683716
vertex 66.49996185302734 48.500022888183594 2.200000047683716
endloop
endfacet
facet normal 0 1 0
outer loop
vertex 66.49996185302734 29.500022888183594 2.200000047683716
vertex 47.499961853027344 29.500022888183594 2.200000047683716
vertex 47.499961853027344 29.500022888183594 5
endloop
endfacet
facet normal 0 0 1
outer loop
vertex 66.49996185302734 48.500022888183594 2.200000047683716
vertex 49.9499626159668 46.05002212524414 2.200000047683716
vertex 64.04996490478516 46.05002212524414 2.200000047683716
endloop
endfacet
facet normal 0 0 1
outer loop
vertex 47.499961853027344 48.500022888183594 2.200000047683716
vertex 49.9499626159668 31.950023651123047 2.200000047683716
vertex 49.9499626159668 46.05002212524414 2.200000047683716
endloop
endfacet
facet normal 0 0 1
outer loop
vertex 47.499961853027344 48.500022888183594 2.200000047683716
vertex 47.499961853027344 29.500022888183594 2.200000047683716
vertex 49.9499626159668 31.950023651123047 2.200000047683716
endloop
endfacet
facet normal 0 1 0
outer loop
vertex 66.49996185302734 29.500022888183594 5
vertex 66.49996185302734 29.500022888183594 2.200000047683716
vertex 47.499961853027344 29.500022888183594 5
endloop
endfacet
facet normal -1 0 0
outer loop
vertex 66.49996185302734 48.500022888183594 2.200000047683716
vertex 66.49996185302734 29.500022888183594 2.200000047683716
vertex 66.49996185302734 29.500022888183594 5
endloop
endfacet
facet normal 0 0 1
outer loop
vertex 64.04996490478516 31.950023651123047 2.200000047683716
vertex 47.499961853027344 29.500022888183594 2.200000047683716
vertex 66.49996185302734 29.500022888183594 2.200000047683716
endloop
endfacet
facet normal 0 0 1
outer loop
vertex 47.499961853027344 29.500022888183594 2.200000047683716
vertex 64.04996490478516 31.950023651123047 2.200000047683716
vertex 49.9499626159668 31.950023651123047 2.200000047683716
endloop
endfacet
facet normal -1 0 0
outer loop
vertex 66.49996185302734 48.500022888183594 5
vertex 66.49996185302734 48.500022888183594 2.200000047683716
vertex 66.49996185302734 29.500022888183594 5
endloop
endfacet
facet normal 0 -1 0
outer loop
vertex 47.499961853027344 48.500022888183594 5
vertex 47.499961853027344 48.500022888183594 2.200000047683716
vertex 66.49996185302734 48.500022888183594 5
endloop
endfacet
facet normal 0 -1 0
outer loop
vertex 47.499961853027344 48.500022888183594 2.200000047683716
vertex 66.49996185302734 48.500022888183594 2.200000047683716
vertex 66.49996185302734 48.500022888183594 5
endloop
endfacet
facet normal 0 -1 0
outer loop
vertex 28.499961853027344 48.500022888183594 5
vertex 28.499961853027344 48.500022888183594 2.200000047683716
vertex 47.499961853027344 48.500022888183594 5
endloop
endfacet
facet normal 0 0 1
outer loop
vertex 45.04996109008789 46.05002212524414 2.200000047683716
vertex 45.04996109008789 31.950023651123047 2.200000047683716
vertex 47.499961853027344 48.500022888183594 2.200000047683716
endloop
endfacet
facet normal 0 0 1
outer loop
vertex 47.499961853027344 29.500022888183594 2.200000047683716
vertex 47.499961853027344 48.500022888183594 2.200000047683716
vertex 45.04996109008789 31.950023651123047 2.200000047683716
endloop
endfacet
facet normal 0 1 0
outer loop
vertex 47.499961853027344 29.500022888183594 5
vertex 47.499961853027344 29.500022888183594 2.200000047683716
vertex 28.499961853027344 29.500022888183594 5
endloop
endfacet
facet normal 0 -1 0
outer loop
vertex 47.499961853027344 48.500022888183594 5
vertex 28.499961853027344 48.500022888183594 2.200000047683716
vertex 47.499961853027344 48.500022888183594 2.200000047683716
endloop
endfacet
facet normal 0 0 1
outer loop
vertex 47.499961853027344 48.500022888183594 2.200000047683716
vertex 30.949962615966797 46.05002212524414 2.200000047683716
vertex 45.04996109008789 46.05002212524414 2.200000047683716
endloop
endfacet
facet normal 1 0 0
outer loop
vertex 28.499961853027344 29.500022888183594 5
vertex 28.499961853027344 29.500022888183594 2.200000047683716
vertex 28.499961853027344 48.500022888183594 5
endloop
endfacet
facet normal 0 0 1
outer loop
vertex 28.499961853027344 48.500022888183594 2.200000047683716
vertex 30.949962615966797 46.05002212524414 2.200000047683716
vertex 47.499961853027344 48.500022888183594 2.200000047683716
endloop
endfacet
facet normal 0 0 1
outer loop
vertex 28.499961853027344 48.500022888183594 2.200000047683716
vertex 30.949962615966797 31.950023651123047 2.200000047683716
vertex 30.949962615966797 46.05002212524414 2.200000047683716
endloop
endfacet
facet normal 0 0 1
outer loop
vertex 28.499961853027344 29.500022888183594 2.200000047683716
vertex 30.949962615966797 31.950023651123047 2.200000047683716
vertex 28.499961853027344 48.500022888183594 2.200000047683716
endloop
endfacet
facet normal 0 0 1
outer loop
vertex 45.04996109008789 31.950023651123047 2.200000047683716
vertex 30.949962615966797 31.950023651123047 2.200000047683716
vertex 28.499961853027344 29.500022888183594 2.200000047683716
endloop
endfacet
facet normal 1 0 0
outer loop
vertex 28.499961853027344 48.500022888183594 5
vertex 28.499961853027344 29.500022888183594 2.200000047683716
vertex 28.499961853027344 48.500022888183594 2.200000047683716
endloop
endfacet
facet normal 0 1 0
outer loop
vertex 47.499961853027344 29.500022888183594 2.200000047683716
vertex 28.499961853027344 29.500022888183594 2.200000047683716
vertex 28.499961853027344 29.500022888183594 5
endloop
endfacet
facet normal 0 0 1
outer loop
vertex 45.04996109008789 31.950023651123047 2.200000047683716
vertex 28.499961853027344 29.500022888183594 2.200000047683716
vertex 47.499961853027344 29.500022888183594 2.200000047683716
endloop
endfacet
facet normal 0 0 -1
outer loop
vertex 28.68392562866211 -43.78776931762695 0
vertex 26.049962997436523 -44.04997634887695 0
vertex 28.78147315979004 -43.64177703857422 0
endloop
endfacet
facet normal 0 0 -1
outer loop
vertex -40.500038146972656 -29.249977111816406 0
vertex -45.0500373840332 -25.049976348876953 0
vertex -40.500038146972656 -25.749977111816406 0
endloop
endfacet
facet normal 0 0 -1
outer loop
vertex 29.09967041015625 -42.23997497558594 0
vertex 29.09967041015625 -41.86997604370117 0
vertex 29.271879196166992 -42.27423095703125 0
endloop
endfacet
facet normal 0 0 -1
outer loop
vertex 29.271879196166992 -42.27423095703125 0
vertex 29.271879196166992 -41.835723876953125 0
vertex 29.417869567871094 -42.37178039550781 0
endloop
endfacet
facet normal 0 0 -1
outer loop
vertex 29.271879196166992 -41.835723876953125 0
vertex 29.271879196166992 -42.27423095703125 0
vertex 29.09967041015625 -41.86997604370117 0
endloop
endfacet
facet normal 0 0 -1
outer loop
vertex 29.271879196166992 -44.3757209777832 0
vertex 29.417869567871094 -44.278175354003906 0
vertex 30.949962615966797 -44.04997634887695 0
endloop
endfacet
facet normal 0 0 -1
outer loop
vertex 30.949962615966797 -44.04997634887695 0
vertex 29.417869567871094 -44.278175354003906 0
vertex 29.515417098999023 -44.13218307495117 0
endloop
endfacet
facet normal 0 0 -1
outer loop
vertex 30.949962615966797 -44.04997634887695 0
vertex 29.515417098999023 -44.13218307495117 0
vertex 29.549671173095703 -43.95997619628906 0
endloop
endfacet
facet normal 0 0 -1
outer loop
vertex 29.549671173095703 -43.95997619628906 0
vertex 29.515417098999023 -43.78776931762695 0
vertex 30.949962615966797 -44.04997634887695 0
endloop
endfacet
facet normal 0 0 -1
outer loop
vertex 30.949962615966797 -44.04997634887695 0
vertex 29.515417098999023 -43.78776931762695 0
vertex 29.417869567871094 -43.64177703857422 0
endloop
endfacet
facet normal 0 0 -1
outer loop
vertex 30.949962615966797 -44.04997634887695 0
vertex 29.417869567871094 -43.64177703857422 0
vertex 29.417869567871094 -43.008174896240234 0
endloop
endfacet
facet normal 0 0 -1
outer loop
vertex 29.417869567871094 -43.64177703857422 0
vertex 29.271879196166992 -43.10572052001953 0
vertex 29.417869567871094 -43.008174896240234 0
endloop
endfacet
facet normal 0 0 -1
outer loop
vertex 30.949962615966797 -44.04997634887695 0
vertex 29.417869567871094 -43.008174896240234 0
vertex 29.515417098999023 -42.8621826171875 0
endloop
endfacet
facet normal 0 0 -1
outer loop
vertex 30.949962615966797 -44.04997634887695 0
vertex 29.515417098999023 -42.8621826171875 0
vertex 29.549671173095703 -42.68997573852539 0
endloop
endfacet
facet normal 0 0 -1
outer loop
vertex 30.949962615966797 -44.04997634887695 0
vertex 29.549671173095703 -42.68997573852539 0
vertex 29.515417098999023 -42.51776885986328 0
endloop
endfacet
facet normal 0 0 -1
outer loop
vertex 30.949962615966797 -44.04997634887695 0
vertex 29.515417098999023 -42.51776885986328 0
vertex 29.417869567871094 -42.37178039550781 0
endloop
endfacet
facet normal 0 0 -1
outer loop
vertex 29.417869567871094 -42.37178039550781 0
vertex 29.417869567871094 -41.73817443847656 0
vertex 30.949962615966797 -44.04997634887695 0
endloop
endfacet
facet normal 0 0 -1
outer loop
vertex 29.417869567871094 -42.37178039550781 0
vertex 29.271879196166992 -41.835723876953125 0
vertex 29.417869567871094 -41.73817443847656 0
endloop
endfacet
facet normal 0 0 -1
outer loop
vertex 29.417869567871094 -41.73817443847656 0
vertex 29.515417098999023 -41.592185974121094 0
vertex 30.949962615966797 -44.04997634887695 0
endloop
endfacet
facet normal 0 0 -1
outer loop
vertex 29.515417098999023 -41.592185974121094 0
vertex 29.549671173095703 -41.41997528076172 0
vertex 30.949962615966797 -44.04997634887695 0
endloop
endfacet
facet normal 0 0 -1
outer loop
vertex 29.549671173095703 -41.41997528076172 0
vertex 30.949962615966797 -39.79869842529297 0
vertex 30.949962615966797 -44.04997634887695 0
endloop
endfacet
facet normal 0 0 -1
outer loop
vertex 29.271879196166992 -44.3757209777832 0
vertex 30.949962615966797 -44.04997634887695 0
vertex 35.499961853027344 -44.749977111816406 0
endloop
endfacet
facet normal 0 0 -1
outer loop
vertex 35.499961853027344 -44.749977111816406 0
vertex 30.949962615966797 -44.04997634887695 0
vertex 35.499961853027344 -44.04997634887695 0
endloop
endfacet
facet normal 0 0 -1
outer loop
vertex 28.92746353149414 -42.27423095703125 0
vertex 28.92746353149414 -41.835723876953125 0
vertex 29.09967041015625 -42.23997497558594 0
endloop
endfacet
facet normal 0 0 -1
outer loop
vertex 28.92746353149414 -42.27423095703125 0
vertex 28.78147315979004 -41.73817443847656 0
vertex 28.92746353149414 -41.835723876953125 0
endloop
endfacet
facet normal 0 0 -1
outer loop
vertex 29.271879196166992 -43.10572052001953 0
vertex 29.271879196166992 -43.54423141479492 0
vertex 29.09967041015625 -43.139976501464844 0
endloop
endfacet
facet normal 0 0 -1
outer loop
vertex 29.271879196166992 -43.54423141479492 0
vertex 29.271879196166992 -43.10572052001953 0
vertex 29.417869567871094 -43.64177703857422 0
endloop
endfacet
facet normal 0 0 -1
outer loop
vertex 29.09967041015625 -43.50997543334961 0
vertex 29.09967041015625 -43.139976501464844 0
vertex 29.271879196166992 -43.54423141479492 0
endloop
endfacet
facet normal 0 0 -1
outer loop
vertex 29.09967041015625 -43.50997543334961 0
vertex 28.92746353149414 -43.10572052001953 0
vertex 29.09967041015625 -43.139976501464844 0
endloop
endfacet
facet normal 0 0 -1
outer loop
vertex 28.92746353149414 -43.54423141479492 0
vertex 28.92746353149414 -43.10572052001953 0
vertex 29.09967041015625 -43.50997543334961 0
endloop
endfacet
facet normal 0 0 -1
outer loop
vertex 28.78147315979004 -43.64177703857422 0
vertex 28.92746353149414 -43.10572052001953 0
vertex 28.92746353149414 -43.54423141479492 0
endloop
endfacet
facet normal 0 0 -1
outer loop
vertex 28.78147315979004 -42.37178039550781 0
vertex 26.049962997436523 -40.5730094909668 0
vertex 28.92746353149414 -42.27423095703125 0
endloop
endfacet
facet normal 0 0 -1
outer loop
vertex 28.68392562866211 -42.51776885986328 0
vertex 26.049962997436523 -40.5730094909668 0
vertex 28.78147315979004 -42.37178039550781 0
endloop
endfacet
facet normal 0 0 -1
outer loop
vertex 28.64967155456543 -42.68997573852539 0
vertex 26.049962997436523 -40.5730094909668 0
vertex 28.68392562866211 -42.51776885986328 0
endloop
endfacet
facet normal 0 0 -1
outer loop
vertex 28.68392562866211 -42.8621826171875 0
vertex 26.049962997436523 -44.04997634887695 0
vertex 28.64967155456543 -42.68997573852539 0
endloop
endfacet
facet normal 0 0 -1
outer loop
vertex 26.049962997436523 -44.04997634887695 0
vertex 28.68392562866211 -42.8621826171875 0
vertex 28.78147315979004 -43.008174896240234 0
endloop
endfacet
facet normal 0 0 -1
outer loop
vertex 28.92746353149414 -43.10572052001953 0
vertex 26.049962997436523 -44.04997634887695 0
vertex 28.78147315979004 -43.008174896240234 0
endloop
endfacet
facet normal 0 0 -1
outer loop
vertex 29.09967041015625 -44.77997589111328 0
vertex 29.09967041015625 -44.409976959228516 0
vertex 29.271879196166992 -44.814231872558594 0
endloop
endfacet
facet normal 0 0 -1
outer loop
vertex 29.09967041015625 -44.77997589111328 0
vertex 28.92746353149414 -44.3757209777832 0
vertex 29.09967041015625 -44.409976959228516 0
endloop
endfacet
facet normal 0 0 -1
outer loop
vertex 28.92746353149414 -44.814231872558594 0
vertex 28.92746353149414 -44.3757209777832 0
vertex 29.09967041015625 -44.77997589111328 0
endloop
endfacet
facet normal 0 0 -1
outer loop
vertex 28.78147315979004 -43.64177703857422 0
vertex 26.049962997436523 -44.04997634887695 0
vertex 28.92746353149414 -43.10572052001953 0
endloop
endfacet
facet normal -0.9999999983071755 -0.00005818633193210676 0
outer loop
vertex -71.48222351074219 -46.88351821899414 0
vertex -71.48224639892578 -46.49015808105469 0.20000000298023224
vertex -71.48224639892578 -46.49015808105469 0
endloop
endfacet
facet normal 0 0 -1
outer loop
vertex 28.64967155456543 -43.95997619628906 0
vertex 26.049962997436523 -44.04997634887695 0
vertex 28.68392562866211 -43.78776931762695 0
endloop
endfacet
facet normal 0 0 -1
outer loop
vertex 28.92746353149414 -44.814231872558594 0
vertex 26.049962997436523 -44.04997634887695 0
vertex 28.92746353149414 -44.3757209777832 0
endloop
endfacet
facet normal 0 0 -1
outer loop
vertex 28.68392562866211 -44.13218307495117 0
vertex 26.049962997436523 -44.04997634887695 0
vertex 28.64967155456543 -43.95997619628906 0
endloop
endfacet
facet normal 0 0 -1
outer loop
vertex 28.78147315979004 -44.278175354003906 0
vertex 26.049962997436523 -44.04997634887695 0
vertex 28.68392562866211 -44.13218307495117 0
endloop
endfacet
facet normal 0 0 -1
outer loop
vertex 26.049962997436523 -44.04997634887695 0
vertex 28.78147315979004 -44.278175354003906 0
vertex 28.92746353149414 -44.3757209777832 0
endloop
endfacet
facet normal 0 0 -1
outer loop
vertex 29.515417098999023 -46.3277702331543 0
vertex 29.417869567871094 -45.54817581176758 0
vertex 29.515417098999023 -45.402183532714844 0
endloop
endfacet
facet normal 0 0 -1
outer loop
vertex 29.417869567871094 -46.18177795410156 0
vertex 29.271879196166992 -45.645721435546875 0
vertex 29.417869567871094 -45.54817581176758 0
endloop
endfacet
facet normal 0 0 -1
outer loop
vertex 29.515417098999023 -46.3277702331543 0
vertex 29.417869567871094 -46.18177795410156 0
vertex 29.417869567871094 -45.54817581176758 0
endloop
endfacet
facet normal 0 0 -1
outer loop
vertex 29.271879196166992 -45.645721435546875 0
vertex 29.271879196166992 -46.084232330322266 0
vertex 29.09967041015625 -45.67997741699219 0
endloop
endfacet
facet normal 0 0 -1
outer loop
vertex 29.09967041015625 -46.04997634887695 0
vertex 28.92746353149414 -45.645721435546875 0
vertex 29.09967041015625 -45.67997741699219 0
endloop
endfacet
facet normal 0 0 -1
outer loop
vertex 28.78147315979004 -45.54817581176758 0
vertex 28.92746353149414 -46.084232330322266 0
vertex 28.68392562866211 -45.402183532714844 0
endloop
endfacet
facet normal 0 0 -1
outer loop
vertex 28.92746353149414 -46.084232330322266 0
vertex 28.78147315979004 -45.54817581176758 0
vertex 28.92746353149414 -45.645721435546875 0
endloop
endfacet
facet normal 0 0 -1
outer loop
vertex 29.271879196166992 -46.084232330322266 0
vertex 29.271879196166992 -45.645721435546875 0
vertex 29.417869567871094 -46.18177795410156 0
endloop
endfacet
facet normal 0 0 -1
outer loop
vertex 29.09967041015625 -46.04997634887695 0
vertex 29.09967041015625 -45.67997741699219 0
vertex 29.271879196166992 -46.084232330322266 0
endloop
endfacet
facet normal 0 0 -1
outer loop
vertex 28.92746353149414 -46.084232330322266 0
vertex 28.92746353149414 -45.645721435546875 0
vertex 29.09967041015625 -46.04997634887695 0
endloop
endfacet
facet normal 0 0 -1
outer loop
vertex 51.18333435058594 -53.843589782714844 0
vertex 12.55615234375 -52.63888168334961 0
vertex 29.09967041015625 -46.94997787475586 0
endloop
endfacet
facet normal 0 0 -1
outer loop
vertex 26.049962997436523 -44.04997634887695 0
vertex 26.049962997436523 -40.5730094909668 0
vertex 28.64967155456543 -42.68997573852539 0
endloop
endfacet
facet normal 0 0 -1
outer loop
vertex 28.92746353149414 -44.814231872558594 0
vertex 21.499961853027344 -44.749977111816406 0
vertex 26.049962997436523 -44.04997634887695 0
endloop
endfacet
facet normal 0 0 -1
outer loop
vertex 26.049962997436523 -44.04997634887695 0
vertex 21.499961853027344 -44.749977111816406 0
vertex 21.499961853027344 -44.04997634887695 0
endloop
endfacet
facet normal 0 0 -1
outer loop
vertex 28.78147315979004 -44.91177749633789 0
vertex 10.549962997436523 -45.229976654052734 0
vertex 28.92746353149414 -44.814231872558594 0
endloop
endfacet
facet normal 0 0 -1
outer loop
vertex 28.68392562866211 -45.057769775390625 0
vertex 10.549962997436523 -45.229976654052734 0
vertex 28.78147315979004 -44.91177749633789 0
endloop
endfacet
facet normal 0 0 -1
outer loop
vertex 28.64967155456543 -45.229976654052734 0
vertex 10.549962997436523 -45.229976654052734 0
vertex 28.68392562866211 -45.057769775390625 0
endloop
endfacet
facet normal 0 0 -1
outer loop
vertex 28.68392562866211 -45.402183532714844 0
vertex 10.515708923339844 -45.402183532714844 0
vertex 28.64967155456543 -45.229976654052734 0
endloop
endfacet
facet normal 0 0 -1
outer loop
vertex 28.92746353149414 -46.084232330322266 0
vertex 10.515708923339844 -45.402183532714844 0
vertex 28.68392562866211 -45.402183532714844 0
endloop
endfacet
facet normal 0 0 -1
outer loop
vertex 28.78147315979004 -46.18177795410156 0
vertex 10.515708923339844 -46.3277702331543 0
vertex 28.92746353149414 -46.084232330322266 0
endloop
endfacet
facet normal 0 0 -1
outer loop
vertex 28.68392562866211 -46.3277702331543 0
vertex 10.515708923339844 -46.3277702331543 0
vertex 28.78147315979004 -46.18177795410156 0
endloop
endfacet
facet normal 0 0 -1
outer loop
vertex 28.64967155456543 -46.499977111816406 0
vertex 10.515708923339844 -46.3277702331543 0
vertex 28.68392562866211 -46.3277702331543 0
endloop
endfacet
facet normal 0 0 -1
outer loop
vertex 28.68392562866211 -46.672183990478516 0
vertex 12.413135528564453 -51.18680191040039 0
vertex 28.64967155456543 -46.499977111816406 0
endloop
endfacet
facet normal 0 0 -1
outer loop
vertex 28.92746353149414 -46.91572189331055 0
vertex 12.74996280670166 -51.999977111816406 0
vertex 28.78147315979004 -46.81817626953125 0
endloop
endfacet
facet normal 0 0 -1
outer loop
vertex 12.74996280670166 -51.999977111816406 0
vertex 28.68392562866211 -46.672183990478516 0
vertex 28.78147315979004 -46.81817626953125 0
endloop
endfacet
facet normal 0 0 -1
outer loop
vertex 29.09967041015625 -46.94997787475586 0
vertex 12.727866172790527 -52.22433090209961 0
vertex 28.92746353149414 -46.91572189331055 0
endloop
endfacet
facet normal 0 0 -1
outer loop
vertex 28.92746353149414 -44.814231872558594 0
vertex 16.499961853027344 -44.749977111816406 0
vertex 21.499961853027344 -44.749977111816406 0
endloop
endfacet
facet normal 0 0 -1
outer loop
vertex 10.549962997436523 -45.229976654052734 0
vertex 16.499961853027344 -44.749977111816406 0
vertex 28.92746353149414 -44.814231872558594 0
endloop
endfacet
facet normal 0 0 -1
outer loop
vertex 51.18333435058594 -53.843589782714844 0
vertex 12.413135528564453 -52.813148498535156 0
vertex 12.55615234375 -52.63888168334961 0
endloop
endfacet
facet normal 0 0 -1
outer loop
vertex 51.18333435058594 -53.843589782714844 0
vertex 12.238868713378906 -52.9561653137207 0
vertex 12.413135528564453 -52.813148498535156 0
endloop
endfacet
facet normal 0 0 -1
outer loop
vertex 51.18333435058594 -53.843589782714844 0
vertex 12.040048599243164 -53.06243896484375 0
vertex 12.238868713378906 -52.9561653137207 0
endloop
endfacet
facet normal 0 0 -1
outer loop
vertex 51.18333435058594 -53.843589782714844 0
vertex 11.82431697845459 -53.12788009643555 0
vertex 12.040048599243164 -53.06243896484375 0
endloop
endfacet
facet normal 0 0 -1
outer loop
vertex 51.18333435058594 -53.843589782714844 0
vertex 11.599963188171387 -53.14997482299805 0
vertex 11.82431697845459 -53.12788009643555 0
endloop
endfacet
facet normal 0 0 -1
outer loop
vertex 12.727866172790527 -51.7756233215332 0
vertex 28.68392562866211 -46.672183990478516 0
vertex 12.74996280670166 -51.999977111816406 0
endloop
endfacet
facet normal 0 0 -1
outer loop
vertex 12.74996280670166 -51.999977111816406 0
vertex 28.92746353149414 -46.91572189331055 0
vertex 12.727866172790527 -52.22433090209961 0
endloop
endfacet
facet normal 0 0 -1
outer loop
vertex 29.09967041015625 -46.94997787475586 0
vertex 12.662424087524414 -52.4400634765625 0
vertex 12.727866172790527 -52.22433090209961 0
endloop
endfacet
facet normal 0 0 -1
outer loop
vertex 12.55615234375 -52.63888168334961 0
vertex 12.662424087524414 -52.4400634765625 0
vertex 29.09967041015625 -46.94997787475586 0
endloop
endfacet
facet normal 0 0 -1
outer loop
vertex 52.19065856933594 -54.81279373168945 0
vertex -49.74994659423828 -56.48326873779297 0
vertex 52.45735549926758 -53.843971252441406 0
endloop
endfacet
facet normal 0 0 -1
outer loop
vertex 51.94025421142578 -55.23442459106445 0
vertex -49.74994659423828 -56.48326873779297 0
vertex 52.19065856933594 -54.81279373168945 0
endloop
endfacet
facet normal 0 0 -1
outer loop
vertex 11.949962615966797 -29.949975967407227 0
vertex 16.499961853027344 -29.249977111816406 0
vertex 16.499961853027344 -29.949975967407227 0
endloop
endfacet
facet normal 0 0 -1
outer loop
vertex 11.949962615966797 -29.949975967407227 0
vertex 11.949962615966797 -25.049976348876953 0
vertex 16.499961853027344 -29.249977111816406 0
endloop
endfacet
facet normal 0 0 -1
outer loop
vertex 11.949962615966797 -29.949975967407227 0
vertex 10.549962997436523 -36.3399772644043 0
vertex 10.515708923339844 -36.16777038574219 0
endloop
endfacet
facet normal 0 0 -1
outer loop
vertex 11.949962615966797 -29.949975967407227 0
vertex 10.418160438537598 -36.02177810668945 0
vertex 10.272170066833496 -35.924232482910156 0
endloop
endfacet
facet normal 0 0 -1
outer loop
vertex 10.418160438537598 -36.02177810668945 0
vertex 11.949962615966797 -29.949975967407227 0
vertex 10.515708923339844 -36.16777038574219 0
endloop
endfacet
facet normal 0 0 -1
outer loop
vertex 10.099963188171387 -35.889976501464844 0
vertex 11.949962615966797 -29.949975967407227 0
vertex 10.272170066833496 -35.924232482910156 0
endloop
endfacet
facet normal 0 0 -1
outer loop
vertex 9.927755355834961 -35.924232482910156 0
vertex 11.949962615966797 -29.949975967407227 0
vertex 10.099963188171387 -35.889976501464844 0
endloop
endfacet
facet normal 0 0 -1
outer loop
vertex 9.78176498413086 -36.02177810668945 0
vertex 11.949962615966797 -29.949975967407227 0
vertex 9.927755355834961 -35.924232482910156 0
endloop
endfacet
facet normal 0 0 -1
outer loop
vertex 9.78176498413086 -36.02177810668945 0
vertex 7.049962997436523 -34.38563919067383 0
vertex 11.949962615966797 -29.949975967407227 0
endloop
endfacet
facet normal 0 0 -1
outer loop
vertex 10.549962997436523 -36.3399772644043 0
vertex 11.949962615966797 -29.949975967407227 0
vertex 11.949962615966797 -43.53257369995117 0
endloop
endfacet
facet normal 0 0 -1
outer loop
vertex 10.272170066833496 -37.19422912597656 0
vertex 7.049962997436523 -34.38563919067383 0
vertex 9.78176498413086 -36.65817642211914 0
endloop
endfacet
facet normal 0 0 -1
outer loop
vertex 10.515708923339844 -36.512184143066406 0
vertex 10.515708923339844 -37.43777084350586 0
vertex 10.418160438537598 -36.65817642211914 0
endloop
endfacet
facet normal 0 0 -1
outer loop
vertex 10.418160438537598 -36.65817642211914 0
vertex 10.418160438537598 -37.291778564453125 0
vertex 10.272170066833496 -36.75572204589844 0
endloop
endfacet
facet normal 0 0 -1
outer loop
vertex 10.272170066833496 -37.19422912597656 0
vertex 10.272170066833496 -36.75572204589844 0
vertex 10.418160438537598 -37.291778564453125 0
endloop
endfacet
facet normal 0 0 -1
outer loop
vertex 10.272170066833496 -37.19422912597656 0
vertex 10.099963188171387 -36.78997802734375 0
vertex 10.272170066833496 -36.75572204589844 0
endloop
endfacet
facet normal 0 0 -1
outer loop
vertex 10.515708923339844 -37.43777084350586 0
vertex 10.418160438537598 -37.291778564453125 0
vertex 10.418160438537598 -36.65817642211914 0
endloop
endfacet
facet normal 0 0 -1
outer loop
vertex 10.515708923339844 -37.43777084350586 0
vertex 10.515708923339844 -36.512184143066406 0
vertex 10.549962997436523 -37.60997772216797 0
endloop
endfacet
facet normal 0 0 -1
outer loop
vertex 9.927755355834961 -36.75572204589844 0
vertex 10.099963188171387 -36.78997802734375 0
vertex 10.272170066833496 -37.19422912597656 0
endloop
endfacet
facet normal 0 0 -1
outer loop
vertex 9.78176498413086 -36.65817642211914 0
vertex 9.927755355834961 -36.75572204589844 0
vertex 10.272170066833496 -37.19422912597656 0
endloop
endfacet
facet normal 0 0 -1
outer loop
vertex 10.099963188171387 -37.159976959228516 0
vertex 7.049962997436523 -34.38563919067383 0
vertex 10.272170066833496 -37.19422912597656 0
endloop
endfacet
facet normal 0 0 -1
outer loop
vertex 9.927755355834961 -37.19422912597656 0
vertex 7.049962997436523 -34.38563919067383 0
vertex 10.099963188171387 -37.159976959228516 0
endloop
endfacet
facet normal 0 0 -1
outer loop
vertex 10.515708923339844 -36.512184143066406 0
vertex 10.549962997436523 -36.3399772644043 0
vertex 11.949962615966797 -43.53257369995117 0
endloop
endfacet
facet normal 0 0 -1
outer loop
vertex 10.515708923339844 -37.78218460083008 0
vertex 10.515708923339844 -38.707767486572266 0
vertex 10.418160438537598 -37.92817306518555 0
endloop
endfacet
facet normal 0 0 -1
outer loop
vertex 10.418160438537598 -38.5617790222168 0
vertex 10.418160438537598 -37.92817306518555 0
vertex 10.515708923339844 -38.707767486572266 0
endloop
endfacet
facet normal 0 0 -1
outer loop
vertex 10.515708923339844 -38.707767486572266 0
vertex 10.515708923339844 -37.78218460083008 0
vertex 10.549962997436523 -38.87997817993164 0
endloop
endfacet
facet normal 0 0 -1
outer loop
vertex 10.418160438537598 -38.5617790222168 0
vertex 10.272170066833496 -38.02572250366211 0
vertex 10.418160438537598 -37.92817306518555 0
endloop
endfacet
facet normal 0 0 -1
outer loop
vertex 10.272170066833496 -38.464229583740234 0
vertex 10.099963188171387 -38.05997848510742 0
vertex 10.272170066833496 -38.02572250366211 0
endloop
endfacet
facet normal 0 0 -1
outer loop
vertex 10.272170066833496 -38.464229583740234 0
vertex 10.272170066833496 -38.02572250366211 0
vertex 10.418160438537598 -38.5617790222168 0
endloop
endfacet
facet normal 0 0 -1
outer loop
vertex 10.099963188171387 -38.42997741699219 0
vertex 10.099963188171387 -38.05997848510742 0
vertex 10.272170066833496 -38.464229583740234 0
endloop
endfacet
facet normal 0 0 -1
outer loop
vertex 10.549962997436523 -37.60997772216797 0
vertex 10.515708923339844 -36.512184143066406 0
vertex 11.949962615966797 -43.53257369995117 0
endloop
endfacet
facet normal 0 0 -1
outer loop
vertex 10.515708923339844 -37.78218460083008 0
vertex 10.549962997436523 -37.60997772216797 0
vertex 11.949962615966797 -43.53257369995117 0
endloop
endfacet
facet normal 0 0 -1
outer loop
vertex 10.515708923339844 -39.05218505859375 0
vertex 10.515708923339844 -39.97776794433594 0
vertex 10.418160438537598 -39.19817352294922 0
endloop
endfacet
facet normal 0 0 -1
outer loop
vertex 10.515708923339844 -39.97776794433594 0
vertex 10.418160438537598 -39.83177947998047 0
vertex 10.418160438537598 -39.19817352294922 0
endloop
endfacet
facet normal 0 0 -1
outer loop
vertex 10.418160438537598 -39.83177947998047 0
vertex 10.272170066833496 -39.29572296142578 0
vertex 10.418160438537598 -39.19817352294922 0
endloop
endfacet
facet normal 0 0 -1
outer loop
vertex 10.272170066833496 -39.734230041503906 0
vertex 10.272170066833496 -39.29572296142578 0
vertex 10.418160438537598 -39.83177947998047 0
endloop
endfacet
facet normal 0 0 -1
outer loop
vertex 10.272170066833496 -39.734230041503906 0
vertex 10.099963188171387 -39.32997512817383 0
vertex 10.272170066833496 -39.29572296142578 0
endloop
endfacet
facet normal 0 0 -1
outer loop
vertex 10.099963188171387 -39.69997787475586 0
vertex 10.099963188171387 -39.32997512817383 0
vertex 10.272170066833496 -39.734230041503906 0
endloop
endfacet
facet normal 0 0 -1
outer loop
vertex 10.099963188171387 -38.42997741699219 0
vertex 9.927755355834961 -38.02572250366211 0
vertex 10.099963188171387 -38.05997848510742 0
endloop
endfacet
facet normal 0 0 -1
outer loop
vertex 9.927755355834961 -38.02572250366211 0
vertex 9.927755355834961 -38.464229583740234 0
vertex 9.78176498413086 -37.92817306518555 0
endloop
endfacet
facet normal 0 0 -1
outer loop
vertex 9.927755355834961 -38.464229583740234 0
vertex 9.927755355834961 -38.02572250366211 0
vertex 10.099963188171387 -38.42997741699219 0
endloop
endfacet
facet normal 0 0 -1
outer loop
vertex 9.78176498413086 -37.92817306518555 0
vertex 9.78176498413086 -38.5617790222168 0
vertex 9.68421745300293 -37.78218460083008 0
endloop
endfacet
facet normal 0 0 -1
outer loop
vertex 9.68421745300293 -37.78218460083008 0
vertex 9.68421745300293 -38.707767486572266 0
vertex 9.649962425231934 -37.60997772216797 0
endloop
endfacet
facet normal 0 0 -1
outer loop
vertex 9.78176498413086 -38.5617790222168 0
vertex 9.78176498413086 -37.92817306518555 0
vertex 9.927755355834961 -38.464229583740234 0
endloop
endfacet
facet normal 0 0 -1
outer loop
vertex 9.68421745300293 -38.707767486572266 0
vertex 9.68421745300293 -37.78218460083008 0
vertex 9.78176498413086 -38.5617790222168 0
endloop
endfacet
facet normal 0 0 -1
outer loop
vertex 9.649962425231934 -38.87997817993164 0
vertex 9.649962425231934 -37.60997772216797 0
vertex 9.68421745300293 -38.707767486572266 0
endloop
endfacet
facet normal 0 0 -1
outer loop
vertex 9.78176498413086 -39.19817352294922 0
vertex 9.78176498413086 -39.83177947998047 0
vertex 9.68421745300293 -39.05218505859375 0
endloop
endfacet
facet normal 0 0 -1
outer loop
vertex 9.68421745300293 -39.05218505859375 0
vertex 9.68421745300293 -39.97776794433594 0
vertex 9.649962425231934 -38.87997817993164 0
endloop
endfacet
facet normal 0 0 -1
outer loop
vertex 10.099963188171387 -39.69997787475586 0
vertex 9.927755355834961 -39.29572296142578 0
vertex 10.099963188171387 -39.32997512817383 0
endloop
endfacet
facet normal 0 0 -1
outer loop
vertex 9.927755355834961 -39.29572296142578 0
vertex 9.927755355834961 -39.734230041503906 0
vertex 9.78176498413086 -39.19817352294922 0
endloop
endfacet
facet normal 0 0 -1
outer loop
vertex 9.927755355834961 -39.734230041503906 0
vertex 9.927755355834961 -39.29572296142578 0
vertex 10.099963188171387 -39.69997787475586 0
endloop
endfacet
facet normal 0 0 -1
outer loop
vertex 9.78176498413086 -39.83177947998047 0
vertex 9.78176498413086 -39.19817352294922 0
vertex 9.927755355834961 -39.734230041503906 0
endloop
endfacet
facet normal 0 0 -1
outer loop
vertex 9.68421745300293 -39.97776794433594 0
vertex 9.68421745300293 -39.05218505859375 0
vertex 9.78176498413086 -39.83177947998047 0
endloop
endfacet
facet normal 0 0 -1
outer loop
vertex 9.649962425231934 -40.14997482299805 0
vertex 9.649962425231934 -38.87997817993164 0
vertex 9.68421745300293 -39.97776794433594 0
endloop
endfacet
facet normal 0 0 -1
outer loop
vertex 10.515708923339844 -37.78218460083008 0
vertex 11.949962615966797 -43.53257369995117 0
vertex 10.549962997436523 -38.87997817993164 0
endloop
endfacet
facet normal 0 0 -1
outer loop
vertex 10.515708923339844 -39.05218505859375 0
vertex 10.549962997436523 -38.87997817993164 0
vertex 11.949962615966797 -43.53257369995117 0
endloop
endfacet
facet normal 0 0 -1
outer loop
vertex 10.549962997436523 -40.14997482299805 0
vertex 10.515708923339844 -39.97776794433594 0
vertex 11.949962615966797 -43.53257369995117 0
endloop
endfacet
facet normal 0 0 -1
outer loop
vertex 10.515708923339844 -39.97776794433594 0
vertex 10.515708923339844 -39.05218505859375 0
vertex 11.949962615966797 -43.53257369995117 0
endloop
endfacet
facet normal 0 0 -1
outer loop
vertex 10.515708923339844 -40.32218551635742 0
vertex 10.549962997436523 -40.14997482299805 0
vertex 11.949962615966797 -43.53257369995117 0
endloop
endfacet
facet normal 0 0 -1
outer loop
vertex 10.418160438537598 -40.46817398071289 0
vertex 10.515708923339844 -40.32218551635742 0
vertex 11.949962615966797 -43.53257369995117 0
endloop
endfacet
facet normal 0 0 -1
outer loop
vertex 11.949962615966797 -43.53257369995117 0
vertex 10.272170066833496 -40.56572341918945 0
vertex 10.418160438537598 -40.46817398071289 0
endloop
endfacet
facet normal 0 0 -1
outer loop
vertex 10.272170066833496 -40.56572341918945 0
vertex 10.418160438537598 -41.10177993774414 0
vertex 10.272170066833496 -41.00423049926758 0
endloop
endfacet
facet normal 0 0 -1
outer loop
vertex 10.272170066833496 -40.56572341918945 0
vertex 10.515708923339844 -41.24776840209961 0
vertex 10.418160438537598 -41.10177993774414 0
endloop
endfacet
facet normal 0 0 -1
outer loop
vertex 10.099963188171387 -40.96997833251953 0
vertex 10.272170066833496 -40.56572341918945 0
vertex 10.272170066833496 -41.00423049926758 0
endloop
endfacet
facet normal 0 0 -1
outer loop
vertex 9.78176498413086 -41.10177993774414 0
vertex 10.099963188171387 -40.5999755859375 0
vertex 10.272170066833496 -40.56572341918945 0
endloop
endfacet
facet normal 0 0 -1
outer loop
vertex 9.927755355834961 -41.00423049926758 0
vertex 10.272170066833496 -40.56572341918945 0
vertex 10.099963188171387 -40.96997833251953 0
endloop
endfacet
facet normal 0 0 -1
outer loop
vertex 9.78176498413086 -41.10177993774414 0
vertex 10.272170066833496 -40.56572341918945 0
vertex 9.927755355834961 -41.00423049926758 0
endloop
endfacet
facet normal 0 0 -1
outer loop
vertex 11.949962615966797 -29.949975967407227 0
vertex 7.049962997436523 -29.949975967407227 0
vertex 7.049962997436523 -25.049976348876953 0
endloop
endfacet
facet normal 0 0 -1
outer loop
vertex 7.049962997436523 -29.949975967407227 0
vertex 2.49996280670166 -29.249977111816406 0
vertex 7.049962997436523 -25.049976348876953 0
endloop
endfacet
facet normal 0 0 -1
outer loop
vertex 7.049962997436523 -34.38563919067383 0
vertex 7.049962997436523 -29.949975967407227 0
vertex 11.949962615966797 -29.949975967407227 0
endloop
endfacet
facet normal 0 0 -1
outer loop
vertex -2.50003719329834 -29.249977111816406 0
vertex 7.049962997436523 -25.049976348876953 0
vertex 2.49996280670166 -29.249977111816406 0
endloop
endfacet
facet normal 0 0 -1
outer loop
vertex 2.49996280670166 -29.949975967407227 0
vertex 2.49996280670166 -29.249977111816406 0
vertex 7.049962997436523 -29.949975967407227 0
endloop
endfacet
facet normal 0 0 -1
outer loop
vertex 9.68421745300293 -36.16777038574219 0
vertex 7.049962997436523 -34.38563919067383 0
vertex 9.78176498413086 -36.02177810668945 0
endloop
endfacet
facet normal 0 0 -1
outer loop
vertex 9.649962425231934 -36.3399772644043 0
vertex 7.049962997436523 -34.38563919067383 0
vertex 9.68421745300293 -36.16777038574219 0
endloop
endfacet
facet normal 0 0 -1
outer loop
vertex 9.68421745300293 -36.512184143066406 0
vertex 7.049962997436523 -34.38563919067383 0
vertex 9.649962425231934 -36.3399772644043 0
endloop
endfacet
facet normal 0 0 -1
outer loop
vertex 7.049962997436523 -34.38563919067383 0
vertex 9.68421745300293 -36.512184143066406 0
vertex 9.78176498413086 -36.65817642211914 0
endloop
endfacet
facet normal 0 0 -1
outer loop
vertex 9.78176498413086 -37.291778564453125 0
vertex 7.049962997436523 -34.38563919067383 0
vertex 9.927755355834961 -37.19422912597656 0
endloop
endfacet
facet normal 0 0 -1
outer loop
vertex 9.68421745300293 -37.43777084350586 0
vertex 7.049962997436523 -34.38563919067383 0
vertex 9.78176498413086 -37.291778564453125 0
endloop
endfacet
facet normal 0 0 -1
outer loop
vertex 9.649962425231934 -37.60997772216797 0
vertex 7.049962997436523 -34.38563919067383 0
vertex 9.68421745300293 -37.43777084350586 0
endloop
endfacet
facet normal 0 0 -1
outer loop
vertex 26.049962997436523 -40.5730094909668 0
vertex 26.049962997436523 -29.949975967407227 0
vertex 28.64967155456543 -36.3399772644043 0
endloop
endfacet
facet normal 0 0 -1
outer loop
vertex 21.499961853027344 -29.949975967407227 0
vertex 21.499961853027344 -29.249977111816406 0
vertex 26.049962997436523 -29.949975967407227 0
endloop
endfacet
facet normal 0 0 -1
outer loop
vertex 16.499961853027344 -29.249977111816406 0
vertex 35.499961853027344 -25.049976348876953 0
vertex 21.499961853027344 -29.249977111816406 0
endloop
endfacet
facet normal 0 0 -1
outer loop
vertex 28.92746353149414 -42.27423095703125 0
vertex 26.049962997436523 -40.5730094909668 0
vertex 28.78147315979004 -41.73817443847656 0
endloop
endfacet
facet normal 0 0 -1
outer loop
vertex 28.78147315979004 -41.73817443847656 0
vertex 26.049962997436523 -40.5730094909668 0
vertex 28.68392562866211 -41.592185974121094 0
endloop
endfacet
facet normal 0 0 -1
outer loop
vertex 28.68392562866211 -41.592185974121094 0
vertex 26.049962997436523 -40.5730094909668 0
vertex 28.64967155456543 -41.41997528076172 0
endloop
endfacet
facet normal 0 0 -1
outer loop
vertex 28.64967155456543 -41.41997528076172 0
vertex 26.049962997436523 -40.5730094909668 0
vertex 28.68392562866211 -41.24776840209961 0
endloop
endfacet
facet normal 0 0 -1
outer loop
vertex 28.68392562866211 -41.24776840209961 0
vertex 26.049962997436523 -40.5730094909668 0
vertex 28.78147315979004 -41.10177993774414 0
endloop
endfacet
facet normal 0 0 -1
outer loop
vertex 28.78147315979004 -41.10177993774414 0
vertex 26.049962997436523 -40.5730094909668 0
vertex 28.78147315979004 -40.46817398071289 0
endloop
endfacet
facet normal 0 0 -1
outer loop
vertex 28.78147315979004 -40.46817398071289 0
vertex 26.049962997436523 -40.5730094909668 0
vertex 28.68392562866211 -40.32218551635742 0
endloop
endfacet
facet normal 0 0 -1
outer loop
vertex 28.68392562866211 -40.32218551635742 0
vertex 26.049962997436523 -40.5730094909668 0
vertex 28.64967155456543 -40.14997482299805 0
endloop
endfacet
facet normal 0 0 -1
outer loop
vertex 28.64967155456543 -40.14997482299805 0
vertex 26.049962997436523 -40.5730094909668 0
vertex 28.68392562866211 -39.97776794433594 0
endloop
endfacet
facet normal 0 0 -1
outer loop
vertex 28.68392562866211 -39.97776794433594 0
vertex 26.049962997436523 -40.5730094909668 0
vertex 28.78147315979004 -39.83177947998047 0
endloop
endfacet
facet normal 0 0 -1
outer loop
vertex 28.78147315979004 -39.83177947998047 0
vertex 26.049962997436523 -40.5730094909668 0
vertex 28.92746353149414 -39.29572296142578 0
endloop
endfacet
facet normal 0 0 -1
outer loop
vertex 28.78147315979004 -41.10177993774414 0
vertex 28.92746353149414 -40.56572341918945 0
vertex 28.92746353149414 -41.00423049926758 0
endloop
endfacet
facet normal 0 0 -1
outer loop
vertex 28.92746353149414 -41.00423049926758 0
vertex 28.92746353149414 -40.56572341918945 0
vertex 29.09967041015625 -40.96997833251953 0
endloop
endfacet
facet normal 0 0 -1
outer loop
vertex 29.09967041015625 -40.96997833251953 0
vertex 29.09967041015625 -40.5999755859375 0
vertex 29.271879196166992 -41.00423049926758 0
endloop
endfacet
facet normal 0 0 -1
outer loop
vertex 29.271879196166992 -41.00423049926758 0
vertex 29.271879196166992 -40.56572341918945 0
vertex 29.417869567871094 -41.10177993774414 0
endloop
endfacet
facet normal 0 0 -1
outer loop
vertex 28.92746353149414 -40.56572341918945 0
vertex 28.78147315979004 -41.10177993774414 0
vertex 28.78147315979004 -40.46817398071289 0
endloop
endfacet
facet normal 0 0 -1
outer loop
vertex 29.09967041015625 -40.96997833251953 0
vertex 28.92746353149414 -40.56572341918945 0
vertex 29.09967041015625 -40.5999755859375 0
endloop
endfacet
facet normal 0 0 -1
outer loop
vertex 29.271879196166992 -40.56572341918945 0
vertex 29.271879196166992 -41.00423049926758 0
vertex 29.09967041015625 -40.5999755859375 0
endloop
endfacet
facet normal 0 0 -1
outer loop
vertex 28.92746353149414 -39.29572296142578 0
vertex 26.049962997436523 -40.5730094909668 0
vertex 28.78147315979004 -39.19817352294922 0
endloop
endfacet
facet normal 0 0 -1
outer loop
vertex 28.78147315979004 -39.19817352294922 0
vertex 26.049962997436523 -40.5730094909668 0
vertex 28.68392562866211 -39.05218505859375 0
endloop
endfacet
facet normal 0 0 -1
outer loop
vertex 28.68392562866211 -39.05218505859375 0
vertex 26.049962997436523 -40.5730094909668 0
vertex 28.64967155456543 -38.87997817993164 0
endloop
endfacet
facet normal 0 0 -1
outer loop
vertex 28.64967155456543 -38.87997817993164 0
vertex 26.049962997436523 -40.5730094909668 0
vertex 28.68392562866211 -38.707767486572266 0
endloop
endfacet
facet normal 0 0 -1
outer loop
vertex 28.68392562866211 -38.707767486572266 0
vertex 26.049962997436523 -40.5730094909668 0
vertex 28.78147315979004 -38.5617790222168 0
endloop
endfacet
facet normal 0 0 -1
outer loop
vertex 28.78147315979004 -38.5617790222168 0
vertex 26.049962997436523 -40.5730094909668 0
vertex 29.271879196166992 -38.02572250366211 0
endloop
endfacet
facet normal 0 0 -1
outer loop
vertex 26.049962997436523 -40.5730094909668 0
vertex 28.78147315979004 -37.92817306518555 0
vertex 28.92746353149414 -38.02572250366211 0
endloop
endfacet
facet normal 0 0 -1
outer loop
vertex 28.78147315979004 -37.92817306518555 0
vertex 26.049962997436523 -40.5730094909668 0
vertex 28.68392562866211 -37.78218460083008 0
endloop
endfacet
facet normal 0 0 -1
outer loop
vertex 28.68392562866211 -37.78218460083008 0
vertex 26.049962997436523 -40.5730094909668 0
vertex 28.64967155456543 -37.60997772216797 0
endloop
endfacet
facet normal 0 0 -1
outer loop
vertex 28.64967155456543 -37.60997772216797 0
vertex 26.049962997436523 -40.5730094909668 0
vertex 28.68392562866211 -37.43777084350586 0
endloop
endfacet
facet normal 0 0 -1
outer loop
vertex 26.049962997436523 -40.5730094909668 0
vertex 28.92746353149414 -38.02572250366211 0
vertex 29.09967041015625 -38.05997848510742 0
endloop
endfacet
facet normal 0 0 -1
outer loop
vertex 29.271879196166992 -38.02572250366211 0
vertex 26.049962997436523 -40.5730094909668 0
vertex 29.09967041015625 -38.05997848510742 0
endloop
endfacet
facet normal 0 0 -1
outer loop
vertex 28.68392562866211 -37.43777084350586 0
vertex 26.049962997436523 -40.5730094909668 0
vertex 29.09967041015625 -36.78997802734375 0
endloop
endfacet
facet normal 0 0 -1
outer loop
vertex 29.09967041015625 -36.78997802734375 0
vertex 26.049962997436523 -40.5730094909668 0
vertex 28.92746353149414 -36.75572204589844 0
endloop
endfacet
facet normal 0 0 -1
outer loop
vertex 28.78147315979004 -39.83177947998047 0
vertex 28.92746353149414 -39.29572296142578 0
vertex 28.92746353149414 -39.734230041503906 0
endloop
endfacet
facet normal 0 0 -1
outer loop
vertex 28.92746353149414 -39.734230041503906 0
vertex 28.92746353149414 -39.29572296142578 0
vertex 29.09967041015625 -39.69997787475586 0
endloop
endfacet
facet normal 0 0 -1
outer loop
vertex 29.09967041015625 -39.69997787475586 0
vertex 28.92746353149414 -39.29572296142578 0
vertex 29.09967041015625 -39.32997512817383 0
endloop
endfacet
facet normal 0 0 -1
outer loop
vertex 29.09967041015625 -39.69997787475586 0
vertex 29.09967041015625 -39.32997512817383 0
vertex 29.271879196166992 -39.734230041503906 0
endloop
endfacet
facet normal 0 0 -1
outer loop
vertex 29.271879196166992 -39.734230041503906 0
vertex 29.09967041015625 -39.32997512817383 0
vertex 29.271879196166992 -39.29572296142578 0
endloop
endfacet
facet normal 0 0 -1
outer loop
vertex 28.78147315979004 -38.5617790222168 0
vertex 29.271879196166992 -38.02572250366211 0
vertex 28.92746353149414 -38.464229583740234 0
endloop
endfacet
facet normal 0 0 -1
outer loop
vertex 28.92746353149414 -38.464229583740234 0
vertex 29.271879196166992 -38.02572250366211 0
vertex 29.09967041015625 -38.42997741699219 0
endloop
endfacet
facet normal 0 0 -1
outer loop
vertex 29.09967041015625 -38.42997741699219 0
vertex 29.271879196166992 -38.02572250366211 0
vertex 29.271879196166992 -38.464229583740234 0
endloop
endfacet
facet normal 0 0 -1
outer loop
vertex 29.271879196166992 -38.464229583740234 0
vertex 29.271879196166992 -38.02572250366211 0
vertex 29.417869567871094 -38.5617790222168 0
endloop
endfacet
facet normal 0 0 -1
outer loop
vertex 29.549671173095703 -41.41997528076172 0
vertex 29.515417098999023 -41.24776840209961 0
vertex 30.949962615966797 -39.79869842529297 0
endloop
endfacet
facet normal 0 0 -1
outer loop
vertex 29.417869567871094 -41.10177993774414 0
vertex 29.271879196166992 -40.56572341918945 0
vertex 29.417869567871094 -40.46817398071289 0
endloop
endfacet
facet normal 0 0 -1
outer loop
vertex 30.949962615966797 -39.79869842529297 0
vertex 29.515417098999023 -41.24776840209961 0
vertex 29.417869567871094 -41.10177993774414 0
endloop
endfacet
facet normal 0 0 -1
outer loop
vertex 30.949962615966797 -39.79869842529297 0
vertex 29.417869567871094 -41.10177993774414 0
vertex 29.417869567871094 -40.46817398071289 0
endloop
endfacet
facet normal 0 0 -1
outer loop
vertex 30.949962615966797 -39.79869842529297 0
vertex 29.417869567871094 -40.46817398071289 0
vertex 29.515417098999023 -40.32218551635742 0
endloop
endfacet
facet normal 0 0 -1
outer loop
vertex 30.949962615966797 -39.79869842529297 0
vertex 29.515417098999023 -40.32218551635742 0
vertex 29.549671173095703 -40.14997482299805 0
endloop
endfacet
facet normal 0 0 -1
outer loop
vertex 30.949962615966797 -39.79869842529297 0
vertex 29.549671173095703 -40.14997482299805 0
vertex 29.515417098999023 -39.97776794433594 0
endloop
endfacet
facet normal 0 0 -1
outer loop
vertex 30.949962615966797 -39.79869842529297 0
vertex 29.515417098999023 -39.97776794433594 0
vertex 29.417869567871094 -39.83177947998047 0
endloop
endfacet
facet normal 0 0 -1
outer loop
vertex 29.271879196166992 -39.734230041503906 0
vertex 30.949962615966797 -39.79869842529297 0
vertex 29.417869567871094 -39.83177947998047 0
endloop
endfacet
facet normal 0 0 -1
outer loop
vertex 30.949962615966797 -39.79869842529297 0
vertex 29.271879196166992 -39.734230041503906 0
vertex 29.271879196166992 -39.29572296142578 0
endloop
endfacet
facet normal 0 0 -1
outer loop
vertex 30.949962615966797 -39.79869842529297 0
vertex 29.271879196166992 -39.29572296142578 0
vertex 29.417869567871094 -39.19817352294922 0
endloop
endfacet
facet normal 0 0 -1
outer loop
vertex 30.949962615966797 -39.79869842529297 0
vertex 29.417869567871094 -39.19817352294922 0
vertex 29.515417098999023 -39.05218505859375 0
endloop
endfacet
facet normal 0 0 -1
outer loop
vertex 30.949962615966797 -39.79869842529297 0
vertex 29.515417098999023 -39.05218505859375 0
vertex 29.549671173095703 -38.87997817993164 0
endloop
endfacet
facet normal 0 0 -1
outer loop
vertex 30.949962615966797 -39.79869842529297 0
vertex 29.549671173095703 -38.87997817993164 0
vertex 29.515417098999023 -38.707767486572266 0
endloop
endfacet
facet normal 0 0 -1
outer loop
vertex 29.417869567871094 -38.5617790222168 0
vertex 29.271879196166992 -38.02572250366211 0
vertex 29.417869567871094 -37.92817306518555 0
endloop
endfacet
facet normal 0 0 -1
outer loop
vertex 29.417869567871094 -38.5617790222168 0
vertex 29.417869567871094 -37.92817306518555 0
vertex 29.515417098999023 -37.78218460083008 0
endloop
endfacet
facet normal 0 0 -1
outer loop
vertex 26.049962997436523 -40.5730094909668 0
vertex 28.68392562866211 -36.512184143066406 0
vertex 28.78147315979004 -36.65817642211914 0
endloop
endfacet
facet normal 0 0 -1
outer loop
vertex 26.049962997436523 -40.5730094909668 0
vertex 28.78147315979004 -36.65817642211914 0
vertex 28.92746353149414 -36.75572204589844 0
endloop
endfacet
facet normal 0 0 -1
outer loop
vertex 28.68392562866211 -36.512184143066406 0
vertex 26.049962997436523 -40.5730094909668 0
vertex 28.64967155456543 -36.3399772644043 0
endloop
endfacet
facet normal 0 0 -1
outer loop
vertex 28.68392562866211 -37.43777084350586 0
vertex 29.09967041015625 -36.78997802734375 0
vertex 28.78147315979004 -37.291778564453125 0
endloop
endfacet
facet normal 0 0 -1
outer loop
vertex 28.78147315979004 -37.291778564453125 0
vertex 29.09967041015625 -36.78997802734375 0
vertex 28.92746353149414 -37.19422912597656 0
endloop
endfacet
facet normal 0 0 -1
outer loop
vertex 28.92746353149414 -37.19422912597656 0
vertex 29.09967041015625 -36.78997802734375 0
vertex 29.09967041015625 -37.159976959228516 0
endloop
endfacet
facet normal 0 0 -1
outer loop
vertex 29.09967041015625 -37.159976959228516 0
vertex 29.09967041015625 -36.78997802734375 0
vertex 29.271879196166992 -37.19422912597656 0
endloop
endfacet
facet normal 0 0 -1
outer loop
vertex 29.271879196166992 -37.19422912597656 0
vertex 29.271879196166992 -36.75572204589844 0
vertex 29.417869567871094 -37.291778564453125 0
endloop
endfacet
facet normal 0 0 -1
outer loop
vertex 29.271879196166992 -36.75572204589844 0
vertex 29.271879196166992 -37.19422912597656 0
vertex 29.09967041015625 -36.78997802734375 0
endloop
endfacet
facet normal 0 0 -1
outer loop
vertex 29.417869567871094 -38.5617790222168 0
vertex 29.515417098999023 -37.78218460083008 0
vertex 29.549671173095703 -37.60997772216797 0
endloop
endfacet
facet normal 0 0 -1
outer loop
vertex 29.515417098999023 -37.43777084350586 0
vertex 29.417869567871094 -37.291778564453125 0
vertex 29.417869567871094 -36.65817642211914 0
endloop
endfacet
facet normal 0 0 -1
outer loop
vertex 29.549671173095703 -37.60997772216797 0
vertex 29.515417098999023 -37.43777084350586 0
vertex 29.515417098999023 -36.512184143066406 0
endloop
endfacet
facet normal 0 0 -1
outer loop
vertex 29.417869567871094 -37.291778564453125 0
vertex 29.271879196166992 -36.75572204589844 0
vertex 29.417869567871094 -36.65817642211914 0
endloop
endfacet
facet normal 0 0 -1
outer loop
vertex 29.515417098999023 -36.512184143066406 0
vertex 29.515417098999023 -37.43777084350586 0
vertex 29.417869567871094 -36.65817642211914 0
endloop
endfacet
facet normal 0 0 -1
outer loop
vertex 29.549671173095703 -37.60997772216797 0
vertex 29.515417098999023 -36.512184143066406 0
vertex 29.549671173095703 -36.3399772644043 0
endloop
endfacet
facet normal 0 0 -1
outer loop
vertex 29.515417098999023 -38.707767486572266 0
vertex 29.417869567871094 -38.5617790222168 0
vertex 30.949962615966797 -29.949975967407227 0
endloop
endfacet
facet normal 0 0 -1
outer loop
vertex 30.949962615966797 -29.949975967407227 0
vertex 29.417869567871094 -38.5617790222168 0
vertex 29.549671173095703 -37.60997772216797 0
endloop
endfacet
facet normal 0 0 -1
outer loop
vertex 30.949962615966797 -29.949975967407227 0
vertex 29.549671173095703 -37.60997772216797 0
vertex 29.549671173095703 -36.3399772644043 0
endloop
endfacet
facet normal 0 0 -1
outer loop
vertex 30.949962615966797 -39.79869842529297 0
vertex 29.515417098999023 -38.707767486572266 0
vertex 30.949962615966797 -29.949975967407227 0
endloop
endfacet
facet normal 0 0 -1
outer loop
vertex 9.649962425231934 -38.87997817993164 0
vertex 7.049962997436523 -34.38563919067383 0
vertex 9.649962425231934 -37.60997772216797 0
endloop
endfacet
facet normal 0 0 -1
outer loop
vertex 9.649962425231934 -38.87997817993164 0
vertex 7.049962997436523 -44.04997634887695 0
vertex 7.049962997436523 -34.38563919067383 0
endloop
endfacet
facet normal 0 0 -1
outer loop
vertex 9.649962425231934 -40.14997482299805 0
vertex 7.049962997436523 -44.04997634887695 0
vertex 9.649962425231934 -38.87997817993164 0
endloop
endfacet
facet normal 0 0 -1
outer loop
vertex 7.049962997436523 -44.04997634887695 0
vertex 9.78176498413086 -40.46817398071289 0
vertex 9.927755355834961 -40.56572341918945 0
endloop
endfacet
facet normal 0 0 -1
outer loop
vertex 9.68421745300293 -40.32218551635742 0
vertex 7.049962997436523 -44.04997634887695 0
vertex 9.649962425231934 -40.14997482299805 0
endloop
endfacet
facet normal 0 0 -1
outer loop
vertex 9.78176498413086 -40.46817398071289 0
vertex 7.049962997436523 -44.04997634887695 0
vertex 9.68421745300293 -40.32218551635742 0
endloop
endfacet
facet normal 0 0 -1
outer loop
vertex 10.515708923339844 -45.402183532714844 0
vertex 10.549962997436523 -45.229976654052734 0
vertex 28.64967155456543 -45.229976654052734 0
endloop
endfacet
facet normal 0 0 -1
outer loop
vertex 16.499961853027344 -44.749977111816406 0
vertex 11.949962615966797 -44.04997634887695 0
vertex 16.499961853027344 -44.04997634887695 0
endloop
endfacet
facet normal 0 0 -1
outer loop
vertex 10.515708923339844 -46.3277702331543 0
vertex 10.515708923339844 -45.402183532714844 0
vertex 28.92746353149414 -46.084232330322266 0
endloop
endfacet
facet normal 0 0 -1
outer loop
vertex 10.549962997436523 -46.499977111816406 0
vertex 10.515708923339844 -46.3277702331543 0
vertex 28.64967155456543 -46.499977111816406 0
endloop
endfacet
facet normal 0 0 -1
outer loop
vertex 28.64967155456543 -46.499977111816406 0
vertex 11.82431697845459 -50.872074127197266 0
vertex 10.549962997436523 -46.499977111816406 0
endloop
endfacet
facet normal 0 0 -1
outer loop
vertex 10.549962997436523 -45.229976654052734 0
vertex 11.949962615966797 -44.04997634887695 0
vertex 16.499961853027344 -44.749977111816406 0
endloop
endfacet
facet normal 0 0 -1
outer loop
vertex 11.949962615966797 -44.04997634887695 0
vertex 10.515708923339844 -43.78776931762695 0
vertex 11.949962615966797 -43.53257369995117 0
endloop
endfacet
facet normal 0 0 -1
outer loop
vertex 11.949962615966797 -43.53257369995117 0
vertex 10.549962997436523 -41.41997528076172 0
vertex 10.515708923339844 -41.24776840209961 0
endloop
endfacet
facet normal 0 0 -1
outer loop
vertex 11.949962615966797 -43.53257369995117 0
vertex 10.515708923339844 -41.24776840209961 0
vertex 10.272170066833496 -40.56572341918945 0
endloop
endfacet
facet normal 0 0 -1
outer loop
vertex 11.949962615966797 -43.53257369995117 0
vertex 10.549962997436523 -42.68997573852539 0
vertex 10.549962997436523 -41.41997528076172 0
endloop
endfacet
facet normal 0 0 -1
outer loop
vertex 10.549962997436523 -41.41997528076172 0
vertex 10.549962997436523 -42.68997573852539 0
vertex 10.515708923339844 -41.592185974121094 0
endloop
endfacet
facet normal 0 0 -1
outer loop
vertex 10.515708923339844 -41.592185974121094 0
vertex 10.515708923339844 -42.51776885986328 0
vertex 10.418160438537598 -41.73817443847656 0
endloop
endfacet
facet normal 0 0 -1
outer loop
vertex 10.418160438537598 -42.37178039550781 0
vertex 10.272170066833496 -41.835723876953125 0
vertex 10.418160438537598 -41.73817443847656 0
endloop
endfacet
facet normal 0 0 -1
outer loop
vertex 10.272170066833496 -42.27423095703125 0
vertex 10.272170066833496 -41.835723876953125 0
vertex 10.418160438537598 -42.37178039550781 0
endloop
endfacet
facet normal 0 0 -1
outer loop
vertex 10.272170066833496 -42.27423095703125 0
vertex 10.099963188171387 -41.86997604370117 0
vertex 10.272170066833496 -41.835723876953125 0
endloop
endfacet
facet normal 0 0 -1
outer loop
vertex 10.099963188171387 -42.23997497558594 0
vertex 10.099963188171387 -41.86997604370117 0
vertex 10.272170066833496 -42.27423095703125 0
endloop
endfacet
facet normal 0 0 -1
outer loop
vertex 10.549962997436523 -42.68997573852539 0
vertex 10.515708923339844 -42.51776885986328 0
vertex 10.515708923339844 -41.592185974121094 0
endloop
endfacet
facet normal 0 0 -1
outer loop
vertex 10.515708923339844 -42.51776885986328 0
vertex 10.418160438537598 -42.37178039550781 0
vertex 10.418160438537598 -41.73817443847656 0
endloop
endfacet
facet normal 0 0 -1
outer loop
vertex 11.949962615966797 -43.53257369995117 0
vertex 10.515708923339844 -42.8621826171875 0
vertex 10.549962997436523 -42.68997573852539 0
endloop
endfacet
facet normal 0 0 -1
outer loop
vertex 11.949962615966797 -43.53257369995117 0
vertex 10.418160438537598 -43.008174896240234 0
vertex 10.515708923339844 -42.8621826171875 0
endloop
endfacet
facet normal 0 0 -1
outer loop
vertex 11.949962615966797 -43.53257369995117 0
vertex 10.272170066833496 -43.10572052001953 0
vertex 10.418160438537598 -43.008174896240234 0
endloop
endfacet
facet normal 0 0 -1
outer loop
vertex 11.949962615966797 -43.53257369995117 0
vertex 10.099963188171387 -43.50997543334961 0
vertex 10.272170066833496 -43.10572052001953 0
endloop
endfacet
facet normal 0 0 -1
outer loop
vertex 10.099963188171387 -43.50997543334961 0
vertex 11.949962615966797 -43.53257369995117 0
vertex 10.272170066833496 -43.54423141479492 0
endloop
endfacet
facet normal 0 0 -1
outer loop
vertex 10.099963188171387 -43.139976501464844 0
vertex 10.272170066833496 -43.10572052001953 0
vertex 10.099963188171387 -43.50997543334961 0
endloop
endfacet
facet normal 0 0 -1
outer loop
vertex 9.927755355834961 -42.27423095703125 0
vertex 10.099963188171387 -41.86997604370117 0
vertex 10.099963188171387 -42.23997497558594 0
endloop
endfacet
facet normal 0 0 -1
outer loop
vertex 9.78176498413086 -42.37178039550781 0
vertex 10.099963188171387 -41.86997604370117 0
vertex 9.927755355834961 -42.27423095703125 0
endloop
endfacet
facet normal 0 0 -1
outer loop
vertex 7.049962997436523 -44.04997634887695 0
vertex 9.927755355834961 -40.56572341918945 0
vertex 10.099963188171387 -40.5999755859375 0
endloop
endfacet
facet normal 0 0 -1
outer loop
vertex 10.099963188171387 -41.86997604370117 0
vertex 7.049962997436523 -44.04997634887695 0
vertex 9.927755355834961 -41.835723876953125 0
endloop
endfacet
facet normal 0 0 -1
outer loop
vertex 9.927755355834961 -43.54423141479492 0
vertex 10.099963188171387 -43.139976501464844 0
vertex 10.099963188171387 -43.50997543334961 0
endloop
endfacet
facet normal 0 0 -1
outer loop
vertex 10.099963188171387 -43.139976501464844 0
vertex 7.049962997436523 -44.04997634887695 0
vertex 9.927755355834961 -43.10572052001953 0
endloop
endfacet
facet normal 0 0 -1
outer loop
vertex 11.949962615966797 -44.04997634887695 0
vertex 10.549962997436523 -43.95997619628906 0
vertex 10.515708923339844 -43.78776931762695 0
endloop
endfacet
facet normal 0 0 -1
outer loop
vertex 11.949962615966797 -43.53257369995117 0
vertex 10.418160438537598 -43.64177703857422 0
vertex 10.272170066833496 -43.54423141479492 0
endloop
endfacet
facet normal 0 0 -1
outer loop
vertex 10.418160438537598 -43.64177703857422 0
vertex 11.949962615966797 -43.53257369995117 0
vertex 10.515708923339844 -43.78776931762695 0
endloop
endfacet
facet normal 0 0 -1
outer loop
vertex 11.949962615966797 -44.04997634887695 0
vertex 10.515708923339844 -44.13218307495117 0
vertex 10.549962997436523 -43.95997619628906 0
endloop
endfacet
facet normal 0 0 -1
outer loop
vertex 11.949962615966797 -44.04997634887695 0
vertex 10.418160438537598 -44.278175354003906 0
vertex 10.515708923339844 -44.13218307495117 0
endloop
endfacet
facet normal 0 0 -1
outer loop
vertex 11.949962615966797 -44.04997634887695 0
vertex 10.418160438537598 -44.91177749633789 0
vertex 10.418160438537598 -44.278175354003906 0
endloop
endfacet
facet normal 0 0 -1
outer loop
vertex 10.549962997436523 -45.229976654052734 0
vertex 10.515708923339844 -45.057769775390625 0
vertex 11.949962615966797 -44.04997634887695 0
endloop
endfacet
facet normal 0 0 -1
outer loop
vertex 10.515708923339844 -45.057769775390625 0
vertex 10.418160438537598 -44.91177749633789 0
vertex 11.949962615966797 -44.04997634887695 0
endloop
endfacet
facet normal 0 0 -1
outer loop
vertex 10.418160438537598 -44.91177749633789 0
vertex 10.272170066833496 -44.3757209777832 0
vertex 10.418160438537598 -44.278175354003906 0
endloop
endfacet
facet normal 0 0 -1
outer loop
vertex 10.272170066833496 -44.814231872558594 0
vertex 10.272170066833496 -44.3757209777832 0
vertex 10.418160438537598 -44.91177749633789 0
endloop
endfacet
facet normal 0 0 -1
outer loop
vertex 10.272170066833496 -44.3757209777832 0
vertex 10.272170066833496 -44.814231872558594 0
vertex 10.099963188171387 -44.409976959228516 0
endloop
endfacet
facet normal 0 0 -1
outer loop
vertex 10.099963188171387 -44.77997589111328 0
vertex 10.099963188171387 -44.409976959228516 0
vertex 10.272170066833496 -44.814231872558594 0
endloop
endfacet
facet normal 0 0 -1
outer loop
vertex 9.927755355834961 -43.54423141479492 0
vertex 7.049962997436523 -44.04997634887695 0
vertex 10.099963188171387 -43.139976501464844 0
endloop
endfacet
facet normal 0 0 -1
outer loop
vertex 10.099963188171387 -44.77997589111328 0
vertex 9.927755355834961 -44.3757209777832 0
vertex 10.099963188171387 -44.409976959228516 0
endloop
endfacet
facet normal 0 0 -1
outer loop
vertex 9.927755355834961 -44.3757209777832 0
vertex 9.927755355834961 -44.814231872558594 0
vertex 9.78176498413086 -44.278175354003906 0
endloop
endfacet
facet normal 0 0 -1
outer loop
vertex 9.927755355834961 -44.814231872558594 0
vertex 9.927755355834961 -44.3757209777832 0
vertex 10.099963188171387 -44.77997589111328 0
endloop
endfacet
facet normal 0 0 -1
outer loop
vertex 9.78176498413086 -44.91177749633789 0
vertex 9.78176498413086 -44.278175354003906 0
vertex 9.927755355834961 -44.814231872558594 0
endloop
endfacet
facet normal 0 0 -1
outer loop
vertex 9.68421745300293 -45.057769775390625 0
vertex 9.78176498413086 -44.278175354003906 0
vertex 9.78176498413086 -44.91177749633789 0
endloop
endfacet
facet normal 0 0 -1
outer loop
vertex 10.515708923339844 -46.3277702331543 0
vertex 10.418160438537598 -45.54817581176758 0
vertex 10.515708923339844 -45.402183532714844 0
endloop
endfacet
facet normal 0 0 -1
outer loop
vertex 10.418160438537598 -45.54817581176758 0
vertex 10.418160438537598 -46.18177795410156 0
vertex 10.272170066833496 -45.645721435546875 0
endloop
endfacet
facet normal 0 0 -1
outer loop
vertex 10.272170066833496 -45.645721435546875 0
vertex 10.272170066833496 -46.084232330322266 0
vertex 10.099963188171387 -45.67997741699219 0
endloop
endfacet
facet normal 0 0 -1
outer loop
vertex 10.418160438537598 -46.18177795410156 0
vertex 10.418160438537598 -45.54817581176758 0
vertex 10.515708923339844 -46.3277702331543 0
endloop
endfacet
facet normal 0 0 -1
outer loop
vertex 10.272170066833496 -46.084232330322266 0
vertex 10.272170066833496 -45.645721435546875 0
vertex 10.418160438537598 -46.18177795410156 0
endloop
endfacet
facet normal 0 0 -1
outer loop
vertex 10.099963188171387 -46.04997634887695 0
vertex 10.099963188171387 -45.67997741699219 0
vertex 10.272170066833496 -46.084232330322266 0
endloop
endfacet
facet normal 0 0 -1
outer loop
vertex 10.099963188171387 -46.04997634887695 0
vertex 9.927755355834961 -45.645721435546875 0
vertex 10.099963188171387 -45.67997741699219 0
endloop
endfacet
facet normal 0 0 -1
outer loop
vertex 9.927755355834961 -45.645721435546875 0
vertex 9.78176498413086 -46.18177795410156 0
vertex 9.78176498413086 -45.54817581176758 0
endloop
endfacet
facet normal 0 0 -1
outer loop
vertex 9.927755355834961 -46.084232330322266 0
vertex 9.927755355834961 -45.645721435546875 0
vertex 10.099963188171387 -46.04997634887695 0
endloop
endfacet
facet normal 0 0 -1
outer loop
vertex 9.78176498413086 -46.18177795410156 0
vertex 9.927755355834961 -45.645721435546875 0
vertex 9.927755355834961 -46.084232330322266 0
endloop
endfacet
facet normal 0 0 -1
outer loop
vertex 9.68421745300293 -46.3277702331543 0
vertex 9.78176498413086 -45.54817581176758 0
vertex 9.78176498413086 -46.18177795410156 0
endloop
endfacet
facet normal 0 0 -1
outer loop
vertex 11.82431697845459 -50.872074127197266 0
vertex 10.515708923339844 -46.672183990478516 0
vertex 10.549962997436523 -46.499977111816406 0
endloop
endfacet
facet normal 0 0 -1
outer loop
vertex 10.515708923339844 -46.672183990478516 0
vertex 11.599963188171387 -50.8499755859375 0
vertex 10.418160438537598 -46.81817626953125 0
endloop
endfacet
facet normal 0 0 -1
outer loop
vertex 10.418160438537598 -46.81817626953125 0
vertex 11.375608444213867 -50.872074127197266 0
vertex 10.272170066833496 -46.91572189331055 0
endloop
endfacet
facet normal 0 0 -1
outer loop
vertex 10.272170066833496 -46.91572189331055 0
vertex 11.159876823425293 -50.93751525878906 0
vertex 10.099963188171387 -46.94997787475586 0
endloop
endfacet
facet normal 0 0 -1
outer loop
vertex 10.099963188171387 -46.94997787475586 0
vertex 10.96105670928955 -51.043785095214844 0
vertex 9.927755355834961 -46.91572189331055 0
endloop
endfacet
facet normal 0 0 -1
outer loop
vertex 9.927755355834961 -46.91572189331055 0
vertex 10.786789894104004 -51.18680191040039 0
vertex 9.78176498413086 -46.81817626953125 0
endloop
endfacet
facet normal 0 0 -1
outer loop
vertex 9.78176498413086 -46.81817626953125 0
vertex 10.643773078918457 -51.3610725402832 0
vertex 9.68421745300293 -46.672183990478516 0
endloop
endfacet
facet normal 0 0 -1
outer loop
vertex 12.238868713378906 -51.043785095214844 0
vertex 12.040048599243164 -50.93751525878906 0
vertex 28.64967155456543 -46.499977111816406 0
endloop
endfacet
facet normal 0 0 -1
outer loop
vertex 28.64967155456543 -46.499977111816406 0
vertex 12.040048599243164 -50.93751525878906 0
vertex 11.82431697845459 -50.872074127197266 0
endloop
endfacet
facet normal 0 0 -1
outer loop
vertex 12.55615234375 -51.3610725402832 0
vertex 12.413135528564453 -51.18680191040039 0
vertex 28.68392562866211 -46.672183990478516 0
endloop
endfacet
facet normal 0 0 -1
outer loop
vertex 28.68392562866211 -46.672183990478516 0
vertex 12.662424087524414 -51.55989074707031 0
vertex 12.55615234375 -51.3610725402832 0
endloop
endfacet
facet normal 0 0 -1
outer loop
vertex 28.64967155456543 -36.3399772644043 0
vertex 26.049962997436523 -29.949975967407227 0
vertex 28.68392562866211 -36.16777038574219 0
endloop
endfacet
facet normal 0 0 -1
outer loop
vertex 28.68392562866211 -36.16777038574219 0
vertex 26.049962997436523 -29.949975967407227 0
vertex 28.78147315979004 -36.02177810668945 0
endloop
endfacet
facet normal 0 0 -1
outer loop
vertex 28.78147315979004 -36.02177810668945 0
vertex 26.049962997436523 -29.949975967407227 0
vertex 28.92746353149414 -35.924232482910156 0
endloop
endfacet
facet normal 0 0 -1
outer loop
vertex 28.92746353149414 -35.924232482910156 0
vertex 26.049962997436523 -29.949975967407227 0
vertex 29.09967041015625 -35.889976501464844 0
endloop
endfacet
facet normal 0 0 -1
outer loop
vertex 29.09967041015625 -35.889976501464844 0
vertex 26.049962997436523 -29.949975967407227 0
vertex 29.271879196166992 -35.924232482910156 0
endloop
endfacet
facet normal 0 0 -1
outer loop
vertex 29.271879196166992 -35.924232482910156 0
vertex 26.049962997436523 -29.949975967407227 0
vertex 30.949962615966797 -29.949975967407227 0
endloop
endfacet
facet normal 0 0 -1
outer loop
vertex 29.271879196166992 -35.924232482910156 0
vertex 30.949962615966797 -29.949975967407227 0
vertex 29.417869567871094 -36.02177810668945 0
endloop
endfacet
facet normal 0 0 -1
outer loop
vertex 30.949962615966797 -29.949975967407227 0
vertex 29.549671173095703 -36.3399772644043 0
vertex 29.515417098999023 -36.16777038574219 0
endloop
endfacet
facet normal 0 0 -1
outer loop
vertex 30.949962615966797 -29.949975967407227 0
vertex 29.515417098999023 -36.16777038574219 0
vertex 29.417869567871094 -36.02177810668945 0
endloop
endfacet
facet normal 0 0 -1
outer loop
vertex 26.049962997436523 -29.949975967407227 0
vertex 21.499961853027344 -29.249977111816406 0
vertex 35.499961853027344 -25.049976348876953 0
endloop
endfacet
facet normal 0 0 -1
outer loop
vertex 30.949962615966797 -29.949975967407227 0
vertex 26.049962997436523 -29.949975967407227 0
vertex 35.499961853027344 -25.049976348876953 0
endloop
endfacet
facet normal 0 0 -1
outer loop
vertex 30.949962615966797 -29.949975967407227 0
vertex 35.499961853027344 -29.249977111816406 0
vertex 35.499961853027344 -29.949975967407227 0
endloop
endfacet
facet normal 0 0 -1
outer loop
vertex 35.499961853027344 -29.249977111816406 0
vertex 30.949962615966797 -29.949975967407227 0
vertex 35.499961853027344 -25.749977111816406 0
endloop
endfacet
facet normal 0 0 -1
outer loop
vertex 12.662424087524414 -51.55989074707031 0
vertex 28.68392562866211 -46.672183990478516 0
vertex 12.727866172790527 -51.7756233215332 0
endloop
endfacet
facet normal 0 0 -1
outer loop
vertex 12.238868713378906 -51.043785095214844 0
vertex 28.64967155456543 -46.499977111816406 0
vertex 12.413135528564453 -51.18680191040039 0
endloop
endfacet
facet normal 0 0 -1
outer loop
vertex -49.74994659423828 -56.48326873779297 0
vertex 51.18333435058594 -53.843589782714844 0
vertex 52.45735549926758 -53.843971252441406 0
endloop
endfacet
facet normal 0 0 -1
outer loop
vertex 51.169288635253906 -55.9784049987793 0
vertex -49.74994659423828 -56.48326873779297 0
vertex 51.94025421142578 -55.23442459106445 0
endloop
endfacet
facet normal 0 0 -1
outer loop
vertex 50.202701568603516 -56.40032958984375 0
vertex -49.74994659423828 -56.48326873779297 0
vertex 51.169288635253906 -55.9784049987793 0
endloop
endfacet
facet normal 0 0 -1
outer loop
vertex 11.599963188171387 -50.8499755859375 0
vertex 10.515708923339844 -46.672183990478516 0
vertex 11.82431697845459 -50.872074127197266 0
endloop
endfacet
facet normal 0 0 -1
outer loop
vertex 11.375608444213867 -50.872074127197266 0
vertex 10.418160438537598 -46.81817626953125 0
vertex 11.599963188171387 -50.8499755859375 0
endloop
endfacet
facet normal 0 0 -1
outer loop
vertex 11.159876823425293 -50.93751525878906 0
vertex 10.272170066833496 -46.91572189331055 0
vertex 11.375608444213867 -50.872074127197266 0
endloop
endfacet
facet normal 0 0 -1
outer loop
vertex 10.96105670928955 -51.043785095214844 0
vertex 10.099963188171387 -46.94997787475586 0
vertex 11.159876823425293 -50.93751525878906 0
endloop
endfacet
facet normal 0 0 -1
outer loop
vertex 10.786789894104004 -51.18680191040039 0
vertex 9.927755355834961 -46.91572189331055 0
vertex 10.96105670928955 -51.043785095214844 0
endloop
endfacet
facet normal 0 0 -1
outer loop
vertex 10.643773078918457 -51.3610725402832 0
vertex 9.78176498413086 -46.81817626953125 0
vertex 10.786789894104004 -51.18680191040039 0
endloop
endfacet
facet normal 0 0 -1
outer loop
vertex 9.78176498413086 -41.10177993774414 0
vertex 7.049962997436523 -44.04997634887695 0
vertex 10.099963188171387 -40.5999755859375 0
endloop
endfacet
facet normal 0 0 -1
outer loop
vertex 9.68421745300293 -41.24776840209961 0
vertex 7.049962997436523 -44.04997634887695 0
vertex 9.78176498413086 -41.10177993774414 0
endloop
endfacet
facet normal 0 0 -1
outer loop
vertex 9.649962425231934 -41.41997528076172 0
vertex 7.049962997436523 -44.04997634887695 0
vertex 9.68421745300293 -41.24776840209961 0
endloop
endfacet
facet normal 0 0 -1
outer loop
vertex 9.68421745300293 -41.592185974121094 0
vertex 7.049962997436523 -44.04997634887695 0
vertex 9.649962425231934 -41.41997528076172 0
endloop
endfacet
facet normal 0 0 -1
outer loop
vertex 7.049962997436523 -44.04997634887695 0
vertex 9.78176498413086 -41.73817443847656 0
vertex 9.927755355834961 -41.835723876953125 0
endloop
endfacet
facet normal 0 0 -1
outer loop
vertex 7.049962997436523 -44.04997634887695 0
vertex 9.68421745300293 -41.592185974121094 0
vertex 9.78176498413086 -41.73817443847656 0
endloop
endfacet
facet normal 0 0 -1
outer loop
vertex 9.78176498413086 -42.37178039550781 0
vertex 7.049962997436523 -44.04997634887695 0
vertex 10.099963188171387 -41.86997604370117 0
endloop
endfacet
facet normal 0 0 -1
outer loop
vertex 9.68421745300293 -42.51776885986328 0
vertex 7.049962997436523 -44.04997634887695 0
vertex 9.78176498413086 -42.37178039550781 0
endloop
endfacet
facet normal 0 0 -1
outer loop
vertex 9.649962425231934 -42.68997573852539 0
vertex 7.049962997436523 -44.04997634887695 0
vertex 9.68421745300293 -42.51776885986328 0
endloop
endfacet
facet normal 0 0 -1
outer loop
vertex 9.68421745300293 -42.8621826171875 0
vertex 7.049962997436523 -44.04997634887695 0
vertex 9.649962425231934 -42.68997573852539 0
endloop
endfacet
facet normal 0 0 -1
outer loop
vertex 7.049962997436523 -44.04997634887695 0
vertex 9.68421745300293 -42.8621826171875 0
vertex 9.78176498413086 -43.008174896240234 0
endloop
endfacet
facet normal 0 0 -1
outer loop
vertex 7.049962997436523 -44.04997634887695 0
vertex 9.78176498413086 -43.008174896240234 0
vertex 9.927755355834961 -43.10572052001953 0
endloop
endfacet
facet normal 0 0 -1
outer loop
vertex 7.049962997436523 -44.04997634887695 0
vertex 2.49996280670166 -44.749977111816406 0
vertex 2.49996280670166 -44.04997634887695 0
endloop
endfacet
facet normal 0 0 -1
outer loop
vertex -49.74994659423828 -56.48326873779297 0
vertex 11.599963188171387 -53.14997482299805 0
vertex 51.18333435058594 -53.843589782714844 0
endloop
endfacet
facet normal 0 0 1
outer loop
vertex -4.465440273284912 34.45616912841797 5
vertex -24.925037384033203 40.250022888183594 5
vertex 11.949962615966797 27.050024032592773 5
endloop
endfacet
facet normal 0 0 1
outer loop
vertex -4.465440273284912 34.45616912841797 5
vertex -7.62503719329834 35.92951583862305 5
vertex -24.925037384033203 40.250022888183594 5
endloop
endfacet
facet normal 0 0 1
outer loop
vertex -10.480789184570312 37.929134368896484 5
vertex -24.925037384033203 40.250022888183594 5
vertex -7.62503719329834 35.92951583862305 5
endloop
endfacet
facet normal 0 0 1
outer loop
vertex -24.925037384033203 40.250022888183594 5
vertex -10.480789184570312 37.929134368896484 5
vertex -12.801678657531738 40.250022888183594 5
endloop
endfacet
facet normal 0 0 1
outer loop
vertex -24.925037384033203 40.250022888183594 5
vertex -30.950037002563477 31.950023651123047 5
vertex 7.049962997436523 27.050024032592773 5
endloop
endfacet
facet normal 0 0 1
outer loop
vertex -24.9622802734375 56.67954635620117 5
vertex -25.246253967285156 55.691123962402344 5
vertex -24.925037384033203 40.250022888183594 5
endloop
endfacet
facet normal 0 0 1
outer loop
vertex -25.246253967285156 55.691123962402344 5
vertex -25.292015075683594 55.592567443847656 5
vertex -24.925037384033203 40.250022888183594 5
endloop
endfacet
facet normal 0 0 1
outer loop
vertex -25.292015075683594 55.592567443847656 5
vertex -25.867233276367188 54.73274230957031 5
vertex -24.925037384033203 40.250022888183594 5
endloop
endfacet
facet normal 0 0 1
outer loop
vertex -25.867233276367188 54.73274230957031 5
vertex -25.940868377685547 54.65283203125 5
vertex -24.925037384033203 40.250022888183594 5
endloop
endfacet
facet normal 0 0 1
outer loop
vertex -25.940868377685547 54.65283203125 5
vertex -26.750865936279297 54.00934600830078 5
vertex -24.925037384033203 40.250022888183594 5
endloop
endfacet
facet normal 0 0 1
outer loop
vertex -26.750865936279297 54.00934600830078 5
vertex -26.845359802246094 53.9556884765625 5
vertex -24.925037384033203 40.250022888183594 5
endloop
endfacet
facet normal 0 0 1
outer loop
vertex -26.845359802246094 53.9556884765625 5
vertex -27.8211612701416 53.586734771728516 5
vertex -24.925037384033203 40.250022888183594 5
endloop
endfacet
facet normal 0 0 1
outer loop
vertex -27.8211612701416 53.586734771728516 5
vertex -27.945209503173828 53.563934326171875 5
vertex -24.925037384033203 40.250022888183594 5
endloop
endfacet
facet normal 0 0 1
outer loop
vertex -27.945209503173828 53.563934326171875 5
vertex -45.0500373840332 46.05002212524414 5
vertex -30.950037002563477 46.05002212524414 5
endloop
endfacet
facet normal 0 0 1
outer loop
vertex -30.950037002563477 46.05002212524414 5
vertex -24.925037384033203 40.250022888183594 5
vertex -27.945209503173828 53.563934326171875 5
endloop
endfacet
facet normal 0 0 1
outer loop
vertex -30.950037002563477 46.05002212524414 5
vertex -30.950037002563477 31.950023651123047 5
vertex -24.925037384033203 40.250022888183594 5
endloop
endfacet
facet normal 0 0 1
outer loop
vertex 69.69878387451172 52.33087921142578 5
vertex 68.3487777709961 53.1357307434082 5
vertex 71.35504913330078 49.67424774169922 5
endloop
endfacet
facet normal 0 0 1
outer loop
vertex 71.4821548461914 48.88352966308594 5
vertex 71.35504913330078 49.67424774169922 5
vertex 66.78282165527344 53.488162994384766 5
endloop
endfacet
facet normal 0 0 1
outer loop
vertex 66.78282165527344 53.488162994384766 5
vertex 71.48221588134766 48.49033737182617 5
vertex 71.4821548461914 48.88352966308594 5
endloop
endfacet
facet normal 0 0 1
outer loop
vertex 66.78282165527344 53.488162994384766 5
vertex 70.19996643066406 48.49073028564453 5
vertex 71.48221588134766 48.49033737182617 5
endloop
endfacet
facet normal 0.9999999879518566 0.0001552297867262009 0
outer loop
vertex 71.48221588134766 48.49033737182617 5
vertex 71.48221588134766 48.49033737182617 4.5
vertex 71.4821548461914 48.88352966308594 5
endloop
endfacet
facet normal -0.9999897873283647 0.0045194290537574795 0
outer loop
vertex -24.926345825195312 61.7014045715332 5
vertex -24.948610305786133 56.775062561035156 0
vertex -24.948610305786133 56.775062561035156 5
endloop
endfacet
facet normal -0.9899134849011031 0.14167318875127213 0
outer loop
vertex -24.948610305786133 56.775062561035156 5
vertex -24.9622802734375 56.67954635620117 0
vertex -24.9622802734375 56.67954635620117 5
endloop
endfacet
facet normal -0.9611203481984973 0.2761298178009739 0
outer loop
vertex -24.9622802734375 56.67954635620117 5
vertex -25.246253967285156 55.691123962402344 0
vertex -25.246253967285156 55.691123962402344 5
endloop
endfacet
facet normal -0.9069993897931822 0.4211319352825133 0
outer loop
vertex -25.246253967285156 55.691123962402344 5
vertex -25.292015075683594 55.592567443847656 0
vertex -25.292015075683594 55.592567443847656 5
endloop
endfacet
facet normal -0.8311562727165288 0.5560388928159318 0
outer loop
vertex -25.292015075683594 55.592567443847656 5
vertex -25.867233276367188 54.73274230957031 0
vertex -25.867233276367188 54.73274230957031 5
endloop
endfacet
facet normal -0.7353913267441142 0.6776426761572292 0
outer loop
vertex -25.867233276367188 54.73274230957031 5
vertex -25.940868377685547 54.65283203125 0
vertex -25.940868377685547 54.65283203125 5
endloop
endfacet
facet normal 0 0 1
outer loop
vertex 66.78282165527344 53.488162994384766 5
vertex 27.809974670410156 53.44290542602539 5
vertex 70.19996643066406 48.49073028564453 5
endloop
endfacet
facet normal -0.6220319176587884 0.7829918859181941 0
outer loop
vertex -25.940868377685547 54.65283203125 5
vertex -26.750865936279297 54.00934600830078 0
vertex -26.750865936279297 54.00934600830078 5
endloop
endfacet
facet normal -0.4937856300191746 0.8695836656622333 0
outer loop
vertex -26.750865936279297 54.00934600830078 5
vertex -26.845359802246094 53.9556884765625 0
vertex -26.845359802246094 53.9556884765625 5
endloop
endfacet
facet normal 0 0 1
outer loop
vertex 27.809974670410156 53.44290542602539 5
vertex 66.49996185302734 48.500022888183594 5
vertex 70.19996643066406 48.49073028564453 5
endloop
endfacet
facet normal -0.35366696872781817 0.9353714103129711 0
outer loop
vertex -26.845359802246094 53.9556884765625 5
vertex -27.8211612701416 53.586734771728516 0
vertex -27.8211612701416 53.586734771728516 5
endloop
endfacet
facet normal -0.18077482060246597 0.9835245112533527 0
outer loop
vertex -27.8211612701416 53.586734771728516 5
vertex -27.945209503173828 53.563934326171875 0
vertex -27.945209503173828 53.563934326171875 5
endloop
endfacet
facet normal 0 0 1
outer loop
vertex 66.49996185302734 48.500022888183594 5
vertex 66.49996185302734 29.500022888183594 5
vertex 70.19996643066406 48.49073028564453 5
endloop
endfacet
facet normal 0 0 1
outer loop
vertex 7.049962997436523 27.050024032592773 5
vertex 11.949962615966797 27.050024032592773 5
vertex -24.925037384033203 40.250022888183594 5
endloop
endfacet
facet normal 0 0 1
outer loop
vertex -7.050037384033203 27.050024032592773 5
vertex -11.950037002563477 12.950023651123047 5
vertex -7.050037384033203 12.950023651123047 5
endloop
endfacet
facet normal 0 0 1
outer loop
vertex -30.950037002563477 31.950023651123047 5
vertex -7.050037384033203 27.050024032592773 5
vertex 7.049962997436523 27.050024032592773 5
endloop
endfacet
facet normal 0 0 1
outer loop
vertex -30.950037002563477 31.950023651123047 5
vertex -11.950037002563477 27.050024032592773 5
vertex -7.050037384033203 27.050024032592773 5
endloop
endfacet
facet normal 0 0 1
outer loop
vertex -11.950037002563477 27.050024032592773 5
vertex -11.950037002563477 12.950023651123047 5
vertex -7.050037384033203 27.050024032592773 5
endloop
endfacet
facet normal 0 0 1
outer loop
vertex -7.050037384033203 12.950023651123047 5
vertex -7.050037384033203 8.050023078918457 5
vertex 7.049962997436523 8.050023078918457 5
endloop
endfacet
facet normal 0 0 1
outer loop
vertex -7.050037384033203 12.950023651123047 5
vertex -11.950037002563477 8.050023078918457 5
vertex -7.050037384033203 8.050023078918457 5
endloop
endfacet
facet normal 0 0 1
outer loop
vertex -11.950037002563477 12.950023651123047 5
vertex -11.950037002563477 8.050023078918457 5
vertex -7.050037384033203 12.950023651123047 5
endloop
endfacet
facet normal 0 0 1
outer loop
vertex -11.950037002563477 8.050023078918457 5
vertex -11.950037002563477 -6.049976825714111 5
vertex -7.050037384033203 8.050023078918457 5
endloop
endfacet
facet normal 0 0 1
outer loop
vertex -11.950037002563477 12.950023651123047 5
vertex -26.050037384033203 8.050023078918457 5
vertex -11.950037002563477 8.050023078918457 5
endloop
endfacet
facet normal 0 0 1
outer loop
vertex -30.950037002563477 31.950023651123047 5
vertex -26.050037384033203 27.050024032592773 5
vertex -11.950037002563477 27.050024032592773 5
endloop
endfacet
facet normal 0 0 1
outer loop
vertex -30.950037002563477 31.950023651123047 5
vertex -30.950037002563477 27.050024032592773 5
vertex -26.050037384033203 27.050024032592773 5
endloop
endfacet
facet normal 0 0 1
outer loop
vertex -30.950037002563477 31.950023651123047 5
vertex -45.0500373840332 27.050024032592773 5
vertex -30.950037002563477 27.050024032592773 5
endloop
endfacet
facet normal 0 0 1
outer loop
vertex -30.950037002563477 27.050024032592773 5
vertex -30.950037002563477 12.950023651123047 5
vertex -26.050037384033203 27.050024032592773 5
endloop
endfacet
facet normal 0 0 1
outer loop
vertex -26.050037384033203 12.950023651123047 5
vertex -26.050037384033203 27.050024032592773 5
vertex -30.950037002563477 12.950023651123047 5
endloop
endfacet
facet normal 0 0 1
outer loop
vertex -26.050037384033203 12.950023651123047 5
vertex -26.050037384033203 8.050023078918457 5
vertex -11.950037002563477 12.950023651123047 5
endloop
endfacet
facet normal 0 0 1
outer loop
vertex -30.950037002563477 12.950023651123047 5
vertex -30.950037002563477 8.050023078918457 5
vertex -26.050037384033203 12.950023651123047 5
endloop
endfacet
facet normal 0 0 1
outer loop
vertex -30.950037002563477 8.050023078918457 5
vertex -26.050037384033203 8.050023078918457 5
vertex -26.050037384033203 12.950023651123047 5
endloop
endfacet
facet normal 0 0 1
outer loop
vertex -30.950037002563477 8.050023078918457 5
vertex -30.950037002563477 -6.049976825714111 5
vertex -26.050037384033203 8.050023078918457 5
endloop
endfacet
facet normal 0 0 1
outer loop
vertex -30.950037002563477 12.950023651123047 5
vertex -45.0500373840332 8.050023078918457 5
vertex -30.950037002563477 8.050023078918457 5
endloop
endfacet
facet normal 0 0 1
outer loop
vertex 70.19412994384766 29.49073028564453 5
vertex 70.19996643066406 48.49073028564453 5
vertex 66.49996185302734 29.500022888183594 5
endloop
endfacet
facet normal 0 0 -1
outer loop
vertex -71.3551254272461 -47.674198150634766 0
vertex -71.48222351074219 -46.88351821899414 0
vertex -70.20003509521484 -46.49031448364258 0
endloop
endfacet
facet normal 0 0 1
outer loop
vertex 27.809974670410156 53.44290542602539 5
vertex 47.499961853027344 48.500022888183594 5
vertex 66.49996185302734 48.500022888183594 5
endloop
endfacet
facet normal 0 0 -1
outer loop
vertex -70.20003509521484 -46.49031448364258 0
vertex -71.48222351074219 -46.88351821899414 0
vertex -71.48224639892578 -46.49015808105469 0
endloop
endfacet
facet normal 0.7538175489252174 0.6570837868433352 0
outer loop
vertex 70.73153686523438 51.146087646484375 5
vertex 69.69878387451172 52.33087921142578 0
vertex 69.69878387451172 52.33087921142578 5
endloop
endfacet
facet normal 0.9207851373164854 0.3900701615056722 0
outer loop
vertex 71.35504913330078 49.67424774169922 5
vertex 70.73153686523438 51.146087646484375 0
vertex 70.73153686523438 51.146087646484375 5
endloop
endfacet
facet normal 0.5120834131939498 0.8589357239815063 0
outer loop
vertex 69.69878387451172 52.33087921142578 5
vertex 68.3487777709961 53.1357307434082 0
vertex 68.3487777709961 53.1357307434082 5
endloop
endfacet
facet normal 0.9873252803502706 0.15870976901646555 0
outer loop
vertex 71.4821548461914 48.88352966308594 5
vertex 71.35504913330078 49.67424774169922 0
vertex 71.35504913330078 49.67424774169922 5
endloop
endfacet
facet normal 0.9999999879518565 0.0001552297867262009 0
outer loop
vertex 71.48221588134766 48.49033737182617 4.5
vertex 71.4821548461914 48.88352966308594 0
vertex 71.4821548461914 48.88352966308594 5
endloop
endfacet
facet normal 0.21956682343904674 0.9755974631193371 0
outer loop
vertex 68.3487777709961 53.1357307434082 5
vertex 66.78282165527344 53.488162994384766 0
vertex 66.78282165527344 53.488162994384766 5
endloop
endfacet
facet normal 0.00030835972419089634 0.9999999524571391 0
outer loop
vertex 72.1998062133789 47.990116119384766 4.5
vertex 71.48229217529297 47.99033737182617 0.20000000298023224
vertex 71.48229217529297 47.99033737182617 4.5
endloop
endfacet
facet normal 0.9999999883584413 0.00015258788884863912 -2.3083864545973153e-7
outer loop
vertex 71.48229217529297 47.99033737182617 4.5
vertex 71.4821548461914 48.88352966308594 0
vertex 71.48221588134766 48.49033737182617 4.5
endloop
endfacet
facet normal 0.9999999531673601 -0.0003060477644336674 -2.0875978124028914e-7
outer loop
vertex 72.1980209350586 42.15678405761719 4.5
vertex 72.1995849609375 47.27011489868164 0.20000000298023224
vertex 72.1998062133789 47.990116119384766 4.5
endloop
endfacet
facet normal 0.9999999527924343 -0.0003072659797087136 -0.000001657396601626407
outer loop
vertex 72.19428253173828 29.990116119384766 4.5
vertex 72.1995849609375 47.27011489868164 0.20000000298023224
vertex 72.1980209350586 42.15678405761719 4.5
endloop
endfacet
facet normal -0.0011612581924425732 0.9999993257394778 0
outer loop
vertex 66.78282165527344 53.488162994384766 5
vertex 27.809974670410156 53.44290542602539 0
vertex 27.809974670410156 53.44290542602539 5
endloop
endfacet
facet normal 0 0 -1
outer loop
vertex -70.20003509521484 -46.49031448364258 0
vertex -64.05003356933594 -44.04997634887695 0
vertex -71.3551254272461 -47.674198150634766 0
endloop
endfacet
facet normal 0 0 1
outer loop
vertex 70.19412994384766 29.49073028564453 5
vertex 64.04996490478516 12.950023651123047 5
vertex 71.48517608642578 29.490333557128906 5
endloop
endfacet
facet normal 0.9999999878366792 0.00015597000237919635 0
outer loop
vertex 71.48517608642578 29.490333557128906 5
vertex 71.4881820678711 10.21751594543457 5
vertex 71.48517608642578 29.490333557128906 4.5
endloop
endfacet
facet normal 0 0 1
outer loop
vertex 71.4881820678711 10.21751594543457 5
vertex 71.48517608642578 29.490333557128906 5
vertex 64.04996490478516 12.950023651123047 5
endloop
endfacet
facet normal 0 0 1
outer loop
vertex 66.49996185302734 29.500022888183594 5
vertex 64.04996490478516 12.950023651123047 5
vertex 70.19412994384766 29.49073028564453 5
endloop
endfacet
facet normal 0 0 1
outer loop
vertex 64.04996490478516 27.050024032592773 5
vertex 64.04996490478516 12.950023651123047 5
vertex 66.49996185302734 29.500022888183594 5
endloop
endfacet
facet normal 0 0 1
outer loop
vertex 66.49996185302734 29.500022888183594 5
vertex 47.499961853027344 29.500022888183594 5
vertex 64.04996490478516 27.050024032592773 5
endloop
endfacet
facet normal 0 0 1
outer loop
vertex 71.13567352294922 8.65120792388916 5
vertex 71.4881820678711 10.21751594543457 5
vertex 64.04996490478516 12.950023651123047 5
endloop
endfacet
facet normal 0 0 1
outer loop
vertex 64.04996490478516 12.950023651123047 5
vertex 70.33081817626953 7.301201343536377 5
vertex 71.13567352294922 8.65120792388916 5
endloop
endfacet
facet normal 0 0 1
outer loop
vertex 64.04996490478516 12.950023651123047 5
vertex 69.14602661132812 6.268446445465088 5
vertex 70.33081817626953 7.301201343536377 5
endloop
endfacet
facet normal 0 0 1
outer loop
vertex 64.04996490478516 12.950023651123047 5
vertex 49.9499626159668 12.950023651123047 5
vertex 69.14602661132812 6.268446445465088 5
endloop
endfacet
facet normal 0 0 -1
outer loop
vertex -70.73161315917969 -49.14604187011719 0
vertex -59.500038146972656 -44.749977111816406 0
vertex -69.69886016845703 -50.33082962036133 0
endloop
endfacet
facet normal 0 0 1
outer loop
vertex 49.9499626159668 12.950023651123047 5
vertex 67.67418670654297 5.6449384689331055 5
vertex 69.14602661132812 6.268446445465088 5
endloop
endfacet
facet normal 0 0 1
outer loop
vertex 49.9499626159668 12.950023651123047 5
vertex 66.88102722167969 5.517439842224121 5
vertex 67.67418670654297 5.6449384689331055 5
endloop
endfacet
facet normal 0 0 1
outer loop
vertex 49.9499626159668 12.950023651123047 5
vertex 55.51747131347656 5.435782432556152 5
vertex 66.88102722167969 5.517439842224121 5
endloop
endfacet
facet normal 0 0 -1
outer loop
vertex -70.73161315917969 -49.14604187011719 0
vertex -71.3551254272461 -47.674198150634766 0
vertex -59.500038146972656 -44.04997634887695 0
endloop
endfacet
facet normal 0 0 1
outer loop
vertex 49.9499626159668 27.050024032592773 5
vertex 64.04996490478516 27.050024032592773 5
vertex 47.499961853027344 29.500022888183594 5
endloop
endfacet
facet normal 0 0 1
outer loop
vertex -27.945209503173828 53.563934326171875 5
vertex -66.88287353515625 53.482322692871094 5
vertex -45.0500373840332 46.05002212524414 5
endloop
endfacet
facet normal 0 0 1
outer loop
vertex -49.95003890991211 46.05002212524414 5
vertex -49.95003890991211 31.950023651123047 5
vertex -45.0500373840332 46.05002212524414 5
endloop
endfacet
facet normal 0 0 1
outer loop
vertex -45.0500373840332 31.950023651123047 5
vertex -45.0500373840332 46.05002212524414 5
vertex -49.95003890991211 31.950023651123047 5
endloop
endfacet
facet normal 0 0 1
outer loop
vertex -45.0500373840332 46.05002212524414 5
vertex -67.67426300048828 53.35511016845703 5
vertex -49.95003890991211 46.05002212524414 5
endloop
endfacet
facet normal 0 0 1
outer loop
vertex -66.88287353515625 53.482322692871094 5
vertex -67.67426300048828 53.35511016845703 5
vertex -45.0500373840332 46.05002212524414 5
endloop
endfacet
facet normal 0 0 1
outer loop
vertex -67.67426300048828 53.35511016845703 5
vertex -69.14610290527344 52.73160171508789 5
vertex -49.95003890991211 46.05002212524414 5
endloop
endfacet
facet normal 0 0 1
outer loop
vertex -69.14610290527344 52.73160171508789 5
vertex -70.33089447021484 51.69884490966797 5
vertex -49.95003890991211 46.05002212524414 5
endloop
endfacet
facet normal 0 0 1
outer loop
vertex -70.18826293945312 48.86002731323242 5
vertex -64.05003356933594 46.05002212524414 5
vertex -49.95003890991211 46.05002212524414 5
endloop
endfacet
facet normal 0 0 1
outer loop
vertex -70.33089447021484 51.69884490966797 5
vertex -71.1357421875 50.348838806152344 5
vertex -49.95003890991211 46.05002212524414 5
endloop
endfacet
facet normal 0 0 1
outer loop
vertex -71.1357421875 50.348838806152344 5
vertex -70.18826293945312 48.86002731323242 5
vertex -49.95003890991211 46.05002212524414 5
endloop
endfacet
facet normal 0 0 1
outer loop
vertex -71.1357421875 50.348838806152344 5
vertex -71.47077941894531 48.86018371582031 5
vertex -70.18826293945312 48.86002731323242 5
endloop
endfacet
facet normal 0 0 1
outer loop
vertex 47.499961853027344 29.500022888183594 5
vertex 45.04996109008789 27.050024032592773 5
vertex 49.9499626159668 27.050024032592773 5
endloop
endfacet
facet normal -0.9755971460233748 0.21956823238129405 0
outer loop
vertex -71.1357421875 50.348838806152344 5
vertex -71.47077941894531 48.86018371582031 4.5
vertex -71.47077941894531 48.86018371582031 5
endloop
endfacet
facet normal 0 0 1
outer loop
vertex 45.04996109008789 27.050024032592773 5
vertex 45.04996109008789 12.950023651123047 5
vertex 49.9499626159668 27.050024032592773 5
endloop
endfacet
facet normal 0 0 1
outer loop
vertex 45.04996109008789 12.950023651123047 5
vertex 49.9499626159668 12.950023651123047 5
vertex 49.9499626159668 27.050024032592773 5
endloop
endfacet
facet normal 0 0 1
outer loop
vertex 47.499961853027344 29.500022888183594 5
vertex 28.499961853027344 29.500022888183594 5
vertex 45.04996109008789 27.050024032592773 5
endloop
endfacet
facet normal 0 0 1
outer loop
vertex -70.18826293945312 48.86002731323242 5
vertex -70.19061279296875 29.860027313232422 5
vertex -64.05003356933594 46.05002212524414 5
endloop
endfacet
facet normal 0 0 -1
outer loop
vertex -68.3488540649414 -51.135684967041016 0
vertex -69.69886016845703 -50.33082962036133 0
vertex -54.500038146972656 -44.749977111816406 0
endloop
endfacet
facet normal 0 0 -1
outer loop
vertex -59.500038146972656 -44.749977111816406 0
vertex -70.73161315917969 -49.14604187011719 0
vertex -59.500038146972656 -44.04997634887695 0
endloop
endfacet
facet normal 0 0 1
outer loop
vertex 45.04996109008789 12.950023651123047 5
vertex 55.51747131347656 5.435782432556152 5
vertex 49.9499626159668 12.950023651123047 5
endloop
endfacet
facet normal 0 0 1
outer loop
vertex -70.19061279296875 29.860027313232422 5
vertex -64.05003356933594 31.950023651123047 5
vertex -64.05003356933594 46.05002212524414 5
endloop
endfacet
facet normal 0 0 1
outer loop
vertex 45.04996109008789 8.050023078918457 5
vertex 54.32579040527344 4.9907026290893555 5
vertex 54.420284271240234 5.044356822967529 5
endloop
endfacet
facet normal 0 0 1
outer loop
vertex 45.04996109008789 8.050023078918457 5
vertex 53.51579284667969 4.347215175628662 5
vertex 54.32579040527344 4.9907026290893555 5
endloop
endfacet
facet normal 0 0 1
outer loop
vertex 45.04996109008789 8.050023078918457 5
vertex 53.44215774536133 4.267303466796875 5
vertex 53.51579284667969 4.347215175628662 5
endloop
endfacet
facet normal -0.0020959514667620036 0.9999978034913121 0
outer loop
vertex -27.945209503173828 53.563934326171875 5
vertex -66.88287353515625 53.482322692871094 0
vertex -66.88287353515625 53.482322692871094 5
endloop
endfacet
facet normal -0.15870841663686983 0.9873254977405465 0
outer loop
vertex -66.88287353515625 53.482322692871094 5
vertex -67.67426300048828 53.35511016845703 0
vertex -67.67426300048828 53.35511016845703 5
endloop
endfacet
facet normal -0.39006813813704055 0.9207859944690203 0
outer loop
vertex -67.67426300048828 53.35511016845703 5
vertex -69.14610290527344 52.73160171508789 0
vertex -69.14610290527344 52.73160171508789 5
endloop
endfacet
facet normal -0.6570851660070307 0.7538163467407117 0
outer loop
vertex -69.14610290527344 52.73160171508789 5
vertex -70.33089447021484 51.69884490966797 0
vertex -70.33089447021484 51.69884490966797 5
endloop
endfacet
facet normal -0.8589367915264481 0.5120816225586025 0
outer loop
vertex -70.33089447021484 51.69884490966797 5
vertex -71.1357421875 50.348838806152344 0
vertex -71.1357421875 50.348838806152344 5
endloop
endfacet
facet normal -0.9755970611963305 0.21956860928578414 -0.000001179002011613286
outer loop
vertex -71.1357421875 50.348838806152344 5
vertex -71.4882583618164 48.78249740600586 0.20000000298023224
vertex -71.47077941894531 48.86018371582031 4.5
endloop
endfacet
facet normal -0.9756110385210176 0.21950649538439984 0
outer loop
vertex -71.4882583618164 48.78249740600586 0.20000000298023224
vertex -71.4882583618164 48.78249740600586 4.5
vertex -71.47077941894531 48.86018371582031 4.5
endloop
endfacet
facet normal -0.9999999985313098 -0.00005419760438628312 0
outer loop
vertex -71.4882583618164 48.78249740600586 4.5
vertex -71.48823547363281 48.36018753051758 0.20000000298023224
vertex -71.48823547363281 48.36018753051758 4.5
endloop
endfacet
facet normal 0.00012532420729375557 0.9999999921469216 0
outer loop
vertex -71.48823547363281 48.36018753051758 4.5
vertex -72.18832397460938 48.36027526855469 0.20000000298023224
vertex -72.18832397460938 48.36027526855469 4.5
endloop
endfacet
facet normal -0.9999999923696741 0.00012353347020057623 3.6558199099894157e-7
outer loop
vertex -72.18832397460938 48.36027526855469 4.5
vertex -72.19046020507812 31.08027458190918 0.20000000298023224
vertex -72.18982696533203 36.193607330322266 4.5
endloop
endfacet
facet normal -0.9999999922808347 0.0001242501250076323 -4.866260445880098e-7
outer loop
vertex -72.1905517578125 30.360273361206055 4.5
vertex -72.18982696533203 36.193607330322266 4.5
vertex -72.19046020507812 31.08027458190918 0.20000000298023224
endloop
endfacet
facet normal 0 0 1
outer loop
vertex -45.0500373840332 31.950023651123047 5
vertex -45.0500373840332 27.050024032592773 5
vertex -30.950037002563477 31.950023651123047 5
endloop
endfacet
facet normal 0 0 1
outer loop
vertex -45.0500373840332 31.950023651123047 5
vertex -49.95003890991211 27.050024032592773 5
vertex -45.0500373840332 27.050024032592773 5
endloop
endfacet
facet normal 0 0 1
outer loop
vertex -49.95003890991211 31.950023651123047 5
vertex -49.95003890991211 27.050024032592773 5
vertex -45.0500373840332 31.950023651123047 5
endloop
endfacet
facet normal 0 0 1
outer loop
vertex -49.95003890991211 27.050024032592773 5
vertex -49.95003890991211 12.950023651123047 5
vertex -45.0500373840332 27.050024032592773 5
endloop
endfacet
facet normal 0 0 1
outer loop
vertex -45.0500373840332 12.950023651123047 5
vertex -45.0500373840332 27.050024032592773 5
vertex -49.95003890991211 12.950023651123047 5
endloop
endfacet
facet normal 0 0 1
outer loop
vertex -45.0500373840332 12.950023651123047 5
vertex -45.0500373840332 8.050023078918457 5
vertex -30.950037002563477 12.950023651123047 5
endloop
endfacet
facet normal 0 0 1
outer loop
vertex -49.95003890991211 12.950023651123047 5
vertex -49.95003890991211 8.050023078918457 5
vertex -45.0500373840332 12.950023651123047 5
endloop
endfacet
facet normal 0 0 1
outer loop
vertex -45.0500373840332 12.950023651123047 5
vertex -49.95003890991211 8.050023078918457 5
vertex -45.0500373840332 8.050023078918457 5
endloop
endfacet
facet normal 0 0 1
outer loop
vertex -49.95003890991211 8.050023078918457 5
vertex -49.95003890991211 -6.049976825714111 5
vertex -45.0500373840332 8.050023078918457 5
endloop
endfacet
facet normal 0 0 1
outer loop
vertex -64.05003356933594 31.950023651123047 5
vertex -49.95003890991211 27.050024032592773 5
vertex -49.95003890991211 31.950023651123047 5
endloop
endfacet
facet normal 0 0 1
outer loop
vertex -64.05003356933594 31.950023651123047 5
vertex -70.19061279296875 29.860027313232422 5
vertex -49.95003890991211 27.050024032592773 5
endloop
endfacet
facet normal 0 0 1
outer loop
vertex -64.05003356933594 27.050024032592773 5
vertex -49.95003890991211 27.050024032592773 5
vertex -70.19061279296875 29.860027313232422 5
endloop
endfacet
facet normal 0 0 1
outer loop
vertex -70.19061279296875 29.860027313232422 5
vertex -71.48706817626953 29.860187530517578 5
vertex -64.05003356933594 27.050024032592773 5
endloop
endfacet
facet normal 0 0 1
outer loop
vertex 45.04996109008789 8.050023078918457 5
vertex 52.866939544677734 3.4074795246124268 5
vertex 53.44215774536133 4.267303466796875 5
endloop
endfacet
facet normal 0 0 1
outer loop
vertex -71.48706817626953 29.860187530517578 5
vertex -70.19140625 23.409912109375 5
vertex -64.05003356933594 27.050024032592773 5
endloop
endfacet
facet normal 0 0 1
outer loop
vertex -71.48706817626953 29.860187530517578 5
vertex -71.48665618896484 23.410072326660156 5
vertex -70.19140625 23.409912109375 5
endloop
endfacet
facet normal -0.9999999979601288 -0.00006387285975926668 0
outer loop
vertex -71.48706817626953 29.860187530517578 4.5
vertex -71.48665618896484 23.410072326660156 5
vertex -71.48706817626953 29.860187530517578 5
endloop
endfacet
facet normal 0 0 1
outer loop
vertex 45.04996109008789 8.050023078918457 5
vertex 52.8211784362793 3.3089213371276855 5
vertex 52.866939544677734 3.4074795246124268 5
endloop
endfacet
facet normal 0 0 1
outer loop
vertex 45.04996109008789 8.050023078918457 5
vertex 52.53702163696289 2.3198580741882324 5
vertex 52.8211784362793 3.3089213371276855 5
endloop
endfacet
facet normal 0 0 1
outer loop
vertex 30.949962615966797 12.950023651123047 5
vertex 55.39524841308594 5.41299295425415 5
vertex 55.51747131347656 5.435782432556152 5
endloop
endfacet
facet normal -0.9999999979601288 -0.00006387285975926668 0
outer loop
vertex -71.48706817626953 29.860187530517578 4.5
vertex -71.48665618896484 23.410072326660156 4.5
vertex -71.48665618896484 23.410072326660156 5
endloop
endfacet
facet normal 0 0 1
outer loop
vertex 30.949962615966797 12.950023651123047 5
vertex 54.420284271240234 5.044356822967529 5
vertex 55.39524841308594 5.41299295425415 5
endloop
endfacet
facet normal 0 0 1
outer loop
vertex -70.19140625 23.409912109375 5
vertex -70.19375610351562 4.409913063049316 5
vertex -64.05003356933594 27.050024032592773 5
endloop
endfacet
facet normal 0 0 1
outer loop
vertex 45.04996109008789 8.050023078918457 5
vertex 51.1999626159668 1.8006211519241333 5
vertex 52.53702163696289 2.3198580741882324 5
endloop
endfacet
facet normal 0 0 1
outer loop
vertex 45.04996109008789 12.950023651123047 5
vertex 30.949962615966797 12.950023651123047 5
vertex 55.51747131347656 5.435782432556152 5
endloop
endfacet
facet normal 0 0 -1
outer loop
vertex -59.500038146972656 -44.04997634887695 0
vertex -71.3551254272461 -47.674198150634766 0
vertex -64.05003356933594 -44.04997634887695 0
endloop
endfacet
facet normal 0 0 1
outer loop
vertex 45.04996109008789 8.050023078918457 5
vertex 54.420284271240234 5.044356822967529 5
vertex 30.949962615966797 12.950023651123047 5
endloop
endfacet
facet normal 0 0 1
outer loop
vertex -64.05003356933594 12.950023651123047 5
vertex -64.05003356933594 8.050023078918457 5
vertex -49.95003890991211 12.950023651123047 5
endloop
endfacet
facet normal 0 0 1
outer loop
vertex -49.95003890991211 12.950023651123047 5
vertex -64.05003356933594 8.050023078918457 5
vertex -49.95003890991211 8.050023078918457 5
endloop
endfacet
facet normal 0 0 1
outer loop
vertex -70.19375610351562 4.409913063049316 5
vertex -64.05003356933594 12.950023651123047 5
vertex -64.05003356933594 27.050024032592773 5
endloop
endfacet
facet normal 0 0 -1
outer loop
vertex -68.3488540649414 -51.135684967041016 0
vertex -49.95003890991211 -44.04997634887695 0
vertex -66.78182220458984 -51.48835372924805 0
endloop
endfacet
facet normal 0 0 -1
outer loop
vertex -54.500038146972656 -44.749977111816406 0
vertex -69.69886016845703 -50.33082962036133 0
vertex -59.500038146972656 -44.749977111816406 0
endloop
endfacet
facet normal 0.9999999878366792 0.00015597000237919638 0
outer loop
vertex 71.4881820678711 10.21751594543457 5
vertex 71.48517608642578 29.490333557128906 0.20000000298023224
vertex 71.48517608642578 29.490333557128906 4.5
endloop
endfacet
facet normal 0 0 1
outer loop
vertex -70.19375610351562 4.409913063049316 5
vertex -64.05003356933594 8.050023078918457 5
vertex -64.05003356933594 12.950023651123047 5
endloop
endfacet
facet normal 0 0 1
outer loop
vertex -70.19375610351562 4.409913063049316 5
vertex -70.19454956054688 -2.0402016639709473 5
vertex -64.05003356933594 8.050023078918457 5
endloop
endfacet
facet normal 0 0 -1
outer loop
vertex -66.78182220458984 -51.48835372924805 0
vertex -49.95003890991211 -44.04997634887695 0
vertex -55.69717025756836 -51.509681701660156 0
endloop
endfacet
facet normal 0 0 -1
outer loop
vertex -49.95003890991211 -44.04997634887695 0
vertex -68.3488540649414 -51.135684967041016 0
vertex -54.500038146972656 -44.749977111816406 0
endloop
endfacet
facet normal -0.00030660325172042973 -0.999999952997222 0
outer loop
vertex 71.48509979248047 29.990333557128906 4.5
vertex 72.19428253173828 29.990116119384766 0.20000000298023224
vertex 72.19428253173828 29.990116119384766 4.5
endloop
endfacet
facet normal 0.9999999883584679 0.0001525878888486432 0
outer loop
vertex 71.48517608642578 29.490333557128906 4.5
vertex 71.48517608642578 29.490333557128906 0.20000000298023224
vertex 71.48509979248047 29.990333557128906 4.5
endloop
endfacet
facet normal 0 0 -1
outer loop
vertex -64.05003356933594 -44.04997634887695 0
vertex -70.20003509521484 -46.49031448364258 0
vertex -70.19769287109375 -27.49031639099121 0
endloop
endfacet
facet normal -0.00012201338260424422 -0.9999999925563672 0
outer loop
vertex -72.1905517578125 30.360273361206055 4.5
vertex -71.48709869384766 30.360187530517578 0.20000000298023224
vertex -71.48709869384766 30.360187530517578 4.5
endloop
endfacet
facet normal -0.9999999981373547 -0.000061035156136313156 0
outer loop
vertex -71.48709869384766 30.360187530517578 4.5
vertex -71.48709869384766 30.360187530517578 0.20000000298023224
vertex -71.48706817626953 29.860187530517578 4.5
endloop
endfacet
facet normal -0.9999999979600744 -0.00006387285975926321 3.29965539039202e-7
outer loop
vertex -71.48706817626953 29.860187530517578 4.5
vertex -71.48662567138672 22.910072326660156 0.20000000298023224
vertex -71.48665618896484 23.410072326660156 4.5
endloop
endfacet
facet normal -0.9999999981373547 -0.000061035156136313156 0
outer loop
vertex -71.48662567138672 22.910072326660156 0.20000000298023224
vertex -71.48662567138672 22.910072326660156 4.5
vertex -71.48665618896484 23.410072326660156 4.5
endloop
endfacet
facet normal 0.00012447908113766856 0.9999999922524793 0
outer loop
vertex -71.48662567138672 22.910072326660156 4.5
vertex -72.19146728515625 22.910160064697266 0.20000000298023224
vertex -72.19146728515625 22.910160064697266 4.5
endloop
endfacet
facet normal -0.999999992369673 0.00012353347988364687 3.655567774834608e-7
outer loop
vertex -72.19146728515625 22.910160064697266 4.5
vertex -72.193603515625 5.630159854888916 0.20000000298023224
vertex -72.1929702758789 10.74349308013916 4.5
endloop
endfacet
facet normal -0.9999999922808335 0.00012425013516427356 -4.866519007202368e-7
outer loop
vertex -72.19369506835938 4.910159587860107 4.5
vertex -72.1929702758789 10.74349308013916 4.5
vertex -72.193603515625 5.630159854888916 0.20000000298023224
endloop
endfacet
facet normal -0.9999999981373547 -0.000061035156136313156 0
outer loop
vertex -71.48545837402344 4.410072326660156 4.5
vertex -71.48548889160156 4.910072326660156 4.5
vertex -71.48548889160156 4.910072326660156 0.20000000298023224
endloop
endfacet
facet normal -0.00012321440020230482 -0.9999999924091058 0
outer loop
vertex -72.19369506835938 4.910159587860107 4.5
vertex -71.48548889160156 4.910072326660156 0.20000000298023224
vertex -71.48548889160156 4.910072326660156 4.5
endloop
endfacet
facet normal 0.9755978507876372 -0.21956510091210563 0
outer loop
vertex 71.13567352294922 8.65120792388916 5
vertex 71.4881820678711 10.21751594543457 0
vertex 71.4881820678711 10.21751594543457 5
endloop
endfacet
facet normal 0.8589347359925534 -0.5120850703793292 0
outer loop
vertex 70.33081817626953 7.301201343536377 5
vertex 71.13567352294922 8.65120792388916 0
vertex 71.13567352294922 8.65120792388916 5
endloop
endfacet
facet normal 0.6570844764260076 -0.7538169478328006 0
outer loop
vertex 69.14602661132812 6.268446445465088 5
vertex 70.33081817626953 7.301201343536377 0
vertex 70.33081817626953 7.301201343536377 5
endloop
endfacet
facet normal 0.3900678852155643 -0.9207861016128868 0
outer loop
vertex 67.67418670654297 5.6449384689331055 5
vertex 69.14602661132812 6.268446445465088 0
vertex 69.14602661132812 6.268446445465088 5
endloop
endfacet
facet normal -0.9999897873283647 0.0045194290537574795 0
outer loop
vertex -24.926345825195312 61.7014045715332 0
vertex -24.948610305786133 56.775062561035156 0
vertex -24.926345825195312 61.7014045715332 5
endloop
endfacet
facet normal -0.9899134849011031 0.14167318875127213 0
outer loop
vertex -24.948610305786133 56.775062561035156 0
vertex -24.9622802734375 56.67954635620117 0
vertex -24.948610305786133 56.775062561035156 5
endloop
endfacet
facet normal -0.9611203481984973 0.2761298178009739 0
outer loop
vertex -24.9622802734375 56.67954635620117 0
vertex -25.246253967285156 55.691123962402344 0
vertex -24.9622802734375 56.67954635620117 5
endloop
endfacet
facet normal -0.9069993897931822 0.4211319352825133 0
outer loop
vertex -25.246253967285156 55.691123962402344 0
vertex -25.292015075683594 55.592567443847656 0
vertex -25.246253967285156 55.691123962402344 5
endloop
endfacet
facet normal -0.8311562727165288 0.5560388928159318 0
outer loop
vertex -25.292015075683594 55.592567443847656 0
vertex -25.867233276367188 54.73274230957031 0
vertex -25.292015075683594 55.592567443847656 5
endloop
endfacet
facet normal 0.15871033279852972 -0.9873251897237201 0
outer loop
vertex 66.88102722167969 5.517439842224121 5
vertex 67.67418670654297 5.6449384689331055 0
vertex 67.67418670654297 5.6449384689331055 5
endloop
endfacet
facet normal -0.7353913267441142 0.6776426761572292 0
outer loop
vertex -25.867233276367188 54.73274230957031 0
vertex -25.940868377685547 54.65283203125 0
vertex -25.867233276367188 54.73274230957031 5
endloop
endfacet
facet normal -0.6220319176587884 0.7829918859181941 0
outer loop
vertex -25.940868377685547 54.65283203125 0
vertex -26.750865936279297 54.00934600830078 0
vertex -25.940868377685547 54.65283203125 5
endloop
endfacet
facet normal -0.4937856300191746 0.8695836656622333 0
outer loop
vertex -26.750865936279297 54.00934600830078 0
vertex -26.845359802246094 53.9556884765625 0
vertex -26.750865936279297 54.00934600830078 5
endloop
endfacet
facet normal -0.35366696872781817 0.9353714103129711 0
outer loop
vertex -26.845359802246094 53.9556884765625 0
vertex -27.8211612701416 53.586734771728516 0
vertex -26.845359802246094 53.9556884765625 5
endloop
endfacet
facet normal -0.18077482060246597 0.9835245112533527 0
outer loop
vertex -27.8211612701416 53.586734771728516 0
vertex -27.945209503173828 53.563934326171875 0
vertex -27.8211612701416 53.586734771728516 5
endloop
endfacet
facet normal 0.0071857174047637515 -0.9999741823994152 0
outer loop
vertex 55.51747131347656 5.435782432556152 5
vertex 66.88102722167969 5.517439842224121 0
vertex 66.88102722167969 5.517439842224121 5
endloop
endfacet
facet normal 0 0 -1
outer loop
vertex -4.465440273284912 34.45616912841797 0
vertex 11.949962615966797 27.050024032592773 0
vertex -24.925037384033203 40.250022888183594 0
endloop
endfacet
facet normal 0 0 -1
outer loop
vertex -24.925037384033203 40.250022888183594 0
vertex -7.62503719329834 35.92951583862305 0
vertex -4.465440273284912 34.45616912841797 0
endloop
endfacet
facet normal 0 0 -1
outer loop
vertex -24.925037384033203 40.250022888183594 0
vertex -10.480789184570312 37.929134368896484 0
vertex -7.62503719329834 35.92951583862305 0
endloop
endfacet
facet normal 0 0 -1
outer loop
vertex -24.925037384033203 40.250022888183594 0
vertex -12.801678657531738 40.250022888183594 0
vertex -10.480789184570312 37.929134368896484 0
endloop
endfacet
facet normal 0 0 -1
outer loop
vertex -24.925037384033203 40.250022888183594 0
vertex -24.948610305786133 56.775062561035156 0
vertex -24.926345825195312 61.7014045715332 0
endloop
endfacet
facet normal 0 0 -1
outer loop
vertex -24.925037384033203 40.250022888183594 0
vertex -24.9622802734375 56.67954635620117 0
vertex -24.948610305786133 56.775062561035156 0
endloop
endfacet
facet normal 0 0 -1
outer loop
vertex -24.925037384033203 40.250022888183594 0
vertex -25.246253967285156 55.691123962402344 0
vertex -24.9622802734375 56.67954635620117 0
endloop
endfacet
facet normal 0 0 -1
outer loop
vertex -24.925037384033203 40.250022888183594 0
vertex -25.292015075683594 55.592567443847656 0
vertex -25.246253967285156 55.691123962402344 0
endloop
endfacet
facet normal 0 0 -1
outer loop
vertex -25.867233276367188 54.73274230957031 0
vertex -25.292015075683594 55.592567443847656 0
vertex -24.925037384033203 40.250022888183594 0
endloop
endfacet
facet normal 0 0 -1
outer loop
vertex -25.940868377685547 54.65283203125 0
vertex -25.867233276367188 54.73274230957031 0
vertex -24.925037384033203 40.250022888183594 0
endloop
endfacet
facet normal 0 0 -1
outer loop
vertex -26.750865936279297 54.00934600830078 0
vertex -25.940868377685547 54.65283203125 0
vertex -24.925037384033203 40.250022888183594 0
endloop
endfacet
facet normal 0 0 -1
outer loop
vertex -26.845359802246094 53.9556884765625 0
vertex -26.750865936279297 54.00934600830078 0
vertex -24.925037384033203 40.250022888183594 0
endloop
endfacet
facet normal 0 0 -1
outer loop
vertex -24.925037384033203 40.250022888183594 0
vertex -27.8211612701416 53.586734771728516 0
vertex -26.845359802246094 53.9556884765625 0
endloop
endfacet
facet normal 0 0 -1
outer loop
vertex -24.925037384033203 40.250022888183594 0
vertex -27.945209503173828 53.563934326171875 0
vertex -27.8211612701416 53.586734771728516 0
endloop
endfacet
facet normal 0 0 -1
outer loop
vertex -30.950037002563477 46.05002212524414 0
vertex -35.500038146972656 46.750022888183594 0
vertex -27.945209503173828 53.563934326171875 0
endloop
endfacet
facet normal 0 0 -1
outer loop
vertex -35.500038146972656 46.750022888183594 0
vertex -40.500038146972656 46.750022888183594 0
vertex -27.945209503173828 53.563934326171875 0
endloop
endfacet
facet normal 0 0 -1
outer loop
vertex -30.950037002563477 46.05002212524414 0
vertex -11.950037002563477 27.050024032592773 0
vertex -16.500038146972656 27.750022888183594 0
endloop
endfacet
facet normal 0 0 -1
outer loop
vertex -11.950037002563477 27.050024032592773 0
vertex -30.950037002563477 46.05002212524414 0
vertex -24.925037384033203 40.250022888183594 0
endloop
endfacet
facet normal 0 0 -1
outer loop
vertex -21.500038146972656 27.750022888183594 0
vertex -30.950037002563477 46.05002212524414 0
vertex -16.500038146972656 27.750022888183594 0
endloop
endfacet
facet normal 0 0 -1
outer loop
vertex -24.925037384033203 40.250022888183594 0
vertex -30.950037002563477 46.05002212524414 0
vertex -27.945209503173828 53.563934326171875 0
endloop
endfacet
facet normal 0 0 -1
outer loop
vertex -35.500038146972656 46.05002212524414 0
vertex -35.500038146972656 46.750022888183594 0
vertex -30.950037002563477 46.05002212524414 0
endloop
endfacet
facet normal 0 0 -1
outer loop
vertex -30.950037002563477 31.950023651123047 0
vertex -30.950037002563477 46.05002212524414 0
vertex -21.500038146972656 27.750022888183594 0
endloop
endfacet
facet normal 0 0 -1
outer loop
vertex 7.049962997436523 27.050024032592773 0
vertex -24.925037384033203 40.250022888183594 0
vertex 11.949962615966797 27.050024032592773 0
endloop
endfacet
facet normal 0 0 -1
outer loop
vertex -24.925037384033203 40.250022888183594 0
vertex 7.049962997436523 27.050024032592773 0
vertex 2.49996280670166 27.750022888183594 0
endloop
endfacet
facet normal 0 0 -1
outer loop
vertex -2.50003719329834 27.750022888183594 0
vertex -24.925037384033203 40.250022888183594 0
vertex 2.49996280670166 27.750022888183594 0
endloop
endfacet
facet normal 0 0 -1
outer loop
vertex -7.050037384033203 12.950023651123047 0
vertex -11.950037002563477 27.050024032592773 0
vertex -7.050037384033203 27.050024032592773 0
endloop
endfacet
facet normal 0 0 -1
outer loop
vertex -2.50003719329834 27.050024032592773 0
vertex -24.925037384033203 40.250022888183594 0
vertex -2.50003719329834 27.750022888183594 0
endloop
endfacet
facet normal 0 0 -1
outer loop
vertex -7.050037384033203 27.050024032592773 0
vertex -24.925037384033203 40.250022888183594 0
vertex -2.50003719329834 27.050024032592773 0
endloop
endfacet
facet normal 0 0 -1
outer loop
vertex -7.050037384033203 27.050024032592773 0
vertex -11.950037002563477 27.050024032592773 0
vertex -24.925037384033203 40.250022888183594 0
endloop
endfacet
facet normal 0 0 -1
outer loop
vertex -16.500038146972656 27.050024032592773 0
vertex -16.500038146972656 27.750022888183594 0
vertex -11.950037002563477 27.050024032592773 0
endloop
endfacet
facet normal 0 0 -1
outer loop
vertex -11.950037002563477 12.950023651123047 0
vertex -11.950037002563477 27.050024032592773 0
vertex -7.050037384033203 12.950023651123047 0
endloop
endfacet
facet normal 0 0 -1
outer loop
vertex -2.50003719329834 8.75002384185791 0
vertex -2.50003719329834 12.25002384185791 0
vertex 2.49996280670166 12.25002384185791 0
endloop
endfacet
facet normal 0 0 -1
outer loop
vertex -2.50003719329834 12.25002384185791 0
vertex -7.050037384033203 8.050023078918457 0
vertex -2.50003719329834 12.950023651123047 0
endloop
endfacet
facet normal 0 0 -1
outer loop
vertex -7.050037384033203 8.050023078918457 0
vertex -7.050037384033203 12.950023651123047 0
vertex -2.50003719329834 12.950023651123047 0
endloop
endfacet
facet normal 0 0 -1
outer loop
vertex -7.050037384033203 8.050023078918457 0
vertex -11.950037002563477 12.950023651123047 0
vertex -7.050037384033203 12.950023651123047 0
endloop
endfacet
facet normal 0 0 -1
outer loop
vertex -2.50003719329834 8.75002384185791 0
vertex -7.050037384033203 8.050023078918457 0
vertex -2.50003719329834 12.25002384185791 0
endloop
endfacet
facet normal 0 0 -1
outer loop
vertex -7.050037384033203 8.050023078918457 0
vertex -2.50003719329834 8.75002384185791 0
vertex -2.50003719329834 8.050023078918457 0
endloop
endfacet
facet normal 0 0 -1
outer loop
vertex -7.050037384033203 -6.049976825714111 0
vertex -11.950037002563477 8.050023078918457 0
vertex -7.050037384033203 8.050023078918457 0
endloop
endfacet
facet normal 0 0 -1
outer loop
vertex -11.950037002563477 8.050023078918457 0
vertex -16.500038146972656 12.25002384185791 0
vertex -11.950037002563477 12.950023651123047 0
endloop
endfacet
facet normal 0 0 -1
outer loop
vertex -16.500038146972656 12.25002384185791 0
vertex -16.500038146972656 12.950023651123047 0
vertex -11.950037002563477 12.950023651123047 0
endloop
endfacet
facet normal 0 0 -1
outer loop
vertex -7.050037384033203 8.050023078918457 0
vertex -11.950037002563477 8.050023078918457 0
vertex -11.950037002563477 12.950023651123047 0
endloop
endfacet
facet normal 0 0 -1
outer loop
vertex -11.950037002563477 8.050023078918457 0
vertex -16.500038146972656 8.75002384185791 0
vertex -16.500038146972656 12.25002384185791 0
endloop
endfacet
facet normal 0 0 -1
outer loop
vertex -16.500038146972656 8.050023078918457 0
vertex -16.500038146972656 8.75002384185791 0
vertex -11.950037002563477 8.050023078918457 0
endloop
endfacet
facet normal 0 0 -1
outer loop
vertex -26.050037384033203 27.050024032592773 0
vertex -30.950037002563477 31.950023651123047 0
vertex -21.500038146972656 27.750022888183594 0
endloop
endfacet
facet normal 0 0 -1
outer loop
vertex -26.050037384033203 27.050024032592773 0
vertex -21.500038146972656 27.750022888183594 0
vertex -21.500038146972656 27.050024032592773 0
endloop
endfacet
facet normal 0 0 -1
outer loop
vertex -26.050037384033203 27.050024032592773 0
vertex -30.950037002563477 27.050024032592773 0
vertex -30.950037002563477 31.950023651123047 0
endloop
endfacet
facet normal 0 0 -1
outer loop
vertex -30.950037002563477 27.050024032592773 0
vertex -35.500038146972656 31.250022888183594 0
vertex -30.950037002563477 31.950023651123047 0
endloop
endfacet
facet normal 0 0 -1
outer loop
vertex -35.500038146972656 31.250022888183594 0
vertex -35.500038146972656 31.950023651123047 0
vertex -30.950037002563477 31.950023651123047 0
endloop
endfacet
facet normal 0 0 -1
outer loop
vertex -30.950037002563477 27.050024032592773 0
vertex -35.500038146972656 27.750022888183594 0
vertex -35.500038146972656 31.250022888183594 0
endloop
endfacet
facet normal 0 0 -1
outer loop
vertex -35.500038146972656 27.050024032592773 0
vertex -35.500038146972656 27.750022888183594 0
vertex -30.950037002563477 27.050024032592773 0
endloop
endfacet
facet normal 0 0 -1
outer loop
vertex -26.050037384033203 12.950023651123047 0
vertex -30.950037002563477 27.050024032592773 0
vertex -26.050037384033203 27.050024032592773 0
endloop
endfacet
facet normal 0 0 -1
outer loop
vertex -26.050037384033203 12.950023651123047 0
vertex -30.950037002563477 12.950023651123047 0
vertex -30.950037002563477 27.050024032592773 0
endloop
endfacet
facet normal 0 0 -1
outer loop
vertex -16.500038146972656 8.75002384185791 0
vertex -21.500038146972656 12.25002384185791 0
vertex -16.500038146972656 12.25002384185791 0
endloop
endfacet
facet normal 0 0 -1
outer loop
vertex -21.500038146972656 12.25002384185791 0
vertex -26.050037384033203 12.950023651123047 0
vertex -21.500038146972656 12.950023651123047 0
endloop
endfacet
facet normal 0 0 -1
outer loop
vertex -21.500038146972656 8.75002384185791 0
vertex -26.050037384033203 12.950023651123047 0
vertex -21.500038146972656 12.25002384185791 0
endloop
endfacet
facet normal 0 0 -1
outer loop
vertex -21.500038146972656 8.75002384185791 0
vertex -21.500038146972656 12.25002384185791 0
vertex -16.500038146972656 8.75002384185791 0
endloop
endfacet
facet normal 0 0 -1
outer loop
vertex -26.050037384033203 8.050023078918457 0
vertex -21.500038146972656 8.75002384185791 0
vertex -21.500038146972656 8.050023078918457 0
endloop
endfacet
facet normal 0 0 -1
outer loop
vertex -21.500038146972656 8.75002384185791 0
vertex -26.050037384033203 8.050023078918457 0
vertex -26.050037384033203 12.950023651123047 0
endloop
endfacet
facet normal 0 0 -1
outer loop
vertex -26.050037384033203 8.050023078918457 0
vertex -30.950037002563477 12.950023651123047 0
vertex -26.050037384033203 12.950023651123047 0
endloop
endfacet
facet normal 0 0 -1
outer loop
vertex -30.950037002563477 8.050023078918457 0
vertex -35.500038146972656 12.25002384185791 0
vertex -30.950037002563477 12.950023651123047 0
endloop
endfacet
facet normal 0 0 -1
outer loop
vertex -30.950037002563477 12.950023651123047 0
vertex -35.500038146972656 12.25002384185791 0
vertex -35.500038146972656 12.950023651123047 0
endloop
endfacet
facet normal 0 0 -1
outer loop
vertex -26.050037384033203 8.050023078918457 0
vertex -30.950037002563477 8.050023078918457 0
vertex -30.950037002563477 12.950023651123047 0
endloop
endfacet
facet normal 0 0 -1
outer loop
vertex -26.050037384033203 -6.049976825714111 0
vertex -30.950037002563477 8.050023078918457 0
vertex -26.050037384033203 8.050023078918457 0
endloop
endfacet
facet normal 0 0 -1
outer loop
vertex -30.950037002563477 8.050023078918457 0
vertex -35.500038146972656 8.75002384185791 0
vertex -35.500038146972656 12.25002384185791 0
endloop
endfacet
facet normal 0 0 -1
outer loop
vertex -35.500038146972656 8.050023078918457 0
vertex -35.500038146972656 8.75002384185791 0
vertex -30.950037002563477 8.050023078918457 0
endloop
endfacet
facet normal -0.0020959514667620036 0.9999978034913121 0
outer loop
vertex -27.945209503173828 53.563934326171875 0
vertex -66.88287353515625 53.482322692871094 0
vertex -27.945209503173828 53.563934326171875 5
endloop
endfacet
facet normal -0.15870841663686983 0.9873254977405465 0
outer loop
vertex -66.88287353515625 53.482322692871094 0
vertex -67.67426300048828 53.35511016845703 0
vertex -66.88287353515625 53.482322692871094 5
endloop
endfacet
facet normal -0.39006813813704055 0.9207859944690203 0
outer loop
vertex -67.67426300048828 53.35511016845703 0
vertex -69.14610290527344 52.73160171508789 0
vertex -67.67426300048828 53.35511016845703 5
endloop
endfacet
facet normal -0.6570851660070307 0.7538163467407117 0
outer loop
vertex -69.14610290527344 52.73160171508789 0
vertex -70.33089447021484 51.69884490966797 0
vertex -69.14610290527344 52.73160171508789 5
endloop
endfacet
facet normal -0.8589367915264481 0.5120816225586025 0
outer loop
vertex -70.33089447021484 51.69884490966797 0
vertex -71.1357421875 50.348838806152344 0
vertex -70.33089447021484 51.69884490966797 5
endloop
endfacet
facet normal -0.9756110383236137 0.2195064953399852 0.000020116583057695768
outer loop
vertex -71.47077941894531 48.86018371582031 0.20000000298023224
vertex -71.4882583618164 48.78249740600586 0.20000000298023224
vertex -71.1357421875 50.348838806152344 5
endloop
endfacet
facet normal -0.9755971460233748 0.21956823238129408 0
outer loop
vertex -71.1357421875 50.348838806152344 0
vertex -71.47077941894531 48.86018371582031 0.20000000298023224
vertex -71.1357421875 50.348838806152344 5
endloop
endfacet
facet normal -0.9999999985313098 -0.00005419760438628312 0
outer loop
vertex -71.4882583618164 48.78249740600586 0.20000000298023224
vertex -71.48823547363281 48.36018753051758 0.20000000298023224
vertex -71.4882583618164 48.78249740600586 4.5
endloop
endfacet
facet normal 0.00012532420729375557 0.9999999921469216 0
outer loop
vertex -71.48823547363281 48.36018753051758 0.20000000298023224
vertex -72.18832397460938 48.36027526855469 0.20000000298023224
vertex -71.48823547363281 48.36018753051758 4.5
endloop
endfacet
facet normal -0.9999999923584986 0.00012362444256596203 0
outer loop
vertex -72.18832397460938 48.36027526855469 0.20000000298023224
vertex -72.19046020507812 31.08027458190918 0.20000000298023224
vertex -72.18832397460938 48.36027526855469 4.5
endloop
endfacet
facet normal 0 0 -1
outer loop
vertex -40.500038146972656 46.750022888183594 0
vertex -66.88287353515625 53.482322692871094 0
vertex -27.945209503173828 53.563934326171875 0
endloop
endfacet
facet normal 0 0 -1
outer loop
vertex -45.0500373840332 46.05002212524414 0
vertex -66.88287353515625 53.482322692871094 0
vertex -40.500038146972656 46.750022888183594 0
endloop
endfacet
facet normal 0 0 -1
outer loop
vertex -45.0500373840332 46.05002212524414 0
vertex -40.500038146972656 46.750022888183594 0
vertex -40.500038146972656 46.05002212524414 0
endloop
endfacet
facet normal 0 0 -1
outer loop
vertex -45.0500373840332 46.05002212524414 0
vertex -45.0500373840332 31.950023651123047 0
vertex -49.95003890991211 46.05002212524414 0
endloop
endfacet
facet normal 0 0 -1
outer loop
vertex -54.500038146972656 46.05002212524414 0
vertex -54.500038146972656 46.750022888183594 0
vertex -49.95003890991211 46.05002212524414 0
endloop
endfacet
facet normal 0 0 -1
outer loop
vertex -45.0500373840332 31.950023651123047 0
vertex -49.95003890991211 31.950023651123047 0
vertex -49.95003890991211 46.05002212524414 0
endloop
endfacet
facet normal 0 0 -1
outer loop
vertex -49.95003890991211 46.05002212524414 0
vertex -67.67426300048828 53.35511016845703 0
vertex -45.0500373840332 46.05002212524414 0
endloop
endfacet
facet normal 0 0 -1
outer loop
vertex -54.500038146972656 46.750022888183594 0
vertex -69.14610290527344 52.73160171508789 0
vertex -49.95003890991211 46.05002212524414 0
endloop
endfacet
facet normal 0 0 -1
outer loop
vertex -67.67426300048828 53.35511016845703 0
vertex -66.88287353515625 53.482322692871094 0
vertex -45.0500373840332 46.05002212524414 0
endloop
endfacet
facet normal 0 0 -1
outer loop
vertex -69.14610290527344 52.73160171508789 0
vertex -67.67426300048828 53.35511016845703 0
vertex -49.95003890991211 46.05002212524414 0
endloop
endfacet
facet normal 0 0 -1
outer loop
vertex -59.500038146972656 46.750022888183594 0
vertex -69.14610290527344 52.73160171508789 0
vertex -54.500038146972656 46.750022888183594 0
endloop
endfacet
facet normal 0 0 -1
outer loop
vertex -59.500038146972656 46.05002212524414 0
vertex -71.1357421875 50.348838806152344 0
vertex -59.500038146972656 46.750022888183594 0
endloop
endfacet
facet normal 0 0 -1
outer loop
vertex -71.1357421875 50.348838806152344 0
vertex -59.500038146972656 46.05002212524414 0
vertex -64.05003356933594 46.05002212524414 0
endloop
endfacet
facet normal 0 0 -1
outer loop
vertex -59.500038146972656 46.750022888183594 0
vertex -70.33089447021484 51.69884490966797 0
vertex -69.14610290527344 52.73160171508789 0
endloop
endfacet
facet normal 0 0 -1
outer loop
vertex -59.500038146972656 46.750022888183594 0
vertex -71.1357421875 50.348838806152344 0
vertex -70.33089447021484 51.69884490966797 0
endloop
endfacet
facet normal 0.1832992017869746 -0.9830571715949475 0
outer loop
vertex 55.39524841308594 5.41299295425415 5
vertex 55.51747131347656 5.435782432556152 0
vertex 55.51747131347656 5.435782432556152 5
endloop
endfacet
facet normal 0.3536661479319311 -0.9353717206581507 0
outer loop
vertex 54.420284271240234 5.044356822967529 5
vertex 55.39524841308594 5.41299295425415 0
vertex 55.39524841308594 5.41299295425415 5
endloop
endfacet
facet normal 0 0 -1
outer loop
vertex -71.1357421875 50.348838806152344 0
vertex -64.05003356933594 46.05002212524414 0
vertex -70.18826293945312 48.86002731323242 0
endloop
endfacet
facet normal 0.4937624021958324 -0.8695968549723493 0
outer loop
vertex 54.32579040527344 4.9907026290893555 5
vertex 54.420284271240234 5.044356822967529 0
vertex 54.420284271240234 5.044356822967529 5
endloop
endfacet
facet normal 0 0 -1
outer loop
vertex -64.05003356933594 -44.04997634887695 0
vertex -70.19769287109375 -27.49031639099121 0
vertex -64.05003356933594 -29.949975967407227 0
endloop
endfacet
facet normal 0 0 -1
outer loop
vertex -70.18826293945312 48.86002731323242 0
vertex -71.47077941894531 48.86018371582031 0
vertex -71.1357421875 50.348838806152344 0
endloop
endfacet
facet normal -0.9755971460233749 0.21956823238129408 0
outer loop
vertex -71.47077941894531 48.86018371582031 0
vertex -71.47077941894531 48.86018371582031 0.20000000298023224
vertex -71.1357421875 50.348838806152344 0
endloop
endfacet
facet normal 0 0 -1
outer loop
vertex -64.05003356933594 46.05002212524414 0
vertex -64.05003356933594 31.950023651123047 0
vertex -70.18826293945312 48.86002731323242 0
endloop
endfacet
facet normal 0 0 -1
outer loop
vertex -64.05003356933594 -29.949975967407227 0
vertex -70.19769287109375 -27.49031639099121 0
vertex -59.500038146972656 -25.049976348876953 0
endloop
endfacet
facet normal 0 0 -1
outer loop
vertex -64.05003356933594 -29.949975967407227 0
vertex -59.500038146972656 -29.249977111816406 0
vertex -59.500038146972656 -29.949975967407227 0
endloop
endfacet
facet normal 0.6220327654303812 -0.7829912124226122 0
outer loop
vertex 53.51579284667969 4.347215175628662 5
vertex 54.32579040527344 4.9907026290893555 0
vertex 54.32579040527344 4.9907026290893555 5
endloop
endfacet
facet normal 0.735397371828909 -0.6776361158521093 0
outer loop
vertex 53.44215774536133 4.267303466796875 5
vertex 53.51579284667969 4.347215175628662 0
vertex 53.51579284667969 4.347215175628662 5
endloop
endfacet
facet normal 0 0 -1
outer loop
vertex -64.05003356933594 31.950023651123047 0
vertex -70.19061279296875 29.860027313232422 0
vertex -70.18826293945312 48.86002731323242 0
endloop
endfacet
facet normal 0.8311559164347482 -0.556039425378735 0
outer loop
vertex 52.866939544677734 3.4074795246124268 5
vertex 53.44215774536133 4.267303466796875 0
vertex 53.44215774536133 4.267303466796875 5
endloop
endfacet
facet normal -0.9999999919156302 0.00012715635890929049 0
outer loop
vertex -72.19046020507812 31.08027458190918 0.20000000298023224
vertex -72.1905517578125 30.360273361206055 0.20000000298023224
vertex -72.1905517578125 30.360273361206055 4.5
endloop
endfacet
facet normal -0.00012201338260424422 -0.9999999925563672 0
outer loop
vertex -71.48709869384766 30.360187530517578 0.20000000298023224
vertex -72.1905517578125 30.360273361206055 4.5
vertex -72.1905517578125 30.360273361206055 0.20000000298023224
endloop
endfacet
facet normal -0.9999999981373547 -0.000061035156136313156 0
outer loop
vertex -71.48709869384766 30.360187530517578 0.20000000298023224
vertex -71.48706817626953 29.860187530517578 0.20000000298023224
vertex -71.48706817626953 29.860187530517578 4.5
endloop
endfacet
facet normal -0.9999999979601288 -0.00006387285975926668 0
outer loop
vertex -71.48706817626953 29.860187530517578 0.20000000298023224
vertex -71.48665618896484 23.410072326660156 0.20000000298023224
vertex -71.48706817626953 29.860187530517578 4.5
endloop
endfacet
facet normal -0.9999999981282953 -0.00006103515613576021 -0.000004256631480927588
outer loop
vertex -71.48665618896484 23.410072326660156 0.20000000298023224
vertex -71.48662567138672 22.910072326660156 0.20000000298023224
vertex -71.48706817626953 29.860187530517578 4.5
endloop
endfacet
facet normal 0.00012447908113766856 0.9999999922524793 0
outer loop
vertex -71.48662567138672 22.910072326660156 0.20000000298023224
vertex -72.19146728515625 22.910160064697266 0.20000000298023224
vertex -71.48662567138672 22.910072326660156 4.5
endloop
endfacet
facet normal -0.999999992358498 0.00012362444597734663 0
outer loop
vertex -72.19146728515625 22.910160064697266 0.20000000298023224
vertex -72.193603515625 5.630159854888916 0.20000000298023224
vertex -72.19146728515625 22.910160064697266 4.5
endloop
endfacet
facet normal -0.9999999981373547 -0.000061035156136313156 0
outer loop
vertex -71.48548889160156 4.910072326660156 0.20000000298023224
vertex -71.48545837402344 4.410072326660156 0.20000000298023224
vertex -71.48545837402344 4.410072326660156 4.5
endloop
endfacet
facet normal -0.9999999919156087 0.00012715652733388317 0
outer loop
vertex -72.193603515625 5.630159854888916 0.20000000298023224
vertex -72.19369506835938 4.910159587860107 0.20000000298023224
vertex -72.19369506835938 4.910159587860107 4.5
endloop
endfacet
facet normal -0.00012321440020230482 -0.9999999924091058 0
outer loop
vertex -71.48548889160156 4.910072326660156 0.20000000298023224
vertex -72.19369506835938 4.910159587860107 4.5
vertex -72.19369506835938 4.910159587860107 0.20000000298023224
endloop
endfacet
facet normal 0 0 -1
outer loop
vertex -35.500038146972656 27.750022888183594 0
vertex -40.500038146972656 31.250022888183594 0
vertex -35.500038146972656 31.250022888183594 0
endloop
endfacet
facet normal 0 0 -1
outer loop
vertex -40.500038146972656 27.750022888183594 0
vertex -40.500038146972656 31.250022888183594 0
vertex -35.500038146972656 27.750022888183594 0
endloop
endfacet
facet normal 0 0 -1
outer loop
vertex -45.0500373840332 31.950023651123047 0
vertex -40.500038146972656 31.950023651123047 0
vertex -40.500038146972656 31.250022888183594 0
endloop
endfacet
facet normal 0 0 -1
outer loop
vertex -40.500038146972656 27.750022888183594 0
vertex -45.0500373840332 31.950023651123047 0
vertex -40.500038146972656 31.250022888183594 0
endloop
endfacet
facet normal 0 0 -1
outer loop
vertex -40.500038146972656 27.750022888183594 0
vertex -45.0500373840332 27.050024032592773 0
vertex -45.0500373840332 31.950023651123047 0
endloop
endfacet
facet normal 0 0 -1
outer loop
vertex -45.0500373840332 27.050024032592773 0
vertex -40.500038146972656 27.750022888183594 0
vertex -40.500038146972656 27.050024032592773 0
endloop
endfacet
facet normal 0 0 -1
outer loop
vertex -45.0500373840332 27.050024032592773 0
vertex -49.95003890991211 31.950023651123047 0
vertex -45.0500373840332 31.950023651123047 0
endloop
endfacet
facet normal 0 0 -1
outer loop
vertex -45.0500373840332 27.050024032592773 0
vertex -49.95003890991211 27.050024032592773 0
vertex -49.95003890991211 31.950023651123047 0
endloop
endfacet
facet normal 0 0 -1
outer loop
vertex -49.95003890991211 27.050024032592773 0
vertex -54.500038146972656 31.250022888183594 0
vertex -49.95003890991211 31.950023651123047 0
endloop
endfacet
facet normal 0 0 -1
outer loop
vertex -54.500038146972656 31.250022888183594 0
vertex -54.500038146972656 31.950023651123047 0
vertex -49.95003890991211 31.950023651123047 0
endloop
endfacet
facet normal 0 0 -1
outer loop
vertex -49.95003890991211 27.050024032592773 0
vertex -54.500038146972656 27.750022888183594 0
vertex -54.500038146972656 31.250022888183594 0
endloop
endfacet
facet normal 0 0 -1
outer loop
vertex -54.500038146972656 27.050024032592773 0
vertex -54.500038146972656 27.750022888183594 0
vertex -49.95003890991211 27.050024032592773 0
endloop
endfacet
facet normal 0 0 -1
outer loop
vertex -45.0500373840332 12.950023651123047 0
vertex -49.95003890991211 27.050024032592773 0
vertex -45.0500373840332 27.050024032592773 0
endloop
endfacet
facet normal 0 0 -1
outer loop
vertex -45.0500373840332 12.950023651123047 0
vertex -49.95003890991211 12.950023651123047 0
vertex -49.95003890991211 27.050024032592773 0
endloop
endfacet
facet normal 0 0 -1
outer loop
vertex -35.500038146972656 8.75002384185791 0
vertex -40.500038146972656 12.25002384185791 0
vertex -35.500038146972656 12.25002384185791 0
endloop
endfacet
facet normal 0 0 -1
outer loop
vertex -40.500038146972656 12.25002384185791 0
vertex -45.0500373840332 12.950023651123047 0
vertex -40.500038146972656 12.950023651123047 0
endloop
endfacet
facet normal 0 0 -1
outer loop
vertex -40.500038146972656 8.75002384185791 0
vertex -45.0500373840332 12.950023651123047 0
vertex -40.500038146972656 12.25002384185791 0
endloop
endfacet
facet normal 0 0 -1
outer loop
vertex -40.500038146972656 8.75002384185791 0
vertex -40.500038146972656 12.25002384185791 0
vertex -35.500038146972656 8.75002384185791 0
endloop
endfacet
facet normal 0 0 -1
outer loop
vertex -45.0500373840332 8.050023078918457 0
vertex -40.500038146972656 8.75002384185791 0
vertex -40.500038146972656 8.050023078918457 0
endloop
endfacet
facet normal 0 0 -1
outer loop
vertex -45.0500373840332 8.050023078918457 0
vertex -45.0500373840332 12.950023651123047 0
vertex -40.500038146972656 8.75002384185791 0
endloop
endfacet
facet normal 0 0 -1
outer loop
vertex -45.0500373840332 8.050023078918457 0
vertex -49.95003890991211 12.950023651123047 0
vertex -45.0500373840332 12.950023651123047 0
endloop
endfacet
facet normal 0 0 -1
outer loop
vertex -49.95003890991211 8.050023078918457 0
vertex -54.500038146972656 12.25002384185791 0
vertex -49.95003890991211 12.950023651123047 0
endloop
endfacet
facet normal 0 0 -1
outer loop
vertex -49.95003890991211 12.950023651123047 0
vertex -54.500038146972656 12.25002384185791 0
vertex -54.500038146972656 12.950023651123047 0
endloop
endfacet
facet normal 0 0 -1
outer loop
vertex -45.0500373840332 8.050023078918457 0
vertex -49.95003890991211 8.050023078918457 0
vertex -49.95003890991211 12.950023651123047 0
endloop
endfacet
facet normal 0 0 -1
outer loop
vertex -45.0500373840332 -6.049976825714111 0
vertex -49.95003890991211 8.050023078918457 0
vertex -45.0500373840332 8.050023078918457 0
endloop
endfacet
facet normal 0 0 -1
outer loop
vertex -49.95003890991211 8.050023078918457 0
vertex -54.500038146972656 8.75002384185791 0
vertex -54.500038146972656 12.25002384185791 0
endloop
endfacet
facet normal 0 0 -1
outer loop
vertex -54.500038146972656 8.050023078918457 0
vertex -54.500038146972656 8.75002384185791 0
vertex -49.95003890991211 8.050023078918457 0
endloop
endfacet
facet normal 0 0 -1
outer loop
vertex -59.500038146972656 27.750022888183594 0
vertex -54.500038146972656 31.250022888183594 0
vertex -54.500038146972656 27.750022888183594 0
endloop
endfacet
facet normal 0 0 -1
outer loop
vertex -59.500038146972656 27.750022888183594 0
vertex -59.500038146972656 31.250022888183594 0
vertex -54.500038146972656 31.250022888183594 0
endloop
endfacet
facet normal 0 0 -1
outer loop
vertex -59.500038146972656 31.250022888183594 0
vertex -64.05003356933594 31.950023651123047 0
vertex -59.500038146972656 31.950023651123047 0
endloop
endfacet
facet normal 0 0 -1
outer loop
vertex -59.500038146972656 27.750022888183594 0
vertex -64.05003356933594 31.950023651123047 0
vertex -59.500038146972656 31.250022888183594 0
endloop
endfacet
facet normal 0 0 -1
outer loop
vertex -64.05003356933594 27.050024032592773 0
vertex -59.500038146972656 27.750022888183594 0
vertex -59.500038146972656 27.050024032592773 0
endloop
endfacet
facet normal 0 0 -1
outer loop
vertex -59.500038146972656 27.750022888183594 0
vertex -70.19061279296875 29.860027313232422 0
vertex -64.05003356933594 31.950023651123047 0
endloop
endfacet
facet normal 0 0 -1
outer loop
vertex -64.05003356933594 27.050024032592773 0
vertex -70.19061279296875 29.860027313232422 0
vertex -59.500038146972656 27.750022888183594 0
endloop
endfacet
facet normal 0.9070021136674296 -0.4211260687761029 0
outer loop
vertex 52.8211784362793 3.3089213371276855 5
vertex 52.866939544677734 3.4074795246124268 0
vertex 52.866939544677734 3.4074795246124268 5
endloop
endfacet
facet normal 0.961120610271258 -0.27612890560715375 0
outer loop
vertex 52.53702163696289 2.3198580741882324 5
vertex 52.8211784362793 3.3089213371276855 0
vertex 52.8211784362793 3.3089213371276855 5
endloop
endfacet
facet normal 0 0 -1
outer loop
vertex -59.500038146972656 -29.249977111816406 0
vertex -64.05003356933594 -29.949975967407227 0
vertex -59.500038146972656 -25.749977111816406 0
endloop
endfacet
facet normal 0 0 -1
outer loop
vertex -59.500038146972656 -29.249977111816406 0
vertex -59.500038146972656 -25.749977111816406 0
vertex -54.500038146972656 -29.249977111816406 0
endloop
endfacet
facet normal 0 0 -1
outer loop
vertex -55.61605453491211 -51.51934051513672 0
vertex -40.500038146972656 -44.04997634887695 0
vertex -54.62312698364258 -51.75712966918945 0
endloop
endfacet
facet normal 0 0 -1
outer loop
vertex -64.05003356933594 27.050024032592773 0
vertex -71.48665618896484 23.410072326660156 0
vertex -70.19061279296875 29.860027313232422 0
endloop
endfacet
facet normal -0.9999999979601288 -0.00006387285975926668 0
outer loop
vertex -71.48706817626953 29.860187530517578 0
vertex -71.48665618896484 23.410072326660156 0.20000000298023224
vertex -71.48706817626953 29.860187530517578 0.20000000298023224
endloop
endfacet
facet normal 0 0 -1
outer loop
vertex -71.48665618896484 23.410072326660156 0
vertex -71.48706817626953 29.860187530517578 0
vertex -70.19061279296875 29.860027313232422 0
endloop
endfacet
facet normal -0.9999999979601288 -0.00006387285975926668 0
outer loop
vertex -71.48665618896484 23.410072326660156 0
vertex -71.48665618896484 23.410072326660156 0.20000000298023224
vertex -71.48706817626953 29.860187530517578 0
endloop
endfacet
facet normal 0 0 -1
outer loop
vertex -64.05003356933594 12.950023651123047 0
vertex -70.19140625 23.409912109375 0
vertex -64.05003356933594 27.050024032592773 0
endloop
endfacet
facet normal 0 0 -1
outer loop
vertex -54.62312698364258 -51.75712966918945 0
vertex -40.500038146972656 -44.749977111816406 0
vertex -54.522621154785156 -51.798439025878906 0
endloop
endfacet
facet normal 0 0 -1
outer loop
vertex -70.19140625 23.409912109375 0
vertex -71.48665618896484 23.410072326660156 0
vertex -64.05003356933594 27.050024032592773 0
endloop
endfacet
facet normal 0 0 -1
outer loop
vertex -54.522621154785156 -51.798439025878906 0
vertex -40.500038146972656 -44.749977111816406 0
vertex -53.63794708251953 -52.33465576171875 0
endloop
endfacet
facet normal 0 0 -1
outer loop
vertex -53.63794708251953 -52.33465576171875 0
vertex -35.500038146972656 -44.749977111816406 0
vertex -53.55482482910156 -52.40464401245117 0
endloop
endfacet
facet normal 0 0 -1
outer loop
vertex -54.500038146972656 8.75002384185791 0
vertex -59.500038146972656 12.25002384185791 0
vertex -54.500038146972656 12.25002384185791 0
endloop
endfacet
facet normal 0 0 -1
outer loop
vertex -59.500038146972656 12.25002384185791 0
vertex -64.05003356933594 12.950023651123047 0
vertex -59.500038146972656 12.950023651123047 0
endloop
endfacet
facet normal 0 0 -1
outer loop
vertex -59.500038146972656 8.75002384185791 0
vertex -64.05003356933594 12.950023651123047 0
vertex -59.500038146972656 12.25002384185791 0
endloop
endfacet
facet normal 0 0 -1
outer loop
vertex -59.500038146972656 8.75002384185791 0
vertex -59.500038146972656 12.25002384185791 0
vertex -54.500038146972656 8.75002384185791 0
endloop
endfacet
facet normal 0 0 -1
outer loop
vertex -64.05003356933594 8.050023078918457 0
vertex -59.500038146972656 8.75002384185791 0
vertex -59.500038146972656 8.050023078918457 0
endloop
endfacet
facet normal 0 0 -1
outer loop
vertex -59.500038146972656 8.75002384185791 0
vertex -64.05003356933594 8.050023078918457 0
vertex -64.05003356933594 12.950023651123047 0
endloop
endfacet
facet normal 0 0 -1
outer loop
vertex -64.05003356933594 8.050023078918457 0
vertex -70.19140625 23.409912109375 0
vertex -64.05003356933594 12.950023651123047 0
endloop
endfacet
facet normal 0 0 -1
outer loop
vertex 7.049962997436523 -25.049976348876953 0
vertex -7.050037384033203 -29.949975967407227 0
vertex 2.49996280670166 -25.749977111816406 0
endloop
endfacet
facet normal 0 0 -1
outer loop
vertex 7.049962997436523 -25.049976348876953 0
vertex 2.49996280670166 -25.749977111816406 0
vertex 2.49996280670166 -25.049976348876953 0
endloop
endfacet
facet normal 0 0 -1
outer loop
vertex 11.949962615966797 -25.049976348876953 0
vertex 7.049962997436523 -25.049976348876953 0
vertex 7.049962997436523 -10.949976921081543 0
endloop
endfacet
facet normal 0 0 -1
outer loop
vertex 11.949962615966797 -29.949975967407227 0
vertex 7.049962997436523 -25.049976348876953 0
vertex 11.949962615966797 -25.049976348876953 0
endloop
endfacet
facet normal 0 0 -1
outer loop
vertex 16.499961853027344 -29.249977111816406 0
vertex 11.949962615966797 -25.049976348876953 0
vertex 16.499961853027344 -25.749977111816406 0
endloop
endfacet
facet normal 0 0 -1
outer loop
vertex 16.499961853027344 -25.749977111816406 0
vertex 11.949962615966797 -25.049976348876953 0
vertex 16.499961853027344 -25.049976348876953 0
endloop
endfacet
facet normal 0 0 -1
outer loop
vertex 11.949962615966797 -25.049976348876953 0
vertex 7.049962997436523 -10.949976921081543 0
vertex 11.949962615966797 -10.949976921081543 0
endloop
endfacet
facet normal 0 0 -1
outer loop
vertex -51.97994613647461 -55.16777038574219 0
vertex -52.82087326049805 -53.27189636230469 0
vertex -35.500038146972656 -44.749977111816406 0
endloop
endfacet
facet normal 0 0 1
outer loop
vertex 27.809974670410156 53.44290542602539 5
vertex 25.45542335510254 52.689388275146484 5
vertex 47.499961853027344 48.500022888183594 5
endloop
endfacet
facet normal 0 0 1
outer loop
vertex 28.499961853027344 48.500022888183594 5
vertex 47.499961853027344 48.500022888183594 5
vertex 25.45542335510254 52.689388275146484 5
endloop
endfacet
facet normal 0 0 1
outer loop
vertex 25.45542335510254 52.689388275146484 5
vertex 25.368328094482422 52.673240661621094 5
vertex 28.499961853027344 48.500022888183594 5
endloop
endfacet
facet normal 0 0 -1
outer loop
vertex -2.50003719329834 -10.24997615814209 0
vertex -7.050037384033203 -10.949976921081543 0
vertex 11.949962615966797 -6.049976825714111 0
endloop
endfacet
facet normal 0 0 -1
outer loop
vertex 2.49996280670166 -10.949976921081543 0
vertex 2.49996280670166 -10.24997615814209 0
vertex 7.049962997436523 -10.949976921081543 0
endloop
endfacet
facet normal 0 0 -1
outer loop
vertex -2.50003719329834 -10.24997615814209 0
vertex 11.949962615966797 -6.049976825714111 0
vertex 2.49996280670166 -10.24997615814209 0
endloop
endfacet
facet normal 0 0 -1
outer loop
vertex -7.050037384033203 -10.949976921081543 0
vertex 2.49996280670166 -6.749976634979248 0
vertex 7.049962997436523 -6.049976825714111 0
endloop
endfacet
facet normal 0 0 -1
outer loop
vertex 11.949962615966797 -6.049976825714111 0
vertex -7.050037384033203 -10.949976921081543 0
vertex 7.049962997436523 -6.049976825714111 0
endloop
endfacet
facet normal 0 0 -1
outer loop
vertex 7.049962997436523 -6.049976825714111 0
vertex 2.49996280670166 -6.749976634979248 0
vertex 2.49996280670166 -6.049976825714111 0
endloop
endfacet
facet normal 0 0 -1
outer loop
vertex 7.049962997436523 -10.949976921081543 0
vertex 2.49996280670166 -10.24997615814209 0
vertex 11.949962615966797 -6.049976825714111 0
endloop
endfacet
facet normal 0 0 -1
outer loop
vertex 11.949962615966797 -6.049976825714111 0
vertex 7.049962997436523 -6.049976825714111 0
vertex 7.049962997436523 8.050023078918457 0
endloop
endfacet
facet normal 0 0 -1
outer loop
vertex 11.949962615966797 -10.949976921081543 0
vertex 7.049962997436523 -10.949976921081543 0
vertex 11.949962615966797 -6.049976825714111 0
endloop
endfacet
facet normal 0 0 -1
outer loop
vertex 16.499961853027344 -6.749976634979248 0
vertex 11.949962615966797 -10.949976921081543 0
vertex 11.949962615966797 -6.049976825714111 0
endloop
endfacet
facet normal 0 0 -1
outer loop
vertex 11.949962615966797 -10.949976921081543 0
vertex 16.499961853027344 -10.24997615814209 0
vertex 16.499961853027344 -10.949976921081543 0
endloop
endfacet
facet normal 0 0 -1
outer loop
vertex 16.499961853027344 -10.24997615814209 0
vertex 11.949962615966797 -10.949976921081543 0
vertex 16.499961853027344 -6.749976634979248 0
endloop
endfacet
facet normal 0 0 -1
outer loop
vertex 16.499961853027344 -6.749976634979248 0
vertex 11.949962615966797 -6.049976825714111 0
vertex 16.499961853027344 -6.049976825714111 0
endloop
endfacet
facet normal 0 0 -1
outer loop
vertex -64.05003356933594 8.050023078918457 0
vertex -70.19375610351562 4.409913063049316 0
vertex -70.19140625 23.409912109375 0
endloop
endfacet
facet normal 0 0 1
outer loop
vertex 25.368328094482422 52.673240661621094 5
vertex 24.34554100036621 52.614898681640625 5
vertex 28.499961853027344 48.500022888183594 5
endloop
endfacet
facet normal 0 0 1
outer loop
vertex 24.34554100036621 52.614898681640625 5
vertex 24.237398147583008 52.62552261352539 5
vertex 28.499961853027344 48.500022888183594 5
endloop
endfacet
facet normal 0 0 1
outer loop
vertex 22.071117401123047 49.777061462402344 5
vertex 23.136051177978516 52.92742919921875 5
vertex 22.360382080078125 53.41667175292969 5
endloop
endfacet
facet normal 0 0 -1
outer loop
vertex -52.87708282470703 -53.18357467651367 0
vertex -53.55482482910156 -52.40464401245117 0
vertex -35.500038146972656 -44.749977111816406 0
endloop
endfacet
facet normal 0 0 1
outer loop
vertex 24.237398147583008 52.62552261352539 5
vertex 28.499961853027344 29.500022888183594 5
vertex 28.499961853027344 48.500022888183594 5
endloop
endfacet
facet normal 0 0 1
outer loop
vertex 23.136051177978516 52.92742919921875 5
vertex 28.499961853027344 29.500022888183594 5
vertex 23.235803604125977 52.884334564208984 5
endloop
endfacet
facet normal 0 0 1
outer loop
vertex -7.050037384033203 8.050023078918457 5
vertex -11.950037002563477 -6.049976825714111 5
vertex -7.050037384033203 -6.049976825714111 5
endloop
endfacet
facet normal 0 0 1
outer loop
vertex -7.050037384033203 -6.049976825714111 5
vertex -7.050037384033203 -10.949976921081543 5
vertex 7.049962997436523 -10.949976921081543 5
endloop
endfacet
facet normal 0 0 -1
outer loop
vertex 16.499961853027344 -29.249977111816406 0
vertex 16.499961853027344 -25.749977111816406 0
vertex 21.499961853027344 -25.749977111816406 0
endloop
endfacet
facet normal 0 0 -1
outer loop
vertex 16.499961853027344 -29.249977111816406 0
vertex 21.499961853027344 -25.749977111816406 0
vertex 26.049962997436523 -25.049976348876953 0
endloop
endfacet
facet normal 0 0 -1
outer loop
vertex 26.049962997436523 -25.049976348876953 0
vertex 21.499961853027344 -25.749977111816406 0
vertex 21.499961853027344 -25.049976348876953 0
endloop
endfacet
facet normal 0 0 -1
outer loop
vertex 16.499961853027344 -29.249977111816406 0
vertex 26.049962997436523 -25.049976348876953 0
vertex 30.949962615966797 -25.049976348876953 0
endloop
endfacet
facet normal 0 0 -1
outer loop
vertex 35.499961853027344 -25.049976348876953 0
vertex 16.499961853027344 -29.249977111816406 0
vertex 30.949962615966797 -25.049976348876953 0
endloop
endfacet
facet normal 0 0 -1
outer loop
vertex 30.949962615966797 -25.049976348876953 0
vertex 26.049962997436523 -25.049976348876953 0
vertex 26.049962997436523 -10.949976921081543 0
endloop
endfacet
facet normal 0 0 -1
outer loop
vertex 35.499961853027344 -25.749977111816406 0
vertex 30.949962615966797 -29.949975967407227 0
vertex 35.499961853027344 -25.049976348876953 0
endloop
endfacet
facet normal 0 0 -1
outer loop
vertex 26.049962997436523 -10.949976921081543 0
vertex 30.949962615966797 -10.949976921081543 0
vertex 30.949962615966797 -25.049976348876953 0
endloop
endfacet
facet normal 0 0 1
outer loop
vertex -11.950037002563477 -10.949976921081543 5
vertex -7.050037384033203 -10.949976921081543 5
vertex -7.050037384033203 -6.049976825714111 5
endloop
endfacet
facet normal 0 0 1
outer loop
vertex -11.950037002563477 -6.049976825714111 5
vertex -11.950037002563477 -10.949976921081543 5
vertex -7.050037384033203 -6.049976825714111 5
endloop
endfacet
facet normal 0 0 1
outer loop
vertex -11.950037002563477 -6.049976825714111 5
vertex -26.050037384033203 -6.049976825714111 5
vertex -11.950037002563477 -10.949976921081543 5
endloop
endfacet
facet normal 0 0 1
outer loop
vertex -7.050037384033203 -10.949976921081543 5
vertex -11.950037002563477 -25.049976348876953 5
vertex -7.050037384033203 -25.049976348876953 5
endloop
endfacet
facet normal 0 0 1
outer loop
vertex -11.950037002563477 -10.949976921081543 5
vertex -11.950037002563477 -25.049976348876953 5
vertex -7.050037384033203 -10.949976921081543 5
endloop
endfacet
facet normal 0 0 -1
outer loop
vertex 16.499961853027344 -10.24997615814209 0
vertex 16.499961853027344 -6.749976634979248 0
vertex 21.499961853027344 -6.749976634979248 0
endloop
endfacet
facet normal 0 0 -1
outer loop
vertex 16.499961853027344 -10.24997615814209 0
vertex 21.499961853027344 -6.749976634979248 0
vertex 26.049962997436523 -6.049976825714111 0
endloop
endfacet
facet normal 0 0 -1
outer loop
vertex 16.499961853027344 -10.24997615814209 0
vertex 30.949962615966797 -6.049976825714111 0
vertex 21.499961853027344 -10.24997615814209 0
endloop
endfacet
facet normal 0 0 -1
outer loop
vertex 21.499961853027344 -10.24997615814209 0
vertex 35.499961853027344 -6.049976825714111 0
vertex 21.499961853027344 -10.949976921081543 0
endloop
endfacet
facet normal 0 0 -1
outer loop
vertex 30.949962615966797 -6.049976825714111 0
vertex 16.499961853027344 -10.24997615814209 0
vertex 26.049962997436523 -6.049976825714111 0
endloop
endfacet
facet normal 0 0 -1
outer loop
vertex 26.049962997436523 -6.049976825714111 0
vertex 21.499961853027344 -6.749976634979248 0
vertex 21.499961853027344 -6.049976825714111 0
endloop
endfacet
facet normal 0 0 -1
outer loop
vertex 21.499961853027344 -10.949976921081543 0
vertex 35.499961853027344 -6.049976825714111 0
vertex 26.049962997436523 -10.949976921081543 0
endloop
endfacet
facet normal 0 0 -1
outer loop
vertex 30.949962615966797 -10.949976921081543 0
vertex 26.049962997436523 -10.949976921081543 0
vertex 35.499961853027344 -6.749976634979248 0
endloop
endfacet
facet normal 0 0 -1
outer loop
vertex 35.499961853027344 -6.049976825714111 0
vertex 21.499961853027344 -10.24997615814209 0
vertex 30.949962615966797 -6.049976825714111 0
endloop
endfacet
facet normal 0 0 -1
outer loop
vertex 30.949962615966797 -10.949976921081543 0
vertex 35.499961853027344 -10.24997615814209 0
vertex 35.499961853027344 -10.949976921081543 0
endloop
endfacet
facet normal 0 0 -1
outer loop
vertex 35.499961853027344 -10.24997615814209 0
vertex 30.949962615966797 -10.949976921081543 0
vertex 35.499961853027344 -6.749976634979248 0
endloop
endfacet
facet normal 0 0 -1
outer loop
vertex 35.499961853027344 -6.749976634979248 0
vertex 26.049962997436523 -10.949976921081543 0
vertex 35.499961853027344 -6.049976825714111 0
endloop
endfacet
facet normal 0 0 -1
outer loop
vertex 30.949962615966797 -6.049976825714111 0
vertex 26.049962997436523 -6.049976825714111 0
vertex 26.049962997436523 8.050023078918457 0
endloop
endfacet
facet normal 0 0 1
outer loop
vertex -11.950037002563477 -25.049976348876953 5
vertex -11.950037002563477 -29.949975967407227 5
vertex -7.050037384033203 -25.049976348876953 5
endloop
endfacet
facet normal 0 0 1
outer loop
vertex -11.950037002563477 -25.049976348876953 5
vertex -26.050037384033203 -25.049976348876953 5
vertex -11.950037002563477 -29.949975967407227 5
endloop
endfacet
facet normal 0 0 1
outer loop
vertex -26.050037384033203 -6.049976825714111 5
vertex -26.050037384033203 -10.949976921081543 5
vertex -11.950037002563477 -10.949976921081543 5
endloop
endfacet
facet normal 0 0 1
outer loop
vertex -26.050037384033203 -6.049976825714111 5
vertex -26.050037384033203 8.050023078918457 5
vertex -30.950037002563477 -6.049976825714111 5
endloop
endfacet
facet normal 0 0 1
outer loop
vertex -30.950037002563477 -6.049976825714111 5
vertex -30.950037002563477 -10.949976921081543 5
vertex -26.050037384033203 -6.049976825714111 5
endloop
endfacet
facet normal 0 0 1
outer loop
vertex -30.950037002563477 -10.949976921081543 5
vertex -26.050037384033203 -10.949976921081543 5
vertex -26.050037384033203 -6.049976825714111 5
endloop
endfacet
facet normal 0 0 1
outer loop
vertex -30.950037002563477 -6.049976825714111 5
vertex -45.0500373840332 -10.949976921081543 5
vertex -30.950037002563477 -10.949976921081543 5
endloop
endfacet
facet normal 0 0 1
outer loop
vertex -30.950037002563477 -10.949976921081543 5
vertex -30.950037002563477 -25.049976348876953 5
vertex -26.050037384033203 -10.949976921081543 5
endloop
endfacet
facet normal 0 0 1
outer loop
vertex -26.050037384033203 -25.049976348876953 5
vertex -26.050037384033203 -10.949976921081543 5
vertex -30.950037002563477 -25.049976348876953 5
endloop
endfacet
facet normal 0 0 1
outer loop
vertex -30.950037002563477 -25.049976348876953 5
vertex -30.950037002563477 -29.949975967407227 5
vertex -26.050037384033203 -25.049976348876953 5
endloop
endfacet
facet normal 0 0 1
outer loop
vertex -30.950037002563477 -25.049976348876953 5
vertex -45.0500373840332 -25.049976348876953 5
vertex -30.950037002563477 -29.949975967407227 5
endloop
endfacet
facet normal 0 0 1
outer loop
vertex -7.050037384033203 -25.049976348876953 5
vertex -7.050037384033203 -29.949975967407227 5
vertex 7.049962997436523 -29.949975967407227 5
endloop
endfacet
facet normal 0 0 1
outer loop
vertex -7.050037384033203 -25.049976348876953 5
vertex -11.950037002563477 -29.949975967407227 5
vertex -7.050037384033203 -29.949975967407227 5
endloop
endfacet
facet normal 0 0 1
outer loop
vertex -7.050037384033203 -29.949975967407227 5
vertex -11.950037002563477 -44.04997634887695 5
vertex -7.050037384033203 -44.04997634887695 5
endloop
endfacet
facet normal 0 0 1
outer loop
vertex -11.950037002563477 -29.949975967407227 5
vertex -11.950037002563477 -44.04997634887695 5
vertex -7.050037384033203 -29.949975967407227 5
endloop
endfacet
facet normal 0 0 1
outer loop
vertex 11.375608444213867 -50.872074127197266 5
vertex 11.949962615966797 -44.04997634887695 5
vertex -49.74994659423828 -56.48326873779297 5
endloop
endfacet
facet normal 0 0 1
outer loop
vertex 11.375608444213867 -53.12788009643555 5
vertex -49.74994659423828 -56.48326873779297 5
vertex 11.599963188171387 -53.14997482299805 5
endloop
endfacet
facet normal 0 0 1
outer loop
vertex 7.049962997436523 -44.04997634887695 5
vertex -49.74994659423828 -56.48326873779297 5
vertex 11.949962615966797 -44.04997634887695 5
endloop
endfacet
facet normal 0 0 1
outer loop
vertex -7.050037384033203 -44.04997634887695 5
vertex -49.74994659423828 -56.48326873779297 5
vertex 7.049962997436523 -44.04997634887695 5
endloop
endfacet
facet normal 0 0 1
outer loop
vertex 11.159876823425293 -50.93751525878906 5
vertex 11.375608444213867 -50.872074127197266 5
vertex -49.74994659423828 -56.48326873779297 5
endloop
endfacet
facet normal 0 0 1
outer loop
vertex 10.96105670928955 -51.043785095214844 5
vertex 11.159876823425293 -50.93751525878906 5
vertex -49.74994659423828 -56.48326873779297 5
endloop
endfacet
facet normal 0 0 1
outer loop
vertex 10.786789894104004 -51.18680191040039 5
vertex 10.96105670928955 -51.043785095214844 5
vertex -49.74994659423828 -56.48326873779297 5
endloop
endfacet
facet normal 0 0 1
outer loop
vertex -49.74994659423828 -56.48326873779297 5
vertex 10.643773078918457 -51.3610725402832 5
vertex 10.786789894104004 -51.18680191040039 5
endloop
endfacet
facet normal 0 0 1
outer loop
vertex -49.74994659423828 -56.48326873779297 5
vertex 10.537501335144043 -51.55989074707031 5
vertex 10.643773078918457 -51.3610725402832 5
endloop
endfacet
facet normal 0 0 1
outer loop
vertex -49.74994659423828 -56.48326873779297 5
vertex 10.47205924987793 -51.7756233215332 5
vertex 10.537501335144043 -51.55989074707031 5
endloop
endfacet
facet normal 0 0 1
outer loop
vertex -49.74994659423828 -56.48326873779297 5
vertex 10.449962615966797 -51.999977111816406 5
vertex 10.47205924987793 -51.7756233215332 5
endloop
endfacet
facet normal 0 0 1
outer loop
vertex -49.74994659423828 -56.48326873779297 5
vertex 10.47205924987793 -52.22433090209961 5
vertex 10.449962615966797 -51.999977111816406 5
endloop
endfacet
facet normal 0 0 1
outer loop
vertex 10.96105670928955 -52.9561653137207 5
vertex -49.74994659423828 -56.48326873779297 5
vertex 11.159876823425293 -53.06243896484375 5
endloop
endfacet
facet normal 0 0 1
outer loop
vertex 10.47205924987793 -52.22433090209961 5
vertex -49.74994659423828 -56.48326873779297 5
vertex 10.537501335144043 -52.4400634765625 5
endloop
endfacet
facet normal 0 0 1
outer loop
vertex -49.74994659423828 -56.48326873779297 5
vertex 10.643773078918457 -52.63888168334961 5
vertex 10.537501335144043 -52.4400634765625 5
endloop
endfacet
facet normal 0 0 1
outer loop
vertex -49.74994659423828 -56.48326873779297 5
vertex 10.786789894104004 -52.813148498535156 5
vertex 10.643773078918457 -52.63888168334961 5
endloop
endfacet
facet normal 0 0 1
outer loop
vertex 10.786789894104004 -52.813148498535156 5
vertex -49.74994659423828 -56.48326873779297 5
vertex 10.96105670928955 -52.9561653137207 5
endloop
endfacet
facet normal 0 0 1
outer loop
vertex -49.74994659423828 -56.48326873779297 5
vertex 11.375608444213867 -53.12788009643555 5
vertex 11.159876823425293 -53.06243896484375 5
endloop
endfacet
facet normal 0 0 -1
outer loop
vertex 51.18333435058594 -53.843589782714844 0
vertex 29.09967041015625 -46.94997787475586 0
vertex 29.271879196166992 -46.91572189331055 0
endloop
endfacet
facet normal 0 0 -1
outer loop
vertex 51.18333435058594 -53.843589782714844 0
vertex 29.271879196166992 -46.91572189331055 0
vertex 29.417869567871094 -46.81817626953125 0
endloop
endfacet
facet normal 0 0 -1
outer loop
vertex 51.18333435058594 -53.843589782714844 0
vertex 29.417869567871094 -46.81817626953125 0
vertex 29.515417098999023 -46.672183990478516 0
endloop
endfacet
facet normal 0 0 -1
outer loop
vertex 51.18333435058594 -53.843589782714844 0
vertex 29.515417098999023 -46.672183990478516 0
vertex 29.549671173095703 -46.499977111816406 0
endloop
endfacet
facet normal 0 0 -1
outer loop
vertex 51.18333435058594 -53.843589782714844 0
vertex 29.549671173095703 -46.499977111816406 0
vertex 29.515417098999023 -46.3277702331543 0
endloop
endfacet
facet normal 0 0 -1
outer loop
vertex 51.18333435058594 -53.843589782714844 0
vertex 29.515417098999023 -46.3277702331543 0
vertex 29.515417098999023 -45.402183532714844 0
endloop
endfacet
facet normal 0 0 -1
outer loop
vertex 29.417869567871094 -44.91177749633789 0
vertex 29.271879196166992 -44.814231872558594 0
vertex 51.18333435058594 -53.843589782714844 0
endloop
endfacet
facet normal 0 0 -1
outer loop
vertex 51.18333435058594 -53.843589782714844 0
vertex 29.271879196166992 -44.814231872558594 0
vertex 29.09967041015625 -44.409976959228516 0
endloop
endfacet
facet normal 0 0 -1
outer loop
vertex 51.18333435058594 -53.843589782714844 0
vertex 29.09967041015625 -44.409976959228516 0
vertex 29.271879196166992 -44.3757209777832 0
endloop
endfacet
facet normal 0 0 -1
outer loop
vertex 51.18333435058594 -53.843589782714844 0
vertex 29.515417098999023 -45.402183532714844 0
vertex 29.549671173095703 -45.229976654052734 0
endloop
endfacet
facet normal 0 0 -1
outer loop
vertex 51.18333435058594 -53.843589782714844 0
vertex 29.549671173095703 -45.229976654052734 0
vertex 29.515417098999023 -45.057769775390625 0
endloop
endfacet
facet normal 0 0 -1
outer loop
vertex 51.18333435058594 -53.843589782714844 0
vertex 29.515417098999023 -45.057769775390625 0
vertex 29.417869567871094 -44.91177749633789 0
endloop
endfacet
facet normal 0 0 -1
outer loop
vertex 51.18333435058594 -53.843589782714844 0
vertex 29.271879196166992 -44.3757209777832 0
vertex 35.499961853027344 -44.749977111816406 0
endloop
endfacet
facet normal 0 0 -1
outer loop
vertex 51.18333435058594 -53.843589782714844 0
vertex 35.499961853027344 -44.749977111816406 0
vertex 40.499961853027344 -44.749977111816406 0
endloop
endfacet
facet normal 0 0 -1
outer loop
vertex 40.499961853027344 -44.749977111816406 0
vertex 40.499961853027344 -44.04997634887695 0
vertex 45.04996109008789 -44.04997634887695 0
endloop
endfacet
facet normal 0 0 1
outer loop
vertex 24.237398147583008 52.62552261352539 5
vertex 23.235803604125977 52.884334564208984 5
vertex 28.499961853027344 29.500022888183594 5
endloop
endfacet
facet normal 0.9641364741662641 -0.2654069689782929 0
outer loop
vertex 52.19065856933594 -54.81279373168945 0
vertex 52.45735549926758 -53.843971252441406 0
vertex 52.45735549926758 -53.843971252441406 0.20000000298023224
endloop
endfacet
facet normal 0 0 1
outer loop
vertex 22.071117401123047 49.777061462402344 5
vertex 28.499961853027344 29.500022888183594 5
vertex 23.136051177978516 52.92742919921875 5
endloop
endfacet
facet normal 0 0 1
outer loop
vertex 21.16881561279297 46.40962219238281 5
vertex 28.499961853027344 29.500022888183594 5
vertex 22.071117401123047 49.777061462402344 5
endloop
endfacet
facet normal 0 0 1
outer loop
vertex 19.695470809936523 43.250022888183594 5
vertex 28.499961853027344 29.500022888183594 5
vertex 21.16881561279297 46.40962219238281 5
endloop
endfacet
facet normal 0 0 -1
outer loop
vertex 51.18333435058594 -53.843589782714844 0
vertex 40.499961853027344 -44.749977111816406 0
vertex 45.04996109008789 -44.04997634887695 0
endloop
endfacet
facet normal 0 0 -1
outer loop
vertex 51.18333435058594 -53.843589782714844 0
vertex 45.04996109008789 -44.04997634887695 0
vertex 45.04996109008789 -29.949975967407227 0
endloop
endfacet
facet normal 0 0 1
outer loop
vertex 17.695852279663086 40.39427185058594 5
vertex 28.499961853027344 29.500022888183594 5
vertex 19.695470809936523 43.250022888183594 5
endloop
endfacet
facet normal 0 0 1
outer loop
vertex 17.695852279663086 40.39427185058594 5
vertex 15.230714797973633 37.929134368896484 5
vertex 28.499961853027344 29.500022888183594 5
endloop
endfacet
facet normal 0 0 1
outer loop
vertex 15.230714797973633 37.929134368896484 5
vertex 12.37496280670166 35.92951583862305 5
vertex 28.499961853027344 29.500022888183594 5
endloop
endfacet
facet normal 0 0 1
outer loop
vertex -26.050037384033203 -25.049976348876953 5
vertex -26.050037384033203 -29.949975967407227 5
vertex -11.950037002563477 -29.949975967407227 5
endloop
endfacet
facet normal 0 0 1
outer loop
vertex -26.050037384033203 -25.049976348876953 5
vertex -30.950037002563477 -29.949975967407227 5
vertex -26.050037384033203 -29.949975967407227 5
endloop
endfacet
facet normal 0 0 1
outer loop
vertex -30.950037002563477 -29.949975967407227 5
vertex -30.950037002563477 -44.04997634887695 5
vertex -26.050037384033203 -29.949975967407227 5
endloop
endfacet
facet normal 0 0 -1
outer loop
vertex 35.499961853027344 -25.749977111816406 0
vertex 40.499961853027344 -29.249977111816406 0
vertex 35.499961853027344 -29.249977111816406 0
endloop
endfacet
facet normal 0 0 -1
outer loop
vertex 40.499961853027344 -29.949975967407227 0
vertex 40.499961853027344 -29.249977111816406 0
vertex 45.04996109008789 -29.949975967407227 0
endloop
endfacet
facet normal 0 0 -1
outer loop
vertex 45.04996109008789 -29.949975967407227 0
vertex 40.499961853027344 -29.249977111816406 0
vertex 40.499961853027344 -25.749977111816406 0
endloop
endfacet
facet normal 0 0 -1
outer loop
vertex 51.18901062011719 -34.84359359741211 0
vertex 51.18333435058594 -53.843589782714844 0
vertex 45.04996109008789 -29.949975967407227 0
endloop
endfacet
facet normal 0 0 -1
outer loop
vertex -35.500038146972656 -44.749977111816406 0
vertex -52.82087326049805 -53.27189636230469 0
vertex -52.87708282470703 -53.18357467651367 0
endloop
endfacet
facet normal 0 0 1
outer loop
vertex 12.37496280670166 35.92951583862305 5
vertex 9.215365409851074 34.45616912841797 5
vertex 28.499961853027344 29.500022888183594 5
endloop
endfacet
facet normal -0.3047980104956288 0.9524170162265616 0
outer loop
vertex 27.809974670410156 53.44290542602539 5
vertex 25.45542335510254 52.689388275146484 0
vertex 25.45542335510254 52.689388275146484 5
endloop
endfacet
facet normal -0.18229512970706463 0.9832438587070272 0
outer loop
vertex 25.45542335510254 52.689388275146484 5
vertex 25.368328094482422 52.673240661621094 0
vertex 25.368328094482422 52.673240661621094 5
endloop
endfacet
facet normal -0.056949578788602545 0.9983770557639037 0
outer loop
vertex 25.368328094482422 52.673240661621094 5
vertex 24.34554100036621 52.614898681640625 0
vertex 24.34554100036621 52.614898681640625 5
endloop
endfacet
facet normal 0.09776914185738918 0.9952091211903504 0
outer loop
vertex 24.34554100036621 52.614898681640625 5
vertex 24.237398147583008 52.62552261352539 0
vertex 24.237398147583008 52.62552261352539 5
endloop
endfacet
facet normal 0.2501824686725901 0.9681987050026913 0
outer loop
vertex 24.237398147583008 52.62552261352539 5
vertex 23.235803604125977 52.884334564208984 0
vertex 23.235803604125977 52.884334564208984 5
endloop
endfacet
facet normal 0 0 -1
outer loop
vertex 51.18901062011719 -34.84359359741211 0
vertex 45.04996109008789 -29.949975967407227 0
vertex 45.04996109008789 -25.049976348876953 0
endloop
endfacet
facet normal 0.3965889964164765 0.9179962788167347 0
outer loop
vertex 23.235803604125977 52.884334564208984 5
vertex 23.136051177978516 52.92742919921875 0
vertex 23.136051177978516 52.92742919921875 5
endloop
endfacet
facet normal 0.5334833250263928 0.8458105827658956 0
outer loop
vertex 22.360382080078125 53.41667175292969 5
vertex 23.136051177978516 52.92742919921875 5
vertex 23.136051177978516 52.92742919921875 0
endloop
endfacet
facet normal 0 0 1
outer loop
vertex -26.050037384033203 -44.04997634887695 5
vertex -26.050037384033203 -29.949975967407227 5
vertex -30.950037002563477 -44.04997634887695 5
endloop
endfacet
facet normal 0 0 1
outer loop
vertex -11.950037002563477 -44.04997634887695 5
vertex -49.74994659423828 -56.48326873779297 5
vertex -7.050037384033203 -44.04997634887695 5
endloop
endfacet
facet normal 0 0 1
outer loop
vertex -26.050037384033203 -44.04997634887695 5
vertex -49.74994659423828 -56.48326873779297 5
vertex -11.950037002563477 -44.04997634887695 5
endloop
endfacet
facet normal 0.4000568749172557 -0.9164903146413711 0
outer loop
vertex 50.202701568603516 -56.40032958984375 0
vertex 51.169288635253906 -55.9784049987793 0
vertex 50.202701568603516 -56.40032958984375 5
endloop
endfacet
facet normal 0.6944011970717239 -0.7195880609802783 0
outer loop
vertex 51.169288635253906 -55.9784049987793 0
vertex 51.94025421142578 -55.23442459106445 0
vertex 51.169288635253906 -55.9784049987793 5
endloop
endfacet
facet normal 0.8598001003913245 -0.5106307740109955 0
outer loop
vertex 51.94025421142578 -55.23442459106445 0
vertex 52.19065856933594 -54.81279373168945 0
vertex 51.94025421142578 -55.23442459106445 5
endloop
endfacet
facet normal 0.9999997442591044 -0.0007151795059961412 0
outer loop
vertex 52.48368835449219 -53.34397888183594 0.20000000298023224
vertex 52.4833984375 -53.74935531616211 4.5
vertex 52.4833984375 -53.74935531616211 0.20000000298023224
endloop
endfacet
facet normal -0.00029981410177362574 -0.9999999550557512 0
outer loop
vertex 53.1834831237793 -53.34418869018555 0.20000000298023224
vertex 52.48368835449219 -53.34397888183594 4.5
vertex 52.48368835449219 -53.34397888183594 0.20000000298023224
endloop
endfacet
facet normal 0.9641364741662641 -0.2654069689782929 0
outer loop
vertex 52.19065856933594 -54.81279373168945 0
vertex 52.45735549926758 -53.843971252441406 0.20000000298023224
vertex 52.19065856933594 -54.81279373168945 5
endloop
endfacet
facet normal 0.9641439983284676 -0.26537963458406033 0.000005935176368082935
outer loop
vertex 52.19065856933594 -54.81279373168945 5
vertex 52.45735549926758 -53.843971252441406 0.20000000298023224
vertex 52.4833984375 -53.74935531616211 0.20000000298023224
endloop
endfacet
facet normal 0.9999999553275217 -0.0002989062634140184 0
outer loop
vertex 53.1834831237793 -53.34418869018555 0.20000000298023224
vertex 53.18864822387695 -36.06418991088867 0.20000000298023224
vertex 53.1834831237793 -53.34418869018555 4.5
endloop
endfacet
facet normal 0 0 1
outer loop
vertex -30.950037002563477 -44.04997634887695 5
vertex -51.2344856262207 -55.940269470214844 5
vertex -26.050037384033203 -44.04997634887695 5
endloop
endfacet
facet normal 0 0 1
outer loop
vertex -45.0500373840332 -6.049976825714111 5
vertex -45.0500373840332 -10.949976921081543 5
vertex -30.950037002563477 -6.049976825714111 5
endloop
endfacet
facet normal 0 0 1
outer loop
vertex -45.0500373840332 -6.049976825714111 5
vertex -45.0500373840332 8.050023078918457 5
vertex -49.95003890991211 -6.049976825714111 5
endloop
endfacet
facet normal 0.00029753868063469273 0.9999999557353657 0
outer loop
vertex 53.18886184692383 -35.34418869018555 0.20000000298023224
vertex 52.49653625488281 -35.3439826965332 0.20000000298023224
vertex 53.18886184692383 -35.34418869018555 4.5
endloop
endfacet
facet normal 0.9999997475377406 -0.0007105803649099272 0
outer loop
vertex 52.49676513671875 -35.02187728881836 0.20000000298023224
vertex 52.49653625488281 -35.3439826965332 4.5
vertex 52.49653625488281 -35.3439826965332 0.20000000298023224
endloop
endfacet
facet normal -0.0002975960717801071 -0.999999955718288 0
outer loop
vertex 53.18895721435547 -35.0220832824707 0.20000000298023224
vertex 52.49676513671875 -35.02187728881836 4.5
vertex 52.49676513671875 -35.02187728881836 0.20000000298023224
endloop
endfacet
facet normal 0.9999999559850999 -0.0002966981601278218 0
outer loop
vertex 53.18864822387695 -36.06418991088867 0.20000000298023224
vertex 53.18886184692383 -35.34418869018555 0.20000000298023224
vertex 53.18886184692383 -35.34418869018555 4.5
endloop
endfacet
facet normal 0.9999999549369368 -0.0003002101335745833 0
outer loop
vertex 53.18895721435547 -35.0220832824707 0.20000000298023224
vertex 53.18901062011719 -34.84418869018555 0.20000000298023224
vertex 53.18901062011719 -34.84418869018555 4.5
endloop
endfacet
facet normal 0.9999999553623166 -0.00029878983373182174 0
outer loop
vertex 53.18901062011719 -34.84418869018555 4.5
vertex 53.18901062011719 -34.84418869018555 0.20000000298023224
vertex 53.19428253173828 -17.199975967407227 0.20000000298023224
endloop
endfacet
facet normal 0 0 1
outer loop
vertex -49.95003890991211 -6.049976825714111 5
vertex -49.95003890991211 -10.949976921081543 5
vertex -45.0500373840332 -6.049976825714111 5
endloop
endfacet
facet normal 0 0 1
outer loop
vertex -49.95003890991211 -10.949976921081543 5
vertex -45.0500373840332 -10.949976921081543 5
vertex -45.0500373840332 -6.049976825714111 5
endloop
endfacet
facet normal 0 0 -1
outer loop
vertex 40.499961853027344 -29.249977111816406 0
vertex 35.499961853027344 -25.749977111816406 0
vertex 40.499961853027344 -25.749977111816406 0
endloop
endfacet
facet normal 0 0 -1
outer loop
vertex 40.499961853027344 -25.749977111816406 0
vertex 40.499961853027344 -25.049976348876953 0
vertex 45.04996109008789 -25.049976348876953 0
endloop
endfacet
facet normal 0 0 -1
outer loop
vertex 45.04996109008789 -29.949975967407227 0
vertex 40.499961853027344 -25.749977111816406 0
vertex 45.04996109008789 -25.049976348876953 0
endloop
endfacet
facet normal 0 0 -1
outer loop
vertex 51.18901062011719 -34.84359359741211 0
vertex 45.04996109008789 -25.049976348876953 0
vertex 45.04996109008789 -10.949976921081543 0
endloop
endfacet
facet normal 0 0 -1
outer loop
vertex 51.18901062011719 -34.84359359741211 0
vertex 45.04996109008789 -10.949976921081543 0
vertex 51.194488525390625 -16.521486282348633 0
endloop
endfacet
facet normal 0 0 -1
outer loop
vertex 29.09967041015625 -42.23997497558594 0
vertex 28.92746353149414 -41.835723876953125 0
vertex 29.09967041015625 -41.86997604370117 0
endloop
endfacet
facet normal 0 0 1
outer loop
vertex 68.3487777709961 53.1357307434082 5
vertex 66.78282165527344 53.488162994384766 5
vertex 71.35504913330078 49.67424774169922 5
endloop
endfacet
facet normal 0 0 -1
outer loop
vertex -55.69717025756836 -51.509681701660156 0
vertex -40.500038146972656 -44.04997634887695 0
vertex -55.61605453491211 -51.51934051513672 0
endloop
endfacet
facet normal 0 0 1
outer loop
vertex 28.499961853027344 29.500022888183594 5
vertex 30.949962615966797 27.050024032592773 5
vertex 45.04996109008789 27.050024032592773 5
endloop
endfacet
facet normal 0 0 1
outer loop
vertex 26.049962997436523 27.050024032592773 5
vertex 26.049962997436523 12.950023651123047 5
vertex 30.949962615966797 27.050024032592773 5
endloop
endfacet
facet normal 0 0 1
outer loop
vertex 30.949962615966797 12.950023651123047 5
vertex 30.949962615966797 27.050024032592773 5
vertex 26.049962997436523 12.950023651123047 5
endloop
endfacet
facet normal 0 0 1
outer loop
vertex -49.95003890991211 -10.949976921081543 5
vertex -49.95003890991211 -25.049976348876953 5
vertex -45.0500373840332 -10.949976921081543 5
endloop
endfacet
facet normal 0 0 1
outer loop
vertex -45.0500373840332 -25.049976348876953 5
vertex -45.0500373840332 -10.949976921081543 5
vertex -49.95003890991211 -25.049976348876953 5
endloop
endfacet
facet normal 0 0 1
outer loop
vertex -49.95003890991211 -25.049976348876953 5
vertex -49.95003890991211 -29.949975967407227 5
vertex -45.0500373840332 -25.049976348876953 5
endloop
endfacet
facet normal 0 0 -1
outer loop
vertex 35.499961853027344 -6.749976634979248 0
vertex 40.499961853027344 -10.24997615814209 0
vertex 35.499961853027344 -10.24997615814209 0
endloop
endfacet
facet normal 0 0 -1
outer loop
vertex 40.499961853027344 -10.24997615814209 0
vertex 35.499961853027344 -6.749976634979248 0
vertex 40.499961853027344 -6.749976634979248 0
endloop
endfacet
facet normal 0 0 -1
outer loop
vertex 40.499961853027344 -10.949976921081543 0
vertex 40.499961853027344 -10.24997615814209 0
vertex 45.04996109008789 -10.949976921081543 0
endloop
endfacet
facet normal 0 0 -1
outer loop
vertex 45.04996109008789 -10.949976921081543 0
vertex 40.499961853027344 -10.24997615814209 0
vertex 40.499961853027344 -6.749976634979248 0
endloop
endfacet
facet normal 0 0 -1
outer loop
vertex 40.499961853027344 -6.749976634979248 0
vertex 40.499961853027344 -6.049976825714111 0
vertex 45.04996109008789 -6.049976825714111 0
endloop
endfacet
facet normal 0 0 -1
outer loop
vertex 45.04996109008789 -6.049976825714111 0
vertex 45.04996109008789 -10.949976921081543 0
vertex 40.499961853027344 -6.749976634979248 0
endloop
endfacet
facet normal 0 0 -1
outer loop
vertex 51.194488525390625 -16.521486282348633 0
vertex 45.04996109008789 -10.949976921081543 0
vertex 45.04996109008789 -6.049976825714111 0
endloop
endfacet
facet normal 0 0 -1
outer loop
vertex 51.194488525390625 -16.521486282348633 0
vertex 45.04996109008789 -6.049976825714111 0
vertex 51.1999626159668 1.8006211519241333 0
endloop
endfacet
facet normal 0 0 1
outer loop
vertex 9.215365409851074 34.45616912841797 5
vertex 30.949962615966797 27.050024032592773 5
vertex 28.499961853027344 29.500022888183594 5
endloop
endfacet
facet normal 0 0 1
outer loop
vertex 30.949962615966797 27.050024032592773 5
vertex 9.215365409851074 34.45616912841797 5
vertex 26.049962997436523 27.050024032592773 5
endloop
endfacet
facet normal 0 0 -1
outer loop
vertex -55.69717025756836 -51.509681701660156 0
vertex -49.95003890991211 -44.04997634887695 0
vertex -45.0500373840332 -44.04997634887695 0
endloop
endfacet
facet normal 0 0 -1
outer loop
vertex -49.95003890991211 -44.04997634887695 0
vertex -54.500038146972656 -44.749977111816406 0
vertex -54.500038146972656 -44.04997634887695 0
endloop
endfacet
facet normal 0 0 -1
outer loop
vertex 51.1999626159668 1.8006211519241333 0
vertex 45.04996109008789 -6.049976825714111 0
vertex 45.04996109008789 8.050023078918457 0
endloop
endfacet
facet normal 0 0 1
outer loop
vertex 26.049962997436523 12.950023651123047 5
vertex 45.04996109008789 8.050023078918457 5
vertex 30.949962615966797 12.950023651123047 5
endloop
endfacet
facet normal 0 0 1
outer loop
vertex 26.049962997436523 12.950023651123047 5
vertex 11.949962615966797 12.950023651123047 5
vertex 45.04996109008789 8.050023078918457 5
endloop
endfacet
facet normal 0 0 1
outer loop
vertex 30.949962615966797 8.050023078918457 5
vertex 45.04996109008789 8.050023078918457 5
vertex 11.949962615966797 12.950023651123047 5
endloop
endfacet
facet normal 0 0 -1
outer loop
vertex 51.1999626159668 1.8006211519241333 0
vertex 52.523345947265625 2.222991466522217 0
vertex 52.52304458618164 1.8002257347106934 0
endloop
endfacet
facet normal 0 0 1
outer loop
vertex 26.049962997436523 8.050023078918457 5
vertex 26.049962997436523 -6.049976825714111 5
vertex 30.949962615966797 8.050023078918457 5
endloop
endfacet
facet normal 0.9999997459351276 -0.0007128321544127938 0
outer loop
vertex 52.52304458618164 1.8002257347106934 0.20000000298023224
vertex 52.52304458618164 1.8002257347106934 0
vertex 52.523345947265625 2.222991466522217 0
endloop
endfacet
facet normal 0 0 -1
outer loop
vertex -40.500038146972656 -44.04997634887695 0
vertex -55.69717025756836 -51.509681701660156 0
vertex -45.0500373840332 -44.04997634887695 0
endloop
endfacet
facet normal 0 0 -1
outer loop
vertex -40.500038146972656 -44.749977111816406 0
vertex -54.62312698364258 -51.75712966918945 0
vertex -40.500038146972656 -44.04997634887695 0
endloop
endfacet
facet normal 0 0 -1
outer loop
vertex -51.97994613647461 -55.16777038574219 0
vertex -30.950037002563477 -44.04997634887695 0
vertex -51.2344856262207 -55.940269470214844 0
endloop
endfacet
facet normal 0 0 1
outer loop
vertex -64.05003356933594 -10.949976921081543 5
vertex -49.95003890991211 -10.949976921081543 5
vertex -49.95003890991211 -6.049976825714111 5
endloop
endfacet
facet normal 0 0 1
outer loop
vertex -64.05003356933594 -6.049976825714111 5
vertex -64.05003356933594 -10.949976921081543 5
vertex -49.95003890991211 -6.049976825714111 5
endloop
endfacet
facet normal 0 0 1
outer loop
vertex -64.05003356933594 8.050023078918457 5
vertex -70.19454956054688 -2.0402016639709473 5
vertex -64.05003356933594 -6.049976825714111 5
endloop
endfacet
facet normal 0 0 1
outer loop
vertex -71.48545837402344 4.410072326660156 5
vertex -70.19454956054688 -2.0402016639709473 5
vertex -70.19375610351562 4.409913063049316 5
endloop
endfacet
facet normal 0 0 1
outer loop
vertex -71.48545837402344 4.410072326660156 5
vertex -71.48505401611328 -2.0400424003601074 5
vertex -70.19454956054688 -2.0402016639709473 5
endloop
endfacet
facet normal -0.9999999980349799 -0.00006269003366215756 0
outer loop
vertex -71.48545837402344 4.410072326660156 4.5
vertex -71.48505401611328 -2.0400424003601074 5
vertex -71.48545837402344 4.410072326660156 5
endloop
endfacet
facet normal 0 0 -1
outer loop
vertex -50.8128547668457 -56.190673828125 0
vertex -51.2344856262207 -55.940269470214844 0
vertex -26.050037384033203 -44.04997634887695 0
endloop
endfacet
facet normal 0.9999997475407305 -0.0007105761572321137 0
outer loop
vertex 52.50984191894531 -16.699771881103516 0.20000000298023224
vertex 52.509613037109375 -17.021879196166992 4.5
vertex 52.509613037109375 -17.021879196166992 0.20000000298023224
endloop
endfacet
facet normal 0.00029805676797024897 0.9999999555810806 0
outer loop
vertex 53.1943359375 -17.022083282470703 0.20000000298023224
vertex 52.509613037109375 -17.021879196166992 0.20000000298023224
vertex 53.1943359375 -17.022083282470703 4.5
endloop
endfacet
facet normal -0.0002981132363547006 -0.9999999555642481 0
outer loop
vertex 53.194435119628906 -16.699975967407227 0.20000000298023224
vertex 52.50984191894531 -16.699771881103516 4.5
vertex 52.50984191894531 -16.699771881103516 0.20000000298023224
endloop
endfacet
facet normal 0.9999999549359706 -0.0003002133523991034 0
outer loop
vertex 53.1943359375 -17.022083282470703 0.20000000298023224
vertex 53.19428253173828 -17.199975967407227 4.5
vertex 53.19428253173828 -17.199975967407227 0.20000000298023224
endloop
endfacet
facet normal -0.9999999980349799 -0.00006269003366215756 0
outer loop
vertex -71.48545837402344 4.410072326660156 4.5
vertex -71.48505401611328 -2.0400424003601074 4.5
vertex -71.48505401611328 -2.0400424003601074 5
endloop
endfacet
facet normal 0 0 1
outer loop
vertex 9.215365409851074 34.45616912841797 5
vertex 5.847926139831543 33.55386734008789 5
vertex 26.049962997436523 27.050024032592773 5
endloop
endfacet
facet normal 0.9999999553934867 -0.0002986854941514193 0
outer loop
vertex 53.194435119628906 -16.699975967407227 0.20000000298023224
vertex 53.1995964050293 0.580023467540741 0.20000000298023224
vertex 53.194435119628906 -16.699975967407227 4.5
endloop
endfacet
facet normal 0.9999997428386531 -0.0007171629015108749 0
outer loop
vertex 52.52268600463867 1.3002257347106934 0.20000000298023224
vertex 52.52304458618164 1.8002257347106934 0.20000000298023224
vertex 52.52268600463867 1.3002257347106934 4.5
endloop
endfacet
facet normal 0.00029875917654879355 0.9999999553714761 0
outer loop
vertex 53.19981384277344 1.3000234365463257 0.20000000298023224
vertex 52.52268600463867 1.3002257347106934 0.20000000298023224
vertex 53.19981384277344 1.3000234365463257 4.5
endloop
endfacet
facet normal 0.9999997461146564 -0.0007125800579153416 5.328890637370069e-7
outer loop
vertex 52.52304458618164 1.8002257347106934 0.20000000298023224
vertex 52.523345947265625 2.222991466522217 0
vertex 52.52268600463867 1.3002257347106934 4.5
endloop
endfacet
facet normal 0.9999999543989454 -0.000301996866090904 0
outer loop
vertex 53.1995964050293 0.580023467540741 0.20000000298023224
vertex 53.19981384277344 1.3000234365463257 0.20000000298023224
vertex 53.19981384277344 1.3000234365463257 4.5
endloop
endfacet
facet normal 0.9901805625517552 -0.13979432586728793 0
outer loop
vertex 52.523345947265625 2.222991466522217 0
vertex 52.53702163696289 2.3198580741882324 0
vertex 52.523345947265625 2.222991466522217 5
endloop
endfacet
facet normal 0 0 1
outer loop
vertex 5.847926139831543 33.55386734008789 5
vertex 2.37496280670166 33.250022888183594 5
vertex 26.049962997436523 27.050024032592773 5
endloop
endfacet
facet normal 0 0 1
outer loop
vertex 11.949962615966797 27.050024032592773 5
vertex 26.049962997436523 27.050024032592773 5
vertex -1.0980007648468018 33.55386734008789 5
endloop
endfacet
facet normal 0 0 1
outer loop
vertex -70.19454956054688 -2.0402016639709473 5
vertex -70.19689178466797 -21.04020118713379 5
vertex -64.05003356933594 -6.049976825714111 5
endloop
endfacet
facet normal 0 0 1
outer loop
vertex 2.37496280670166 33.250022888183594 5
vertex -1.0980007648468018 33.55386734008789 5
vertex 26.049962997436523 27.050024032592773 5
endloop
endfacet
facet normal 0 0 1
outer loop
vertex 11.949962615966797 27.050024032592773 5
vertex 7.049962997436523 12.950023651123047 5
vertex 11.949962615966797 12.950023651123047 5
endloop
endfacet
facet normal 0 0 1
outer loop
vertex -49.95003890991211 -25.049976348876953 5
vertex -64.05003356933594 -25.049976348876953 5
vertex -49.95003890991211 -29.949975967407227 5
endloop
endfacet
facet normal 0 0 1
outer loop
vertex -64.05003356933594 -6.049976825714111 5
vertex -70.19689178466797 -21.04020118713379 5
vertex -64.05003356933594 -10.949976921081543 5
endloop
endfacet
facet normal 0 0 1
outer loop
vertex 11.949962615966797 27.050024032592773 5
vertex -1.0980007648468018 33.55386734008789 5
vertex -4.465440273284912 34.45616912841797 5
endloop
endfacet
facet normal 0 0 -1
outer loop
vertex -50.8128547668457 -56.190673828125 0
vertex -26.050037384033203 -44.04997634887695 0
vertex -49.74994659423828 -56.48326873779297 0
endloop
endfacet
facet normal 0 0 1
outer loop
vertex 11.949962615966797 27.050024032592773 5
vertex 7.049962997436523 27.050024032592773 5
vertex 7.049962997436523 12.950023651123047 5
endloop
endfacet
facet normal 0 0 -1
outer loop
vertex -35.500038146972656 -44.749977111816406 0
vertex -53.63794708251953 -52.33465576171875 0
vertex -40.500038146972656 -44.749977111816406 0
endloop
endfacet
facet normal 0 0 1
outer loop
vertex 7.049962997436523 12.950023651123047 5
vertex 30.949962615966797 8.050023078918457 5
vertex 11.949962615966797 12.950023651123047 5
endloop
endfacet
facet normal 0 0 1
outer loop
vertex 7.049962997436523 12.950023651123047 5
vertex -7.050037384033203 12.950023651123047 5
vertex 30.949962615966797 8.050023078918457 5
endloop
endfacet
facet normal 0 0 1
outer loop
vertex 30.949962615966797 8.050023078918457 5
vertex -7.050037384033203 12.950023651123047 5
vertex 26.049962997436523 8.050023078918457 5
endloop
endfacet
facet normal 0 0 1
outer loop
vertex -7.050037384033203 12.950023651123047 5
vertex 11.949962615966797 8.050023078918457 5
vertex 26.049962997436523 8.050023078918457 5
endloop
endfacet
facet normal 0 0 1
outer loop
vertex 7.049962997436523 8.050023078918457 5
vertex 7.049962997436523 -6.049976825714111 5
vertex 11.949962615966797 8.050023078918457 5
endloop
endfacet
facet normal 0 0 1
outer loop
vertex -7.050037384033203 12.950023651123047 5
vertex 7.049962997436523 8.050023078918457 5
vertex 11.949962615966797 8.050023078918457 5
endloop
endfacet
facet normal 0 0 -1
outer loop
vertex -30.950037002563477 -44.04997634887695 0
vertex -51.97994613647461 -55.16777038574219 0
vertex -35.500038146972656 -44.749977111816406 0
endloop
endfacet
facet normal 0 0 -1
outer loop
vertex -45.0500373840332 -44.04997634887695 0
vertex -49.95003890991211 -44.04997634887695 0
vertex -49.95003890991211 -29.949975967407227 0
endloop
endfacet
facet normal 0 0 -1
outer loop
vertex -45.0500373840332 -44.04997634887695 0
vertex -49.95003890991211 -29.949975967407227 0
vertex -45.0500373840332 -29.949975967407227 0
endloop
endfacet
facet normal 0 0 -1
outer loop
vertex -54.500038146972656 -29.949975967407227 0
vertex -54.500038146972656 -29.249977111816406 0
vertex -49.95003890991211 -29.949975967407227 0
endloop
endfacet
facet normal 0 0 -1
outer loop
vertex -49.95003890991211 -29.949975967407227 0
vertex -54.500038146972656 -29.249977111816406 0
vertex -54.500038146972656 -25.749977111816406 0
endloop
endfacet
facet normal 0 0 -1
outer loop
vertex -45.0500373840332 -29.949975967407227 0
vertex -49.95003890991211 -29.949975967407227 0
vertex -49.95003890991211 -25.049976348876953 0
endloop
endfacet
facet normal 0 0 -1
outer loop
vertex -40.500038146972656 -29.249977111816406 0
vertex -45.0500373840332 -29.949975967407227 0
vertex -45.0500373840332 -25.049976348876953 0
endloop
endfacet
facet normal 0 0 -1
outer loop
vertex -45.0500373840332 -29.949975967407227 0
vertex -40.500038146972656 -29.249977111816406 0
vertex -40.500038146972656 -29.949975967407227 0
endloop
endfacet
facet normal 0 0 -1
outer loop
vertex -40.500038146972656 -29.249977111816406 0
vertex -40.500038146972656 -25.749977111816406 0
vertex -35.500038146972656 -29.249977111816406 0
endloop
endfacet
facet normal -0.7538165010077906 -0.6570849890298603 0
outer loop
vertex -70.73161315917969 -49.14604187011719 0
vertex -69.69886016845703 -50.33082962036133 0
vertex -70.73161315917969 -49.14604187011719 5
endloop
endfacet
facet normal -0.21956350828693624 -0.975598209217674 0
outer loop
vertex -68.3488540649414 -51.135684967041016 0
vertex -66.78182220458984 -51.48835372924805 0
vertex -68.3488540649414 -51.135684967041016 5
endloop
endfacet
facet normal -0.5120852038226207 -0.8589346564354853 0
outer loop
vertex -69.69886016845703 -50.33082962036133 0
vertex -68.3488540649414 -51.135684967041016 0
vertex -69.69886016845703 -50.33082962036133 5
endloop
endfacet
facet normal -0.9207855004295158 -0.39006930435342657 0
outer loop
vertex -71.3551254272461 -47.674198150634766 0
vertex -70.73161315917969 -49.14604187011719 0
vertex -71.3551254272461 -47.674198150634766 5
endloop
endfacet
facet normal -0.9999999983175132 -0.00005800732368361382 -3.520735425341694e-7
outer loop
vertex -71.48224639892578 -46.49015808105469 0.20000000298023224
vertex -71.48222351074219 -46.88351821899414 0
vertex -71.4822769165039 -45.99015808105469 4.5
endloop
endfacet
facet normal -0.000122249387839553 -0.9999999925275437 0
outer loop
vertex -71.4822769165039 -45.99015808105469 0.20000000298023224
vertex -72.1999740600586 -45.99007034301758 4.5
vertex -72.1999740600586 -45.99007034301758 0.20000000298023224
endloop
endfacet
facet normal -0.9999999932068836 0.00011655999581735812 0
outer loop
vertex -72.19989013671875 -45.27006912231445 0.20000000298023224
vertex -72.1999740600586 -45.99007034301758 0.20000000298023224
vertex -72.1999740600586 -45.99007034301758 4.5
endloop
endfacet
facet normal -0.9999999981373547 -0.000061035156136313156 0
outer loop
vertex -71.4822769165039 -45.99015808105469 0.20000000298023224
vertex -71.48224639892578 -46.49015808105469 0.20000000298023224
vertex -71.4822769165039 -45.99015808105469 4.5
endloop
endfacet
facet normal -0.9873255733396458 -0.1587079463339492 0
outer loop
vertex -71.48222351074219 -46.88351821899414 0
vertex -71.3551254272461 -47.674198150634766 0
vertex -71.48222351074219 -46.88351821899414 5
endloop
endfacet
facet normal -0.0019240958610506325 -0.9999981489258455 0
outer loop
vertex -66.78182220458984 -51.48835372924805 0
vertex -55.69717025756836 -51.509681701660156 0
vertex -66.78182220458984 -51.48835372924805 5
endloop
endfacet
facet normal -0.11823920138721829 -0.9929851415078238 0
outer loop
vertex -55.69717025756836 -51.509681701660156 0
vertex -55.61605453491211 -51.51934051513672 0
vertex -55.69717025756836 -51.509681701660156 5
endloop
endfacet
facet normal -0.23289741821424506 -0.9725013072428947 0
outer loop
vertex -55.61605453491211 -51.51934051513672 0
vertex -54.62312698364258 -51.75712966918945 0
vertex -55.61605453491211 -51.51934051513672 5
endloop
endfacet
facet normal -0.5183375109144678 -0.8551761366987469 0
outer loop
vertex -54.522621154785156 -51.798439025878906 0
vertex -53.63794708251953 -52.33465576171875 0
vertex -54.522621154785156 -51.798439025878906 5
endloop
endfacet
facet normal 0.0008297841119783088 -0.9999996557291045 0
outer loop
vertex -49.74994659423828 -56.48326873779297 5
vertex 50.202701568603516 -56.40032958984375 0
vertex 50.202701568603516 -56.40032958984375 5
endloop
endfacet
facet normal 0 0 1
outer loop
vertex -70.19689178466797 -21.04020118713379 5
vertex -64.05003356933594 -25.049976348876953 5
vertex -64.05003356933594 -10.949976921081543 5
endloop
endfacet
facet normal -0.38015646626224564 -0.9249221919485997 0
outer loop
vertex -54.62312698364258 -51.75712966918945 0
vertex -54.522621154785156 -51.798439025878906 0
vertex -54.62312698364258 -51.75712966918945 5
endloop
endfacet
facet normal -0.9999999923584986 0.00012362444256596203 0
outer loop
vertex -72.19775390625 -27.990068435668945 0.20000000298023224
vertex -72.19989013671875 -45.27006912231445 0.20000000298023224
vertex -72.19775390625 -27.990068435668945 4.5
endloop
endfacet
facet normal 0.00012549396462112762 0.9999999921256324 0
outer loop
vertex -71.48341369628906 -27.990158081054688 0.20000000298023224
vertex -72.19775390625 -27.990068435668945 0.20000000298023224
vertex -71.48341369628906 -27.990158081054688 4.5
endloop
endfacet
facet normal -0.9141125615882353 -0.4054605094785368 0
outer loop
vertex -52.82087326049805 -53.27189636230469 0
vertex -51.97994613647461 -55.16777038574219 0
vertex -52.82087326049805 -53.27189636230469 5
endloop
endfacet
facet normal 0 0 1
outer loop
vertex -71.48385620117188 -21.040042877197266 5
vertex -64.05003356933594 -25.049976348876953 5
vertex -70.19689178466797 -21.04020118713379 5
endloop
endfacet
facet normal -0.8436404818635271 -0.5369084999895941 0
outer loop
vertex -52.87708282470703 -53.18357467651367 0
vertex -52.82087326049805 -53.27189636230469 0
vertex -52.87708282470703 -53.18357467651367 5
endloop
endfacet
facet normal -0.9999999979601288 -0.00006387285975926668 0
outer loop
vertex -71.48385620117188 -21.040042877197266 4.5
vertex -71.48344421386719 -27.490158081054688 5
vertex -71.48385620117188 -21.040042877197266 5
endloop
endfacet
facet normal 0 0 1
outer loop
vertex -71.48385620117188 -21.040042877197266 5
vertex -70.19769287109375 -27.49031639099121 5
vertex -64.05003356933594 -25.049976348876953 5
endloop
endfacet
facet normal 0 0 1
outer loop
vertex -71.48344421386719 -27.490158081054688 5
vertex -70.19769287109375 -27.49031639099121 5
vertex -71.48385620117188 -21.040042877197266 5
endloop
endfacet
facet normal -0.5106307740109955 -0.8598001003913245 0
outer loop
vertex -51.2344856262207 -55.940269470214844 0
vertex -50.8128547668457 -56.190673828125 0
vertex -51.2344856262207 -55.940269470214844 5
endloop
endfacet
facet normal -0.719587935418191 -0.6944013271880933 0
outer loop
vertex -51.97994613647461 -55.16777038574219 0
vertex -51.2344856262207 -55.940269470214844 0
vertex -51.97994613647461 -55.16777038574219 5
endloop
endfacet
facet normal -0.9999999979601288 -0.00006387285975926668 0
outer loop
vertex -71.48385620117188 -21.040042877197266 4.5
vertex -71.48344421386719 -27.490158081054688 4.5
vertex -71.48344421386719 -27.490158081054688 5
endloop
endfacet
facet normal -0.9999999980349613 -0.0000626900336621564 1.9242762014416284e-7
outer loop
vertex -71.48545837402344 4.410072326660156 4.5
vertex -71.48502349853516 -2.5400424003601074 0.20000000298023224
vertex -71.48505401611328 -2.0400424003601074 4.5
endloop
endfacet
facet normal -0.9999999981373547 -0.000061035156136313156 0
outer loop
vertex -71.48502349853516 -2.5400424003601074 0.20000000298023224
vertex -71.48502349853516 -2.5400424003601074 4.5
vertex -71.48505401611328 -2.0400424003601074 4.5
endloop
endfacet
facet normal 0.0001233106100917772 0.9999999923972468 0
outer loop
vertex -71.48502349853516 -2.5400424003601074 4.5
vertex -72.19461059570312 -2.539954900741577 0.20000000298023224
vertex -72.19461059570312 -2.539954900741577 4.5
endloop
endfacet
facet normal 0 0 1
outer loop
vertex 11.599963188171387 -53.14997482299805 5
vertex -49.74994659423828 -56.48326873779297 5
vertex 51.18333435058594 -53.843589782714844 5
endloop
endfacet
facet normal 0 0 1
outer loop
vertex -49.74994659423828 -56.48326873779297 5
vertex 50.202701568603516 -56.40032958984375 5
vertex 51.169288635253906 -55.9784049987793 5
endloop
endfacet
facet normal 0 0 1
outer loop
vertex -49.74994659423828 -56.48326873779297 5
vertex 51.169288635253906 -55.9784049987793 5
vertex 51.94025421142578 -55.23442459106445 5
endloop
endfacet
facet normal 0 0 1
outer loop
vertex 51.18333435058594 -53.843589782714844 5
vertex -49.74994659423828 -56.48326873779297 5
vertex 52.19065856933594 -54.81279373168945 5
endloop
endfacet
facet normal 0 0 1
outer loop
vertex 12.727866172790527 -51.7756233215332 5
vertex 12.74996280670166 -51.999977111816406 5
vertex 26.049962997436523 -44.04997634887695 5
endloop
endfacet
facet normal 0 0 1
outer loop
vertex 12.662424087524414 -51.55989074707031 5
vertex 12.727866172790527 -51.7756233215332 5
vertex 26.049962997436523 -44.04997634887695 5
endloop
endfacet
facet normal 0 0 1
outer loop
vertex 11.949962615966797 -44.04997634887695 5
vertex 11.375608444213867 -50.872074127197266 5
vertex 11.599963188171387 -50.8499755859375 5
endloop
endfacet
facet normal 0 0 1
outer loop
vertex 11.949962615966797 -44.04997634887695 5
vertex 11.599963188171387 -50.8499755859375 5
vertex 11.82431697845459 -50.872074127197266 5
endloop
endfacet
facet normal 0 0 1
outer loop
vertex 12.040048599243164 -50.93751525878906 5
vertex 12.238868713378906 -51.043785095214844 5
vertex 11.949962615966797 -44.04997634887695 5
endloop
endfacet
facet normal 0 0 1
outer loop
vertex 11.949962615966797 -44.04997634887695 5
vertex 11.82431697845459 -50.872074127197266 5
vertex 12.040048599243164 -50.93751525878906 5
endloop
endfacet
facet normal 0 0 1
outer loop
vertex 12.238868713378906 -51.043785095214844 5
vertex 12.413135528564453 -51.18680191040039 5
vertex 26.049962997436523 -44.04997634887695 5
endloop
endfacet
facet normal 0 0 1
outer loop
vertex 12.413135528564453 -51.18680191040039 5
vertex 12.55615234375 -51.3610725402832 5
vertex 26.049962997436523 -44.04997634887695 5
endloop
endfacet
facet normal 0 0 1
outer loop
vertex 12.55615234375 -51.3610725402832 5
vertex 12.662424087524414 -51.55989074707031 5
vertex 26.049962997436523 -44.04997634887695 5
endloop
endfacet
facet normal 0 0 1
outer loop
vertex 11.949962615966797 -44.04997634887695 5
vertex 12.238868713378906 -51.043785095214844 5
vertex 26.049962997436523 -44.04997634887695 5
endloop
endfacet
facet normal -0.999999992369672 0.00012353348714595083 3.655618404546609e-7
outer loop
vertex -72.19461059570312 -2.539954900741577 4.5
vertex -72.19674682617188 -19.81995391845703 0.20000000298023224
vertex -72.19611358642578 -14.706621170043945 4.5
endloop
endfacet
facet normal 0 0 1
outer loop
vertex 7.049962997436523 -29.949975967407227 5
vertex 7.049962997436523 -44.04997634887695 5
vertex 11.949962615966797 -29.949975967407227 5
endloop
endfacet
facet normal -0.9999999924420331 0.00012294222897473846 0.000001068654821278944
outer loop
vertex -72.19674682617188 -19.81995391845703 0.20000000298023224
vertex -72.19683074951172 -20.539955139160156 4.5
vertex -72.19611358642578 -14.706621170043945 4.5
endloop
endfacet
facet normal 0 0 1
outer loop
vertex 11.949962615966797 -29.949975967407227 5
vertex 7.049962997436523 -44.04997634887695 5
vertex 11.949962615966797 -44.04997634887695 5
endloop
endfacet
facet normal 0 0 1
outer loop
vertex 11.949962615966797 -25.049976348876953 5
vertex 7.049962997436523 -29.949975967407227 5
vertex 11.949962615966797 -29.949975967407227 5
endloop
endfacet
facet normal 0 0 1
outer loop
vertex 11.949962615966797 -25.049976348876953 5
vertex 11.949962615966797 -29.949975967407227 5
vertex 26.049962997436523 -29.949975967407227 5
endloop
endfacet
facet normal -0.9999999981373547 -0.000061035156136313156 0
outer loop
vertex -71.48388671875 -20.540042877197266 4.5
vertex -71.48388671875 -20.540042877197266 0.20000000298023224
vertex -71.48385620117188 -21.040042877197266 4.5
endloop
endfacet
facet normal 0 0 1
outer loop
vertex 52.19065856933594 -54.81279373168945 5
vertex -49.74994659423828 -56.48326873779297 5
vertex 51.94025421142578 -55.23442459106445 5
endloop
endfacet
facet normal 0 0 1
outer loop
vertex 11.82431697845459 -53.12788009643555 5
vertex 11.599963188171387 -53.14997482299805 5
vertex 51.18333435058594 -53.843589782714844 5
endloop
endfacet
facet normal 0 0 1
outer loop
vertex 12.040048599243164 -53.06243896484375 5
vertex 11.82431697845459 -53.12788009643555 5
vertex 51.18333435058594 -53.843589782714844 5
endloop
endfacet
facet normal 0 0 1
outer loop
vertex 12.238868713378906 -52.9561653137207 5
vertex 12.040048599243164 -53.06243896484375 5
vertex 51.18333435058594 -53.843589782714844 5
endloop
endfacet
facet normal 0 0 1
outer loop
vertex 12.413135528564453 -52.813148498535156 5
vertex 12.238868713378906 -52.9561653137207 5
vertex 51.18333435058594 -53.843589782714844 5
endloop
endfacet
facet normal 0 0 1
outer loop
vertex 12.55615234375 -52.63888168334961 5
vertex 12.413135528564453 -52.813148498535156 5
vertex 51.18333435058594 -53.843589782714844 5
endloop
endfacet
facet normal 0 0 1
outer loop
vertex 12.662424087524414 -52.4400634765625 5
vertex 12.55615234375 -52.63888168334961 5
vertex 51.18333435058594 -53.843589782714844 5
endloop
endfacet
facet normal 0 0 1
outer loop
vertex 12.727866172790527 -52.22433090209961 5
vertex 12.662424087524414 -52.4400634765625 5
vertex 51.18333435058594 -53.843589782714844 5
endloop
endfacet
facet normal 0 0 1
outer loop
vertex 12.74996280670166 -51.999977111816406 5
vertex 12.727866172790527 -52.22433090209961 5
vertex 51.18333435058594 -53.843589782714844 5
endloop
endfacet
facet normal -0.0001230644099106137 -0.9999999924275755 0
outer loop
vertex -72.19683074951172 -20.539955139160156 4.5
vertex -71.48388671875 -20.540042877197266 0.20000000298023224
vertex -71.48388671875 -20.540042877197266 4.5
endloop
endfacet
facet normal 0 0 1
outer loop
vertex 26.049962997436523 -44.04997634887695 5
vertex 12.74996280670166 -51.999977111816406 5
vertex 30.949962615966797 -44.04997634887695 5
endloop
endfacet
facet normal 0 0 1
outer loop
vertex 30.949962615966797 -44.04997634887695 5
vertex 12.74996280670166 -51.999977111816406 5
vertex 51.18333435058594 -53.843589782714844 5
endloop
endfacet
facet normal -0.9999999979600744 -0.00006387285975926321 3.29965539039202e-7
outer loop
vertex -71.48385620117188 -21.040042877197266 4.5
vertex -71.48341369628906 -27.990158081054688 0.20000000298023224
vertex -71.48344421386719 -27.490158081054688 4.5
endloop
endfacet
facet normal 0 0 1
outer loop
vertex -45.0500373840332 -25.049976348876953 5
vertex -45.0500373840332 -29.949975967407227 5
vertex -30.950037002563477 -29.949975967407227 5
endloop
endfacet
facet normal 0 0 1
outer loop
vertex 30.949962615966797 -44.04997634887695 5
vertex 30.949962615966797 -29.949975967407227 5
vertex 26.049962997436523 -44.04997634887695 5
endloop
endfacet
facet normal 0 0 1
outer loop
vertex 26.049962997436523 -29.949975967407227 5
vertex 26.049962997436523 -44.04997634887695 5
vertex 30.949962615966797 -29.949975967407227 5
endloop
endfacet
facet normal 0 0 1
outer loop
vertex 30.949962615966797 -25.049976348876953 5
vertex 26.049962997436523 -29.949975967407227 5
vertex 30.949962615966797 -29.949975967407227 5
endloop
endfacet
facet normal 0 0 1
outer loop
vertex 30.949962615966797 -25.049976348876953 5
vertex 30.949962615966797 -29.949975967407227 5
vertex 45.04996109008789 -29.949975967407227 5
endloop
endfacet
facet normal 0 0 1
outer loop
vertex -45.0500373840332 -25.049976348876953 5
vertex -49.95003890991211 -29.949975967407227 5
vertex -45.0500373840332 -29.949975967407227 5
endloop
endfacet
facet normal 0 0 1
outer loop
vertex -49.95003890991211 -29.949975967407227 5
vertex -49.95003890991211 -44.04997634887695 5
vertex -45.0500373840332 -29.949975967407227 5
endloop
endfacet
facet normal 0 0 1
outer loop
vertex -45.0500373840332 -44.04997634887695 5
vertex -45.0500373840332 -29.949975967407227 5
vertex -49.95003890991211 -44.04997634887695 5
endloop
endfacet
facet normal 0 0 1
outer loop
vertex -45.0500373840332 -44.04997634887695 5
vertex -51.2344856262207 -55.940269470214844 5
vertex -30.950037002563477 -44.04997634887695 5
endloop
endfacet
facet normal 0 0 1
outer loop
vertex -26.050037384033203 -44.04997634887695 5
vertex -50.8128547668457 -56.190673828125 5
vertex -49.74994659423828 -56.48326873779297 5
endloop
endfacet
facet normal 0 0 1
outer loop
vertex -51.2344856262207 -55.940269470214844 5
vertex -50.8128547668457 -56.190673828125 5
vertex -26.050037384033203 -44.04997634887695 5
endloop
endfacet
facet normal 0 0 1
outer loop
vertex -49.95003890991211 -44.04997634887695 5
vertex -55.69717025756836 -51.509681701660156 5
vertex -45.0500373840332 -44.04997634887695 5
endloop
endfacet
facet normal 0 0 1
outer loop
vertex -55.69717025756836 -51.509681701660156 5
vertex -55.61605453491211 -51.51934051513672 5
vertex -45.0500373840332 -44.04997634887695 5
endloop
endfacet
facet normal 0 0 1
outer loop
vertex -45.0500373840332 -44.04997634887695 5
vertex -51.97994613647461 -55.16777038574219 5
vertex -51.2344856262207 -55.940269470214844 5
endloop
endfacet
facet normal 0 0 1
outer loop
vertex -45.0500373840332 -44.04997634887695 5
vertex -53.63794708251953 -52.33465576171875 5
vertex -53.55482482910156 -52.40464401245117 5
endloop
endfacet
facet normal 0 0 1
outer loop
vertex -53.55482482910156 -52.40464401245117 5
vertex -52.87708282470703 -53.18357467651367 5
vertex -45.0500373840332 -44.04997634887695 5
endloop
endfacet
facet normal 0 0 1
outer loop
vertex -52.82087326049805 -53.27189636230469 5
vertex -51.97994613647461 -55.16777038574219 5
vertex -45.0500373840332 -44.04997634887695 5
endloop
endfacet
facet normal 0 0 1
outer loop
vertex -52.87708282470703 -53.18357467651367 5
vertex -52.82087326049805 -53.27189636230469 5
vertex -45.0500373840332 -44.04997634887695 5
endloop
endfacet
facet normal 0 0 1
outer loop
vertex -45.0500373840332 -44.04997634887695 5
vertex -54.522621154785156 -51.798439025878906 5
vertex -53.63794708251953 -52.33465576171875 5
endloop
endfacet
facet normal 0 0 1
outer loop
vertex -45.0500373840332 -44.04997634887695 5
vertex -54.62312698364258 -51.75712966918945 5
vertex -54.522621154785156 -51.798439025878906 5
endloop
endfacet
facet normal 0 0 1
outer loop
vertex -45.0500373840332 -44.04997634887695 5
vertex -55.61605453491211 -51.51934051513672 5
vertex -54.62312698364258 -51.75712966918945 5
endloop
endfacet
facet normal 0 0 1
outer loop
vertex -64.05003356933594 -25.049976348876953 5
vertex -64.05003356933594 -29.949975967407227 5
vertex -49.95003890991211 -29.949975967407227 5
endloop
endfacet
facet normal 0 0 1
outer loop
vertex -64.05003356933594 -25.049976348876953 5
vertex -70.19769287109375 -27.49031639099121 5
vertex -64.05003356933594 -29.949975967407227 5
endloop
endfacet
facet normal -0.2654053844555608 -0.9641369103514272 0
outer loop
vertex -50.8128547668457 -56.190673828125 0
vertex -49.74994659423828 -56.48326873779297 0
vertex -50.8128547668457 -56.190673828125 5
endloop
endfacet
facet normal -0.644084934925605 -0.764953983323101 0
outer loop
vertex -53.63794708251953 -52.33465576171875 0
vertex -53.55482482910156 -52.40464401245117 0
vertex -53.63794708251953 -52.33465576171875 5
endloop
endfacet
facet normal -0.7544083895985285 -0.6564053486248833 0
outer loop
vertex -53.55482482910156 -52.40464401245117 0
vertex -52.87708282470703 -53.18357467651367 0
vertex -53.55482482910156 -52.40464401245117 5
endloop
endfacet
facet normal 0.7538175489252174 0.6570837868433352 0
outer loop
vertex 70.73153686523438 51.146087646484375 0
vertex 69.69878387451172 52.33087921142578 0
vertex 70.73153686523438 51.146087646484375 5
endloop
endfacet
facet normal 0.5120834131939498 0.8589357239815063 0
outer loop
vertex 69.69878387451172 52.33087921142578 0
vertex 68.3487777709961 53.1357307434082 0
vertex 69.69878387451172 52.33087921142578 5
endloop
endfacet
facet normal 0.21956682343904674 0.9755974631193371 0
outer loop
vertex 68.3487777709961 53.1357307434082 0
vertex 66.78282165527344 53.488162994384766 0
vertex 68.3487777709961 53.1357307434082 5
endloop
endfacet
facet normal 0 0 1
outer loop
vertex -64.05003356933594 -29.949975967407227 5
vertex -70.20003509521484 -46.49031448364258 5
vertex -64.05003356933594 -44.04997634887695 5
endloop
endfacet
facet normal 0 0 1
outer loop
vertex -70.19769287109375 -27.49031639099121 5
vertex -70.20003509521484 -46.49031448364258 5
vertex -64.05003356933594 -29.949975967407227 5
endloop
endfacet
facet normal 0.9207851373164854 0.3900701615056722 0
outer loop
vertex 71.35504913330078 49.67424774169922 0
vertex 70.73153686523438 51.146087646484375 0
vertex 71.35504913330078 49.67424774169922 5
endloop
endfacet
facet normal 0.9873252803502706 0.15870976901646555 0
outer loop
vertex 71.4821548461914 48.88352966308594 0
vertex 71.35504913330078 49.67424774169922 0
vertex 71.4821548461914 48.88352966308594 5
endloop
endfacet
facet normal 0 0 1
outer loop
vertex 7.049962997436523 -25.049976348876953 5
vertex -7.050037384033203 -25.049976348876953 5
vertex 7.049962997436523 -29.949975967407227 5
endloop
endfacet
facet normal 0 0 1
outer loop
vertex 7.049962997436523 -25.049976348876953 5
vertex 7.049962997436523 -29.949975967407227 5
vertex 11.949962615966797 -25.049976348876953 5
endloop
endfacet
facet normal 0 0 1
outer loop
vertex 7.049962997436523 -10.949976921081543 5
vertex 7.049962997436523 -25.049976348876953 5
vertex 11.949962615966797 -10.949976921081543 5
endloop
endfacet
facet normal 0 0 1
outer loop
vertex 11.949962615966797 -10.949976921081543 5
vertex 7.049962997436523 -25.049976348876953 5
vertex 11.949962615966797 -25.049976348876953 5
endloop
endfacet
facet normal 0 0 1
outer loop
vertex -49.95003890991211 -44.04997634887695 5
vertex -64.05003356933594 -44.04997634887695 5
vertex -55.69717025756836 -51.509681701660156 5
endloop
endfacet
facet normal 0 0 1
outer loop
vertex -64.05003356933594 -44.04997634887695 5
vertex -66.78182220458984 -51.48835372924805 5
vertex -55.69717025756836 -51.509681701660156 5
endloop
endfacet
facet normal 0 0 1
outer loop
vertex -64.05003356933594 -44.04997634887695 5
vertex -68.3488540649414 -51.135684967041016 5
vertex -66.78182220458984 -51.48835372924805 5
endloop
endfacet
facet normal 0 0 1
outer loop
vertex 7.049962997436523 -6.049976825714111 5
vertex -7.050037384033203 -6.049976825714111 5
vertex 7.049962997436523 -10.949976921081543 5
endloop
endfacet
facet normal 0 0 1
outer loop
vertex 7.049962997436523 -6.049976825714111 5
vertex 7.049962997436523 -10.949976921081543 5
vertex 11.949962615966797 -6.049976825714111 5
endloop
endfacet
facet normal 0 0 1
outer loop
vertex 7.049962997436523 -10.949976921081543 5
vertex 11.949962615966797 -10.949976921081543 5
vertex 11.949962615966797 -6.049976825714111 5
endloop
endfacet
facet normal 0 0 1
outer loop
vertex 11.949962615966797 -6.049976825714111 5
vertex 11.949962615966797 -10.949976921081543 5
vertex 26.049962997436523 -10.949976921081543 5
endloop
endfacet
facet normal 0 0 1
outer loop
vertex 11.949962615966797 8.050023078918457 5
vertex 7.049962997436523 -6.049976825714111 5
vertex 11.949962615966797 -6.049976825714111 5
endloop
endfacet
facet normal 0 0 1
outer loop
vertex -69.69886016845703 -50.33082962036133 5
vertex -68.3488540649414 -51.135684967041016 5
vertex -64.05003356933594 -44.04997634887695 5
endloop
endfacet
facet normal 0 0 1
outer loop
vertex -70.20003509521484 -46.49031448364258 5
vertex -71.3551254272461 -47.674198150634766 5
vertex -64.05003356933594 -44.04997634887695 5
endloop
endfacet
facet normal 0 0 1
outer loop
vertex 26.049962997436523 -25.049976348876953 5
vertex 11.949962615966797 -25.049976348876953 5
vertex 26.049962997436523 -29.949975967407227 5
endloop
endfacet
facet normal 0 0 1
outer loop
vertex 26.049962997436523 -25.049976348876953 5
vertex 26.049962997436523 -29.949975967407227 5
vertex 30.949962615966797 -25.049976348876953 5
endloop
endfacet
facet normal 0 0 1
outer loop
vertex 26.049962997436523 -10.949976921081543 5
vertex 26.049962997436523 -25.049976348876953 5
vertex 30.949962615966797 -25.049976348876953 5
endloop
endfacet
facet normal 0 0 1
outer loop
vertex 26.049962997436523 -10.949976921081543 5
vertex 30.949962615966797 -25.049976348876953 5
vertex 30.949962615966797 -10.949976921081543 5
endloop
endfacet
facet normal 0 0 1
outer loop
vertex -71.3551254272461 -47.674198150634766 5
vertex -70.73161315917969 -49.14604187011719 5
vertex -64.05003356933594 -44.04997634887695 5
endloop
endfacet
facet normal 0 0 1
outer loop
vertex -69.69886016845703 -50.33082962036133 5
vertex -64.05003356933594 -44.04997634887695 5
vertex -70.73161315917969 -49.14604187011719 5
endloop
endfacet
facet normal 0 0 1
outer loop
vertex -70.20003509521484 -46.49031448364258 5
vertex -71.48224639892578 -46.49015808105469 5
vertex -71.3551254272461 -47.674198150634766 5
endloop
endfacet
facet normal 0 0 1
outer loop
vertex -71.48222351074219 -46.88351821899414 5
vertex -71.3551254272461 -47.674198150634766 5
vertex -71.48224639892578 -46.49015808105469 5
endloop
endfacet
facet normal 0 0 1
outer loop
vertex 26.049962997436523 -6.049976825714111 5
vertex 11.949962615966797 -6.049976825714111 5
vertex 26.049962997436523 -10.949976921081543 5
endloop
endfacet
facet normal 0 0 1
outer loop
vertex 30.949962615966797 -10.949976921081543 5
vertex 30.949962615966797 -6.049976825714111 5
vertex 26.049962997436523 -10.949976921081543 5
endloop
endfacet
facet normal 0 0 1
outer loop
vertex 26.049962997436523 -6.049976825714111 5
vertex 26.049962997436523 -10.949976921081543 5
vertex 30.949962615966797 -6.049976825714111 5
endloop
endfacet
facet normal 0 0 1
outer loop
vertex 30.949962615966797 -6.049976825714111 5
vertex 30.949962615966797 -10.949976921081543 5
vertex 45.04996109008789 -10.949976921081543 5
endloop
endfacet
facet normal 0 0 1
outer loop
vertex 30.949962615966797 -6.049976825714111 5
vertex 30.949962615966797 8.050023078918457 5
vertex 26.049962997436523 -6.049976825714111 5
endloop
endfacet
facet normal 0.00030835972419089634 0.9999999524571391 0
outer loop
vertex 72.1998062133789 47.990116119384766 0.20000000298023224
vertex 71.48229217529297 47.99033737182617 0.20000000298023224
vertex 72.1998062133789 47.990116119384766 4.5
endloop
endfacet
facet normal 0.9641439983454494 -0.26537963458873454 0
outer loop
vertex 52.4833984375 -53.74935531616211 0.20000000298023224
vertex 52.4833984375 -53.74935531616211 4.5
vertex 52.45735549926758 -53.843971252441406 4.5
endloop
endfacet
facet normal 0.9999997442591044 -0.0007151795059961412 0
outer loop
vertex 52.4833984375 -53.74935531616211 4.5
vertex 52.48368835449219 -53.34397888183594 0.20000000298023224
vertex 52.48368835449219 -53.34397888183594 4.5
endloop
endfacet
facet normal -0.00029981410177362574 -0.9999999550557512 0
outer loop
vertex 52.48368835449219 -53.34397888183594 4.5
vertex 53.1834831237793 -53.34418869018555 0.20000000298023224
vertex 53.1834831237793 -53.34418869018555 4.5
endloop
endfacet
facet normal 0.9999999553202784 -0.00029893047976846745 -9.731595651653641e-8
outer loop
vertex 53.1834831237793 -53.34418869018555 4.5
vertex 53.18864822387695 -36.06418991088867 0.20000000298023224
vertex 53.18698501586914 -41.629451751708984 4.5
endloop
endfacet
facet normal -0.9999999983071753 -0.000058186331932106755 0
outer loop
vertex -71.48224639892578 -46.49015808105469 5
vertex -71.48224639892578 -46.49015808105469 4.5
vertex -71.48222351074219 -46.88351821899414 5
endloop
endfacet
facet normal 0.9999999883584679 0.0001525878888486432 0
outer loop
vertex 71.48229217529297 47.99033737182617 0.20000000298023224
vertex 71.48221588134766 48.49033737182617 0.20000000298023224
vertex 71.48229217529297 47.99033737182617 4.5
endloop
endfacet
facet normal 0.9641363877369603 -0.2654072829466018 -6.544599709165029e-7
outer loop
vertex 52.19065856933594 -54.81279373168945 5
vertex 52.4833984375 -53.74935531616211 0.20000000298023224
vertex 52.45735549926758 -53.843971252441406 4.5
endloop
endfacet
facet normal 0.4000568749172557 -0.9164903146413711 0
outer loop
vertex 50.202701568603516 -56.40032958984375 5
vertex 51.169288635253906 -55.9784049987793 0
vertex 51.169288635253906 -55.9784049987793 5
endloop
endfacet
facet normal 0.6944011970717239 -0.7195880609802783 0
outer loop
vertex 51.169288635253906 -55.9784049987793 5
vertex 51.94025421142578 -55.23442459106445 0
vertex 51.94025421142578 -55.23442459106445 5
endloop
endfacet
facet normal 0.8598001003913245 -0.5106307740109955 0
outer loop
vertex 51.94025421142578 -55.23442459106445 5
vertex 52.19065856933594 -54.81279373168945 0
vertex 52.19065856933594 -54.81279373168945 5
endloop
endfacet
facet normal 0.9999999879260087 0.0001553958679057247 3.2650920058322235e-7
outer loop
vertex 71.48221588134766 48.49033737182617 0.20000000298023224
vertex 71.4821548461914 48.88352966308594 0
vertex 71.48229217529297 47.99033737182617 4.5
endloop
endfacet
facet normal 0.999999955416525 -0.00029860818117562427 3.198180484651858e-7
outer loop
vertex 53.18698501586914 -41.629451751708984 4.5
vertex 53.18864822387695 -36.06418991088867 0.20000000298023224
vertex 53.18886184692383 -35.34418869018555 4.5
endloop
endfacet
facet normal 0.00029753868063469273 0.9999999557353657 0
outer loop
vertex 53.18886184692383 -35.34418869018555 4.5
vertex 52.49653625488281 -35.3439826965332 0.20000000298023224
vertex 52.49653625488281 -35.3439826965332 4.5
endloop
endfacet
facet normal 0.9999997475377406 -0.0007105803649099272 0
outer loop
vertex 52.49653625488281 -35.3439826965332 4.5
vertex 52.49676513671875 -35.02187728881836 0.20000000298023224
vertex 52.49676513671875 -35.02187728881836 4.5
endloop
endfacet
facet normal -0.0002975960717801071 -0.999999955718288 0
outer loop
vertex 52.49676513671875 -35.02187728881836 4.5
vertex 53.18895721435547 -35.0220832824707 0.20000000298023224
vertex 53.18895721435547 -35.0220832824707 4.5
endloop
endfacet
facet normal 0.9999999549369368 -0.0003002101335745833 0
outer loop
vertex 53.18895721435547 -35.0220832824707 4.5
vertex 53.18895721435547 -35.0220832824707 0.20000000298023224
vertex 53.18901062011719 -34.84418869018555 4.5
endloop
endfacet
facet normal 0.9999999527850373 -0.00030729452200616795 0
outer loop
vertex 72.1995849609375 47.27011489868164 0.20000000298023224
vertex 72.1998062133789 47.990116119384766 0.20000000298023224
vertex 72.1998062133789 47.990116119384766 4.5
endloop
endfacet
facet normal -0.9999999979601288 -0.00006387285975926668 0
outer loop
vertex -71.48344421386719 -27.490158081054688 0
vertex -71.48344421386719 -27.490158081054688 0.20000000298023224
vertex -71.48385620117188 -21.040042877197266 0
endloop
endfacet
facet normal -0.644084934925605 -0.764953983323101 0
outer loop
vertex -53.63794708251953 -52.33465576171875 5
vertex -53.55482482910156 -52.40464401245117 0
vertex -53.55482482910156 -52.40464401245117 5
endloop
endfacet
facet normal -0.5183375109144678 -0.8551761366987469 0
outer loop
vertex -54.522621154785156 -51.798439025878906 5
vertex -53.63794708251953 -52.33465576171875 0
vertex -53.63794708251953 -52.33465576171875 5
endloop
endfacet
facet normal -0.2654053844555608 -0.9641369103514272 0
outer loop
vertex -50.8128547668457 -56.190673828125 5
vertex -49.74994659423828 -56.48326873779297 0
vertex -49.74994659423828 -56.48326873779297 5
endloop
endfacet
facet normal 0 0 1
outer loop
vertex 45.04996109008789 -44.04997634887695 5
vertex 30.949962615966797 -44.04997634887695 5
vertex 51.18333435058594 -53.843589782714844 5
endloop
endfacet
facet normal 0 0 -1
outer loop
vertex -70.19769287109375 -27.49031639099121 0
vertex -71.48344421386719 -27.490158081054688 0
vertex -64.05003356933594 -25.049976348876953 0
endloop
endfacet
facet normal 0 0 -1
outer loop
vertex -64.05003356933594 -25.049976348876953 0
vertex -71.48344421386719 -27.490158081054688 0
vertex -70.19689178466797 -21.04020118713379 0
endloop
endfacet
facet normal 0 0 -1
outer loop
vertex -70.19689178466797 -21.04020118713379 0
vertex -71.48344421386719 -27.490158081054688 0
vertex -71.48385620117188 -21.040042877197266 0
endloop
endfacet
facet normal 0.9999999529204487 -0.0003068535488518431 0
outer loop
vertex 72.19428253173828 29.990116119384766 0.20000000298023224
vertex 72.1995849609375 47.27011489868164 0.20000000298023224
vertex 72.19428253173828 29.990116119384766 4.5
endloop
endfacet
facet normal -0.9999999979601288 -0.00006387285975926668 0
outer loop
vertex -71.48385620117188 -21.040042877197266 0
vertex -71.48344421386719 -27.490158081054688 0.20000000298023224
vertex -71.48385620117188 -21.040042877197266 0.20000000298023224
endloop
endfacet
facet normal -0.0011612581924425732 0.9999993257394778 0
outer loop
vertex 66.78282165527344 53.488162994384766 0
vertex 27.809974670410156 53.44290542602539 0
vertex 66.78282165527344 53.488162994384766 5
endloop
endfacet
facet normal 0.9641364741662641 -0.2654069689782929 0
outer loop
vertex 52.19065856933594 -54.81279373168945 5
vertex 52.45735549926758 -53.843971252441406 4.5
vertex 52.45735549926758 -53.843971252441406 5
endloop
endfacet
facet normal 0 0 1
outer loop
vertex 52.45735549926758 -53.843971252441406 5
vertex 51.18333435058594 -53.843589782714844 5
vertex 52.19065856933594 -54.81279373168945 5
endloop
endfacet
facet normal 0 0 -1
outer loop
vertex -59.500038146972656 -25.049976348876953 0
vertex -70.19769287109375 -27.49031639099121 0
vertex -64.05003356933594 -25.049976348876953 0
endloop
endfacet
facet normal 0 0 1
outer loop
vertex 45.04996109008789 -44.04997634887695 5
vertex 51.18333435058594 -53.843589782714844 5
vertex 51.18901062011719 -34.84359359741211 5
endloop
endfacet
facet normal 0 0 -1
outer loop
vertex -64.05003356933594 -25.049976348876953 0
vertex -70.19689178466797 -21.04020118713379 0
vertex -70.19454956054688 -2.0402016639709473 0
endloop
endfacet
facet normal -0.5106307740109955 -0.8598001003913245 0
outer loop
vertex -51.2344856262207 -55.940269470214844 5
vertex -50.8128547668457 -56.190673828125 0
vertex -50.8128547668457 -56.190673828125 5
endloop
endfacet
facet normal 0 0 -1
outer loop
vertex -64.05003356933594 -25.049976348876953 0
vertex -70.19454956054688 -2.0402016639709473 0
vertex -64.05003356933594 -10.949976921081543 0
endloop
endfacet
facet normal 0 0 -1
outer loop
vertex -59.500038146972656 -25.749977111816406 0
vertex -64.05003356933594 -29.949975967407227 0
vertex -59.500038146972656 -25.049976348876953 0
endloop
endfacet
facet normal 0 0 -1
outer loop
vertex 71.35504913330078 49.67424774169922 0
vertex 69.69878387451172 52.33087921142578 0
vertex 70.73153686523438 51.146087646484375 0
endloop
endfacet
facet normal 0 0 -1
outer loop
vertex 71.35504913330078 49.67424774169922 0
vertex 68.3487777709961 53.1357307434082 0
vertex 69.69878387451172 52.33087921142578 0
endloop
endfacet
facet normal 0 0 -1
outer loop
vertex 71.35504913330078 49.67424774169922 0
vertex 66.78282165527344 53.488162994384766 0
vertex 68.3487777709961 53.1357307434082 0
endloop
endfacet
facet normal 0 0 -1
outer loop
vertex 71.4821548461914 48.88352966308594 0
vertex 66.78282165527344 53.488162994384766 0
vertex 71.35504913330078 49.67424774169922 0
endloop
endfacet
facet normal 0 0 1
outer loop
vertex 45.04996109008789 -29.949975967407227 5
vertex 45.04996109008789 -44.04997634887695 5
vertex 51.18901062011719 -34.84359359741211 5
endloop
endfacet
facet normal 0.9999999879518565 0.0001552297867262009 0
outer loop
vertex 71.48221588134766 48.49033737182617 0.20000000298023224
vertex 71.48221588134766 48.49033737182617 0
vertex 71.4821548461914 48.88352966308594 0
endloop
endfacet
facet normal 0 0 1
outer loop
vertex 51.18901062011719 -34.84359359741211 5
vertex 51.194488525390625 -16.521486282348633 5
vertex 45.04996109008789 -29.949975967407227 5
endloop
endfacet
facet normal 0 0 -1
outer loop
vertex 70.19996643066406 48.49073028564453 0
vertex 71.4821548461914 48.88352966308594 0
vertex 71.48221588134766 48.49033737182617 0
endloop
endfacet
facet normal -0.719587935418191 -0.6944013271880933 0
outer loop
vertex -51.97994613647461 -55.16777038574219 5
vertex -51.2344856262207 -55.940269470214844 0
vertex -51.2344856262207 -55.940269470214844 5
endloop
endfacet
facet normal 0.9999999553623166 -0.00029878983373182174 0
outer loop
vertex 53.18901062011719 -34.84418869018555 4.5
vertex 53.19428253173828 -17.199975967407227 0.20000000298023224
vertex 53.19428253173828 -17.199975967407227 4.5
endloop
endfacet
facet normal 0.00029805676797024897 0.9999999555810806 0
outer loop
vertex 53.1943359375 -17.022083282470703 4.5
vertex 52.509613037109375 -17.021879196166992 0.20000000298023224
vertex 52.509613037109375 -17.021879196166992 4.5
endloop
endfacet
facet normal 0.9999997475407305 -0.0007105761572321137 0
outer loop
vertex 52.509613037109375 -17.021879196166992 4.5
vertex 52.50984191894531 -16.699771881103516 0.20000000298023224
vertex 52.50984191894531 -16.699771881103516 4.5
endloop
endfacet
facet normal -0.0002981132363547006 -0.9999999555642481 0
outer loop
vertex 52.50984191894531 -16.699771881103516 4.5
vertex 53.194435119628906 -16.699975967407227 0.20000000298023224
vertex 53.194435119628906 -16.699975967407227 4.5
endloop
endfacet
facet normal 0.9999999549359706 -0.0003002133523991034 0
outer loop
vertex 53.19428253173828 -17.199975967407227 4.5
vertex 53.1943359375 -17.022083282470703 0.20000000298023224
vertex 53.1943359375 -17.022083282470703 4.5
endloop
endfacet
facet normal -0.8436404818635271 -0.5369084999895941 0
outer loop
vertex -52.87708282470703 -53.18357467651367 5
vertex -52.82087326049805 -53.27189636230469 0
vertex -52.82087326049805 -53.27189636230469 5
endloop
endfacet
facet normal -0.9141125615882353 -0.4054605094785368 0
outer loop
vertex -52.82087326049805 -53.27189636230469 5
vertex -51.97994613647461 -55.16777038574219 0
vertex -51.97994613647461 -55.16777038574219 5
endloop
endfacet
facet normal -0.7544083895985285 -0.6564053486248833 0
outer loop
vertex -53.55482482910156 -52.40464401245117 5
vertex -52.87708282470703 -53.18357467651367 0
vertex -52.87708282470703 -53.18357467651367 5
endloop
endfacet
facet normal -0.9999999981373547 -0.000061035156136313156 0
outer loop
vertex -71.48341369628906 -27.990158081054688 0.20000000298023224
vertex -71.48341369628906 -27.990158081054688 4.5
vertex -71.48344421386719 -27.490158081054688 4.5
endloop
endfacet
facet normal 0.00012549396462112762 0.9999999921256324 0
outer loop
vertex -71.48341369628906 -27.990158081054688 4.5
vertex -72.19775390625 -27.990068435668945 0.20000000298023224
vertex -72.19775390625 -27.990068435668945 4.5
endloop
endfacet
facet normal 0.9999999553590155 -0.0002988005243297724 -4.622608363343953e-7
outer loop
vertex 53.194435119628906 -16.699975967407227 4.5
vertex 53.1995964050293 0.580023467540741 0.20000000298023224
vertex 53.19807052612305 -4.533309459686279 4.5
endloop
endfacet
facet normal 0.9999999553429166 -0.0002988542919717629 -5.261984826052325e-7
outer loop
vertex 53.19807052612305 -4.533309459686279 4.5
vertex 53.1995964050293 0.580023467540741 0.20000000298023224
vertex 53.19981384277344 1.3000234365463257 4.5
endloop
endfacet
facet normal 0.9999997428385705 -0.0007171629015108156 -4.068649776372517e-7
outer loop
vertex 52.52268600463867 1.3002257347106934 4.5
vertex 52.523345947265625 2.222991466522217 0
vertex 52.52304458618164 1.8002257347106934 4.5
endloop
endfacet
facet normal 0.00029875917654879355 0.9999999553714761 0
outer loop
vertex 53.19981384277344 1.3000234365463257 4.5
vertex 52.52268600463867 1.3002257347106934 0.20000000298023224
vertex 52.52268600463867 1.3002257347106934 4.5
endloop
endfacet
facet normal -0.9999999923696716 0.00012353348956671903 3.655041661230279e-7
outer loop
vertex -72.19775390625 -27.990068435668945 4.5
vertex -72.19989013671875 -45.27006912231445 0.20000000298023224
vertex -72.19925689697266 -40.156734466552734 4.5
endloop
endfacet
facet normal -0.38015646626224564 -0.9249221919485997 0
outer loop
vertex -54.62312698364258 -51.75712966918945 5
vertex -54.522621154785156 -51.798439025878906 0
vertex -54.522621154785156 -51.798439025878906 5
endloop
endfacet
facet normal -0.23289741821424506 -0.9725013072428947 0
outer loop
vertex -55.61605453491211 -51.51934051513672 5
vertex -54.62312698364258 -51.75712966918945 0
vertex -54.62312698364258 -51.75712966918945 5
endloop
endfacet
facet normal -0.11823920138721829 -0.9929851415078238 0
outer loop
vertex -55.69717025756836 -51.509681701660156 5
vertex -55.61605453491211 -51.51934051513672 0
vertex -55.61605453491211 -51.51934051513672 5
endloop
endfacet
facet normal -0.0019240958610506325 -0.9999981489258455 0
outer loop
vertex -66.78182220458984 -51.48835372924805 5
vertex -55.69717025756836 -51.509681701660156 0
vertex -55.69717025756836 -51.509681701660156 5
endloop
endfacet
facet normal 0.9999997459351275 -0.0007128321544127938 0
outer loop
vertex 52.52304458618164 1.8002257347106934 4.5
vertex 52.523345947265625 2.222991466522217 0
vertex 52.523345947265625 2.222991466522217 5
endloop
endfacet
facet normal 0.9901805625517552 -0.13979432586728793 0
outer loop
vertex 52.523345947265625 2.222991466522217 5
vertex 52.53702163696289 2.3198580741882324 0
vertex 52.53702163696289 2.3198580741882324 5
endloop
endfacet
facet normal -0.9207855004295158 -0.39006930435342657 0
outer loop
vertex -71.3551254272461 -47.674198150634766 5
vertex -70.73161315917969 -49.14604187011719 0
vertex -70.73161315917969 -49.14604187011719 5
endloop
endfacet
facet normal -0.9873255733396458 -0.1587079463339492 0
outer loop
vertex -71.48222351074219 -46.88351821899414 5
vertex -71.3551254272461 -47.674198150634766 0
vertex -71.3551254272461 -47.674198150634766 5
endloop
endfacet
facet normal 0 0 1
outer loop
vertex 45.04996109008789 -25.049976348876953 5
vertex 30.949962615966797 -25.049976348876953 5
vertex 45.04996109008789 -29.949975967407227 5
endloop
endfacet
facet normal 0 0 -1
outer loop
vertex 70.19996643066406 48.49073028564453 0
vertex 66.78282165527344 53.488162994384766 0
vertex 71.4821548461914 48.88352966308594 0
endloop
endfacet
facet normal 0 0 -1
outer loop
vertex 70.19996643066406 48.49073028564453 0
vertex 27.809974670410156 53.44290542602539 0
vertex 66.78282165527344 53.488162994384766 0
endloop
endfacet
facet normal 0 0 1
outer loop
vertex 45.04996109008789 -25.049976348876953 5
vertex 45.04996109008789 -29.949975967407227 5
vertex 51.194488525390625 -16.521486282348633 5
endloop
endfacet
facet normal 0 0 -1
outer loop
vertex -54.500038146972656 -29.249977111816406 0
vertex -59.500038146972656 -25.749977111816406 0
vertex -54.500038146972656 -25.749977111816406 0
endloop
endfacet
facet normal 0 0 -1
outer loop
vertex -64.05003356933594 -6.049976825714111 0
vertex -64.05003356933594 -10.949976921081543 0
vertex -70.19454956054688 -2.0402016639709473 0
endloop
endfacet
facet normal 0 0 -1
outer loop
vertex -70.19454956054688 -2.0402016639709473 0
vertex -70.19375610351562 4.409913063049316 0
vertex -64.05003356933594 -6.049976825714111 0
endloop
endfacet
facet normal 0 0 -1
outer loop
vertex -70.19454956054688 -2.0402016639709473 0
vertex -71.48505401611328 -2.0400424003601074 0
vertex -70.19375610351562 4.409913063049316 0
endloop
endfacet
facet normal 0 0 -1
outer loop
vertex 70.19412994384766 29.49073028564453 0
vertex 64.74996185302734 42.500022888183594 0
vertex 70.19996643066406 48.49073028564453 0
endloop
endfacet
facet normal 0 0 -1
outer loop
vertex 64.74996185302734 42.500022888183594 0
vertex 64.04996490478516 46.05002212524414 0
vertex 70.19996643066406 48.49073028564453 0
endloop
endfacet
facet normal 0 0 -1
outer loop
vertex 64.04996490478516 42.500022888183594 0
vertex 64.04996490478516 46.05002212524414 0
vertex 64.74996185302734 42.500022888183594 0
endloop
endfacet
facet normal 0 0 1
outer loop
vertex 45.04996109008789 -10.949976921081543 5
vertex 45.04996109008789 -25.049976348876953 5
vertex 51.194488525390625 -16.521486282348633 5
endloop
endfacet
facet normal -0.9999999983071753 -0.000058186331932106755 0
outer loop
vertex -71.48224639892578 -46.49015808105469 4.5
vertex -71.48222351074219 -46.88351821899414 0
vertex -71.48222351074219 -46.88351821899414 5
endloop
endfacet
facet normal -0.21956350828693624 -0.975598209217674 0
outer loop
vertex -68.3488540649414 -51.135684967041016 5
vertex -66.78182220458984 -51.48835372924805 0
vertex -66.78182220458984 -51.48835372924805 5
endloop
endfacet
facet normal -0.5120852038226207 -0.8589346564354853 0
outer loop
vertex -69.69886016845703 -50.33082962036133 5
vertex -68.3488540649414 -51.135684967041016 0
vertex -68.3488540649414 -51.135684967041016 5
endloop
endfacet
facet normal 0 0 1
outer loop
vertex 45.04996109008789 -6.049976825714111 5
vertex 30.949962615966797 -6.049976825714111 5
vertex 45.04996109008789 -10.949976921081543 5
endloop
endfacet
facet normal -0.9999999980349799 -0.00006269003366215756 0
outer loop
vertex -71.48505401611328 -2.0400424003601074 0
vertex -71.48505401611328 -2.0400424003601074 0.20000000298023224
vertex -71.48545837402344 4.410072326660156 0.20000000298023224
endloop
endfacet
facet normal 0 0 1
outer loop
vertex 45.04996109008789 -10.949976921081543 5
vertex 51.194488525390625 -16.521486282348633 5
vertex 51.1999626159668 1.8006211519241333 5
endloop
endfacet
facet normal 0 0 1
outer loop
vertex 45.04996109008789 -6.049976825714111 5
vertex 45.04996109008789 -10.949976921081543 5
vertex 51.1999626159668 1.8006211519241333 5
endloop
endfacet
facet normal -0.9999999980349799 -0.00006269003366215756 0
outer loop
vertex -71.48505401611328 -2.0400424003601074 0
vertex -71.48545837402344 4.410072326660156 0.20000000298023224
vertex -71.48545837402344 4.410072326660156 0
endloop
endfacet
facet normal 0 0 -1
outer loop
vertex -70.19375610351562 4.409913063049316 0
vertex -71.48505401611328 -2.0400424003601074 0
vertex -71.48545837402344 4.410072326660156 0
endloop
endfacet
facet normal 0 0 -1
outer loop
vertex 70.19412994384766 29.49073028564453 0
vertex 64.74996185302734 35.500022888183594 0
vertex 64.74996185302734 42.500022888183594 0
endloop
endfacet
facet normal 0 0 -1
outer loop
vertex 70.19412994384766 29.49073028564453 0
vertex 64.04996490478516 35.500022888183594 0
vertex 64.74996185302734 35.500022888183594 0
endloop
endfacet
facet normal 0 0 -1
outer loop
vertex 70.19412994384766 29.49073028564453 0
vertex 64.04996490478516 31.950023651123047 0
vertex 64.04996490478516 35.500022888183594 0
endloop
endfacet
facet normal 0 0 -1
outer loop
vertex 49.9499626159668 46.05002212524414 0
vertex 70.19996643066406 48.49073028564453 0
vertex 64.04996490478516 46.05002212524414 0
endloop
endfacet
facet normal 0 0 1
outer loop
vertex 45.04996109008789 8.050023078918457 5
vertex 45.04996109008789 -6.049976825714111 5
vertex 51.1999626159668 1.8006211519241333 5
endloop
endfacet
facet normal 0 0 -1
outer loop
vertex 49.9499626159668 46.05002212524414 0
vertex 45.04996109008789 46.05002212524414 0
vertex 70.19996643066406 48.49073028564453 0
endloop
endfacet
facet normal 0.9999997459351275 -0.0007128321544127937 0
outer loop
vertex 52.52304458618164 1.8002257347106934 5
vertex 52.52304458618164 1.8002257347106934 4.5
vertex 52.523345947265625 2.222991466522217 5
endloop
endfacet
facet normal 0 0 1
outer loop
vertex 51.1999626159668 1.8006211519241333 5
vertex 52.52304458618164 1.8002257347106934 5
vertex 52.523345947265625 2.222991466522217 5
endloop
endfacet
facet normal 0 0 1
outer loop
vertex 52.53702163696289 2.3198580741882324 5
vertex 51.1999626159668 1.8006211519241333 5
vertex 52.523345947265625 2.222991466522217 5
endloop
endfacet
facet normal 0 0 -1
outer loop
vertex -2.50003719329834 8.75002384185791 0
vertex 2.49996280670166 12.25002384185791 0
vertex 2.49996280670166 8.75002384185791 0
endloop
endfacet
facet normal 0 0 -1
outer loop
vertex 2.49996280670166 8.050023078918457 0
vertex 2.49996280670166 8.75002384185791 0
vertex 7.049962997436523 8.050023078918457 0
endloop
endfacet
facet normal 0 0 -1
outer loop
vertex 7.049962997436523 8.050023078918457 0
vertex 2.49996280670166 8.75002384185791 0
vertex 2.49996280670166 12.25002384185791 0
endloop
endfacet
facet normal 0 0 -1
outer loop
vertex 11.949962615966797 8.050023078918457 0
vertex 7.049962997436523 8.050023078918457 0
vertex 2.49996280670166 12.25002384185791 0
endloop
endfacet
facet normal 0 0 -1
outer loop
vertex 2.49996280670166 12.25002384185791 0
vertex 2.49996280670166 12.950023651123047 0
vertex 7.049962997436523 12.950023651123047 0
endloop
endfacet
facet normal 0 0 -1
outer loop
vertex 11.949962615966797 -6.049976825714111 0
vertex 7.049962997436523 8.050023078918457 0
vertex 11.949962615966797 8.050023078918457 0
endloop
endfacet
facet normal 0 0 -1
outer loop
vertex 11.949962615966797 8.050023078918457 0
vertex 2.49996280670166 12.25002384185791 0
vertex 16.499961853027344 8.75002384185791 0
endloop
endfacet
facet normal 0 0 -1
outer loop
vertex 16.499961853027344 8.75002384185791 0
vertex 2.49996280670166 12.25002384185791 0
vertex 21.499961853027344 8.75002384185791 0
endloop
endfacet
facet normal 0 0 -1
outer loop
vertex 11.949962615966797 8.050023078918457 0
vertex 16.499961853027344 8.75002384185791 0
vertex 16.499961853027344 8.050023078918457 0
endloop
endfacet
facet normal 0 0 -1
outer loop
vertex 21.499961853027344 8.75002384185791 0
vertex 2.49996280670166 12.25002384185791 0
vertex 26.049962997436523 8.050023078918457 0
endloop
endfacet
facet normal 0 0 -1
outer loop
vertex 2.49996280670166 12.25002384185791 0
vertex 7.049962997436523 12.950023651123047 0
vertex 30.949962615966797 8.050023078918457 0
endloop
endfacet
facet normal 0 0 -1
outer loop
vertex 11.949962615966797 12.950023651123047 0
vertex 16.499961853027344 12.950023651123047 0
vertex 16.499961853027344 12.25002384185791 0
endloop
endfacet
facet normal 0 0 -1
outer loop
vertex 30.949962615966797 8.050023078918457 0
vertex 7.049962997436523 12.950023651123047 0
vertex 11.949962615966797 12.950023651123047 0
endloop
endfacet
facet normal -0.7538165010077906 -0.6570849890298603 0
outer loop
vertex -70.73161315917969 -49.14604187011719 5
vertex -69.69886016845703 -50.33082962036133 0
vertex -69.69886016845703 -50.33082962036133 5
endloop
endfacet
facet normal -0.9999999924420381 0.00012294218877583791 0.0000010686480902887334
outer loop
vertex -72.1999740600586 -45.99007034301758 4.5
vertex -72.19925689697266 -40.156734466552734 4.5
vertex -72.19989013671875 -45.27006912231445 0.20000000298023224
endloop
endfacet
facet normal -0.000122249387839553 -0.9999999925275437 0
outer loop
vertex -72.1999740600586 -45.99007034301758 4.5
vertex -71.4822769165039 -45.99015808105469 0.20000000298023224
vertex -71.4822769165039 -45.99015808105469 4.5
endloop
endfacet
facet normal -0.9999999981373239 -0.00006103515613631127 2.4902530795971863e-7
outer loop
vertex -71.4822769165039 -45.99015808105469 4.5
vertex -71.48222351074219 -46.88351821899414 0
vertex -71.48224639892578 -46.49015808105469 4.5
endloop
endfacet
facet normal 0 0 -1
outer loop
vertex -2.50003719329834 -6.749976634979248 0
vertex -7.050037384033203 -6.049976825714111 0
vertex -2.50003719329834 -6.049976825714111 0
endloop
endfacet
facet normal 0 0 -1
outer loop
vertex -7.050037384033203 -10.949976921081543 0
vertex -2.50003719329834 -10.24997615814209 0
vertex -2.50003719329834 -10.949976921081543 0
endloop
endfacet
facet normal 0 0 -1
outer loop
vertex 2.49996280670166 -6.749976634979248 0
vertex -21.500038146972656 -10.24997615814209 0
vertex -2.50003719329834 -6.749976634979248 0
endloop
endfacet
facet normal 0 0 -1
outer loop
vertex -7.050037384033203 -10.949976921081543 0
vertex -11.950037002563477 -10.949976921081543 0
vertex 2.49996280670166 -6.749976634979248 0
endloop
endfacet
facet normal 0 0 -1
outer loop
vertex -11.950037002563477 -10.949976921081543 0
vertex -16.500038146972656 -10.24997615814209 0
vertex 2.49996280670166 -6.749976634979248 0
endloop
endfacet
facet normal 0 0 -1
outer loop
vertex 7.049962997436523 12.950023651123047 0
vertex 7.049962997436523 27.050024032592773 0
vertex 11.949962615966797 12.950023651123047 0
endloop
endfacet
facet normal 0 0 -1
outer loop
vertex 2.49996280670166 27.050024032592773 0
vertex 2.49996280670166 27.750022888183594 0
vertex 7.049962997436523 27.050024032592773 0
endloop
endfacet
facet normal 0 0 -1
outer loop
vertex -4.465440273284912 34.45616912841797 0
vertex -1.0980007648468018 33.55386734008789 0
vertex 11.949962615966797 27.050024032592773 0
endloop
endfacet
facet normal 0 0 -1
outer loop
vertex -1.0980007648468018 33.55386734008789 0
vertex 2.37496280670166 33.250022888183594 0
vertex 11.949962615966797 27.050024032592773 0
endloop
endfacet
facet normal 0 0 -1
outer loop
vertex 11.949962615966797 27.050024032592773 0
vertex 2.37496280670166 33.250022888183594 0
vertex 5.847926139831543 33.55386734008789 0
endloop
endfacet
facet normal 0 0 -1
outer loop
vertex 5.847926139831543 33.55386734008789 0
vertex 9.215365409851074 34.45616912841797 0
vertex 11.949962615966797 27.050024032592773 0
endloop
endfacet
facet normal 0 0 -1
outer loop
vertex 11.949962615966797 12.950023651123047 0
vertex 7.049962997436523 27.050024032592773 0
vertex 11.949962615966797 27.050024032592773 0
endloop
endfacet
facet normal 0 0 -1
outer loop
vertex 9.215365409851074 34.45616912841797 0
vertex 16.499961853027344 27.750022888183594 0
vertex 11.949962615966797 27.050024032592773 0
endloop
endfacet
facet normal 0 0 -1
outer loop
vertex 11.949962615966797 27.050024032592773 0
vertex 16.499961853027344 27.750022888183594 0
vertex 16.499961853027344 27.050024032592773 0
endloop
endfacet
facet normal 0 0 -1
outer loop
vertex 21.499961853027344 27.750022888183594 0
vertex 16.499961853027344 27.750022888183594 0
vertex 15.230714797973633 37.929134368896484 0
endloop
endfacet
facet normal 0 0 -1
outer loop
vertex -7.050037384033203 -6.049976825714111 0
vertex -11.950037002563477 -6.049976825714111 0
vertex -11.950037002563477 8.050023078918457 0
endloop
endfacet
facet normal 0 0 -1
outer loop
vertex -21.500038146972656 -10.24997615814209 0
vertex -7.050037384033203 -6.049976825714111 0
vertex -2.50003719329834 -6.749976634979248 0
endloop
endfacet
facet normal 0 0 -1
outer loop
vertex -21.500038146972656 -10.24997615814209 0
vertex -11.950037002563477 -6.049976825714111 0
vertex -7.050037384033203 -6.049976825714111 0
endloop
endfacet
facet normal 0 0 -1
outer loop
vertex -16.500038146972656 -10.24997615814209 0
vertex -21.500038146972656 -10.24997615814209 0
vertex 2.49996280670166 -6.749976634979248 0
endloop
endfacet
facet normal 0 0 -1
outer loop
vertex -11.950037002563477 -6.049976825714111 0
vertex -16.500038146972656 -6.749976634979248 0
vertex -16.500038146972656 -6.049976825714111 0
endloop
endfacet
facet normal 0 0 -1
outer loop
vertex 30.949962615966797 8.050023078918457 0
vertex 26.049962997436523 8.050023078918457 0
vertex 2.49996280670166 12.25002384185791 0
endloop
endfacet
facet normal 0 0 -1
outer loop
vertex 21.499961853027344 8.050023078918457 0
vertex 21.499961853027344 8.75002384185791 0
vertex 26.049962997436523 8.050023078918457 0
endloop
endfacet
facet normal 0 0 -1
outer loop
vertex 30.949962615966797 8.050023078918457 0
vertex 11.949962615966797 12.950023651123047 0
vertex 35.499961853027344 8.050023078918457 0
endloop
endfacet
facet normal 0 0 -1
outer loop
vertex 11.949962615966797 12.950023651123047 0
vertex 16.499961853027344 12.25002384185791 0
vertex 35.499961853027344 8.050023078918457 0
endloop
endfacet
facet normal 0 0 -1
outer loop
vertex 35.499961853027344 8.050023078918457 0
vertex 16.499961853027344 12.25002384185791 0
vertex 21.499961853027344 12.25002384185791 0
endloop
endfacet
facet normal 0 0 -1
outer loop
vertex 21.499961853027344 12.25002384185791 0
vertex 21.499961853027344 12.950023651123047 0
vertex 26.049962997436523 12.950023651123047 0
endloop
endfacet
facet normal 0 0 -1
outer loop
vertex 30.949962615966797 -6.049976825714111 0
vertex 26.049962997436523 8.050023078918457 0
vertex 30.949962615966797 8.050023078918457 0
endloop
endfacet
facet normal 0 0 -1
outer loop
vertex 35.499961853027344 8.050023078918457 0
vertex 21.499961853027344 12.25002384185791 0
vertex 35.499961853027344 8.75002384185791 0
endloop
endfacet
facet normal 0 0 -1
outer loop
vertex 26.049962997436523 12.950023651123047 0
vertex 35.499961853027344 8.75002384185791 0
vertex 21.499961853027344 12.25002384185791 0
endloop
endfacet
facet normal 0 0 -1
outer loop
vertex 35.499961853027344 8.75002384185791 0
vertex 26.049962997436523 12.950023651123047 0
vertex 30.949962615966797 12.950023651123047 0
endloop
endfacet
facet normal 0 0 -1
outer loop
vertex 35.499961853027344 8.75002384185791 0
vertex 30.949962615966797 12.950023651123047 0
vertex 40.499961853027344 8.75002384185791 0
endloop
endfacet
facet normal 0 0 -1
outer loop
vertex 30.949962615966797 12.950023651123047 0
vertex 35.499961853027344 12.950023651123047 0
vertex 35.499961853027344 12.25002384185791 0
endloop
endfacet
facet normal 0 0 -1
outer loop
vertex -21.500038146972656 -10.24997615814209 0
vertex -16.500038146972656 -6.749976634979248 0
vertex -11.950037002563477 -6.049976825714111 0
endloop
endfacet
facet normal 0 0 -1
outer loop
vertex -16.500038146972656 -10.949976921081543 0
vertex -16.500038146972656 -10.24997615814209 0
vertex -11.950037002563477 -10.949976921081543 0
endloop
endfacet
facet normal 0 0 -1
outer loop
vertex -7.050037384033203 -25.049976348876953 0
vertex -11.950037002563477 -10.949976921081543 0
vertex -7.050037384033203 -10.949976921081543 0
endloop
endfacet
facet normal 0 0 -1
outer loop
vertex -2.50003719329834 -25.749977111816406 0
vertex -16.500038146972656 -29.949975967407227 0
vertex -2.50003719329834 -25.049976348876953 0
endloop
endfacet
facet normal 0 0 -1
outer loop
vertex -7.050037384033203 -25.049976348876953 0
vertex -2.50003719329834 -25.049976348876953 0
vertex -16.500038146972656 -29.949975967407227 0
endloop
endfacet
facet normal 0 0 -1
outer loop
vertex -7.050037384033203 -25.049976348876953 0
vertex -11.950037002563477 -25.049976348876953 0
vertex -11.950037002563477 -10.949976921081543 0
endloop
endfacet
facet normal 0 0 -1
outer loop
vertex -7.050037384033203 -25.049976348876953 0
vertex -21.500038146972656 -29.249977111816406 0
vertex -11.950037002563477 -25.049976348876953 0
endloop
endfacet
facet normal 0 0 -1
outer loop
vertex -14.713789939880371 -25.049976348876953 0
vertex -16.500038146972656 -25.749977111816406 0
vertex -16.500038146972656 -25.049976348876953 0
endloop
endfacet
facet normal 0 0 -1
outer loop
vertex -11.950037002563477 -25.049976348876953 0
vertex -26.050037384033203 -29.949975967407227 0
vertex -14.713789939880371 -25.049976348876953 0
endloop
endfacet
facet normal 0 0 -1
outer loop
vertex -21.500038146972656 -10.24997615814209 0
vertex -21.500038146972656 -6.749976634979248 0
vertex -16.500038146972656 -6.749976634979248 0
endloop
endfacet
facet normal 0 0 -1
outer loop
vertex 21.499961853027344 27.050024032592773 0
vertex 21.499961853027344 27.750022888183594 0
vertex 26.049962997436523 27.050024032592773 0
endloop
endfacet
facet normal 0 0 -1
outer loop
vertex 30.949962615966797 12.950023651123047 0
vertex 26.049962997436523 12.950023651123047 0
vertex 26.049962997436523 27.050024032592773 0
endloop
endfacet
facet normal 0 0 -1
outer loop
vertex 30.949962615966797 12.950023651123047 0
vertex 26.049962997436523 27.050024032592773 0
vertex 30.949962615966797 27.050024032592773 0
endloop
endfacet
facet normal 0 0 -1
outer loop
vertex 30.949962615966797 27.050024032592773 0
vertex 35.499961853027344 27.750022888183594 0
vertex 35.499961853027344 27.050024032592773 0
endloop
endfacet
facet normal 0 0 -1
outer loop
vertex 30.949962615966797 31.950023651123047 0
vertex 45.04996109008789 31.950023651123047 0
vertex 30.949962615966797 27.050024032592773 0
endloop
endfacet
facet normal 0 0 -1
outer loop
vertex -21.500038146972656 -6.749976634979248 0
vertex -26.050037384033203 -6.049976825714111 0
vertex -21.500038146972656 -6.049976825714111 0
endloop
endfacet
facet normal 0 0 -1
outer loop
vertex -21.500038146972656 -10.24997615814209 0
vertex -26.050037384033203 -6.049976825714111 0
vertex -21.500038146972656 -6.749976634979248 0
endloop
endfacet
facet normal 0 0 -1
outer loop
vertex -21.500038146972656 -10.24997615814209 0
vertex -26.050037384033203 -10.949976921081543 0
vertex -26.050037384033203 -6.049976825714111 0
endloop
endfacet
facet normal 0 0 -1
outer loop
vertex -26.050037384033203 -10.949976921081543 0
vertex -21.500038146972656 -10.24997615814209 0
vertex -21.500038146972656 -10.949976921081543 0
endloop
endfacet
facet normal 0 0 -1
outer loop
vertex -26.050037384033203 -6.049976825714111 0
vertex -30.950037002563477 -6.049976825714111 0
vertex -30.950037002563477 8.050023078918457 0
endloop
endfacet
facet normal 0 0 -1
outer loop
vertex -26.050037384033203 -6.049976825714111 0
vertex -26.050037384033203 -10.949976921081543 0
vertex -30.950037002563477 -6.049976825714111 0
endloop
endfacet
facet normal 0 0 -1
outer loop
vertex -26.050037384033203 -10.949976921081543 0
vertex -30.950037002563477 -10.949976921081543 0
vertex -30.950037002563477 -6.049976825714111 0
endloop
endfacet
facet normal 0 0 -1
outer loop
vertex -30.950037002563477 -6.049976825714111 0
vertex -30.950037002563477 -10.949976921081543 0
vertex -35.500038146972656 -6.749976634979248 0
endloop
endfacet
facet normal 0 0 -1
outer loop
vertex -35.500038146972656 -6.749976634979248 0
vertex -35.500038146972656 -6.049976825714111 0
vertex -30.950037002563477 -6.049976825714111 0
endloop
endfacet
facet normal 0 0 -1
outer loop
vertex -30.950037002563477 -10.949976921081543 0
vertex -35.500038146972656 -10.24997615814209 0
vertex -35.500038146972656 -6.749976634979248 0
endloop
endfacet
facet normal 0 0 -1
outer loop
vertex -35.500038146972656 -10.949976921081543 0
vertex -35.500038146972656 -10.24997615814209 0
vertex -30.950037002563477 -10.949976921081543 0
endloop
endfacet
facet normal 0 0 -1
outer loop
vertex -26.050037384033203 -29.949975967407227 0
vertex -16.500038146972656 -25.749977111816406 0
vertex -14.713789939880371 -25.049976348876953 0
endloop
endfacet
facet normal 0 0 -1
outer loop
vertex -21.500038146972656 -25.749977111816406 0
vertex -26.050037384033203 -25.049976348876953 0
vertex -21.500038146972656 -25.049976348876953 0
endloop
endfacet
facet normal 0 0 -1
outer loop
vertex -26.050037384033203 -25.049976348876953 0
vertex -30.950037002563477 -10.949976921081543 0
vertex -26.050037384033203 -10.949976921081543 0
endloop
endfacet
facet normal 0 0 -1
outer loop
vertex -26.050037384033203 -25.049976348876953 0
vertex -30.950037002563477 -25.049976348876953 0
vertex -30.950037002563477 -10.949976921081543 0
endloop
endfacet
facet normal 0 0 -1
outer loop
vertex -35.500038146972656 -29.949975967407227 0
vertex -26.050037384033203 -25.049976348876953 0
vertex -21.500038146972656 -25.749977111816406 0
endloop
endfacet
facet normal 0 0 -1
outer loop
vertex -35.500038146972656 -29.949975967407227 0
vertex -30.950037002563477 -25.049976348876953 0
vertex -26.050037384033203 -25.049976348876953 0
endloop
endfacet
facet normal 0 0 -1
outer loop
vertex -30.950037002563477 -25.049976348876953 0
vertex -35.500038146972656 -25.749977111816406 0
vertex -35.500038146972656 -25.049976348876953 0
endloop
endfacet
facet normal 0 0 -1
outer loop
vertex -30.950037002563477 -25.049976348876953 0
vertex -35.500038146972656 -29.249977111816406 0
vertex -35.500038146972656 -25.749977111816406 0
endloop
endfacet
facet normal 0.0008297841119783088 -0.9999996557291045 0
outer loop
vertex -49.74994659423828 -56.48326873779297 0
vertex 50.202701568603516 -56.40032958984375 0
vertex -49.74994659423828 -56.48326873779297 5
endloop
endfacet
facet normal 0 0 -1
outer loop
vertex -2.50003719329834 -29.249977111816406 0
vertex -7.050037384033203 -29.949975967407227 0
vertex 7.049962997436523 -25.049976348876953 0
endloop
endfacet
facet normal 0 0 -1
outer loop
vertex 2.49996280670166 -25.749977111816406 0
vertex -11.950037002563477 -29.949975967407227 0
vertex -2.50003719329834 -25.749977111816406 0
endloop
endfacet
facet normal 0 0 -1
outer loop
vertex -7.050037384033203 -29.949975967407227 0
vertex -2.50003719329834 -29.249977111816406 0
vertex -2.50003719329834 -29.949975967407227 0
endloop
endfacet
facet normal 0 0 -1
outer loop
vertex -7.050037384033203 -29.949975967407227 0
vertex -11.950037002563477 -29.949975967407227 0
vertex 2.49996280670166 -25.749977111816406 0
endloop
endfacet
facet normal 0 0 -1
outer loop
vertex -7.050037384033203 -44.04997634887695 0
vertex -11.950037002563477 -29.949975967407227 0
vertex -7.050037384033203 -29.949975967407227 0
endloop
endfacet
facet normal 0 0 -1
outer loop
vertex -16.500038146972656 -29.949975967407227 0
vertex -2.50003719329834 -25.749977111816406 0
vertex -11.950037002563477 -29.949975967407227 0
endloop
endfacet
facet normal 0 0 -1
outer loop
vertex -16.500038146972656 -29.949975967407227 0
vertex -16.500038146972656 -29.249977111816406 0
vertex -7.050037384033203 -25.049976348876953 0
endloop
endfacet
facet normal 0 0 -1
outer loop
vertex -16.500038146972656 -29.249977111816406 0
vertex -21.500038146972656 -29.249977111816406 0
vertex -7.050037384033203 -25.049976348876953 0
endloop
endfacet
facet normal 0 0 -1
outer loop
vertex -7.050037384033203 -44.04997634887695 0
vertex -11.950037002563477 -44.04997634887695 0
vertex -11.950037002563477 -29.949975967407227 0
endloop
endfacet
facet normal 0 0 -1
outer loop
vertex 16.499961853027344 27.750022888183594 0
vertex 9.215365409851074 34.45616912841797 0
vertex 12.37496280670166 35.92951583862305 0
endloop
endfacet
facet normal 0 0 -1
outer loop
vertex 15.230714797973633 37.929134368896484 0
vertex 16.499961853027344 27.750022888183594 0
vertex 12.37496280670166 35.92951583862305 0
endloop
endfacet
facet normal 0 0 -1
outer loop
vertex 21.499961853027344 27.750022888183594 0
vertex 15.230714797973633 37.929134368896484 0
vertex 17.695852279663086 40.39427185058594 0
endloop
endfacet
facet normal 0 0 -1
outer loop
vertex 19.695470809936523 43.250022888183594 0
vertex 26.049962997436523 27.050024032592773 0
vertex 21.499961853027344 27.750022888183594 0
endloop
endfacet
facet normal 0 0 -1
outer loop
vertex 17.695852279663086 40.39427185058594 0
vertex 19.695470809936523 43.250022888183594 0
vertex 21.499961853027344 27.750022888183594 0
endloop
endfacet
facet normal 0 0 -1
outer loop
vertex 19.695470809936523 43.250022888183594 0
vertex 30.949962615966797 27.050024032592773 0
vertex 26.049962997436523 27.050024032592773 0
endloop
endfacet
facet normal 0 0 -1
outer loop
vertex 21.16881561279297 46.40962219238281 0
vertex 30.949962615966797 31.950023651123047 0
vertex 19.695470809936523 43.250022888183594 0
endloop
endfacet
facet normal 0 0 -1
outer loop
vertex 30.249961853027344 35.500022888183594 0
vertex 21.16881561279297 46.40962219238281 0
vertex 22.071117401123047 49.777061462402344 0
endloop
endfacet
facet normal 0 0 -1
outer loop
vertex 23.136051177978516 52.92742919921875 0
vertex 30.249961853027344 35.500022888183594 0
vertex 22.071117401123047 49.777061462402344 0
endloop
endfacet
facet normal 0 0 -1
outer loop
vertex 30.949962615966797 27.050024032592773 0
vertex 19.695470809936523 43.250022888183594 0
vertex 30.949962615966797 31.950023651123047 0
endloop
endfacet
facet normal 0 0 -1
outer loop
vertex 30.249961853027344 35.500022888183594 0
vertex 30.949962615966797 35.500022888183594 0
vertex 30.949962615966797 31.950023651123047 0
endloop
endfacet
facet normal 0 0 -1
outer loop
vertex 30.949962615966797 31.950023651123047 0
vertex 21.16881561279297 46.40962219238281 0
vertex 30.249961853027344 35.500022888183594 0
endloop
endfacet
facet normal 0 0 -1
outer loop
vertex -2.50003719329834 -44.749977111816406 0
vertex -7.050037384033203 -44.04997634887695 0
vertex -2.50003719329834 -44.04997634887695 0
endloop
endfacet
facet normal 0 0 -1
outer loop
vertex -49.74994659423828 -56.48326873779297 0
vertex 11.375608444213867 -53.12788009643555 0
vertex 11.599963188171387 -53.14997482299805 0
endloop
endfacet
facet normal 0 0 -1
outer loop
vertex 30.249961853027344 35.500022888183594 0
vertex 23.235803604125977 52.884334564208984 0
vertex 30.249961853027344 42.500022888183594 0
endloop
endfacet
facet normal 0 0 -1
outer loop
vertex 30.249961853027344 42.500022888183594 0
vertex 24.34554100036621 52.614898681640625 0
vertex 30.949962615966797 42.500022888183594 0
endloop
endfacet
facet normal 0 0 -1
outer loop
vertex 9.78176498413086 -43.64177703857422 0
vertex -49.74994659423828 -56.48326873779297 0
vertex 9.927755355834961 -43.54423141479492 0
endloop
endfacet
facet normal 0 0 -1
outer loop
vertex 9.68421745300293 -43.78776931762695 0
vertex -49.74994659423828 -56.48326873779297 0
vertex 9.78176498413086 -43.64177703857422 0
endloop
endfacet
facet normal 0 0 -1
outer loop
vertex 9.649962425231934 -43.95997619628906 0
vertex -49.74994659423828 -56.48326873779297 0
vertex 9.68421745300293 -43.78776931762695 0
endloop
endfacet
facet normal 0 0 -1
outer loop
vertex 9.68421745300293 -44.13218307495117 0
vertex -49.74994659423828 -56.48326873779297 0
vertex 9.649962425231934 -43.95997619628906 0
endloop
endfacet
facet normal 0 0 -1
outer loop
vertex 9.78176498413086 -44.278175354003906 0
vertex -49.74994659423828 -56.48326873779297 0
vertex 9.68421745300293 -44.13218307495117 0
endloop
endfacet
facet normal 0 0 -1
outer loop
vertex 9.68421745300293 -45.057769775390625 0
vertex -49.74994659423828 -56.48326873779297 0
vertex 9.78176498413086 -44.278175354003906 0
endloop
endfacet
facet normal 0 0 -1
outer loop
vertex 9.649962425231934 -45.229976654052734 0
vertex -49.74994659423828 -56.48326873779297 0
vertex 9.68421745300293 -45.057769775390625 0
endloop
endfacet
facet normal 0 0 -1
outer loop
vertex 9.68421745300293 -45.402183532714844 0
vertex -49.74994659423828 -56.48326873779297 0
vertex 9.649962425231934 -45.229976654052734 0
endloop
endfacet
facet normal 0 0 -1
outer loop
vertex 7.049962997436523 -44.04997634887695 0
vertex 9.927755355834961 -43.54423141479492 0
vertex -49.74994659423828 -56.48326873779297 0
endloop
endfacet
facet normal 0 0 -1
outer loop
vertex -49.74994659423828 -56.48326873779297 0
vertex 2.49996280670166 -44.749977111816406 0
vertex 7.049962997436523 -44.04997634887695 0
endloop
endfacet
facet normal 0 0 -1
outer loop
vertex -11.950037002563477 -44.04997634887695 0
vertex -16.500038146972656 -44.749977111816406 0
vertex -16.500038146972656 -44.04997634887695 0
endloop
endfacet
facet normal 0 0 -1
outer loop
vertex 22.071117401123047 49.777061462402344 0
vertex 22.360382080078125 53.41667175292969 0
vertex 23.136051177978516 52.92742919921875 0
endloop
endfacet
facet normal 0 0 -1
outer loop
vertex 30.249961853027344 35.500022888183594 0
vertex 23.136051177978516 52.92742919921875 0
vertex 23.235803604125977 52.884334564208984 0
endloop
endfacet
facet normal 0 0 -1
outer loop
vertex 24.237398147583008 52.62552261352539 0
vertex 30.249961853027344 42.500022888183594 0
vertex 23.235803604125977 52.884334564208984 0
endloop
endfacet
facet normal 0 0 -1
outer loop
vertex 30.249961853027344 42.500022888183594 0
vertex 24.237398147583008 52.62552261352539 0
vertex 24.34554100036621 52.614898681640625 0
endloop
endfacet
facet normal 0 0 -1
outer loop
vertex 24.34554100036621 52.614898681640625 0
vertex 25.368328094482422 52.673240661621094 0
vertex 30.949962615966797 42.500022888183594 0
endloop
endfacet
facet normal 0 0 -1
outer loop
vertex 25.45542335510254 52.689388275146484 0
vertex 30.949962615966797 46.05002212524414 0
vertex 30.949962615966797 42.500022888183594 0
endloop
endfacet
facet normal 0 0 -1
outer loop
vertex 30.949962615966797 42.500022888183594 0
vertex 25.368328094482422 52.673240661621094 0
vertex 25.45542335510254 52.689388275146484 0
endloop
endfacet
facet normal 0 0 -1
outer loop
vertex 30.949962615966797 46.05002212524414 0
vertex 25.45542335510254 52.689388275146484 0
vertex 27.809974670410156 53.44290542602539 0
endloop
endfacet
facet normal 0 0 -1
outer loop
vertex 27.809974670410156 53.44290542602539 0
vertex 70.19996643066406 48.49073028564453 0
vertex 30.949962615966797 46.05002212524414 0
endloop
endfacet
facet normal 0 0 -1
outer loop
vertex -64.05003356933594 -6.049976825714111 0
vertex -70.19375610351562 4.409913063049316 0
vertex -64.05003356933594 8.050023078918457 0
endloop
endfacet
facet normal 0 0 -1
outer loop
vertex -64.05003356933594 -10.949976921081543 0
vertex -59.500038146972656 -10.24997615814209 0
vertex -59.500038146972656 -10.949976921081543 0
endloop
endfacet
facet normal 0 0 -1
outer loop
vertex -59.500038146972656 -10.24997615814209 0
vertex -64.05003356933594 -10.949976921081543 0
vertex -64.05003356933594 -6.049976825714111 0
endloop
endfacet
facet normal 0 0 -1
outer loop
vertex -59.500038146972656 -6.749976634979248 0
vertex -59.500038146972656 -10.24997615814209 0
vertex -64.05003356933594 -6.049976825714111 0
endloop
endfacet
facet normal 0 0 -1
outer loop
vertex -59.500038146972656 -6.749976634979248 0
vertex -64.05003356933594 -6.049976825714111 0
vertex -59.500038146972656 -6.049976825714111 0
endloop
endfacet
facet normal 0 0 -1
outer loop
vertex -59.500038146972656 -10.24997615814209 0
vertex -59.500038146972656 -6.749976634979248 0
vertex -54.500038146972656 -10.24997615814209 0
endloop
endfacet
facet normal 0 0 -1
outer loop
vertex -54.500038146972656 -10.24997615814209 0
vertex -59.500038146972656 -6.749976634979248 0
vertex -54.500038146972656 -6.749976634979248 0
endloop
endfacet
facet normal 0 0 -1
outer loop
vertex -49.74994659423828 -56.48326873779297 0
vertex -2.50003719329834 -44.749977111816406 0
vertex 2.49996280670166 -44.749977111816406 0
endloop
endfacet
facet normal 0 0 -1
outer loop
vertex 9.78176498413086 -45.54817581176758 0
vertex -49.74994659423828 -56.48326873779297 0
vertex 9.68421745300293 -45.402183532714844 0
endloop
endfacet
facet normal 0 0 -1
outer loop
vertex 9.68421745300293 -46.3277702331543 0
vertex -49.74994659423828 -56.48326873779297 0
vertex 9.78176498413086 -45.54817581176758 0
endloop
endfacet
facet normal 0 0 -1
outer loop
vertex 9.649962425231934 -46.499977111816406 0
vertex -49.74994659423828 -56.48326873779297 0
vertex 9.68421745300293 -46.3277702331543 0
endloop
endfacet
facet normal 0 0 -1
outer loop
vertex -54.500038146972656 -25.749977111816406 0
vertex -54.500038146972656 -25.049976348876953 0
vertex -49.95003890991211 -25.049976348876953 0
endloop
endfacet
facet normal 0 0 -1
outer loop
vertex -49.95003890991211 -29.949975967407227 0
vertex -54.500038146972656 -25.749977111816406 0
vertex -49.95003890991211 -25.049976348876953 0
endloop
endfacet
facet normal 0.5334833250263928 0.8458105827658956 0
outer loop
vertex 23.136051177978516 52.92742919921875 0
vertex 22.360382080078125 53.41667175292969 0
vertex 22.360382080078125 53.41667175292969 5
endloop
endfacet
facet normal 0.3965889964164765 0.9179962788167347 0
outer loop
vertex 23.235803604125977 52.884334564208984 0
vertex 23.136051177978516 52.92742919921875 0
vertex 23.235803604125977 52.884334564208984 5
endloop
endfacet
facet normal 0.2501824686725901 0.9681987050026913 0
outer loop
vertex 24.237398147583008 52.62552261352539 0
vertex 23.235803604125977 52.884334564208984 0
vertex 24.237398147583008 52.62552261352539 5
endloop
endfacet
facet normal 0.09776914185738918 0.9952091211903504 0
outer loop
vertex 24.34554100036621 52.614898681640625 0
vertex 24.237398147583008 52.62552261352539 0
vertex 24.34554100036621 52.614898681640625 5
endloop
endfacet
facet normal -0.056949578788602545 0.9983770557639037 0
outer loop
vertex 25.368328094482422 52.673240661621094 0
vertex 24.34554100036621 52.614898681640625 0
vertex 25.368328094482422 52.673240661621094 5
endloop
endfacet
facet normal -0.18229512970706463 0.9832438587070272 0
outer loop
vertex 25.45542335510254 52.689388275146484 0
vertex 25.368328094482422 52.673240661621094 0
vertex 25.45542335510254 52.689388275146484 5
endloop
endfacet
facet normal -0.3047980104956288 0.9524170162265616 0
outer loop
vertex 27.809974670410156 53.44290542602539 0
vertex 25.45542335510254 52.689388275146484 0
vertex 27.809974670410156 53.44290542602539 5
endloop
endfacet
facet normal 0 0 -1
outer loop
vertex 9.68421745300293 -46.672183990478516 0
vertex -49.74994659423828 -56.48326873779297 0
vertex 9.649962425231934 -46.499977111816406 0
endloop
endfacet
facet normal 0 0 -1
outer loop
vertex 40.499961853027344 8.75002384185791 0
vertex 30.949962615966797 12.950023651123047 0
vertex 45.04996109008789 8.050023078918457 0
endloop
endfacet
facet normal 0 0 -1
outer loop
vertex 40.499961853027344 8.050023078918457 0
vertex 40.499961853027344 8.75002384185791 0
vertex 45.04996109008789 8.050023078918457 0
endloop
endfacet
facet normal 0 0 -1
outer loop
vertex 45.04996109008789 8.050023078918457 0
vertex 30.949962615966797 12.950023651123047 0
vertex 54.420284271240234 5.044356822967529 0
endloop
endfacet
facet normal 0 0 -1
outer loop
vertex 55.39524841308594 5.41299295425415 0
vertex 35.499961853027344 12.25002384185791 0
vertex 40.499961853027344 12.25002384185791 0
endloop
endfacet
facet normal 0 0 -1
outer loop
vertex 55.39524841308594 5.41299295425415 0
vertex 30.949962615966797 12.950023651123047 0
vertex 35.499961853027344 12.25002384185791 0
endloop
endfacet
facet normal 0 0 -1
outer loop
vertex 40.499961853027344 12.25002384185791 0
vertex 40.499961853027344 12.950023651123047 0
vertex 45.04996109008789 12.950023651123047 0
endloop
endfacet
facet normal 0 0 -1
outer loop
vertex 51.1999626159668 1.8006211519241333 0
vertex 45.04996109008789 8.050023078918457 0
vertex 52.523345947265625 2.222991466522217 0
endloop
endfacet
facet normal 0 0 -1
outer loop
vertex 55.39524841308594 5.41299295425415 0
vertex 54.420284271240234 5.044356822967529 0
vertex 30.949962615966797 12.950023651123047 0
endloop
endfacet
facet normal 0 0 -1
outer loop
vertex 52.523345947265625 2.222991466522217 0
vertex 45.04996109008789 8.050023078918457 0
vertex 52.53702163696289 2.3198580741882324 0
endloop
endfacet
facet normal 0 0 -1
outer loop
vertex 52.53702163696289 2.3198580741882324 0
vertex 45.04996109008789 8.050023078918457 0
vertex 52.8211784362793 3.3089213371276855 0
endloop
endfacet
facet normal 0 0 -1
outer loop
vertex 52.8211784362793 3.3089213371276855 0
vertex 45.04996109008789 8.050023078918457 0
vertex 52.866939544677734 3.4074795246124268 0
endloop
endfacet
facet normal 0 0 -1
outer loop
vertex 52.866939544677734 3.4074795246124268 0
vertex 45.04996109008789 8.050023078918457 0
vertex 53.44215774536133 4.267303466796875 0
endloop
endfacet
facet normal 0 0 -1
outer loop
vertex 53.44215774536133 4.267303466796875 0
vertex 45.04996109008789 8.050023078918457 0
vertex 53.51579284667969 4.347215175628662 0
endloop
endfacet
facet normal 0 0 -1
outer loop
vertex 53.51579284667969 4.347215175628662 0
vertex 45.04996109008789 8.050023078918457 0
vertex 54.32579040527344 4.9907026290893555 0
endloop
endfacet
facet normal 0 0 -1
outer loop
vertex 54.32579040527344 4.9907026290893555 0
vertex 45.04996109008789 8.050023078918457 0
vertex 54.420284271240234 5.044356822967529 0
endloop
endfacet
facet normal 0 0 -1
outer loop
vertex 55.51747131347656 5.435782432556152 0
vertex 55.39524841308594 5.41299295425415 0
vertex 45.04996109008789 12.950023651123047 0
endloop
endfacet
facet normal 0 0 -1
outer loop
vertex 55.39524841308594 5.41299295425415 0
vertex 40.499961853027344 12.25002384185791 0
vertex 45.04996109008789 12.950023651123047 0
endloop
endfacet
facet normal 0 0 -1
outer loop
vertex 55.51747131347656 5.435782432556152 0
vertex 45.04996109008789 12.950023651123047 0
vertex 49.9499626159668 12.950023651123047 0
endloop
endfacet
facet normal 0 0 -1
outer loop
vertex 55.51747131347656 5.435782432556152 0
vertex 49.9499626159668 12.950023651123047 0
vertex 54.499961853027344 12.25002384185791 0
endloop
endfacet
facet normal 0 0 -1
outer loop
vertex 54.499961853027344 12.25002384185791 0
vertex 49.9499626159668 12.950023651123047 0
vertex 54.499961853027344 12.950023651123047 0
endloop
endfacet
facet normal 0 0 -1
outer loop
vertex 10.643773078918457 -51.3610725402832 0
vertex -49.74994659423828 -56.48326873779297 0
vertex 9.68421745300293 -46.672183990478516 0
endloop
endfacet
facet normal 0 0 -1
outer loop
vertex 10.537501335144043 -51.55989074707031 0
vertex -49.74994659423828 -56.48326873779297 0
vertex 10.643773078918457 -51.3610725402832 0
endloop
endfacet
facet normal 0 0 -1
outer loop
vertex 10.47205924987793 -51.7756233215332 0
vertex -49.74994659423828 -56.48326873779297 0
vertex 10.537501335144043 -51.55989074707031 0
endloop
endfacet
facet normal 0 0 -1
outer loop
vertex 10.449962615966797 -51.999977111816406 0
vertex -49.74994659423828 -56.48326873779297 0
vertex 10.47205924987793 -51.7756233215332 0
endloop
endfacet
facet normal 0 0 -1
outer loop
vertex -49.74994659423828 -56.48326873779297 0
vertex 10.449962615966797 -51.999977111816406 0
vertex 10.47205924987793 -52.22433090209961 0
endloop
endfacet
facet normal 0 0 -1
outer loop
vertex 11.159876823425293 -53.06243896484375 0
vertex -49.74994659423828 -56.48326873779297 0
vertex 10.96105670928955 -52.9561653137207 0
endloop
endfacet
facet normal 0 0 -1
outer loop
vertex 10.537501335144043 -52.4400634765625 0
vertex -49.74994659423828 -56.48326873779297 0
vertex 10.47205924987793 -52.22433090209961 0
endloop
endfacet
facet normal 0 0 -1
outer loop
vertex 35.499961853027344 27.750022888183594 0
vertex 30.949962615966797 27.050024032592773 0
vertex 45.04996109008789 31.950023651123047 0
endloop
endfacet
facet normal 0 0 -1
outer loop
vertex 35.499961853027344 27.750022888183594 0
vertex 45.04996109008789 31.950023651123047 0
vertex 40.499961853027344 27.750022888183594 0
endloop
endfacet
facet normal 0 0 -1
outer loop
vertex 40.499961853027344 27.050024032592773 0
vertex 40.499961853027344 27.750022888183594 0
vertex 45.04996109008789 27.050024032592773 0
endloop
endfacet
facet normal 0 0 -1
outer loop
vertex 45.04996109008789 27.050024032592773 0
vertex 40.499961853027344 27.750022888183594 0
vertex 45.04996109008789 31.950023651123047 0
endloop
endfacet
facet normal 0 0 -1
outer loop
vertex 49.9499626159668 12.950023651123047 0
vertex 45.04996109008789 12.950023651123047 0
vertex 45.04996109008789 27.050024032592773 0
endloop
endfacet
facet normal 0 0 -1
outer loop
vertex 49.9499626159668 12.950023651123047 0
vertex 45.04996109008789 27.050024032592773 0
vertex 45.04996109008789 31.950023651123047 0
endloop
endfacet
facet normal 0 0 -1
outer loop
vertex 49.9499626159668 12.950023651123047 0
vertex 45.04996109008789 31.950023651123047 0
vertex 49.9499626159668 27.050024032592773 0
endloop
endfacet
facet normal 0 0 -1
outer loop
vertex 49.9499626159668 27.050024032592773 0
vertex 45.04996109008789 31.950023651123047 0
vertex 45.04996109008789 35.500022888183594 0
endloop
endfacet
facet normal 0 0 -1
outer loop
vertex 49.9499626159668 27.050024032592773 0
vertex 54.499961853027344 27.750022888183594 0
vertex 54.499961853027344 27.050024032592773 0
endloop
endfacet
facet normal 0 0 -1
outer loop
vertex 54.499961853027344 27.750022888183594 0
vertex 49.9499626159668 27.050024032592773 0
vertex 49.9499626159668 31.950023651123047 0
endloop
endfacet
facet normal 0 0 -1
outer loop
vertex 10.643773078918457 -52.63888168334961 0
vertex -49.74994659423828 -56.48326873779297 0
vertex 10.537501335144043 -52.4400634765625 0
endloop
endfacet
facet normal 0 0 -1
outer loop
vertex 10.643773078918457 -52.63888168334961 0
vertex 10.786789894104004 -52.813148498535156 0
vertex -49.74994659423828 -56.48326873779297 0
endloop
endfacet
facet normal 0 0 -1
outer loop
vertex -49.74994659423828 -56.48326873779297 0
vertex 10.786789894104004 -52.813148498535156 0
vertex 10.96105670928955 -52.9561653137207 0
endloop
endfacet
facet normal 0 0 -1
outer loop
vertex -49.74994659423828 -56.48326873779297 0
vertex 11.159876823425293 -53.06243896484375 0
vertex 11.375608444213867 -53.12788009643555 0
endloop
endfacet
facet normal 0 0 -1
outer loop
vertex -21.500038146972656 -29.249977111816406 0
vertex -26.050037384033203 -29.949975967407227 0
vertex -11.950037002563477 -25.049976348876953 0
endloop
endfacet
facet normal 0 0 -1
outer loop
vertex 59.499961853027344 12.25002384185791 0
vertex 55.51747131347656 5.435782432556152 0
vertex 54.499961853027344 12.25002384185791 0
endloop
endfacet
facet normal 0 0 -1
outer loop
vertex 55.51747131347656 5.435782432556152 0
vertex 59.499961853027344 12.25002384185791 0
vertex 66.88102722167969 5.517439842224121 0
endloop
endfacet
facet normal 0 0 -1
outer loop
vertex 59.499961853027344 12.25002384185791 0
vertex 59.499961853027344 12.950023651123047 0
vertex 64.04996490478516 12.950023651123047 0
endloop
endfacet
facet normal 0 0 -1
outer loop
vertex 67.67418670654297 5.6449384689331055 0
vertex 66.88102722167969 5.517439842224121 0
vertex 64.04996490478516 12.950023651123047 0
endloop
endfacet
facet normal 0 0 -1
outer loop
vertex 69.14602661132812 6.268446445465088 0
vertex 67.67418670654297 5.6449384689331055 0
vertex 64.04996490478516 12.950023651123047 0
endloop
endfacet
facet normal 0 0 -1
outer loop
vertex 70.33081817626953 7.301201343536377 0
vertex 69.14602661132812 6.268446445465088 0
vertex 64.04996490478516 12.950023651123047 0
endloop
endfacet
facet normal 0 0 -1
outer loop
vertex 66.88102722167969 5.517439842224121 0
vertex 59.499961853027344 12.25002384185791 0
vertex 64.04996490478516 12.950023651123047 0
endloop
endfacet
facet normal 0 0 -1
outer loop
vertex 70.33081817626953 7.301201343536377 0
vertex 64.04996490478516 12.950023651123047 0
vertex 64.04996490478516 27.050024032592773 0
endloop
endfacet
facet normal 0 0 -1
outer loop
vertex 71.13567352294922 8.65120792388916 0
vertex 70.33081817626953 7.301201343536377 0
vertex 64.04996490478516 27.050024032592773 0
endloop
endfacet
facet normal 0 0 -1
outer loop
vertex 71.13567352294922 8.65120792388916 0
vertex 64.04996490478516 27.050024032592773 0
vertex 71.4881820678711 10.21751594543457 0
endloop
endfacet
facet normal 0 0 -1
outer loop
vertex -16.500038146972656 -25.749977111816406 0
vertex -35.500038146972656 -29.949975967407227 0
vertex -21.500038146972656 -25.749977111816406 0
endloop
endfacet
facet normal 0 0 -1
outer loop
vertex -26.050037384033203 -29.949975967407227 0
vertex -21.500038146972656 -29.249977111816406 0
vertex -21.500038146972656 -29.949975967407227 0
endloop
endfacet
facet normal 0 0 -1
outer loop
vertex -26.050037384033203 -29.949975967407227 0
vertex -30.950037002563477 -32.03399658203125 0
vertex -16.500038146972656 -25.749977111816406 0
endloop
endfacet
facet normal 0 0 -1
outer loop
vertex -30.950037002563477 -32.03399658203125 0
vertex -30.950037002563477 -29.949975967407227 0
vertex -16.500038146972656 -25.749977111816406 0
endloop
endfacet
facet normal 0 0 -1
outer loop
vertex 54.499961853027344 27.750022888183594 0
vertex 49.9499626159668 31.950023651123047 0
vertex 59.499961853027344 27.750022888183594 0
endloop
endfacet
facet normal 0 0 -1
outer loop
vertex 59.499961853027344 27.750022888183594 0
vertex 49.9499626159668 31.950023651123047 0
vertex 64.04996490478516 31.950023651123047 0
endloop
endfacet
facet normal 0 0 -1
outer loop
vertex 59.499961853027344 27.050024032592773 0
vertex 59.499961853027344 27.750022888183594 0
vertex 64.04996490478516 27.050024032592773 0
endloop
endfacet
facet normal 0 0 -1
outer loop
vertex 64.04996490478516 27.050024032592773 0
vertex 59.499961853027344 27.750022888183594 0
vertex 64.04996490478516 31.950023651123047 0
endloop
endfacet
facet normal 0 0 -1
outer loop
vertex 71.4881820678711 10.21751594543457 0
vertex 64.04996490478516 27.050024032592773 0
vertex 71.48517608642578 29.490333557128906 0
endloop
endfacet
facet normal 0.9999999878366791 0.00015597000237919635 0
outer loop
vertex 71.4881820678711 10.21751594543457 0
vertex 71.48517608642578 29.490333557128906 0
vertex 71.48517608642578 29.490333557128906 0.20000000298023224
endloop
endfacet
facet normal 0 0 -1
outer loop
vertex 64.04996490478516 27.050024032592773 0
vertex 64.04996490478516 31.950023651123047 0
vertex 70.19412994384766 29.49073028564453 0
endloop
endfacet
facet normal 0 0 -1
outer loop
vertex 71.48517608642578 29.490333557128906 0
vertex 64.04996490478516 27.050024032592773 0
vertex 70.19412994384766 29.49073028564453 0
endloop
endfacet
facet normal 0 0 -1
outer loop
vertex -45.0500373840332 -29.949975967407227 0
vertex -49.95003890991211 -25.049976348876953 0
vertex -45.0500373840332 -25.049976348876953 0
endloop
endfacet
facet normal 0 0 -1
outer loop
vertex -45.0500373840332 -25.049976348876953 0
vertex -49.95003890991211 -25.049976348876953 0
vertex -49.95003890991211 -10.949976921081543 0
endloop
endfacet
facet normal 0 0 -1
outer loop
vertex -45.0500373840332 -25.049976348876953 0
vertex -49.95003890991211 -10.949976921081543 0
vertex -45.0500373840332 -10.949976921081543 0
endloop
endfacet
facet normal 0 0 -1
outer loop
vertex -35.500038146972656 -29.949975967407227 0
vertex -16.500038146972656 -25.749977111816406 0
vertex -30.950037002563477 -29.949975967407227 0
endloop
endfacet
facet normal 0 0 -1
outer loop
vertex -35.500038146972656 -29.949975967407227 0
vertex -35.500038146972656 -29.249977111816406 0
vertex -30.950037002563477 -25.049976348876953 0
endloop
endfacet
facet normal 0 0 -1
outer loop
vertex -26.050037384033203 -44.04997634887695 0
vertex -30.950037002563477 -32.03399658203125 0
vertex -26.050037384033203 -29.949975967407227 0
endloop
endfacet
facet normal 0 0 -1
outer loop
vertex -26.050037384033203 -44.04997634887695 0
vertex -30.950037002563477 -44.04997634887695 0
vertex -30.950037002563477 -32.03399658203125 0
endloop
endfacet
facet normal 0 0 -1
outer loop
vertex -49.74994659423828 -56.48326873779297 0
vertex -7.050037384033203 -44.04997634887695 0
vertex -2.50003719329834 -44.749977111816406 0
endloop
endfacet
facet normal 0 0 -1
outer loop
vertex -21.500038146972656 -44.749977111816406 0
vertex -26.050037384033203 -44.04997634887695 0
vertex -21.500038146972656 -44.04997634887695 0
endloop
endfacet
facet normal 0.961120610271258 -0.27612890560715375 0
outer loop
vertex 52.53702163696289 2.3198580741882324 0
vertex 52.8211784362793 3.3089213371276855 0
vertex 52.53702163696289 2.3198580741882324 5
endloop
endfacet
facet normal 0.9070021136674296 -0.4211260687761029 0
outer loop
vertex 52.8211784362793 3.3089213371276855 0
vertex 52.866939544677734 3.4074795246124268 0
vertex 52.8211784362793 3.3089213371276855 5
endloop
endfacet
facet normal 0.8311559164347482 -0.556039425378735 0
outer loop
vertex 52.866939544677734 3.4074795246124268 0
vertex 53.44215774536133 4.267303466796875 0
vertex 52.866939544677734 3.4074795246124268 5
endloop
endfacet
facet normal 0.735397371828909 -0.6776361158521093 0
outer loop
vertex 53.44215774536133 4.267303466796875 0
vertex 53.51579284667969 4.347215175628662 0
vertex 53.44215774536133 4.267303466796875 5
endloop
endfacet
facet normal 0.6220327654303812 -0.7829912124226122 0
outer loop
vertex 53.51579284667969 4.347215175628662 0
vertex 54.32579040527344 4.9907026290893555 0
vertex 53.51579284667969 4.347215175628662 5
endloop
endfacet
facet normal 0 0 -1
outer loop
vertex -49.74994659423828 -56.48326873779297 0
vertex -11.950037002563477 -44.04997634887695 0
vertex -7.050037384033203 -44.04997634887695 0
endloop
endfacet
facet normal 0 0 -1
outer loop
vertex -49.74994659423828 -56.48326873779297 0
vertex -16.500038146972656 -44.749977111816406 0
vertex -11.950037002563477 -44.04997634887695 0
endloop
endfacet
facet normal 0 0 -1
outer loop
vertex -21.500038146972656 -44.749977111816406 0
vertex -16.500038146972656 -44.749977111816406 0
vertex -49.74994659423828 -56.48326873779297 0
endloop
endfacet
facet normal 0 0 -1
outer loop
vertex -30.950037002563477 -44.04997634887695 0
vertex -35.500038146972656 -44.749977111816406 0
vertex -35.500038146972656 -44.04997634887695 0
endloop
endfacet
facet normal 0 0 -1
outer loop
vertex -21.500038146972656 -44.749977111816406 0
vertex -49.74994659423828 -56.48326873779297 0
vertex -26.050037384033203 -44.04997634887695 0
endloop
endfacet
facet normal 0 0 -1
outer loop
vertex -26.050037384033203 -44.04997634887695 0
vertex -51.2344856262207 -55.940269470214844 0
vertex -30.950037002563477 -44.04997634887695 0
endloop
endfacet
facet normal -0.9999999980349799 -0.00006269003366215756 0
outer loop
vertex -71.48545837402344 4.410072326660156 0.20000000298023224
vertex -71.48505401611328 -2.0400424003601074 0.20000000298023224
vertex -71.48545837402344 4.410072326660156 4.5
endloop
endfacet
facet normal -0.9999999981342739 -0.000061035156136125114 -0.0000024823604534011812
outer loop
vertex -71.48505401611328 -2.0400424003601074 0.20000000298023224
vertex -71.48502349853516 -2.5400424003601074 0.20000000298023224
vertex -71.48545837402344 4.410072326660156 4.5
endloop
endfacet
facet normal 0.0001233106100917772 0.9999999923972468 0
outer loop
vertex -71.48502349853516 -2.5400424003601074 0.20000000298023224
vertex -72.19461059570312 -2.539954900741577 0.20000000298023224
vertex -71.48502349853516 -2.5400424003601074 4.5
endloop
endfacet
facet normal -0.9999999923584971 0.00012362445450580901 0
outer loop
vertex -72.19461059570312 -2.539954900741577 0.20000000298023224
vertex -72.19674682617188 -19.81995391845703 0.20000000298023224
vertex -72.19461059570312 -2.539954900741577 4.5
endloop
endfacet
facet normal 0.4937624021958324 -0.8695968549723493 0
outer loop
vertex 54.32579040527344 4.9907026290893555 0
vertex 54.420284271240234 5.044356822967529 0
vertex 54.32579040527344 4.9907026290893555 5
endloop
endfacet
facet normal 0.3536661479319311 -0.9353717206581507 0
outer loop
vertex 54.420284271240234 5.044356822967529 0
vertex 55.39524841308594 5.41299295425415 0
vertex 54.420284271240234 5.044356822967529 5
endloop
endfacet
facet normal 0.1832992017869746 -0.9830571715949475 0
outer loop
vertex 55.39524841308594 5.41299295425415 0
vertex 55.51747131347656 5.435782432556152 0
vertex 55.39524841308594 5.41299295425415 5
endloop
endfacet
facet normal 0.0071857174047637515 -0.9999741823994152 0
outer loop
vertex 55.51747131347656 5.435782432556152 0
vertex 66.88102722167969 5.517439842224121 0
vertex 55.51747131347656 5.435782432556152 5
endloop
endfacet
facet normal 0.15871033279852972 -0.9873251897237201 0
outer loop
vertex 66.88102722167969 5.517439842224121 0
vertex 67.67418670654297 5.6449384689331055 0
vertex 66.88102722167969 5.517439842224121 5
endloop
endfacet
facet normal 0.3900678852155643 -0.9207861016128868 0
outer loop
vertex 67.67418670654297 5.6449384689331055 0
vertex 69.14602661132812 6.268446445465088 0
vertex 67.67418670654297 5.6449384689331055 5
endloop
endfacet
facet normal 0.6570844764260076 -0.7538169478328006 0
outer loop
vertex 69.14602661132812 6.268446445465088 0
vertex 70.33081817626953 7.301201343536377 0
vertex 69.14602661132812 6.268446445465088 5
endloop
endfacet
facet normal 0.8589347359925534 -0.5120850703793292 0
outer loop
vertex 70.33081817626953 7.301201343536377 0
vertex 71.13567352294922 8.65120792388916 0
vertex 70.33081817626953 7.301201343536377 5
endloop
endfacet
facet normal 0.9755978507876372 -0.21956510091210563 0
outer loop
vertex 71.13567352294922 8.65120792388916 0
vertex 71.4881820678711 10.21751594543457 0
vertex 71.13567352294922 8.65120792388916 5
endloop
endfacet
facet normal 0.9999999878366791 0.00015597000237919635 0
outer loop
vertex 71.48517608642578 29.490333557128906 0.20000000298023224
vertex 71.4881820678711 10.21751594543457 5
vertex 71.4881820678711 10.21751594543457 0
endloop
endfacet
facet normal -0.9999999932068836 0.00011655999581735812 0
outer loop
vertex -72.19674682617188 -19.81995391845703 0.20000000298023224
vertex -72.19683074951172 -20.539955139160156 0.20000000298023224
vertex -72.19683074951172 -20.539955139160156 4.5
endloop
endfacet
facet normal -0.9999999981373547 -0.000061035156136313156 0
outer loop
vertex -71.48388671875 -20.540042877197266 0.20000000298023224
vertex -71.48385620117188 -21.040042877197266 0.20000000298023224
vertex -71.48385620117188 -21.040042877197266 4.5
endloop
endfacet
facet normal -0.0001230644099106137 -0.9999999924275755 0
outer loop
vertex -71.48388671875 -20.540042877197266 0.20000000298023224
vertex -72.19683074951172 -20.539955139160156 4.5
vertex -72.19683074951172 -20.539955139160156 0.20000000298023224
endloop
endfacet
facet normal -0.9999999979601288 -0.00006387285975926668 0
outer loop
vertex -71.48385620117188 -21.040042877197266 0.20000000298023224
vertex -71.48344421386719 -27.490158081054688 0.20000000298023224
vertex -71.48385620117188 -21.040042877197266 4.5
endloop
endfacet
facet normal -0.9999999981282953 -0.00006103515613576021 -0.000004256631480927588
outer loop
vertex -71.48344421386719 -27.490158081054688 0.20000000298023224
vertex -71.48341369628906 -27.990158081054688 0.20000000298023224
vertex -71.48385620117188 -21.040042877197266 4.5
endloop
endfacet
facet normal 0.9999999883584679 0.0001525878888486432 0
outer loop
vertex 71.48517608642578 29.490333557128906 0.20000000298023224
vertex 71.48509979248047 29.990333557128906 0.20000000298023224
vertex 71.48509979248047 29.990333557128906 4.5
endloop
endfacet
facet normal -0.00030660325172042973 -0.999999952997222 0
outer loop
vertex 71.48509979248047 29.990333557128906 4.5
vertex 71.48509979248047 29.990333557128906 0.20000000298023224
vertex 72.19428253173828 29.990116119384766 0.20000000298023224
endloop
endfacet
facet normal 0 0 -1
outer loop
vertex -35.500038146972656 -10.24997615814209 0
vertex -40.500038146972656 -6.749976634979248 0
vertex -35.500038146972656 -6.749976634979248 0
endloop
endfacet
facet normal 0 0 -1
outer loop
vertex -40.500038146972656 -10.24997615814209 0
vertex -40.500038146972656 -6.749976634979248 0
vertex -35.500038146972656 -10.24997615814209 0
endloop
endfacet
facet normal 0 0 -1
outer loop
vertex -40.500038146972656 -6.749976634979248 0
vertex -45.0500373840332 -6.049976825714111 0
vertex -40.500038146972656 -6.049976825714111 0
endloop
endfacet
facet normal 0 0 -1
outer loop
vertex -40.500038146972656 -6.749976634979248 0
vertex -40.500038146972656 -10.24997615814209 0
vertex -45.0500373840332 -6.049976825714111 0
endloop
endfacet
facet normal 0 0 -1
outer loop
vertex -45.0500373840332 -10.949976921081543 0
vertex -40.500038146972656 -10.24997615814209 0
vertex -40.500038146972656 -10.949976921081543 0
endloop
endfacet
facet normal 0 0 -1
outer loop
vertex -45.0500373840332 -10.949976921081543 0
vertex -45.0500373840332 -6.049976825714111 0
vertex -40.500038146972656 -10.24997615814209 0
endloop
endfacet
facet normal 0 0 -1
outer loop
vertex 49.9499626159668 27.050024032592773 0
vertex 45.04996109008789 35.500022888183594 0
vertex 45.749961853027344 35.500022888183594 0
endloop
endfacet
facet normal 0 0 -1
outer loop
vertex 45.749961853027344 35.500022888183594 0
vertex 45.749961853027344 42.500022888183594 0
vertex 49.9499626159668 27.050024032592773 0
endloop
endfacet
facet normal 0 0 -1
outer loop
vertex 49.9499626159668 31.950023651123047 0
vertex 49.9499626159668 27.050024032592773 0
vertex 45.749961853027344 42.500022888183594 0
endloop
endfacet
facet normal 0 0 -1
outer loop
vertex 49.249961853027344 35.500022888183594 0
vertex 49.9499626159668 31.950023651123047 0
vertex 45.749961853027344 42.500022888183594 0
endloop
endfacet
facet normal 0 0 -1
outer loop
vertex 49.9499626159668 31.950023651123047 0
vertex 49.249961853027344 35.500022888183594 0
vertex 49.9499626159668 35.500022888183594 0
endloop
endfacet
facet normal 0 0 -1
outer loop
vertex -45.0500373840332 -6.049976825714111 0
vertex -49.95003890991211 -6.049976825714111 0
vertex -49.95003890991211 8.050023078918457 0
endloop
endfacet
facet normal 0 0 -1
outer loop
vertex -45.0500373840332 -6.049976825714111 0
vertex -45.0500373840332 -10.949976921081543 0
vertex -49.95003890991211 -6.049976825714111 0
endloop
endfacet
facet normal 0 0 -1
outer loop
vertex -45.0500373840332 -10.949976921081543 0
vertex -49.95003890991211 -10.949976921081543 0
vertex -49.95003890991211 -6.049976825714111 0
endloop
endfacet
facet normal 0 0 -1
outer loop
vertex -49.95003890991211 -10.949976921081543 0
vertex -54.500038146972656 -6.749976634979248 0
vertex -49.95003890991211 -6.049976825714111 0
endloop
endfacet
facet normal 0 0 -1
outer loop
vertex 49.249961853027344 35.500022888183594 0
vertex 45.749961853027344 42.500022888183594 0
vertex 45.04996109008789 46.05002212524414 0
endloop
endfacet
facet normal 0 0 -1
outer loop
vertex 49.249961853027344 35.500022888183594 0
vertex 45.04996109008789 46.05002212524414 0
vertex 49.249961853027344 42.500022888183594 0
endloop
endfacet
facet normal 0 0 -1
outer loop
vertex 45.04996109008789 42.500022888183594 0
vertex 45.04996109008789 46.05002212524414 0
vertex 45.749961853027344 42.500022888183594 0
endloop
endfacet
facet normal 0 0 -1
outer loop
vertex 49.249961853027344 42.500022888183594 0
vertex 45.04996109008789 46.05002212524414 0
vertex 49.9499626159668 46.05002212524414 0
endloop
endfacet
facet normal 0 0 -1
outer loop
vertex 45.04996109008789 46.05002212524414 0
vertex 30.949962615966797 46.05002212524414 0
vertex 70.19996643066406 48.49073028564453 0
endloop
endfacet
facet normal 0 0 -1
outer loop
vertex 49.249961853027344 42.500022888183594 0
vertex 49.9499626159668 46.05002212524414 0
vertex 49.9499626159668 42.500022888183594 0
endloop
endfacet
facet normal 0 0 -1
outer loop
vertex -54.500038146972656 -6.749976634979248 0
vertex -54.500038146972656 -6.049976825714111 0
vertex -49.95003890991211 -6.049976825714111 0
endloop
endfacet
facet normal 0 0 -1
outer loop
vertex -49.95003890991211 -10.949976921081543 0
vertex -54.500038146972656 -10.24997615814209 0
vertex -54.500038146972656 -6.749976634979248 0
endloop
endfacet
facet normal 0 0 -1
outer loop
vertex -54.500038146972656 -10.949976921081543 0
vertex -54.500038146972656 -10.24997615814209 0
vertex -49.95003890991211 -10.949976921081543 0
endloop
endfacet
facet normal 0 0 -1
outer loop
vertex -35.500038146972656 -29.249977111816406 0
vertex -40.500038146972656 -25.749977111816406 0
vertex -35.500038146972656 -25.749977111816406 0
endloop
endfacet
facet normal 0 0 -1
outer loop
vertex -40.500038146972656 -25.749977111816406 0
vertex -45.0500373840332 -25.049976348876953 0
vertex -40.500038146972656 -25.049976348876953 0
endloop
endfacet
facet normal 0 0 1
outer loop
vertex 69.69878387451172 52.33087921142578 5
vertex 71.35504913330078 49.67424774169922 5
vertex 70.73153686523438 51.146087646484375 5
endloop
endfacet
facet normal 0 0 1
outer loop
vertex 52.49676513671875 -35.02187728881836 4.5
vertex 53.18901062011719 -34.84418869018555 4.5
vertex 51.18901062011719 -34.84359359741211 4.5
endloop
endfacet
facet normal 0 0 1
outer loop
vertex 51.18333435058594 -53.843589782714844 4.5
vertex 52.45735549926758 -53.843971252441406 4.5
vertex 52.4833984375 -53.74935531616211 4.5
endloop
endfacet
facet normal 0.9999999553738967 -0.000298751074609743 0
outer loop
vertex 51.18333435058594 -53.843589782714844 5
vertex 51.18333435058594 -53.843589782714844 4.5
vertex 51.18901062011719 -34.84359359741211 5
endloop
endfacet
facet normal 0.9999999553738967 -0.000298751074609743 0
outer loop
vertex 51.18333435058594 -53.843589782714844 4.5
vertex 51.18901062011719 -34.84359359741211 4.5
vertex 51.18901062011719 -34.84359359741211 5
endloop
endfacet
facet normal 0.0002994218030502972 0.999999955173291 0
outer loop
vertex 52.45735549926758 -53.843971252441406 5
vertex 51.18333435058594 -53.843589782714844 4.5
vertex 51.18333435058594 -53.843589782714844 5
endloop
endfacet
facet normal 0 0 1
outer loop
vertex 53.18901062011719 -34.84418869018555 4.5
vertex 52.49676513671875 -35.02187728881836 4.5
vertex 53.18895721435547 -35.0220832824707 4.5
endloop
endfacet
facet normal 0 0 1
outer loop
vertex 51.18901062011719 -34.84359359741211 4.5
vertex 53.18698501586914 -41.629451751708984 4.5
vertex 52.49653625488281 -35.3439826965332 4.5
endloop
endfacet
facet normal 0 0 1
outer loop
vertex 53.18698501586914 -41.629451751708984 4.5
vertex 52.48368835449219 -53.34397888183594 4.5
vertex 53.1834831237793 -53.34418869018555 4.5
endloop
endfacet
facet normal 0 0 1
outer loop
vertex 51.18333435058594 -53.843589782714844 4.5
vertex 52.48368835449219 -53.34397888183594 4.5
vertex 53.18698501586914 -41.629451751708984 4.5
endloop
endfacet
facet normal 0.0002994218030502972 0.999999955173291 0
outer loop
vertex 52.45735549926758 -53.843971252441406 4.5
vertex 51.18333435058594 -53.843589782714844 4.5
vertex 52.45735549926758 -53.843971252441406 5
endloop
endfacet
facet normal 0 0 1
outer loop
vertex 52.49653625488281 -35.3439826965332 4.5
vertex 52.49676513671875 -35.02187728881836 4.5
vertex 51.18901062011719 -34.84359359741211 4.5
endloop
endfacet
facet normal 0 0 1
outer loop
vertex 53.18886184692383 -35.34418869018555 4.5
vertex 52.49653625488281 -35.3439826965332 4.5
vertex 53.18698501586914 -41.629451751708984 4.5
endloop
endfacet
facet normal 0 0 1
outer loop
vertex 51.18333435058594 -53.843589782714844 4.5
vertex 52.4833984375 -53.74935531616211 4.5
vertex 52.48368835449219 -53.34397888183594 4.5
endloop
endfacet
facet normal 0 0 1
outer loop
vertex 51.18333435058594 -53.843589782714844 4.5
vertex 53.18698501586914 -41.629451751708984 4.5
vertex 51.18901062011719 -34.84359359741211 4.5
endloop
endfacet
facet normal 0 0 1
outer loop
vertex 70.19412994384766 29.49073028564453 4.5
vertex 71.48509979248047 29.990333557128906 4.5
vertex 72.1980209350586 42.15678405761719 4.5
endloop
endfacet
facet normal 0 0 1
outer loop
vertex 72.1980209350586 42.15678405761719 4.5
vertex 71.48509979248047 29.990333557128906 4.5
vertex 72.19428253173828 29.990116119384766 4.5
endloop
endfacet
facet normal 0.9999999528191469 -0.00030718350215978016 0
outer loop
vertex 70.19412994384766 29.49073028564453 5
vertex 70.19412994384766 29.49073028564453 4.5
vertex 70.19996643066406 48.49073028564453 5
endloop
endfacet
facet normal 0 0 1
outer loop
vertex 70.19412994384766 29.49073028564453 4.5
vertex 72.1980209350586 42.15678405761719 4.5
vertex 70.19996643066406 48.49073028564453 4.5
endloop
endfacet
facet normal 0.9999999528191469 -0.00030718350215978016 0
outer loop
vertex 70.19996643066406 48.49073028564453 5
vertex 70.19412994384766 29.49073028564453 4.5
vertex 70.19996643066406 48.49073028564453 4.5
endloop
endfacet
facet normal 0 0 1
outer loop
vertex 70.19412994384766 29.49073028564453 4.5
vertex 71.48517608642578 29.490333557128906 4.5
vertex 71.48509979248047 29.990333557128906 4.5
endloop
endfacet
facet normal 0 0 1
outer loop
vertex 70.19996643066406 48.49073028564453 4.5
vertex 72.1980209350586 42.15678405761719 4.5
vertex 71.48229217529297 47.99033737182617 4.5
endloop
endfacet
facet normal -0.00030642539928816734 -0.9999999530517363 0
outer loop
vertex 70.19996643066406 48.49073028564453 5
vertex 70.19996643066406 48.49073028564453 4.5
vertex 71.48221588134766 48.49033737182617 5
endloop
endfacet
facet normal 0 0 1
outer loop
vertex 72.1998062133789 47.990116119384766 4.5
vertex 71.48229217529297 47.99033737182617 4.5
vertex 72.1980209350586 42.15678405761719 4.5
endloop
endfacet
facet normal 0.00030729226772756155 0.9999999527857301 0
outer loop
vertex 71.48517608642578 29.490333557128906 4.5
vertex 70.19412994384766 29.49073028564453 4.5
vertex 70.19412994384766 29.49073028564453 5
endloop
endfacet
facet normal 0 0 1
outer loop
vertex 71.48229217529297 47.99033737182617 4.5
vertex 71.48221588134766 48.49033737182617 4.5
vertex 70.19996643066406 48.49073028564453 4.5
endloop
endfacet
facet normal 0.00030729226772756155 0.9999999527857301 0
outer loop
vertex 71.48517608642578 29.490333557128906 5
vertex 71.48517608642578 29.490333557128906 4.5
vertex 70.19412994384766 29.49073028564453 5
endloop
endfacet
facet normal -0.00030642539928816734 -0.9999999530517363 0
outer loop
vertex 70.19996643066406 48.49073028564453 4.5
vertex 71.48221588134766 48.49033737182617 4.5
vertex 71.48221588134766 48.49033737182617 5
endloop
endfacet
facet normal -0.9999999923520617 0.00012367649987649819 0
outer loop
vertex -70.18826293945312 48.86002731323242 4.5
vertex -70.19061279296875 29.860027313232422 5
vertex -70.18826293945312 48.86002731323242 5
endloop
endfacet
facet normal -0.9999999923520617 0.00012367649987649819 0
outer loop
vertex -70.18826293945312 48.86002731323242 4.5
vertex -70.19061279296875 29.860027313232422 4.5
vertex -70.19061279296875 29.860027313232422 5
endloop
endfacet
facet normal 0 0 1
outer loop
vertex -72.18982696533203 36.193607330322266 4.5
vertex -70.19061279296875 29.860027313232422 4.5
vertex -70.18826293945312 48.86002731323242 4.5
endloop
endfacet
facet normal 0 0 1
outer loop
vertex -72.18832397460938 48.36027526855469 4.5
vertex -72.18982696533203 36.193607330322266 4.5
vertex -71.48823547363281 48.36018753051758 4.5
endloop
endfacet
facet normal -0.00012194976768607514 -0.999999992564127 0
outer loop
vertex -71.47077941894531 48.86018371582031 5
vertex -70.18826293945312 48.86002731323242 4.5
vertex -70.18826293945312 48.86002731323242 5
endloop
endfacet
facet normal 0 0 1
outer loop
vertex -71.48823547363281 48.36018753051758 4.5
vertex -72.18982696533203 36.193607330322266 4.5
vertex -70.18826293945312 48.86002731323242 4.5
endloop
endfacet
facet normal -0.00012194976768607514 -0.999999992564127 0
outer loop
vertex -71.47077941894531 48.86018371582031 4.5
vertex -70.18826293945312 48.86002731323242 4.5
vertex -71.47077941894531 48.86018371582031 5
endloop
endfacet
facet normal 0 0 1
outer loop
vertex -71.47077941894531 48.86018371582031 4.5
vertex -71.4882583618164 48.78249740600586 4.5
vertex -70.18826293945312 48.86002731323242 4.5
endloop
endfacet
facet normal 0 0 1
outer loop
vertex -71.4882583618164 48.78249740600586 4.5
vertex -71.48823547363281 48.36018753051758 4.5
vertex -70.18826293945312 48.86002731323242 4.5
endloop
endfacet
facet normal 0.00012358102407264898 0.9999999923638652 0
outer loop
vertex -71.48706817626953 29.860187530517578 5
vertex -70.19061279296875 29.860027313232422 5
vertex -70.19061279296875 29.860027313232422 4.5
endloop
endfacet
facet normal 0.00012358102407264898 0.9999999923638652 0
outer loop
vertex -70.19061279296875 29.860027313232422 4.5
vertex -71.48706817626953 29.860187530517578 4.5
vertex -71.48706817626953 29.860187530517578 5
endloop
endfacet
facet normal 0 0 1
outer loop
vertex -71.48709869384766 30.360187530517578 4.5
vertex -70.19061279296875 29.860027313232422 4.5
vertex -72.18982696533203 36.193607330322266 4.5
endloop
endfacet
facet normal 0 0 1
outer loop
vertex -71.48709869384766 30.360187530517578 4.5
vertex -71.48706817626953 29.860187530517578 4.5
vertex -70.19061279296875 29.860027313232422 4.5
endloop
endfacet
facet normal 0 0 1
outer loop
vertex -72.18982696533203 36.193607330322266 4.5
vertex -72.1905517578125 30.360273361206055 4.5
vertex -71.48709869384766 30.360187530517578 4.5
endloop
endfacet
facet normal 0.0001219787926330285 0.999999992560587 0
outer loop
vertex -71.48224639892578 -46.49015808105469 5
vertex -70.20003509521484 -46.49031448364258 5
vertex -70.20003509521484 -46.49031448364258 4.5
endloop
endfacet
facet normal -0.9999999924016415 0.0001232749651802646 0
outer loop
vertex -70.19769287109375 -27.49031639099121 4.5
vertex -70.20003509521484 -46.49031448364258 4.5
vertex -70.20003509521484 -46.49031448364258 5
endloop
endfacet
facet normal 0 0 1
outer loop
vertex -72.19925689697266 -40.156734466552734 4.5
vertex -72.1999740600586 -45.99007034301758 4.5
vertex -71.4822769165039 -45.99015808105469 4.5
endloop
endfacet
facet normal -0.00012312640092753551 -0.9999999924199446 0
outer loop
vertex -71.48344421386719 -27.490158081054688 4.5
vertex -70.19769287109375 -27.49031639099121 4.5
vertex -70.19769287109375 -27.49031639099121 5
endloop
endfacet
facet normal 0 0 1
outer loop
vertex -71.48344421386719 -27.490158081054688 4.5
vertex -71.48341369628906 -27.990158081054688 4.5
vertex -70.19769287109375 -27.49031639099121 4.5
endloop
endfacet
facet normal 0 0 1
outer loop
vertex -71.48341369628906 -27.990158081054688 4.5
vertex -72.19925689697266 -40.156734466552734 4.5
vertex -70.19769287109375 -27.49031639099121 4.5
endloop
endfacet
facet normal 0 0 1
outer loop
vertex -72.19775390625 -27.990068435668945 4.5
vertex -72.19925689697266 -40.156734466552734 4.5
vertex -71.48341369628906 -27.990158081054688 4.5
endloop
endfacet
facet normal 0.0001219787926330285 0.999999992560587 0
outer loop
vertex -70.20003509521484 -46.49031448364258 4.5
vertex -71.48224639892578 -46.49015808105469 4.5
vertex -71.48224639892578 -46.49015808105469 5
endloop
endfacet
facet normal 0 0 1
outer loop
vertex -71.4822769165039 -45.99015808105469 4.5
vertex -71.48224639892578 -46.49015808105469 4.5
vertex -70.20003509521484 -46.49031448364258 4.5
endloop
endfacet
facet normal -0.9999999924016415 0.0001232749651802646 0
outer loop
vertex -70.19769287109375 -27.49031639099121 4.5
vertex -70.20003509521484 -46.49031448364258 5
vertex -70.19769287109375 -27.49031639099121 5
endloop
endfacet
facet normal 0 0 1
outer loop
vertex -72.19925689697266 -40.156734466552734 4.5
vertex -70.20003509521484 -46.49031448364258 4.5
vertex -70.19769287109375 -27.49031639099121 4.5
endloop
endfacet
facet normal -0.00012312640092753551 -0.9999999924199446 0
outer loop
vertex -71.48344421386719 -27.490158081054688 5
vertex -71.48344421386719 -27.490158081054688 4.5
vertex -70.19769287109375 -27.49031639099121 5
endloop
endfacet
facet normal 0 0 1
outer loop
vertex -71.4822769165039 -45.99015808105469 4.5
vertex -70.20003509521484 -46.49031448364258 4.5
vertex -72.19925689697266 -40.156734466552734 4.5
endloop
endfacet
facet normal 0 0 1
outer loop
vertex 52.509613037109375 -17.021879196166992 4.5
vertex 51.19428634643555 -17.199378967285156 4.5
vertex 53.19428253173828 -17.199975967407227 4.5
endloop
endfacet
facet normal 0 0 1
outer loop
vertex 51.19428634643555 -17.199378967285156 4.5
vertex 52.509613037109375 -17.021879196166992 4.5
vertex 52.50984191894531 -16.699771881103516 4.5
endloop
endfacet
facet normal 0 0 1
outer loop
vertex 53.1943359375 -17.022083282470703 4.5
vertex 52.509613037109375 -17.021879196166992 4.5
vertex 53.19428253173828 -17.199975967407227 4.5
endloop
endfacet
facet normal 0 0 1
outer loop
vertex 51.194488525390625 -16.521486282348633 4.5
vertex 51.19428634643555 -17.199378967285156 4.5
vertex 53.19807052612305 -4.533309459686279 4.5
endloop
endfacet
facet normal 0 0 1
outer loop
vertex 53.19807052612305 -4.533309459686279 4.5
vertex 51.19428634643555 -17.199378967285156 4.5
vertex 52.50984191894531 -16.699771881103516 4.5
endloop
endfacet
facet normal 0 0 1
outer loop
vertex 53.19807052612305 -4.533309459686279 4.5
vertex 52.50984191894531 -16.699771881103516 4.5
vertex 53.194435119628906 -16.699975967407227 4.5
endloop
endfacet
facet normal 0 0 1
outer loop
vertex 51.194488525390625 -16.521486282348633 4.5
vertex 53.19807052612305 -4.533309459686279 4.5
vertex 51.1999626159668 1.8006211519241333 4.5
endloop
endfacet
facet normal 0.9999999553683355 -0.0002987696885574657 0
outer loop
vertex 51.194488525390625 -16.521486282348633 5
vertex 51.194488525390625 -16.521486282348633 4.5
vertex 51.1999626159668 1.8006211519241333 5
endloop
endfacet
facet normal 0.9999999553683355 -0.0002987696885574657 0
outer loop
vertex 51.1999626159668 1.8006211519241333 5
vertex 51.194488525390625 -16.521486282348633 4.5
vertex 51.1999626159668 1.8006211519241333 4.5
endloop
endfacet
facet normal 0 0 1
outer loop
vertex 51.1999626159668 1.8006211519241333 4.5
vertex 53.19807052612305 -4.533309459686279 4.5
vertex 52.52268600463867 1.3002257347106934 4.5
endloop
endfacet
facet normal 0 0 1
outer loop
vertex 53.19981384277344 1.3000234365463257 4.5
vertex 52.52268600463867 1.3002257347106934 4.5
vertex 53.19807052612305 -4.533309459686279 4.5
endloop
endfacet
facet normal 0 0 1
outer loop
vertex 52.52268600463867 1.3002257347106934 4.5
vertex 52.52304458618164 1.8002257347106934 4.5
vertex 51.1999626159668 1.8006211519241333 4.5
endloop
endfacet
facet normal -0.00029886069395749663 -0.9999999553411417 0
outer loop
vertex 51.1999626159668 1.8006211519241333 5
vertex 51.1999626159668 1.8006211519241333 4.5
vertex 52.52304458618164 1.8002257347106934 4.5
endloop
endfacet
facet normal -0.00029886069395749663 -0.9999999553411417 0
outer loop
vertex 51.1999626159668 1.8006211519241333 5
vertex 52.52304458618164 1.8002257347106934 4.5
vertex 52.52304458618164 1.8002257347106934 5
endloop
endfacet
facet normal 0.9999999552971738 -0.00029900600242707085 0.000001030071514538751
outer loop
vertex 51.194488525390625 -16.521486282348633 5
vertex 51.18901062011719 -34.84359359741211 4.5
vertex 51.19428634643555 -17.199378967285156 4.5
endloop
endfacet
facet normal 0 0 1
outer loop
vertex 51.19428634643555 -17.199378967285156 4.5
vertex 53.18901062011719 -34.84418869018555 4.5
vertex 53.19428253173828 -17.199975967407227 4.5
endloop
endfacet
facet normal 0.9999999553061089 -0.000298977892357663 0
outer loop
vertex 51.18901062011719 -34.84359359741211 5
vertex 51.18901062011719 -34.84359359741211 4.5
vertex 51.194488525390625 -16.521486282348633 5
endloop
endfacet
facet normal 0 0 1
outer loop
vertex 51.18901062011719 -34.84359359741211 4.5
vertex 53.18901062011719 -34.84418869018555 4.5
vertex 51.19428634643555 -17.199378967285156 4.5
endloop
endfacet
facet normal 0.9999999555245884 -0.0002982462424787257 0
outer loop
vertex 51.194488525390625 -16.521486282348633 5
vertex 51.19428634643555 -17.199378967285156 4.5
vertex 51.194488525390625 -16.521486282348633 4.5
endloop
endfacet
facet normal -0.00012369603665727687 -0.9999999923496453 0
outer loop
vertex -71.48665618896484 23.410072326660156 4.5
vertex -70.19140625 23.409912109375 4.5
vertex -70.19140625 23.409912109375 5
endloop
endfacet
facet normal 0 0 1
outer loop
vertex -72.19146728515625 22.910160064697266 4.5
vertex -72.1929702758789 10.74349308013916 4.5
vertex -71.48662567138672 22.910072326660156 4.5
endloop
endfacet
facet normal -0.9999999923520609 0.00012367650608424057 0
outer loop
vertex -70.19140625 23.409912109375 4.5
vertex -70.19375610351562 4.409913063049316 5
vertex -70.19140625 23.409912109375 5
endloop
endfacet
facet normal -0.9999999923520609 0.00012367650608424057 0
outer loop
vertex -70.19375610351562 4.409913063049316 5
vertex -70.19140625 23.409912109375 4.5
vertex -70.19375610351562 4.409913063049316 4.5
endloop
endfacet
facet normal 0 0 1
outer loop
vertex -72.1929702758789 10.74349308013916 4.5
vertex -70.19375610351562 4.409913063049316 4.5
vertex -70.19140625 23.409912109375 4.5
endloop
endfacet
facet normal 0.00012329746046404953 0.999999992398868 0
outer loop
vertex -70.19375610351562 4.409913063049316 4.5
vertex -71.48545837402344 4.410072326660156 5
vertex -70.19375610351562 4.409913063049316 5
endloop
endfacet
facet normal 0 0 1
outer loop
vertex -70.19375610351562 4.409913063049316 4.5
vertex -72.1929702758789 10.74349308013916 4.5
vertex -71.48548889160156 4.910072326660156 4.5
endloop
endfacet
facet normal 0 0 1
outer loop
vertex -72.1929702758789 10.74349308013916 4.5
vertex -72.19369506835938 4.910159587860107 4.5
vertex -71.48548889160156 4.910072326660156 4.5
endloop
endfacet
facet normal 0.00012329746046404953 0.999999992398868 0
outer loop
vertex -70.19375610351562 4.409913063049316 4.5
vertex -71.48545837402344 4.410072326660156 4.5
vertex -71.48545837402344 4.410072326660156 5
endloop
endfacet
facet normal 0 0 1
outer loop
vertex -71.48662567138672 22.910072326660156 4.5
vertex -72.1929702758789 10.74349308013916 4.5
vertex -70.19140625 23.409912109375 4.5
endloop
endfacet
facet normal 0 0 1
outer loop
vertex -71.48548889160156 4.910072326660156 4.5
vertex -71.48545837402344 4.410072326660156 4.5
vertex -70.19375610351562 4.409913063049316 4.5
endloop
endfacet
facet normal 0 0 1
outer loop
vertex -71.48665618896484 23.410072326660156 4.5
vertex -71.48662567138672 22.910072326660156 4.5
vertex -70.19140625 23.409912109375 4.5
endloop
endfacet
facet normal -0.00012369603665727687 -0.9999999923496453 0
outer loop
vertex -71.48665618896484 23.410072326660156 4.5
vertex -70.19140625 23.409912109375 5
vertex -71.48665618896484 23.410072326660156 5
endloop
endfacet
facet normal 0 0 1
outer loop
vertex -72.19611358642578 -14.706621170043945 4.5
vertex -71.48388671875 -20.540042877197266 4.5
vertex -70.19689178466797 -21.04020118713379 4.5
endloop
endfacet
facet normal 0 0 1
outer loop
vertex -72.19611358642578 -14.706621170043945 4.5
vertex -70.19689178466797 -21.04020118713379 4.5
vertex -70.19454956054688 -2.0402016639709473 4.5
endloop
endfacet
facet normal -0.9999999924016426 0.00012327495589888282 0
outer loop
vertex -70.19454956054688 -2.0402016639709473 4.5
vertex -70.19689178466797 -21.04020118713379 4.5
vertex -70.19689178466797 -21.04020118713379 5
endloop
endfacet
facet normal 0.00012301034379470741 0.9999999924342275 0
outer loop
vertex -70.19689178466797 -21.04020118713379 4.5
vertex -71.48385620117188 -21.040042877197266 4.5
vertex -71.48385620117188 -21.040042877197266 5
endloop
endfacet
facet normal 0 0 1
outer loop
vertex -72.19461059570312 -2.539954900741577 4.5
vertex -72.19611358642578 -14.706621170043945 4.5
vertex -71.48502349853516 -2.5400424003601074 4.5
endloop
endfacet
facet normal 0 0 1
outer loop
vertex -71.48502349853516 -2.5400424003601074 4.5
vertex -72.19611358642578 -14.706621170043945 4.5
vertex -70.19454956054688 -2.0402016639709473 4.5
endloop
endfacet
facet normal -0.9999999924016426 0.00012327495589888282 0
outer loop
vertex -70.19454956054688 -2.0402016639709473 4.5
vertex -70.19689178466797 -21.04020118713379 5
vertex -70.19454956054688 -2.0402016639709473 5
endloop
endfacet
facet normal 0 0 1
outer loop
vertex -71.48505401611328 -2.0400424003601074 4.5
vertex -71.48502349853516 -2.5400424003601074 4.5
vertex -70.19454956054688 -2.0402016639709473 4.5
endloop
endfacet
facet normal -0.00012341190217519276 -0.9999999923847512 0
outer loop
vertex -71.48505401611328 -2.0400424003601074 4.5
vertex -70.19454956054688 -2.0402016639709473 4.5
vertex -70.19454956054688 -2.0402016639709473 5
endloop
endfacet
facet normal -0.00012341190217519276 -0.9999999923847512 0
outer loop
vertex -71.48505401611328 -2.0400424003601074 4.5
vertex -70.19454956054688 -2.0402016639709473 5
vertex -71.48505401611328 -2.0400424003601074 5
endloop
endfacet
facet normal 0.00012301034379470741 0.9999999924342275 0
outer loop
vertex -71.48385620117188 -21.040042877197266 5
vertex -70.19689178466797 -21.04020118713379 5
vertex -70.19689178466797 -21.04020118713379 4.5
endloop
endfacet
facet normal 0 0 1
outer loop
vertex -71.48388671875 -20.540042877197266 4.5
vertex -71.48385620117188 -21.040042877197266 4.5
vertex -70.19689178466797 -21.04020118713379 4.5
endloop
endfacet
facet normal 0 0 1
outer loop
vertex -72.19611358642578 -14.706621170043945 4.5
vertex -72.19683074951172 -20.539955139160156 4.5
vertex -71.48388671875 -20.540042877197266 4.5
endloop
endfacet
facet normal 0.0002994218030502972 0.9999999551732909 0
outer loop
vertex 52.45735549926758 -53.843971252441406 0
vertex 51.18333435058594 -53.843589782714844 0
vertex 51.18333435058594 -53.843589782714844 0.20000000298023224
endloop
endfacet
facet normal 0 0 -1
outer loop
vertex 52.4833984375 -53.74935531616211 0.20000000298023224
vertex 51.18333435058594 -53.843589782714844 0.20000000298023224
vertex 52.48368835449219 -53.34397888183594 0.20000000298023224
endloop
endfacet
facet normal 0 0 -1
outer loop
vertex 52.45735549926758 -53.843971252441406 0.20000000298023224
vertex 51.18333435058594 -53.843589782714844 0.20000000298023224
vertex 52.4833984375 -53.74935531616211 0.20000000298023224
endloop
endfacet
facet normal 0.9999999553738966 -0.00029875107460974296 0
outer loop
vertex 51.18333435058594 -53.843589782714844 0.20000000298023224
vertex 51.18333435058594 -53.843589782714844 0
vertex 51.18901062011719 -34.84359359741211 0.20000000298023224
endloop
endfacet
facet normal 0 0 -1
outer loop
vertex 52.48368835449219 -53.34397888183594 0.20000000298023224
vertex 51.18333435058594 -53.843589782714844 0.20000000298023224
vertex 53.18864822387695 -36.06418991088867 0.20000000298023224
endloop
endfacet
facet normal 0 0 -1
outer loop
vertex 52.48368835449219 -53.34397888183594 0.20000000298023224
vertex 53.18864822387695 -36.06418991088867 0.20000000298023224
vertex 53.1834831237793 -53.34418869018555 0.20000000298023224
endloop
endfacet
facet normal 0.9999999553738966 -0.00029875107460974296 0
outer loop
vertex 51.18901062011719 -34.84359359741211 0.20000000298023224
vertex 51.18333435058594 -53.843589782714844 0
vertex 51.18901062011719 -34.84359359741211 0
endloop
endfacet
facet normal 0 0 -1
outer loop
vertex 53.18864822387695 -36.06418991088867 0.20000000298023224
vertex 51.18333435058594 -53.843589782714844 0.20000000298023224
vertex 51.18901062011719 -34.84359359741211 0.20000000298023224
endloop
endfacet
facet normal 0 0 -1
outer loop
vertex 53.18864822387695 -36.06418991088867 0.20000000298023224
vertex 51.18901062011719 -34.84359359741211 0.20000000298023224
vertex 52.49653625488281 -35.3439826965332 0.20000000298023224
endloop
endfacet
facet normal 0 0 -1
outer loop
vertex 53.18864822387695 -36.06418991088867 0.20000000298023224
vertex 52.49653625488281 -35.3439826965332 0.20000000298023224
vertex 53.18886184692383 -35.34418869018555 0.20000000298023224
endloop
endfacet
facet normal 0 0 -1
outer loop
vertex 52.49653625488281 -35.3439826965332 0.20000000298023224
vertex 51.18901062011719 -34.84359359741211 0.20000000298023224
vertex 52.49676513671875 -35.02187728881836 0.20000000298023224
endloop
endfacet
facet normal 0 0 -1
outer loop
vertex 52.49676513671875 -35.02187728881836 0.20000000298023224
vertex 51.18901062011719 -34.84359359741211 0.20000000298023224
vertex 53.18901062011719 -34.84418869018555 0.20000000298023224
endloop
endfacet
facet normal 0 0 -1
outer loop
vertex 52.49676513671875 -35.02187728881836 0.20000000298023224
vertex 53.18901062011719 -34.84418869018555 0.20000000298023224
vertex 53.18895721435547 -35.0220832824707 0.20000000298023224
endloop
endfacet
facet normal 0.0002994218030502972 0.9999999551732909 0
outer loop
vertex 52.45735549926758 -53.843971252441406 0.20000000298023224
vertex 52.45735549926758 -53.843971252441406 0
vertex 51.18333435058594 -53.843589782714844 0.20000000298023224
endloop
endfacet
facet normal 0.9999999528191469 -0.00030718350215978016 0
outer loop
vertex 70.19412994384766 29.49073028564453 0.20000000298023224
vertex 70.19412994384766 29.49073028564453 0
vertex 70.19996643066406 48.49073028564453 0.20000000298023224
endloop
endfacet
facet normal 0 0 -1
outer loop
vertex 71.48517608642578 29.490333557128906 0.20000000298023224
vertex 70.19412994384766 29.49073028564453 0.20000000298023224
vertex 71.48509979248047 29.990333557128906 0.20000000298023224
endloop
endfacet
facet normal -0.0003064253992881673 -0.9999999530517361 0
outer loop
vertex 70.19996643066406 48.49073028564453 0
vertex 71.48221588134766 48.49033737182617 0
vertex 71.48221588134766 48.49033737182617 0.20000000298023224
endloop
endfacet
facet normal -0.0003064253992881673 -0.9999999530517361 0
outer loop
vertex 70.19996643066406 48.49073028564453 0.20000000298023224
vertex 70.19996643066406 48.49073028564453 0
vertex 71.48221588134766 48.49033737182617 0.20000000298023224
endloop
endfacet
facet normal 0 0 -1
outer loop
vertex 71.48229217529297 47.99033737182617 0.20000000298023224
vertex 70.19996643066406 48.49073028564453 0.20000000298023224
vertex 71.48221588134766 48.49033737182617 0.20000000298023224
endloop
endfacet
facet normal 0 0 -1
outer loop
vertex 71.48229217529297 47.99033737182617 0.20000000298023224
vertex 72.1998062133789 47.990116119384766 0.20000000298023224
vertex 72.1995849609375 47.27011489868164 0.20000000298023224
endloop
endfacet
facet normal 0 0 -1
outer loop
vertex 72.1995849609375 47.27011489868164 0.20000000298023224
vertex 70.19996643066406 48.49073028564453 0.20000000298023224
vertex 71.48229217529297 47.99033737182617 0.20000000298023224
endloop
endfacet
facet normal 0.00030729226772756155 0.9999999527857301 0
outer loop
vertex 71.48517608642578 29.490333557128906 0
vertex 70.19412994384766 29.49073028564453 0
vertex 70.19412994384766 29.49073028564453 0.20000000298023224
endloop
endfacet
facet normal 0.00030729226772756155 0.9999999527857301 0
outer loop
vertex 71.48517608642578 29.490333557128906 0.20000000298023224
vertex 71.48517608642578 29.490333557128906 0
vertex 70.19412994384766 29.49073028564453 0.20000000298023224
endloop
endfacet
facet normal 0 0 -1
outer loop
vertex 72.1995849609375 47.27011489868164 0.20000000298023224
vertex 70.19412994384766 29.49073028564453 0.20000000298023224
vertex 70.19996643066406 48.49073028564453 0.20000000298023224
endloop
endfacet
facet normal 0.9999999528191469 -0.00030718350215978016 0
outer loop
vertex 70.19996643066406 48.49073028564453 0.20000000298023224
vertex 70.19412994384766 29.49073028564453 0
vertex 70.19996643066406 48.49073028564453 0
endloop
endfacet
facet normal 0 0 -1
outer loop
vertex 71.48509979248047 29.990333557128906 0.20000000298023224
vertex 72.1995849609375 47.27011489868164 0.20000000298023224
vertex 72.19428253173828 29.990116119384766 0.20000000298023224
endloop
endfacet
facet normal 0 0 -1
outer loop
vertex 71.48509979248047 29.990333557128906 0.20000000298023224
vertex 70.19412994384766 29.49073028564453 0.20000000298023224
vertex 72.1995849609375 47.27011489868164 0.20000000298023224
endloop
endfacet
facet normal 0.00012358102407264898 0.9999999923638652 0
outer loop
vertex -70.19061279296875 29.860027313232422 0
vertex -71.48706817626953 29.860187530517578 0.20000000298023224
vertex -70.19061279296875 29.860027313232422 0.20000000298023224
endloop
endfacet
facet normal -0.00012194976768607514 -0.9999999925641271 0
outer loop
vertex -71.47077941894531 48.86018371582031 0
vertex -70.18826293945312 48.86002731323242 0
vertex -70.18826293945312 48.86002731323242 0.20000000298023224
endloop
endfacet
facet normal 0 0 -1
outer loop
vertex -70.19061279296875 29.860027313232422 0.20000000298023224
vertex -71.48706817626953 29.860187530517578 0.20000000298023224
vertex -71.48709869384766 30.360187530517578 0.20000000298023224
endloop
endfacet
facet normal 0 0 -1
outer loop
vertex -72.1905517578125 30.360273361206055 0.20000000298023224
vertex -72.19046020507812 31.08027458190918 0.20000000298023224
vertex -71.48709869384766 30.360187530517578 0.20000000298023224
endloop
endfacet
facet normal 0 0 -1
outer loop
vertex -70.19061279296875 29.860027313232422 0.20000000298023224
vertex -71.48709869384766 30.360187530517578 0.20000000298023224
vertex -72.19046020507812 31.08027458190918 0.20000000298023224
endloop
endfacet
facet normal 0 0 -1
outer loop
vertex -70.18826293945312 48.86002731323242 0.20000000298023224
vertex -71.4882583618164 48.78249740600586 0.20000000298023224
vertex -71.47077941894531 48.86018371582031 0.20000000298023224
endloop
endfacet
facet normal -0.9999999923520616 0.00012367649987649816 0
outer loop
vertex -70.19061279296875 29.860027313232422 0.20000000298023224
vertex -70.18826293945312 48.86002731323242 0
vertex -70.19061279296875 29.860027313232422 0
endloop
endfacet
facet normal 0.00012358102407264898 0.9999999923638652 0
outer loop
vertex -70.19061279296875 29.860027313232422 0
vertex -71.48706817626953 29.860187530517578 0
vertex -71.48706817626953 29.860187530517578 0.20000000298023224
endloop
endfacet
facet normal 0 0 -1
outer loop
vertex -72.19046020507812 31.08027458190918 0.20000000298023224
vertex -70.18826293945312 48.86002731323242 0.20000000298023224
vertex -70.19061279296875 29.860027313232422 0.20000000298023224
endloop
endfacet
facet normal -0.00012194976768607514 -0.9999999925641271 0
outer loop
vertex -71.47077941894531 48.86018371582031 0.20000000298023224
vertex -71.47077941894531 48.86018371582031 0
vertex -70.18826293945312 48.86002731323242 0.20000000298023224
endloop
endfacet
facet normal -0.9999999923520616 0.00012367649987649816 0
outer loop
vertex -70.18826293945312 48.86002731323242 0
vertex -70.19061279296875 29.860027313232422 0.20000000298023224
vertex -70.18826293945312 48.86002731323242 0.20000000298023224
endloop
endfacet
facet normal 0 0 -1
outer loop
vertex -70.18826293945312 48.86002731323242 0.20000000298023224
vertex -71.48823547363281 48.36018753051758 0.20000000298023224
vertex -71.4882583618164 48.78249740600586 0.20000000298023224
endloop
endfacet
facet normal 0 0 -1
outer loop
vertex -72.19046020507812 31.08027458190918 0.20000000298023224
vertex -72.18832397460938 48.36027526855469 0.20000000298023224
vertex -71.48823547363281 48.36018753051758 0.20000000298023224
endloop
endfacet
facet normal 0 0 -1
outer loop
vertex -70.18826293945312 48.86002731323242 0.20000000298023224
vertex -72.19046020507812 31.08027458190918 0.20000000298023224
vertex -71.48823547363281 48.36018753051758 0.20000000298023224
endloop
endfacet
facet normal 0.00012197879263302851 0.9999999925605872 0
outer loop
vertex -70.20003509521484 -46.49031448364258 0
vertex -71.48224639892578 -46.49015808105469 0
vertex -71.48224639892578 -46.49015808105469 0.20000000298023224
endloop
endfacet
facet normal 0 0 -1
outer loop
vertex -70.19769287109375 -27.49031639099121 0.20000000298023224
vertex -71.48341369628906 -27.990158081054688 0.20000000298023224
vertex -71.48344421386719 -27.490158081054688 0.20000000298023224
endloop
endfacet
facet normal -0.9999999924016414 0.0001232749651802646 0
outer loop
vertex -70.19769287109375 -27.49031639099121 0
vertex -70.20003509521484 -46.49031448364258 0.20000000298023224
vertex -70.19769287109375 -27.49031639099121 0.20000000298023224
endloop
endfacet
facet normal 0.00012197879263302851 0.9999999925605872 0
outer loop
vertex -71.48224639892578 -46.49015808105469 0.20000000298023224
vertex -70.20003509521484 -46.49031448364258 0.20000000298023224
vertex -70.20003509521484 -46.49031448364258 0
endloop
endfacet
facet normal 0 0 -1
outer loop
vertex -72.1999740600586 -45.99007034301758 0.20000000298023224
vertex -72.19989013671875 -45.27006912231445 0.20000000298023224
vertex -71.4822769165039 -45.99015808105469 0.20000000298023224
endloop
endfacet
facet normal -0.9999999924016414 0.0001232749651802646 0
outer loop
vertex -70.20003509521484 -46.49031448364258 0
vertex -70.20003509521484 -46.49031448364258 0.20000000298023224
vertex -70.19769287109375 -27.49031639099121 0
endloop
endfacet
facet normal 0 0 -1
outer loop
vertex -72.19989013671875 -45.27006912231445 0.20000000298023224
vertex -72.19775390625 -27.990068435668945 0.20000000298023224
vertex -71.48341369628906 -27.990158081054688 0.20000000298023224
endloop
endfacet
facet normal 0 0 -1
outer loop
vertex -70.19769287109375 -27.49031639099121 0.20000000298023224
vertex -72.19989013671875 -45.27006912231445 0.20000000298023224
vertex -71.48341369628906 -27.990158081054688 0.20000000298023224
endloop
endfacet
facet normal -0.00012312640092753551 -0.9999999924199445 0
outer loop
vertex -70.19769287109375 -27.49031639099121 0
vertex -70.19769287109375 -27.49031639099121 0.20000000298023224
vertex -71.48344421386719 -27.490158081054688 0
endloop
endfacet
facet normal 0 0 -1
outer loop
vertex -70.20003509521484 -46.49031448364258 0.20000000298023224
vertex -71.4822769165039 -45.99015808105469 0.20000000298023224
vertex -72.19989013671875 -45.27006912231445 0.20000000298023224
endloop
endfacet
facet normal 0 0 -1
outer loop
vertex -70.20003509521484 -46.49031448364258 0.20000000298023224
vertex -71.48224639892578 -46.49015808105469 0.20000000298023224
vertex -71.4822769165039 -45.99015808105469 0.20000000298023224
endloop
endfacet
facet normal -0.00012312640092753551 -0.9999999924199445 0
outer loop
vertex -71.48344421386719 -27.490158081054688 0
vertex -70.19769287109375 -27.49031639099121 0.20000000298023224
vertex -71.48344421386719 -27.490158081054688 0.20000000298023224
endloop
endfacet
facet normal 0 0 -1
outer loop
vertex -72.19989013671875 -45.27006912231445 0.20000000298023224
vertex -70.19769287109375 -27.49031639099121 0.20000000298023224
vertex -70.20003509521484 -46.49031448364258 0.20000000298023224
endloop
endfacet
facet normal 0 0 -1
outer loop
vertex 51.19428634643555 -17.199378967285156 0.20000000298023224
vertex 52.50984191894531 -16.699771881103516 0.20000000298023224
vertex 52.509613037109375 -17.021879196166992 0.20000000298023224
endloop
endfacet
facet normal 0 0 -1
outer loop
vertex 53.19428253173828 -17.199975967407227 0.20000000298023224
vertex 51.19428634643555 -17.199378967285156 0.20000000298023224
vertex 52.509613037109375 -17.021879196166992 0.20000000298023224
endloop
endfacet
facet normal 0 0 -1
outer loop
vertex 53.19428253173828 -17.199975967407227 0.20000000298023224
vertex 52.509613037109375 -17.021879196166992 0.20000000298023224
vertex 53.1943359375 -17.022083282470703 0.20000000298023224
endloop
endfacet
facet normal 0.9999999553683355 -0.0002987696885574657 0
outer loop
vertex 51.194488525390625 -16.521486282348633 0.20000000298023224
vertex 51.194488525390625 -16.521486282348633 0
vertex 51.1999626159668 1.8006211519241333 0.20000000298023224
endloop
endfacet
facet normal 0 0 -1
outer loop
vertex 51.19428634643555 -17.199378967285156 0.20000000298023224
vertex 51.194488525390625 -16.521486282348633 0.20000000298023224
vertex 53.1995964050293 0.580023467540741 0.20000000298023224
endloop
endfacet
facet normal 0 0 -1
outer loop
vertex 52.50984191894531 -16.699771881103516 0.20000000298023224
vertex 51.19428634643555 -17.199378967285156 0.20000000298023224
vertex 53.1995964050293 0.580023467540741 0.20000000298023224
endloop
endfacet
facet normal 0 0 -1
outer loop
vertex 52.50984191894531 -16.699771881103516 0.20000000298023224
vertex 53.1995964050293 0.580023467540741 0.20000000298023224
vertex 53.194435119628906 -16.699975967407227 0.20000000298023224
endloop
endfacet
facet normal 0 0 -1
outer loop
vertex 53.1995964050293 0.580023467540741 0.20000000298023224
vertex 51.194488525390625 -16.521486282348633 0.20000000298023224
vertex 51.1999626159668 1.8006211519241333 0.20000000298023224
endloop
endfacet
facet normal -0.0002988606939574967 -0.9999999553411418 0
outer loop
vertex 51.1999626159668 1.8006211519241333 0.20000000298023224
vertex 51.1999626159668 1.8006211519241333 0
vertex 52.52304458618164 1.8002257347106934 0.20000000298023224
endloop
endfacet
facet normal -0.0002988606939574967 -0.9999999553411418 0
outer loop
vertex 52.52304458618164 1.8002257347106934 0.20000000298023224
vertex 51.1999626159668 1.8006211519241333 0
vertex 52.52304458618164 1.8002257347106934 0
endloop
endfacet
facet normal 0 0 -1
outer loop
vertex 52.52268600463867 1.3002257347106934 0.20000000298023224
vertex 51.1999626159668 1.8006211519241333 0.20000000298023224
vertex 52.52304458618164 1.8002257347106934 0.20000000298023224
endloop
endfacet
facet normal 0 0 -1
outer loop
vertex 53.1995964050293 0.580023467540741 0.20000000298023224
vertex 51.1999626159668 1.8006211519241333 0.20000000298023224
vertex 52.52268600463867 1.3002257347106934 0.20000000298023224
endloop
endfacet
facet normal 0 0 -1
outer loop
vertex 53.1995964050293 0.580023467540741 0.20000000298023224
vertex 52.52268600463867 1.3002257347106934 0.20000000298023224
vertex 53.19981384277344 1.3000234365463257 0.20000000298023224
endloop
endfacet
facet normal 0.9999999553683355 -0.0002987696885574657 0
outer loop
vertex 51.1999626159668 1.8006211519241333 0.20000000298023224
vertex 51.194488525390625 -16.521486282348633 0
vertex 51.1999626159668 1.8006211519241333 0
endloop
endfacet
facet normal 0.9999999555245884 -0.0002982462424787257 0
outer loop
vertex 51.19428634643555 -17.199378967285156 0.20000000298023224
vertex 51.194488525390625 -16.521486282348633 0
vertex 51.194488525390625 -16.521486282348633 0.20000000298023224
endloop
endfacet
facet normal 0.999999955303034 -0.0002989778923567437 -0.0000024799006882303507
outer loop
vertex 51.18901062011719 -34.84359359741211 0
vertex 51.194488525390625 -16.521486282348633 0
vertex 51.19428634643555 -17.199378967285156 0.20000000298023224
endloop
endfacet
facet normal 0.9999999552977042 -0.00029900600242722947 0
outer loop
vertex 51.18901062011719 -34.84359359741211 0.20000000298023224
vertex 51.18901062011719 -34.84359359741211 0
vertex 51.19428634643555 -17.199378967285156 0.20000000298023224
endloop
endfacet
facet normal 0 0 -1
outer loop
vertex 53.18901062011719 -34.84418869018555 0.20000000298023224
vertex 51.18901062011719 -34.84359359741211 0.20000000298023224
vertex 53.19428253173828 -17.199975967407227 0.20000000298023224
endloop
endfacet
facet normal 0 0 -1
outer loop
vertex 53.19428253173828 -17.199975967407227 0.20000000298023224
vertex 51.18901062011719 -34.84359359741211 0.20000000298023224
vertex 51.19428634643555 -17.199378967285156 0.20000000298023224
endloop
endfacet
facet normal 0.00012329746046404956 0.9999999923988682 0
outer loop
vertex -70.19375610351562 4.409913063049316 0
vertex -71.48545837402344 4.410072326660156 0.20000000298023224
vertex -70.19375610351562 4.409913063049316 0.20000000298023224
endloop
endfacet
facet normal 0 0 -1
outer loop
vertex -72.19369506835938 4.910159587860107 0.20000000298023224
vertex -72.193603515625 5.630159854888916 0.20000000298023224
vertex -71.48548889160156 4.910072326660156 0.20000000298023224
endloop
endfacet
facet normal 0 0 -1
outer loop
vertex -71.48548889160156 4.910072326660156 0.20000000298023224
vertex -72.193603515625 5.630159854888916 0.20000000298023224
vertex -70.19375610351562 4.409913063049316 0.20000000298023224
endloop
endfacet
facet normal 0 0 -1
outer loop
vertex -70.19375610351562 4.409913063049316 0.20000000298023224
vertex -71.48545837402344 4.410072326660156 0.20000000298023224
vertex -71.48548889160156 4.910072326660156 0.20000000298023224
endloop
endfacet
facet normal -0.9999999923520609 0.00012367650608424057 0
outer loop
vertex -70.19375610351562 4.409913063049316 0
vertex -70.19375610351562 4.409913063049316 0.20000000298023224
vertex -70.19140625 23.409912109375 0
endloop
endfacet
facet normal 0 0 -1
outer loop
vertex -70.19375610351562 4.409913063049316 0.20000000298023224
vertex -72.193603515625 5.630159854888916 0.20000000298023224
vertex -70.19140625 23.409912109375 0.20000000298023224
endloop
endfacet
facet normal -0.9999999923520609 0.00012367650608424057 0
outer loop
vertex -70.19140625 23.409912109375 0
vertex -70.19375610351562 4.409913063049316 0.20000000298023224
vertex -70.19140625 23.409912109375 0.20000000298023224
endloop
endfacet
facet normal 0 0 -1
outer loop
vertex -72.193603515625 5.630159854888916 0.20000000298023224
vertex -72.19146728515625 22.910160064697266 0.20000000298023224
vertex -71.48662567138672 22.910072326660156 0.20000000298023224
endloop
endfacet
facet normal 0 0 -1
outer loop
vertex -70.19140625 23.409912109375 0.20000000298023224
vertex -72.193603515625 5.630159854888916 0.20000000298023224
vertex -71.48662567138672 22.910072326660156 0.20000000298023224
endloop
endfacet
facet normal -0.00012369603665727684 -0.9999999923496452 0
outer loop
vertex -70.19140625 23.409912109375 0
vertex -70.19140625 23.409912109375 0.20000000298023224
vertex -71.48665618896484 23.410072326660156 0
endloop
endfacet
facet normal -0.00012369603665727684 -0.9999999923496452 0
outer loop
vertex -71.48665618896484 23.410072326660156 0
vertex -70.19140625 23.409912109375 0.20000000298023224
vertex -71.48665618896484 23.410072326660156 0.20000000298023224
endloop
endfacet
facet normal 0 0 -1
outer loop
vertex -70.19140625 23.409912109375 0.20000000298023224
vertex -71.48662567138672 22.910072326660156 0.20000000298023224
vertex -71.48665618896484 23.410072326660156 0.20000000298023224
endloop
endfacet
facet normal 0.00012329746046404956 0.9999999923988682 0
outer loop
vertex -70.19375610351562 4.409913063049316 0
vertex -71.48545837402344 4.410072326660156 0
vertex -71.48545837402344 4.410072326660156 0.20000000298023224
endloop
endfacet
facet normal 0.00012301034379470744 0.9999999924342278 0
outer loop
vertex -70.19689178466797 -21.04020118713379 0
vertex -71.48385620117188 -21.040042877197266 0.20000000298023224
vertex -70.19689178466797 -21.04020118713379 0.20000000298023224
endloop
endfacet
facet normal 0.00012301034379470744 0.9999999924342278 0
outer loop
vertex -70.19689178466797 -21.04020118713379 0
vertex -71.48385620117188 -21.040042877197266 0
vertex -71.48385620117188 -21.040042877197266 0.20000000298023224
endloop
endfacet
facet normal 0 0 -1
outer loop
vertex -70.19454956054688 -2.0402016639709473 0.20000000298023224
vertex -71.48502349853516 -2.5400424003601074 0.20000000298023224
vertex -71.48505401611328 -2.0400424003601074 0.20000000298023224
endloop
endfacet
facet normal -0.00012341190217519276 -0.9999999923847512 0
outer loop
vertex -71.48505401611328 -2.0400424003601074 0
vertex -70.19454956054688 -2.0402016639709473 0.20000000298023224
vertex -71.48505401611328 -2.0400424003601074 0.20000000298023224
endloop
endfacet
facet normal -0.00012341190217519276 -0.9999999923847512 0
outer loop
vertex -70.19454956054688 -2.0402016639709473 0
vertex -70.19454956054688 -2.0402016639709473 0.20000000298023224
vertex -71.48505401611328 -2.0400424003601074 0
endloop
endfacet
facet normal 0 0 -1
outer loop
vertex -70.19454956054688 -2.0402016639709473 0.20000000298023224
vertex -72.19674682617188 -19.81995391845703 0.20000000298023224
vertex -71.48502349853516 -2.5400424003601074 0.20000000298023224
endloop
endfacet
facet normal 0 0 -1
outer loop
vertex -72.19674682617188 -19.81995391845703 0.20000000298023224
vertex -72.19461059570312 -2.539954900741577 0.20000000298023224
vertex -71.48502349853516 -2.5400424003601074 0.20000000298023224
endloop
endfacet
facet normal -0.9999999924016426 0.00012327495589888282 0
outer loop
vertex -70.19454956054688 -2.0402016639709473 0
vertex -70.19689178466797 -21.04020118713379 0.20000000298023224
vertex -70.19454956054688 -2.0402016639709473 0.20000000298023224
endloop
endfacet
facet normal 0 0 -1
outer loop
vertex -72.19674682617188 -19.81995391845703 0.20000000298023224
vertex -70.19454956054688 -2.0402016639709473 0.20000000298023224
vertex -70.19689178466797 -21.04020118713379 0.20000000298023224
endloop
endfacet
facet normal -0.9999999924016426 0.00012327495589888282 0
outer loop
vertex -70.19689178466797 -21.04020118713379 0
vertex -70.19689178466797 -21.04020118713379 0.20000000298023224
vertex -70.19454956054688 -2.0402016639709473 0
endloop
endfacet
facet normal 0 0 -1
outer loop
vertex -70.19689178466797 -21.04020118713379 0.20000000298023224
vertex -71.48385620117188 -21.040042877197266 0.20000000298023224
vertex -71.48388671875 -20.540042877197266 0.20000000298023224
endloop
endfacet
facet normal 0 0 -1
outer loop
vertex -71.48388671875 -20.540042877197266 0.20000000298023224
vertex -72.19674682617188 -19.81995391845703 0.20000000298023224
vertex -70.19689178466797 -21.04020118713379 0.20000000298023224
endloop
endfacet
facet normal 0 0 -1
outer loop
vertex -72.19674682617188 -19.81995391845703 0.20000000298023224
vertex -71.48388671875 -20.540042877197266 0.20000000298023224
vertex -72.19683074951172 -20.539955139160156 0.20000000298023224
endloop
endfacet
facet normal -0.6343925844553703 0.7730110275979483 0
outer loop
vertex 12.413135528564453 -52.813148498535156 0
vertex 12.238868713378906 -52.9561653137207 0
vertex 12.238868713378906 -52.9561653137207 5
endloop
endfacet
facet normal 0.9951848503090435 -0.09801588501547505 0
outer loop
vertex 10.449962615966797 -51.999977111816406 0
vertex 10.47205924987793 -51.7756233215332 0
vertex 10.47205924987793 -51.7756233215332 5
endloop
endfacet
facet normal 0.7730110275979483 0.6343925844553703 0
outer loop
vertex 10.786789894104004 -52.813148498535156 0
vertex 10.643773078918457 -52.63888168334961 0
vertex 10.643773078918457 -52.63888168334961 5
endloop
endfacet
facet normal -0.6343925844553703 0.7730110275979483 0
outer loop
vertex 12.413135528564453 -52.813148498535156 5
vertex 12.413135528564453 -52.813148498535156 0
vertex 12.238868713378906 -52.9561653137207 5
endloop
endfacet
facet normal 0.8819190546839591 0.4714008707940113 0
outer loop
vertex 10.537501335144043 -52.4400634765625 5
vertex 10.643773078918457 -52.63888168334961 5
vertex 10.643773078918457 -52.63888168334961 0
endloop
endfacet
facet normal 0.8819190546839591 0.4714008707940113 0
outer loop
vertex 10.643773078918457 -52.63888168334961 0
vertex 10.537501335144043 -52.4400634765625 0
vertex 10.537501335144043 -52.4400634765625 5
endloop
endfacet
facet normal 0.47140393387447393 0.8819174174080421 0
outer loop
vertex 11.159876823425293 -53.06243896484375 0
vertex 10.96105670928955 -52.9561653137207 0
vertex 10.96105670928955 -52.9561653137207 5
endloop
endfacet
facet normal 0.09800709309814672 0.9951857161869091 0
outer loop
vertex 11.599963188171387 -53.14997482299805 0
vertex 11.375608444213867 -53.12788009643555 0
vertex 11.375608444213867 -53.12788009643555 5
endloop
endfacet
facet normal -0.09800750570118845 0.9951856755531762 0
outer loop
vertex 11.82431697845459 -53.12788009643555 0
vertex 11.599963188171387 -53.14997482299805 0
vertex 11.599963188171387 -53.14997482299805 5
endloop
endfacet
facet normal -0.29028329566854627 0.9569407548306256 0
outer loop
vertex 12.040048599243164 -53.06243896484375 0
vertex 11.82431697845459 -53.12788009643555 0
vertex 11.82431697845459 -53.12788009643555 5
endloop
endfacet
facet normal 0.9569399361851862 0.29028599438121616 0
outer loop
vertex 10.47205924987793 -52.22433090209961 5
vertex 10.537501335144043 -52.4400634765625 5
vertex 10.537501335144043 -52.4400634765625 0
endloop
endfacet
facet normal 0.9951848503090435 0.09801588501547505 0
outer loop
vertex 10.449962615966797 -51.999977111816406 5
vertex 10.47205924987793 -52.22433090209961 5
vertex 10.47205924987793 -52.22433090209961 0
endloop
endfacet
facet normal 0.9951848503090435 -0.09801588501547505 0
outer loop
vertex 10.47205924987793 -51.7756233215332 5
vertex 10.449962615966797 -51.999977111816406 5
vertex 10.449962615966797 -51.999977111816406 0
endloop
endfacet
facet normal 0.7730110275979483 0.6343925844553703 0
outer loop
vertex 10.786789894104004 -52.813148498535156 5
vertex 10.786789894104004 -52.813148498535156 0
vertex 10.643773078918457 -52.63888168334961 5
endloop
endfacet
facet normal 0.9569399361851862 -0.29028599438121616 0
outer loop
vertex 10.537501335144043 -51.55989074707031 5
vertex 10.47205924987793 -51.7756233215332 5
vertex 10.47205924987793 -51.7756233215332 0
endloop
endfacet
facet normal 0.8819190546839591 -0.4714008707940113 0
outer loop
vertex 10.643773078918457 -51.3610725402832 5
vertex 10.537501335144043 -51.55989074707031 5
vertex 10.537501335144043 -51.55989074707031 0
endloop
endfacet
facet normal 0.7730178374667954 -0.6343842865000356 0
outer loop
vertex 10.786789894104004 -51.18680191040039 5
vertex 10.643773078918457 -51.3610725402832 5
vertex 10.643773078918457 -51.3610725402832 0
endloop
endfacet
facet normal 0.6343925844553703 -0.7730110275979483 0
outer loop
vertex 10.96105670928955 -51.043785095214844 5
vertex 10.786789894104004 -51.18680191040039 5
vertex 10.786789894104004 -51.18680191040039 0
endloop
endfacet
facet normal 0.4713907728797535 -0.8819244521181102 0
outer loop
vertex 11.159876823425293 -50.93751525878906 5
vertex 10.96105670928955 -51.043785095214844 5
vertex 10.96105670928955 -51.043785095214844 0
endloop
endfacet
facet normal 0.29028329566854627 -0.9569407548306256 0
outer loop
vertex 11.375608444213867 -50.872074127197266 5
vertex 11.159876823425293 -50.93751525878906 5
vertex 11.159876823425293 -50.93751525878906 0
endloop
endfacet
facet normal -0.4713907728797535 -0.8819244521181102 0
outer loop
vertex 12.040048599243164 -50.93751525878906 5
vertex 12.040048599243164 -50.93751525878906 0
vertex 12.238868713378906 -51.043785095214844 5
endloop
endfacet
facet normal -0.6343925844553703 -0.7730110275979483 0
outer loop
vertex 12.238868713378906 -51.043785095214844 5
vertex 12.238868713378906 -51.043785095214844 0
vertex 12.413135528564453 -51.18680191040039 5
endloop
endfacet
facet normal -0.7730110275979483 0.6343925844553703 0
outer loop
vertex 12.55615234375 -52.63888168334961 5
vertex 12.55615234375 -52.63888168334961 0
vertex 12.413135528564453 -52.813148498535156 5
endloop
endfacet
facet normal -0.8819190546839591 0.4714008707940113 0
outer loop
vertex 12.662424087524414 -52.4400634765625 5
vertex 12.662424087524414 -52.4400634765625 0
vertex 12.55615234375 -52.63888168334961 5
endloop
endfacet
facet normal -0.9569399361851862 0.29028599438121616 0
outer loop
vertex 12.727866172790527 -52.22433090209961 5
vertex 12.727866172790527 -52.22433090209961 0
vertex 12.662424087524414 -52.4400634765625 5
endloop
endfacet
facet normal -0.9951848503090435 0.09801588501547505 0
outer loop
vertex 12.74996280670166 -51.999977111816406 5
vertex 12.74996280670166 -51.999977111816406 0
vertex 12.727866172790527 -52.22433090209961 5
endloop
endfacet
facet normal -0.9569399361851862 -0.29028599438121616 0
outer loop
vertex 12.662424087524414 -51.55989074707031 5
vertex 12.662424087524414 -51.55989074707031 0
vertex 12.727866172790527 -51.7756233215332 5
endloop
endfacet
facet normal -0.8819190546839591 -0.4714008707940113 0
outer loop
vertex 12.55615234375 -51.3610725402832 5
vertex 12.55615234375 -51.3610725402832 0
vertex 12.662424087524414 -51.55989074707031 5
endloop
endfacet
facet normal -0.9951848503090435 -0.09801588501547505 0
outer loop
vertex 12.727866172790527 -51.7756233215332 5
vertex 12.727866172790527 -51.7756233215332 0
vertex 12.74996280670166 -51.999977111816406 5
endloop
endfacet
facet normal -0.7730178374667954 -0.6343842865000356 0
outer loop
vertex 12.413135528564453 -51.18680191040039 5
vertex 12.413135528564453 -51.18680191040039 0
vertex 12.55615234375 -51.3610725402832 5
endloop
endfacet
facet normal 0.09802385163669036 -0.99518406564329 0
outer loop
vertex 11.599963188171387 -50.8499755859375 5
vertex 11.375608444213867 -50.872074127197266 5
vertex 11.375608444213867 -50.872074127197266 0
endloop
endfacet
facet normal -0.0980242643089155 -0.9951840249957271 0
outer loop
vertex 11.599963188171387 -50.8499755859375 5
vertex 11.599963188171387 -50.8499755859375 0
vertex 11.82431697845459 -50.872074127197266 5
endloop
endfacet
facet normal -0.29028329566854627 -0.9569407548306256 0
outer loop
vertex 11.82431697845459 -50.872074127197266 5
vertex 11.82431697845459 -50.872074127197266 0
vertex 12.040048599243164 -50.93751525878906 5
endloop
endfacet
facet normal -0.29028329566854627 0.9569407548306256 0
outer loop
vertex 12.040048599243164 -53.06243896484375 5
vertex 12.040048599243164 -53.06243896484375 0
vertex 11.82431697845459 -53.12788009643555 5
endloop
endfacet
facet normal -0.47140393387447393 0.8819174174080421 0
outer loop
vertex 12.238868713378906 -52.9561653137207 0
vertex 12.040048599243164 -53.06243896484375 0
vertex 12.040048599243164 -53.06243896484375 5
endloop
endfacet
facet normal -0.09800750570118845 0.9951856755531762 0
outer loop
vertex 11.82431697845459 -53.12788009643555 5
vertex 11.82431697845459 -53.12788009643555 0
vertex 11.599963188171387 -53.14997482299805 5
endloop
endfacet
facet normal 0.09800709309814672 0.9951857161869091 0
outer loop
vertex 11.599963188171387 -53.14997482299805 5
vertex 11.599963188171387 -53.14997482299805 0
vertex 11.375608444213867 -53.12788009643555 5
endloop
endfacet
facet normal 0.29028329566854627 0.9569407548306256 0
outer loop
vertex 11.375608444213867 -53.12788009643555 5
vertex 11.375608444213867 -53.12788009643555 0
vertex 11.159876823425293 -53.06243896484375 5
endloop
endfacet
facet normal -0.29028329566854627 -0.9569407548306256 0
outer loop
vertex 11.82431697845459 -50.872074127197266 0
vertex 12.040048599243164 -50.93751525878906 0
vertex 12.040048599243164 -50.93751525878906 5
endloop
endfacet
facet normal -0.0980242643089155 -0.9951840249957271 0
outer loop
vertex 11.599963188171387 -50.8499755859375 0
vertex 11.82431697845459 -50.872074127197266 0
vertex 11.82431697845459 -50.872074127197266 5
endloop
endfacet
facet normal 0.09802385163669036 -0.99518406564329 0
outer loop
vertex 11.375608444213867 -50.872074127197266 0
vertex 11.599963188171387 -50.8499755859375 0
vertex 11.599963188171387 -50.8499755859375 5
endloop
endfacet
facet normal 0.29028329566854627 -0.9569407548306256 0
outer loop
vertex 11.159876823425293 -50.93751525878906 0
vertex 11.375608444213867 -50.872074127197266 0
vertex 11.375608444213867 -50.872074127197266 5
endloop
endfacet
facet normal -0.7730178374667954 -0.6343842865000356 0
outer loop
vertex 12.413135528564453 -51.18680191040039 0
vertex 12.55615234375 -51.3610725402832 0
vertex 12.55615234375 -51.3610725402832 5
endloop
endfacet
facet normal -0.9569399361851862 -0.29028599438121616 0
outer loop
vertex 12.662424087524414 -51.55989074707031 0
vertex 12.727866172790527 -51.7756233215332 0
vertex 12.727866172790527 -51.7756233215332 5
endloop
endfacet
facet normal -0.8819190546839591 -0.4714008707940113 0
outer loop
vertex 12.55615234375 -51.3610725402832 0
vertex 12.662424087524414 -51.55989074707031 0
vertex 12.662424087524414 -51.55989074707031 5
endloop
endfacet
facet normal -0.9951848503090435 -0.09801588501547505 0
outer loop
vertex 12.727866172790527 -51.7756233215332 0
vertex 12.74996280670166 -51.999977111816406 0
vertex 12.74996280670166 -51.999977111816406 5
endloop
endfacet
facet normal -0.9951848503090435 0.09801588501547505 0
outer loop
vertex 12.74996280670166 -51.999977111816406 0
vertex 12.727866172790527 -52.22433090209961 0
vertex 12.727866172790527 -52.22433090209961 5
endloop
endfacet
facet normal -0.9569399361851862 0.29028599438121616 0
outer loop
vertex 12.727866172790527 -52.22433090209961 0
vertex 12.662424087524414 -52.4400634765625 0
vertex 12.662424087524414 -52.4400634765625 5
endloop
endfacet
facet normal 0.47140393387447393 0.8819174174080421 0
outer loop
vertex 10.96105670928955 -52.9561653137207 5
vertex 11.159876823425293 -53.06243896484375 5
vertex 11.159876823425293 -53.06243896484375 0
endloop
endfacet
facet normal 0.6343925844553703 0.7730110275979483 0
outer loop
vertex 10.96105670928955 -52.9561653137207 5
vertex 10.96105670928955 -52.9561653137207 0
vertex 10.786789894104004 -52.813148498535156 5
endloop
endfacet
facet normal 0.29028329566854627 0.9569407548306256 0
outer loop
vertex 11.375608444213867 -53.12788009643555 0
vertex 11.159876823425293 -53.06243896484375 0
vertex 11.159876823425293 -53.06243896484375 5
endloop
endfacet
facet normal -0.8819190546839591 0.4714008707940113 0
outer loop
vertex 12.662424087524414 -52.4400634765625 0
vertex 12.55615234375 -52.63888168334961 0
vertex 12.55615234375 -52.63888168334961 5
endloop
endfacet
facet normal -0.7730110275979483 0.6343925844553703 0
outer loop
vertex 12.55615234375 -52.63888168334961 0
vertex 12.413135528564453 -52.813148498535156 0
vertex 12.413135528564453 -52.813148498535156 5
endloop
endfacet
facet normal -0.6343925844553703 -0.7730110275979483 0
outer loop
vertex 12.238868713378906 -51.043785095214844 0
vertex 12.413135528564453 -51.18680191040039 0
vertex 12.413135528564453 -51.18680191040039 5
endloop
endfacet
facet normal -0.4713907728797535 -0.8819244521181102 0
outer loop
vertex 12.040048599243164 -50.93751525878906 0
vertex 12.238868713378906 -51.043785095214844 0
vertex 12.238868713378906 -51.043785095214844 5
endloop
endfacet
facet normal 0.4713907728797535 -0.8819244521181102 0
outer loop
vertex 10.96105670928955 -51.043785095214844 0
vertex 11.159876823425293 -50.93751525878906 0
vertex 11.159876823425293 -50.93751525878906 5
endloop
endfacet
facet normal 0.6343925844553703 -0.7730110275979483 0
outer loop
vertex 10.786789894104004 -51.18680191040039 0
vertex 10.96105670928955 -51.043785095214844 0
vertex 10.96105670928955 -51.043785095214844 5
endloop
endfacet
facet normal 0.6343925844553703 0.7730110275979483 0
outer loop
vertex 10.96105670928955 -52.9561653137207 0
vertex 10.786789894104004 -52.813148498535156 0
vertex 10.786789894104004 -52.813148498535156 5
endloop
endfacet
facet normal 0.9569399361851862 0.29028599438121616 0
outer loop
vertex 10.537501335144043 -52.4400634765625 0
vertex 10.47205924987793 -52.22433090209961 0
vertex 10.47205924987793 -52.22433090209961 5
endloop
endfacet
facet normal 0.9951848503090435 0.09801588501547505 0
outer loop
vertex 10.47205924987793 -52.22433090209961 0
vertex 10.449962615966797 -51.999977111816406 0
vertex 10.449962615966797 -51.999977111816406 5
endloop
endfacet
facet normal 0.7730178374667954 -0.6343842865000356 0
outer loop
vertex 10.643773078918457 -51.3610725402832 0
vertex 10.786789894104004 -51.18680191040039 0
vertex 10.786789894104004 -51.18680191040039 5
endloop
endfacet
facet normal 0.8819190546839591 -0.4714008707940113 0
outer loop
vertex 10.537501335144043 -51.55989074707031 0
vertex 10.643773078918457 -51.3610725402832 0
vertex 10.643773078918457 -51.3610725402832 5
endloop
endfacet
facet normal 0.9569399361851862 -0.29028599438121616 0
outer loop
vertex 10.47205924987793 -51.7756233215332 0
vertex 10.537501335144043 -51.55989074707031 0
vertex 10.537501335144043 -51.55989074707031 5
endloop
endfacet
facet normal -0.47140393387447393 0.8819174174080421 0
outer loop
vertex 12.238868713378906 -52.9561653137207 5
vertex 12.238868713378906 -52.9561653137207 0
vertex 12.040048599243164 -53.06243896484375 5
endloop
endfacet
facet normal 0.9997967587025927 -0.004518556665668545 0.019647491785185905
outer loop
vertex -24.948610305786133 56.775062561035156 5
vertex -24.925037384033203 40.250022888183594 0
vertex -24.926345825195312 61.7014045715332 5
endloop
endfacet
facet normal 0.8948942716037137 -0.12807434890738081 0.4275057938821521
outer loop
vertex -24.948610305786133 56.775062561035156 5
vertex -24.9622802734375 56.67954635620117 5
vertex -24.925037384033203 40.250022888183594 0
endloop
endfacet
facet normal 0.9999974307573002 0.0022668212983032398 0
outer loop
vertex -24.925037384033203 40.250022888183594 5
vertex -24.925037384033203 40.250022888183594 0
vertex -24.9622802734375 56.67954635620117 5
endloop
endfacet
facet normal 0 1 0
outer loop
vertex -12.801678657531738 40.250022888183594 0
vertex -24.925037384033203 40.250022888183594 5
vertex -12.801678657531738 40.250022888183594 5
endloop
endfacet
facet normal 0.9999999981397648 0.00006099565888061039 0
outer loop
vertex -24.925037384033203 40.250022888183594 0
vertex -24.926345825195312 61.7014045715332 0
vertex -24.926345825195312 61.7014045715332 5
endloop
endfacet
facet normal 0 1 0
outer loop
vertex -24.925037384033203 40.250022888183594 5
vertex -12.801678657531738 40.250022888183594 0
vertex -24.925037384033203 40.250022888183594 0
endloop
endfacet
facet normal -0.819152027240677 0.5735764606985619 0
outer loop
vertex 17.695852279663086 40.39427185058594 5
vertex 19.695470809936523 43.250022888183594 5
vertex 19.695470809936523 43.250022888183594 0
endloop
endfacet
facet normal -0.9063078473968461 0.42261813229781686 0
outer loop
vertex 21.16881561279297 46.40962219238281 0
vertex 19.695470809936523 43.250022888183594 5
vertex 21.16881561279297 46.40962219238281 5
endloop
endfacet
facet normal 0.2588188019580331 0.9659258914394045 0
outer loop
vertex -4.465440273284912 34.45616912841797 5
vertex -1.0980007648468018 33.55386734008789 0
vertex -4.465440273284912 34.45616912841797 0
endloop
endfacet
facet normal 0.4226188436334592 0.9063075156953724 0
outer loop
vertex -7.62503719329834 35.92951583862305 5
vertex -4.465440273284912 34.45616912841797 0
vertex -7.62503719329834 35.92951583862305 0
endloop
endfacet
facet normal 0.5735763321698928 0.8191521172374108 0
outer loop
vertex -10.480789184570312 37.929134368896484 5
vertex -7.62503719329834 35.92951583862305 0
vertex -10.480789184570312 37.929134368896484 0
endloop
endfacet
facet normal 0.7071066359082411 0.7071069264648241 0
outer loop
vertex -12.801678657531738 40.250022888183594 0
vertex -12.801678657531738 40.250022888183594 5
vertex -10.480789184570312 37.929134368896484 0
endloop
endfacet
facet normal 0.08715560342040143 0.9961947102812911 0
outer loop
vertex 2.37496280670166 33.250022888183594 5
vertex 2.37496280670166 33.250022888183594 0
vertex -1.0980007648468018 33.55386734008789 5
endloop
endfacet
facet normal 0.08715560342040143 0.9961947102812911 0
outer loop
vertex -1.0980007648468018 33.55386734008789 5
vertex 2.37496280670166 33.250022888183594 0
vertex -1.0980007648468018 33.55386734008789 0
endloop
endfacet
facet normal -0.08715560935817558 0.9961947097618041 0
outer loop
vertex 2.37496280670166 33.250022888183594 5
vertex 5.847926139831543 33.55386734008789 0
vertex 2.37496280670166 33.250022888183594 0
endloop
endfacet
facet normal -0.2588188190551845 0.9659258868582411 0
outer loop
vertex 9.215365409851074 34.45616912841797 0
vertex 5.847926139831543 33.55386734008789 0
vertex 5.847926139831543 33.55386734008789 5
endloop
endfacet
facet normal -0.08715560935817558 0.9961947097618041 0
outer loop
vertex 2.37496280670166 33.250022888183594 5
vertex 5.847926139831543 33.55386734008789 5
vertex 5.847926139831543 33.55386734008789 0
endloop
endfacet
facet normal -0.4226187912446676 0.9063075401247064 0
outer loop
vertex 9.215365409851074 34.45616912841797 5
vertex 12.37496280670166 35.92951583862305 0
vertex 9.215365409851074 34.45616912841797 0
endloop
endfacet
facet normal -0.5735763321698928 0.8191521172374108 0
outer loop
vertex 12.37496280670166 35.92951583862305 5
vertex 15.230714797973633 37.929134368896484 0
vertex 12.37496280670166 35.92951583862305 0
endloop
endfacet
facet normal -0.7071067811865476 0.7071067811865476 0
outer loop
vertex 15.230714797973633 37.929134368896484 5
vertex 17.695852279663086 40.39427185058594 0
vertex 15.230714797973633 37.929134368896484 0
endloop
endfacet
facet normal -0.819152027240677 0.5735764606985619 0
outer loop
vertex 19.695470809936523 43.250022888183594 0
vertex 17.695852279663086 40.39427185058594 0
vertex 17.695852279663086 40.39427185058594 5
endloop
endfacet
facet normal -0.2588188190551845 0.9659258868582411 0
outer loop
vertex 5.847926139831543 33.55386734008789 5
vertex 9.215365409851074 34.45616912841797 5
vertex 9.215365409851074 34.45616912841797 0
endloop
endfacet
facet normal -0.4226187912446676 0.9063075401247064 0
outer loop
vertex 9.215365409851074 34.45616912841797 5
vertex 12.37496280670166 35.92951583862305 5
vertex 12.37496280670166 35.92951583862305 0
endloop
endfacet
facet normal -0.5735763321698928 0.8191521172374108 0
outer loop
vertex 12.37496280670166 35.92951583862305 5
vertex 15.230714797973633 37.929134368896484 5
vertex 15.230714797973633 37.929134368896484 0
endloop
endfacet
facet normal -0.9063078473968461 0.42261813229781686 0
outer loop
vertex 19.695470809936523 43.250022888183594 5
vertex 21.16881561279297 46.40962219238281 0
vertex 19.695470809936523 43.250022888183594 0
endloop
endfacet
facet normal -0.9659258868582411 0.2588188190551845 0
outer loop
vertex 21.16881561279297 46.40962219238281 5
vertex 22.071117401123047 49.777061462402344 0
vertex 21.16881561279297 46.40962219238281 0
endloop
endfacet
facet normal -0.9968566007540494 0.07922700002576119 0
outer loop
vertex 22.360382080078125 53.41667175292969 5
vertex 22.360382080078125 53.41667175292969 0
vertex 22.071117401123047 49.777061462402344 0
endloop
endfacet
facet normal 0.7071066359082411 0.7071069264648241 0
outer loop
vertex -10.480789184570312 37.929134368896484 0
vertex -12.801678657531738 40.250022888183594 5
vertex -10.480789184570312 37.929134368896484 5
endloop
endfacet
facet normal -0.7071067811865476 0.7071067811865476 0
outer loop
vertex 17.695852279663086 40.39427185058594 5
vertex 17.695852279663086 40.39427185058594 0
vertex 15.230714797973633 37.929134368896484 5
endloop
endfacet
facet normal 0.4226188436334592 0.9063075156953724 0
outer loop
vertex -4.465440273284912 34.45616912841797 5
vertex -4.465440273284912 34.45616912841797 0
vertex -7.62503719329834 35.92951583862305 5
endloop
endfacet
facet normal 0.5735763321698928 0.8191521172374108 0
outer loop
vertex -10.480789184570312 37.929134368896484 5
vertex -7.62503719329834 35.92951583862305 5
vertex -7.62503719329834 35.92951583862305 0
endloop
endfacet
facet normal -0.9968566007540494 0.07922700002576119 0
outer loop
vertex 22.071117401123047 49.777061462402344 5
vertex 22.360382080078125 53.41667175292969 5
vertex 22.071117401123047 49.777061462402344 0
endloop
endfacet
facet normal 0.2588188019580331 0.9659258914394045 0
outer loop
vertex -1.0980007648468018 33.55386734008789 0
vertex -4.465440273284912 34.45616912841797 5
vertex -1.0980007648468018 33.55386734008789 5
endloop
endfacet
facet normal -0.9659258868582411 0.2588188190551845 0
outer loop
vertex 21.16881561279297 46.40962219238281 5
vertex 22.071117401123047 49.777061462402344 5
vertex 22.071117401123047 49.777061462402344 0
endloop
endfacet
endsolid auto-kdk-case
