solid auto-kdk-case
facet normal 0.9999999553587124 -0.00029880184336600546 1.7764387213886503e-7
outer loop
vertex 53.18923568725586 -34.09418869018555 -1
vertex 53.18333435058594 -53.84418869018555 -1
vertex 53.1999626159668 1.8000234365463257 -10.409175872802734
endloop
endfacet
facet normal 0.999999955234883 -0.0002939096200000565 -0.00005610140320565334
outer loop
vertex 53.18333435058594 -53.84418869018555 -15.291324615478516
vertex 53.18338394165039 -53.66686248779297 -15.33636474609375
vertex 53.1999626159668 1.8000234365463257 -10.409175872802734
endloop
endfacet
facet normal 0.314010091977003 -0.9494196449076635 0
outer loop
vertex 50.349098205566406 -57.1002082824707 -15.478726387023926
vertex 50.39664077758789 -57.0844841003418 -15.48578929901123
vertex 50.349098205566406 -57.1002082824707 -1
endloop
endfacet
facet normal 0.06390095809189225 -0.9979562453108544 0
outer loop
vertex 49.83694076538086 -57.18375778198242 -15.409262657165527
vertex 49.62884521484375 -57.19708251953125 -1
vertex 49.62884521484375 -57.19708251953125 -15.398282051086426
endloop
endfacet
facet normal 0.1610041819462194 -0.9869537240396982 0
outer loop
vertex 50.349098205566406 -57.1002082824707 -15.478726387023926
vertex 49.83694076538086 -57.18375778198242 -1
vertex 49.83694076538086 -57.18375778198242 -15.409262657165527
endloop
endfacet
facet normal -0.00013796105522525306 -0.999999990483004 8.598067983209845e-7
outer loop
vertex 26.985782623291016 -57.19395446777344 -10.524024963378906
vertex 49.62884521484375 -57.19708251953125 -15.398282051086426
vertex 27.09996223449707 -57.1939697265625 -9.949999809265137
endloop
endfacet
facet normal -0.00013847752739434344 -0.9999999904108022 -0.0000015394330585284368
outer loop
vertex 26.985782623291016 -57.19395446777344 -10.524024963378906
vertex 26.66062355041504 -57.19390869140625 -11.010660171508789
vertex 49.62884521484375 -57.19708251953125 -15.398282051086426
endloop
endfacet
facet normal 0.31401084716920913 -0.9494193951358249 0
outer loop
vertex 50.39664077758789 -57.0844841003418 -15.48578929901123
vertex 50.96930694580078 -56.89508056640625 -15.417193412780762
vertex 50.96930694580078 -56.89508056640625 -1
endloop
endfacet
facet normal 0.47968137098918073 -0.8774427515946212 0
outer loop
vertex 51.56474685668945 -56.56956481933594 -15.44412612915039
vertex 50.96930694580078 -56.89508056640625 -1
vertex 50.96930694580078 -56.89508056640625 -15.417193412780762
endloop
endfacet
facet normal 0.628648463087874 -0.7776895973698335 0
outer loop
vertex 51.56474685668945 -56.56956481933594 -15.44412612915039
vertex 51.62794494628906 -56.51847839355469 -15.45962142944336
vertex 51.56474685668945 -56.56956481933594 -1
endloop
endfacet
facet normal 0.6286390777554942 -0.7776971839467578 -6.782377951098658e-8
outer loop
vertex 52.06489181518555 -56.165279388427734 -15.385440826416016
vertex 51.56474685668945 -56.56956481933594 -1
vertex 51.62794494628906 -56.51847839355469 -15.45962142944336
endloop
endfacet
facet normal 0.7539150395341141 -0.6569719272269366 0
outer loop
vertex 52.494056701660156 -55.672786712646484 -15.394791603088379
vertex 52.06489181518555 -56.165279388427734 -1
vertex 52.06489181518555 -56.165279388427734 -15.385440826416016
endloop
endfacet
facet normal 0.8598014105119979 -0.5106285680233517 0
outer loop
vertex 52.494056701660156 -55.672786712646484 -15.394791603088379
vertex 52.561702728271484 -55.55888366699219 -15.417705535888672
vertex 52.494056701660156 -55.672786712646484 -1
endloop
endfacet
facet normal 0.8597997408162936 -0.5106313794629483 -3.0044989592809404e-8
outer loop
vertex 52.494056701660156 -55.672786712646484 -1
vertex 52.561702728271484 -55.55888366699219 -15.417705535888672
vertex 52.840576171875 -55.089317321777344 -15.287087440490723
endloop
endfacet
facet normal -0.00013816559370663552 -0.9999999904551343 1.4031305373096458e-8
outer loop
vertex 27.09996223449707 -57.1939697265625 -9.949999809265137
vertex 49.62884521484375 -57.19708251953125 -15.398282051086426
vertex 34.47222900390625 -57.19498825073242 -5
endloop
endfacet
facet normal 0.9371560989789346 -0.34891036978941403 0
outer loop
vertex 53.064964294433594 -54.48662185668945 -15.235845565795898
vertex 52.840576171875 -55.089317321777344 -1
vertex 52.840576171875 -55.089317321777344 -15.287087440490723
endloop
endfacet
facet normal 0.9834457953858007 -0.18120255941346355 0
outer loop
vertex 53.18333435058594 -53.84418869018555 -15.291324615478516
vertex 53.064964294433594 -54.48662185668945 -1
vertex 53.064964294433594 -54.48662185668945 -15.235845565795898
endloop
endfacet
facet normal 0.9999999553497522 -0.00029883188211078773 0
outer loop
vertex 53.18333435058594 -53.84418869018555 -15.291324615478516
vertex 53.1999626159668 1.8000234365463257 -10.409175872802734
vertex 53.18333435058594 -53.84418869018555 -1
endloop
endfacet
facet normal -0.00013708919172066136 -0.9999999905868707 0.0000057281945839073595
outer loop
vertex 26.173988342285156 -57.193843841552734 -11.335819244384766
vertex 49.62884521484375 -57.19708251953125 -15.398282051086426
vertex 26.66062355041504 -57.19390869140625 -11.010660171508789
endloop
endfacet
facet normal -0.00013876760924889936 -0.9999999903639256 -0.000003962243333289361
outer loop
vertex 25.59996223449707 -57.193763732910156 -11.449999809265137
vertex 49.62884521484375 -57.19708251953125 -15.398282051086426
vertex 26.173988342285156 -57.193843841552734 -11.335819244384766
endloop
endfacet
facet normal -0.00013828278554643336 -0.9999999904384238 -0.0000010116507600179064
outer loop
vertex 13.599963188171387 -57.19210433959961 -11.449999809265137
vertex 49.62884521484375 -57.19708251953125 -15.398282051086426
vertex 25.59996223449707 -57.193763732910156 -11.449999809265137
endloop
endfacet
facet normal -0.00013809549216536613 -0.9999999904645743 6.974396361938776e-7
outer loop
vertex 13.599963188171387 -57.19210433959961 -11.449999809265137
vertex -49.8442497253418 -57.183345794677734 -15.486146926879883
vertex 49.62884521484375 -57.19708251953125 -15.398282051086426
endloop
endfacet
facet normal 0.702408389594707 0.711774159566762 0
outer loop
vertex 70.82192993164062 52.214962005615234 -1
vertex 70.15311431884766 52.874977111816406 -5.897525787353516
vertex 70.15311431884766 52.874977111816406 -1
endloop
endfacet
facet normal 0.4462162498475911 0.894925169146534 0
outer loop
vertex 69.45227813720703 53.37485885620117 -1
vertex 68.61136627197266 53.79414367675781 -5.848611354827881
vertex 68.61136627197266 53.79414367675781 -1
endloop
endfacet
facet normal 0.580687675935691 0.8141264170977416 0
outer loop
vertex 70.15311431884766 52.874977111816406 -1
vertex 69.45227813720703 53.37485885620117 -5.930055141448975
vertex 69.45227813720703 53.37485885620117 -1
endloop
endfacet
facet normal 0.29869350229185554 0.9543490931980741 7.992842377899848e-7
outer loop
vertex 68.61136627197266 53.79414367675781 -1
vertex 67.7898178100586 54.05127716064453 -5.904120922088623
vertex 68.51627349853516 53.82390594482422 -1
endloop
endfacet
facet normal 0.29869841664972085 0.9543475550819784 0
outer loop
vertex 67.7898178100586 54.05127716064453 -5.904120922088623
vertex 67.7898178100586 54.05127716064453 -1
vertex 68.51627349853516 53.82390594482422 -1
endloop
endfacet
facet normal -0.8050884237998405 -0.5931548044124598 -0.00008868993714006424
outer loop
vertex -71.33262634277344 -49.52186584472656 -14.808592796325684
vertex -70.90291595458984 -50.10509490966797 -14.918381690979004
vertex -70.82200622558594 -50.21491622924805 -14.900824546813965
endloop
endfacet
facet normal -0.9496350310443079 -0.3133581033341993 -0.00008299560063594552
outer loop
vertex -71.81446838378906 -48.53064727783203 -14.823884010314941
vertex -71.76301574707031 -48.686580657958984 -14.802654266357422
vertex -72.03277587890625 -47.86909484863281 -14.70784854888916
endloop
endfacet
facet normal 0.8889342856733079 0.4580347538718935 0
outer loop
vertex 71.762939453125 50.68663024902344 -1
vertex 71.33255004882812 51.52191162109375 -5.97176456451416
vertex 71.33255004882812 51.52191162109375 -1
endloop
endfacet
facet normal 0.9496299678179803 0.31337345806883776 0
outer loop
vertex 72.03270721435547 49.869140625 -1
vertex 71.762939453125 50.68663024902344 -6.065761566162109
vertex 71.762939453125 50.68663024902344 -1
endloop
endfacet
facet normal 0.8050827905716256 0.5931624569419444 0
outer loop
vertex 71.33255004882812 51.52191162109375 -1
vertex 70.82192993164062 52.214962005615234 -5.985235214233398
vertex 70.82192993164062 52.214962005615234 -1
endloop
endfacet
facet normal 0.9873262673074833 0.15870362908475683 0
outer loop
vertex 72.08760070800781 49.52763748168945 -1
vertex 72.03270721435547 49.869140625 -6.065309524536133
vertex 72.03270721435547 49.869140625 -1
endloop
endfacet
facet normal 0.9873232969161717 0.15872210736046727 0.0000012779958190762741
outer loop
vertex 72.13381958007812 49.240135192871094 -1
vertex 72.03270721435547 49.869140625 -6.065309524536133
vertex 72.08760070800781 49.52763748168945 -1
endloop
endfacet
facet normal 0.9873271817705096 0.15869793991687686 -0.0000018006433116799447
outer loop
vertex 72.13381958007812 49.240135192871094 -1
vertex 72.18214416503906 48.93948745727539 -1
vertex 72.03270721435547 49.869140625 -6.065309524536133
endloop
endfacet
facet normal 0.9992144512935534 0.0396292862176866 0
outer loop
vertex 72.19996643066406 48.490116119384766 -1
vertex 72.18214416503906 48.93948745727539 -6.178456783294678
vertex 72.18214416503906 48.93948745727539 -1
endloop
endfacet
facet normal 0.14577444956560087 0.9893178507708086 -2.7219435742085666e-7
outer loop
vertex 67.7898178100586 54.05127716064453 -1
vertex 66.86021423339844 54.18825149536133 -5.758618354797363
vertex 67.32340240478516 54.12000274658203 -1
endloop
endfacet
facet normal 0.14577171256754617 0.9893182540593926 0
outer loop
vertex 66.86021423339844 54.18825149536133 -5.758618354797363
vertex 66.86021423339844 54.18825149536133 -1
vertex 67.32340240478516 54.12000274658203 -1
endloop
endfacet
facet normal -0.00013815617259373125 -0.9999999904564358 0
outer loop
vertex 27.09996223449707 -57.1939697265625 -4.949999809265137
vertex 27.09996223449707 -57.1939697265625 -9.949999809265137
vertex 34.47222900390625 -57.19498825073242 -5
endloop
endfacet
facet normal 0.7024083895947071 0.711774159566762 0
outer loop
vertex 70.15311431884766 52.874977111816406 -5.897525787353516
vertex 70.82192993164062 52.214962005615234 -1
vertex 70.82192993164062 52.214962005615234 -5.985235214233398
endloop
endfacet
facet normal 0.29869784782276454 0.9543477331172576 0
outer loop
vertex 68.61136627197266 53.79414367675781 -5.848611354827881
vertex 67.7898178100586 54.05127716064453 -5.904120922088623
vertex 68.61136627197266 53.79414367675781 -1
endloop
endfacet
facet normal 0.44621624984759106 0.8949251691465339 0
outer loop
vertex 69.45227813720703 53.37485885620117 -5.930055141448975
vertex 68.61136627197266 53.79414367675781 -5.848611354827881
vertex 69.45227813720703 53.37485885620117 -1
endloop
endfacet
facet normal 0.5806876759356909 0.8141264170977415 0
outer loop
vertex 70.15311431884766 52.874977111816406 -5.897525787353516
vertex 69.45227813720703 53.37485885620117 -5.930055141448975
vertex 70.15311431884766 52.874977111816406 -1
endloop
endfacet
facet normal 0.14578862098943782 0.9893157625298395 0
outer loop
vertex 67.75220489501953 54.056819915771484 -5.913555145263672
vertex 67.7898178100586 54.05127716064453 -1
vertex 67.7898178100586 54.05127716064453 -5.904120922088623
endloop
endfacet
facet normal 0.8050827905716256 0.5931624569419444 0
outer loop
vertex 71.33255004882812 51.52191162109375 -5.97176456451416
vertex 70.82192993164062 52.214962005615234 -5.985235214233398
vertex 71.33255004882812 51.52191162109375 -1
endloop
endfacet
facet normal 0.8889342856733078 0.45803475387189346 0
outer loop
vertex 71.33255004882812 51.52191162109375 -5.97176456451416
vertex 71.762939453125 50.68663024902344 -1
vertex 71.762939453125 50.68663024902344 -6.065761566162109
endloop
endfacet
facet normal 0.9496299678179804 0.3133734580688378 0
outer loop
vertex 71.762939453125 50.68663024902344 -6.065761566162109
vertex 72.03270721435547 49.869140625 -1
vertex 72.03270721435547 49.869140625 -6.065309524536133
endloop
endfacet
facet normal 0.9873256444760286 0.15870750379233717 0
outer loop
vertex 72.18214416503906 48.93948745727539 -1
vertex 72.18214416503906 48.93948745727539 -6.178456783294678
vertex 72.03270721435547 49.869140625 -6.065309524536133
endloop
endfacet
facet normal 0.9992144512935531 0.03962928621768659 0
outer loop
vertex 72.19996643066406 48.490116119384766 -1
vertex 72.19996643066406 48.490116119384766 -6.199192523956299
vertex 72.18214416503906 48.93948745727539 -6.178456783294678
endloop
endfacet
facet normal -0.15641333875471164 0.9876916864384371 0
outer loop
vertex -0.5590901374816895 72.52838134765625 -1
vertex -0.7919284701347351 72.49150848388672 -4.249785900115967
vertex -0.7919284701347351 72.49150848388672 -1
endloop
endfacet
facet normal -0.2334468058805751 0.9723695741970524 0
outer loop
vertex -0.7919284701347351 72.49150848388672 -1
vertex -3.5387673377990723 71.83204650878906 -4.317210674285889
vertex -3.5387673377990723 71.83204650878906 -1
endloop
endfacet
facet normal -0.309007815004183 0.9510594988045389 0
outer loop
vertex -3.5387673377990723 71.83204650878906 -1
vertex -3.762969970703125 71.75920104980469 -4.304961681365967
vertex -3.762969970703125 71.75920104980469 -1
endloop
endfacet
facet normal 0.1457724522367187 0.9893181450720883 1.2645828777872788e-7
outer loop
vertex 67.75220489501953 54.056819915771484 -5.913555145263672
vertex 66.86021423339844 54.18825149536133 -5.758618354797363
vertex 67.7898178100586 54.05127716064453 -1
endloop
endfacet
facet normal 0.9999999528425647 -0.000307107259054001 0
outer loop
vertex 72.19996643066406 48.490116119384766 -6.199192523956299
vertex 72.19996643066406 48.490116119384766 -1
vertex 72.19390106201172 28.740116119384766 -1
endloop
endfacet
facet normal 0.0003069726371733221 0.9999999528838989 0
outer loop
vertex 66.86021423339844 54.18825149536133 -5.758618354797363
vertex 41.472198486328125 54.196044921875 -5.813429355621338
vertex 66.86021423339844 54.18825149536133 -1
endloop
endfacet
facet normal 0.00030676502849331943 0.9999999513806112 0.00005598207571679161
outer loop
vertex 41.6722297668457 54.19598388671875 -1.100000023841858
vertex 39.2722282409668 54.196720123291016 -1.100000023841858
vertex 66.86021423339844 54.18825149536133 -1
endloop
endfacet
facet normal 0.00030698728607423336 0.9999999528794021 0
outer loop
vertex 66.86021423339844 54.18825149536133 -1
vertex 41.6722297668457 54.19598388671875 -2.5
vertex 41.6722297668457 54.19598388671875 -1.100000023841858
endloop
endfacet
facet normal -0.38268356509832546 0.9238794775313691 0
outer loop
vertex -6.372828960418701 70.67816162109375 -4.405186653137207
vertex -6.372828960418701 70.67816162109375 -1
vertex -3.762969970703125 71.75920104980469 -1
endloop
endfacet
facet normal 0.00032817432305449676 0.9999998828636337 -0.00035577286649364997
outer loop
vertex 66.86021423339844 54.18825149536133 -1
vertex 39.47222900390625 54.19635009765625 -3.5
vertex 41.6722297668457 54.19598388671875 -2.5
endloop
endfacet
facet normal 0.00030696348637387325 0.9999999528859493 0.0000012316839637293394
outer loop
vertex 39.2722282409668 54.196720123291016 -1.100000023841858
vertex 28.509870529174805 54.20002365112305 -1
vertex 66.86021423339844 54.18825149536133 -1
endloop
endfacet
facet normal 0.0003069726371733221 0.9999999528838989 0
outer loop
vertex 66.86021423339844 54.18825149536133 -1
vertex 41.472198486328125 54.196044921875 -5.813429355621338
vertex 41.472198486328125 54.196044921875 -3.5
endloop
endfacet
facet normal 0.00015259002966122048 0.9999987593848083 0.0015677835076574223
outer loop
vertex 41.472198486328125 54.196044921875 -3.5
vertex 39.47222900390625 54.19635009765625 -3.5
vertex 66.86021423339844 54.18825149536133 -1
endloop
endfacet
facet normal 0.0003067650143599433 0.9999999053082947 -0.0003086723628121457
outer loop
vertex 39.47222900390625 54.19635009765625 -3.5
vertex 39.2722282409668 54.196720123291016 -2.5
vertex 41.6722297668457 54.19598388671875 -2.5
endloop
endfacet
facet normal -0.8774444732845796 -0.4796782199174832 -0.0000404863112247319
outer loop
vertex -52.8951416015625 -54.96931838989258 -15.374153137207031
vertex -52.63853073120117 -55.438716888427734 -15.412530899047852
vertex -52.56962585449219 -55.564762115478516 -15.389142990112305
endloop
endfacet
facet normal 0.7024108824425002 0.7117716985227625 0.00003752825503734093
outer loop
vertex 70.82192993164062 52.214962005615234 -5.985235214233398
vertex 70.71855926513672 52.31697463989258 -6.012545108795166
vertex 70.15311431884766 52.874977111816406 -5.897525787353516
endloop
endfacet
facet normal 0.4462167838869322 0.8949249028439203 0.000006884953233066585
outer loop
vertex 69.45227813720703 53.37485885620117 -5.930055141448975
vertex 69.3617172241211 53.420013427734375 -5.952010154724121
vertex 68.61136627197266 53.79414367675781 -5.848611354827881
endloop
endfacet
facet normal 0.8889357770960753 0.458031858213395 0.00003256042327374452
outer loop
vertex 71.762939453125 50.68663024902344 -6.065761566162109
vertex 71.68400573730469 50.83982467651367 -6.0941481590271
vertex 71.33255004882812 51.52191162109375 -5.97176456451416
endloop
endfacet
facet normal -0.5806843409680601 -0.8141287958022919 0
outer loop
vertex -70.15319061279297 -50.87492752075195 -14.892409324645996
vertex -69.53137969970703 -51.31843948364258 -14.991720199584961
vertex -70.15319061279297 -50.87492752075195 -1
endloop
endfacet
facet normal -0.44621949220722257 -0.8949235524749186 0
outer loop
vertex -68.61144256591797 -51.794097900390625 -14.949942588806152
vertex -69.45234680175781 -51.374813079833984 -1
vertex -69.45234680175781 -51.374813079833984 -14.979005813598633
endloop
endfacet
facet normal -0.5807026740881055 -0.8141157192349332 -0.0000012292518666036123
outer loop
vertex -69.45234680175781 -51.374813079833984 -14.979005813598633
vertex -70.15319061279297 -50.87492752075195 -1
vertex -69.53137969970703 -51.31843948364258 -14.991720199584961
endloop
endfacet
facet normal -0.29869854828655007 -0.9543475138813469 0
outer loop
vertex -68.61144256591797 -51.794097900390625 -14.949942588806152
vertex -67.83529663085938 -52.03702163696289 -15.034432411193848
vertex -68.61144256591797 -51.794097900390625 -1
endloop
endfacet
facet normal -0.2986859700300304 -0.9543514506232159 7.637566236085449e-7
outer loop
vertex -67.83529663085938 -52.03702163696289 -15.034432411193848
vertex -67.7898941040039 -52.051231384277344 -15.028130531311035
vertex -68.61144256591797 -51.794097900390625 -1
endloop
endfacet
facet normal -0.14577308581790838 -0.9893180517159911 0
outer loop
vertex -66.86029052734375 -52.18820571899414 -14.924918174743652
vertex -67.7898941040039 -52.051231384277344 -1
vertex -67.7898941040039 -52.051231384277344 -15.028130531311035
endloop
endfacet
facet normal -0.0019240457042379294 -0.999998149022351 0
outer loop
vertex -66.86029052734375 -52.18820571899414 -14.924918174743652
vertex -56.12429428100586 -52.2088623046875 -15.040250778198242
vertex -66.86029052734375 -52.18820571899414 -1
endloop
endfacet
facet normal -0.8050827905716256 -0.5931624569419444 0
outer loop
vertex -71.33262634277344 -49.52186584472656 -14.808592796325684
vertex -70.82200622558594 -50.21491622924805 -14.900824546813965
vertex -71.33262634277344 -49.52186584472656 -1
endloop
endfacet
facet normal -0.8889351373827297 -0.4580331009068531 0
outer loop
vertex -71.76301574707031 -48.686580657958984 -14.802654266357422
vertex -71.33262634277344 -49.52186584472656 -14.808592796325684
vertex -71.76301574707031 -48.686580657958984 -1
endloop
endfacet
facet normal -0.7024063328414929 -0.7117761892506421 0
outer loop
vertex -70.82200622558594 -50.21491622924805 -14.900824546813965
vertex -70.15319061279297 -50.87492752075195 -14.892409324645996
vertex -70.82200622558594 -50.21491622924805 -1
endloop
endfacet
facet normal -0.9496321700595477 -0.31336678443637617 0
outer loop
vertex -72.03277587890625 -47.86909484863281 -14.70784854888916
vertex -71.76301574707031 -48.686580657958984 -14.802654266357422
vertex -72.03277587890625 -47.86909484863281 -1
endloop
endfacet
facet normal -0.9873243747861303 -0.15871540238167542 0
outer loop
vertex -72.03277587890625 -47.86909484863281 -14.70784854888916
vertex -72.18222045898438 -46.9394416809082 -1
vertex -72.18222045898438 -46.9394416809082 -14.695306777954102
endloop
endfacet
facet normal -0.9999991452196831 -0.00018164145205697496 -0.001294822878234947
outer loop
vertex -72.18222045898438 -46.9394416809082 -14.695306777954102
vertex -72.20003509521484 -46.49007034301758 -1
vertex -72.18222045898438 -46.7620964050293 -14.720185279846191
endloop
endfacet
facet normal -0.9978624873737907 -0.06534872831349885 0
outer loop
vertex -72.18222045898438 -46.7620964050293 -14.720185279846191
vertex -72.20003509521484 -46.49007034301758 -1
vertex -72.20003509521484 -46.49007034301758 -14.67764663696289
endloop
endfacet
facet normal -0.001920696397107197 -0.9999981554607027 7.364432080287622e-7
outer loop
vertex -55.78468322753906 -52.20951461791992 -15.070534706115723
vertex -58.875614166259766 -52.20356750488281 -1
vertex -56.12429428100586 -52.2088623046875 -15.040250778198242
endloop
endfacet
facet normal -0.45060580244294995 -0.892723031407124 -1.4234571343782272e-7
outer loop
vertex -54.70652770996094 -52.492088317871094 -15.201187133789062
vertex -54.424495697021484 -52.63444519042969 -15.22010612487793
vertex -54.838993072509766 -52.425228118896484 -1
endloop
endfacet
facet normal -0.5829604932810217 -0.8125005004758707 -8.614570526558028e-8
outer loop
vertex -54.424495697021484 -52.63444519042969 -1
vertex -54.365169525146484 -52.67700958251953 -15.214815139770508
vertex -54.047245025634766 -52.90511703491211 -15.25927734375
endloop
endfacet
facet normal -0.5829468668025521 -0.8125102771565954 0
outer loop
vertex -54.424495697021484 -52.63444519042969 -15.22010612487793
vertex -54.365169525146484 -52.67700958251953 -15.214815139770508
vertex -54.424495697021484 -52.63444519042969 -1
endloop
endfacet
facet normal -0.15694901121521393 -0.9876067070846404 0
outer loop
vertex -55.73936080932617 -52.20960235595703 -15.082688331604004
vertex -55.416961669921875 -52.26083755493164 -15.128251075744629
vertex -55.73936080932617 -52.20960235595703 -1
endloop
endfacet
facet normal -0.1569457457024824 -0.9876072260296023 7.639917615751618e-8
outer loop
vertex -55.416961669921875 -52.26083755493164 -15.128251075744629
vertex -55.28080749511719 -52.282474517822266 -15.15972900390625
vertex -55.73936080932617 -52.20960235595703 -1
endloop
endfacet
facet normal -0.0019358603571310005 -0.9999981262205834 0
outer loop
vertex -55.78468322753906 -52.20951461791992 -15.070534706115723
vertex -55.73936080932617 -52.20960235595703 -15.082688331604004
vertex -55.73936080932617 -52.20960235595703 -1
endloop
endfacet
facet normal -0.45059364045218453 -0.892729170120506 0
outer loop
vertex -54.838993072509766 -52.425228118896484 -15.20590591430664
vertex -54.70652770996094 -52.492088317871094 -15.201187133789062
vertex -54.838993072509766 -52.425228118896484 -1
endloop
endfacet
facet normal -0.30745692152982856 -0.95156200081939 0
outer loop
vertex -54.838993072509766 -52.425228118896484 -15.20590591430664
vertex -55.28080749511719 -52.282474517822266 -1
vertex -55.28080749511719 -52.282474517822266 -15.15972900390625
endloop
endfacet
facet normal -0.6569710842174435 -0.7539157741433433 0
outer loop
vertex -52.165340423583984 -56.06490707397461 -15.380370140075684
vertex -51.75325012207031 -56.424007415771484 -15.457109451293945
vertex -52.165340423583984 -56.06490707397461 -1
endloop
endfacet
facet normal -0.7776962302264248 -0.6286402576128954 0
outer loop
vertex -52.56962585449219 -55.564762115478516 -15.389142990112305
vertex -52.165340423583984 -56.06490707397461 -15.380370140075684
vertex -52.56962585449219 -55.564762115478516 -1
endloop
endfacet
facet normal -0.8774440450260793 -0.4796790050109256 0
outer loop
vertex -52.8951416015625 -54.96931838989258 -15.374153137207031
vertex -52.56962585449219 -55.564762115478516 -15.389142990112305
vertex -52.8951416015625 -54.96931838989258 -1
endloop
endfacet
facet normal -0.34890516025021395 -0.937158038513661 0
outer loop
vertex -50.4866828918457 -57.06497573852539 -15.377677917480469
vertex -51.089378356933594 -56.84059143066406 -1
vertex -51.089378356933594 -56.84059143066406 -15.355219841003418
endloop
endfacet
facet normal -0.18118893338956873 -0.9834483059199198 6.248025639906317e-7
outer loop
vertex -50.4866828918457 -57.06497573852539 -1
vertex -49.88752365112305 -57.17537307739258 -15.487984657287598
vertex -49.8442497253418 -57.183345794677734 -15.486146926879883
endloop
endfacet
facet normal -0.181203545394482 -0.9834456137156085 0
outer loop
vertex -50.4866828918457 -57.06497573852539 -15.377677917480469
vertex -49.88752365112305 -57.17537307739258 -15.487984657287598
vertex -50.4866828918457 -57.06497573852539 -1
endloop
endfacet
facet normal -0.6569762067310743 -0.7539113102939781 -2.568914645031124e-7
outer loop
vertex -52.165340423583984 -56.06490707397461 -1
vertex -51.75325012207031 -56.424007415771484 -15.457109451293945
vertex -51.672847747802734 -56.49407196044922 -15.434435844421387
endloop
endfacet
facet normal -0.5106308355961497 -0.8598000638162211 0
outer loop
vertex -51.672847747802734 -56.49407196044922 -15.434435844421387
vertex -51.089378356933594 -56.84059143066406 -15.355219841003418
vertex -51.672847747802734 -56.49407196044922 -1
endloop
endfacet
facet normal -0.9455970881778508 -0.3253400479952779 0
outer loop
vertex -53.22361373901367 -54.014617919921875 -15.458986282348633
vertex -52.8951416015625 -54.96931838989258 -15.374153137207031
vertex -53.22361373901367 -54.014617919921875 -1
endloop
endfacet
facet normal -0.8852993159255579 -0.4650216352189856 0
outer loop
vertex -53.43952560424805 -53.60356903076172 -15.432787895202637
vertex -53.22361373901367 -54.014617919921875 -15.458986282348633
vertex -53.43952560424805 -53.60356903076172 -1
endloop
endfacet
facet normal -0.8029387538687831 -0.5960615383797587 -2.972069648897216e-8
outer loop
vertex -53.66014862060547 -53.306373596191406 -15.368880271911621
vertex -53.43952560424805 -53.60356903076172 -15.432787895202637
vertex -53.71628189086914 -53.23075866699219 -1
endloop
endfacet
facet normal -0.70137070111 -0.7127967028710342 -8.059325055069105e-7
outer loop
vertex -53.770538330078125 -53.177371978759766 -15.32222843170166
vertex -53.71628189086914 -53.23075866699219 -15.348854064941406
vertex -54.047245025634766 -52.90511703491211 -1
endloop
endfacet
facet normal -0.8029360508582238 -0.5960651795166363 0
outer loop
vertex -53.71628189086914 -53.23075866699219 -15.348854064941406
vertex -53.66014862060547 -53.306373596191406 -15.368880271911621
vertex -53.71628189086914 -53.23075866699219 -1
endloop
endfacet
facet normal -0.701349505787943 -0.7128175578161695 0
outer loop
vertex -54.047245025634766 -52.90511703491211 -15.25927734375
vertex -53.770538330078125 -53.177371978759766 -15.32222843170166
vertex -54.047245025634766 -52.90511703491211 -1
endloop
endfacet
facet normal -0.45400837946682226 0.8909974137856721 0.0000010740539518234737
outer loop
vertex -6.372828960418701 70.67816162109375 -1
vertex -6.5828752517700195 70.57113647460938 -4.396125316619873
vertex -6.4867119789123535 70.62013244628906 -1
endloop
endfacet
facet normal -0.45397826572862415 0.8910127576224881 0
outer loop
vertex -6.5828752517700195 70.57113647460938 -4.396125316619873
vertex -6.5828752517700195 70.57113647460938 -1
vertex -6.4867119789123535 70.62013244628906 -1
endloop
endfacet
facet normal -0.5224977117580589 0.8526406870467726 0
outer loop
vertex -6.5828752517700195 70.57113647460938 -1
vertex -8.991490364074707 69.09513854980469 -4.5273051261901855
vertex -8.991490364074707 69.09513854980469 -1
endloop
endfacet
facet normal -0.00013815617259373128 -0.999999990456436 0
outer loop
vertex 27.09996223449707 -57.1939697265625 -4.949999809265137
vertex 34.47222900390625 -57.19498825073242 -5
vertex 34.47222900390625 -57.19498825073242 -4
endloop
endfacet
facet normal -0.0001382827855443956 -0.9999999904236877 -0.000005522281592885926
outer loop
vertex 13.599963188171387 -57.19210433959961 -3.450000047683716
vertex 25.59996223449707 -57.193763732910156 -3.450000047683716
vertex -35.95994186401367 -57.185264587402344 -1
endloop
endfacet
facet normal -0.00013804194657277054 -0.9999999904720704 5.291568230655447e-7
outer loop
vertex -35.95994186401367 -57.185264587402344 -1
vertex 25.59996223449707 -57.193763732910156 -3.450000047683716
vertex 35.97222900390625 -57.195194244384766 -1
endloop
endfacet
facet normal -0.00013799167246235564 -0.9999999904787742 -8.658968873494232e-7
outer loop
vertex 26.985782623291016 -57.19395446777344 -4.375974655151367
vertex 27.09996223449707 -57.1939697265625 -4.949999809265137
vertex 40.072227478027344 -57.195762634277344 -1.6665589809417725
endloop
endfacet
facet normal -0.00013809947507399567 -0.9999999904641704 -4.399887710040257e-7
outer loop
vertex 40.072227478027344 -57.195762634277344 -1.6665589809417725
vertex 27.09996223449707 -57.1939697265625 -4.949999809265137
vertex 34.47222900390625 -57.19498825073242 -4
endloop
endfacet
facet normal -0.00013848819603708205 -0.9999999904093357 0.0000015323060045658679
outer loop
vertex 26.66062355041504 -57.19390869140625 -3.8893399238586426
vertex 26.985782623291016 -57.19395446777344 -4.375974655151367
vertex 40.072227478027344 -57.195762634277344 -1.6665589809417725
endloop
endfacet
facet normal -0.00013724598243518982 -0.9999999905639924 -0.000005962844231396364
outer loop
vertex 26.173988342285156 -57.193843841552734 -3.564180612564087
vertex 26.66062355041504 -57.19390869140625 -3.8893399238586426
vertex 40.072227478027344 -57.195762634277344 -1.6665589809417725
endloop
endfacet
facet normal -0.00013866888718723144 -0.9999999903755304 0.000004458554082855909
outer loop
vertex 25.59996223449707 -57.193763732910156 -3.450000047683716
vertex 26.173988342285156 -57.193843841552734 -3.564180612564087
vertex 40.072227478027344 -57.195762634277344 -1.6665589809417725
endloop
endfacet
facet normal -0.5877848435349354 0.8090172913545245 0
outer loop
vertex -8.991490364074707 69.09513854980469 -1
vertex -9.182209014892578 68.95657348632812 -4.521233558654785
vertex -9.182209014892578 68.95657348632812 -1
endloop
endfacet
facet normal -0.6494476250129758 0.7604063271468783 0
outer loop
vertex -9.182209014892578 68.95657348632812 -1
vertex -11.330272674560547 67.12195587158203 -4.6829633712768555
vertex -11.330272674560547 67.12195587158203 -1
endloop
endfacet
facet normal -0.707108803898664 0.707104758468645 0
outer loop
vertex -11.330272674560547 67.12195587158203 -1
vertex -11.496966361999512 66.95526123046875 -4.683174133300781
vertex -11.496966361999512 66.95526123046875 -1
endloop
endfacet
facet normal 0.9873259964619004 0.1587053129846337 0.00001846523760013619
outer loop
vertex 72.18214416503906 48.93948745727539 -6.178456783294678
vertex 72.15361785888672 49.1169548034668 -6.191837310791016
vertex 72.03270721435547 49.869140625 -6.065309524536133
endloop
endfacet
facet normal -0.7604059940807605 0.6494480149835323 0
outer loop
vertex -11.496966361999512 66.95526123046875 -1
vertex -13.336297035217285 64.80168151855469 -4.936862945556641
vertex -13.336297035217285 64.80168151855469 -1
endloop
endfacet
facet normal -0.6944379898693376 0.7195525541792026 -6.477678853089612e-7
outer loop
vertex -13.336297035217285 64.80168151855469 -1
vertex -13.75141716003418 64.40104675292969 -4.988876819610596
vertex -13.705000877380371 64.44584655761719 -1
endloop
endfacet
facet normal -0.00014091901948228537 -0.9999999899108897 0.000017889950710669692
outer loop
vertex 25.59996223449707 -57.193763732910156 -3.450000047683716
vertex 37.42148971557617 -57.195396423339844 -1.5949000120162964
vertex 36.72215270996094 -57.19529724121094 -1.5595593452453613
endloop
endfacet
facet normal -0.00013749695077161427 -0.9999999905447778 -0.000002243397530927893
outer loop
vertex 25.59996223449707 -57.193763732910156 -3.450000047683716
vertex 36.72215270996094 -57.19529724121094 -1.5595593452453613
vertex 35.97222900390625 -57.195194244384766 -1.5081205368041992
endloop
endfacet
facet normal -0.00013872773991429528 -0.9999999903695997 0.000003926136424323795
outer loop
vertex 37.42148971557617 -57.195396423339844 -1.5949000120162964
vertex 25.59996223449707 -57.193763732910156 -3.450000047683716
vertex 38.108055114746094 -57.195491790771484 -1.6259138584136963
endloop
endfacet
facet normal -0.0001381792384741205 -0.9999999904531314 4.851532570261006e-7
outer loop
vertex 39.326866149902344 -57.19565963745117 -1.6596240997314453
vertex 25.59996223449707 -57.193763732910156 -3.450000047683716
vertex 40.072227478027344 -57.195762634277344 -1.6665589809417725
endloop
endfacet
facet normal -0.00013836803521416957 -0.9999999904187806 0.0000040896675483409685
outer loop
vertex -49.8442497253418 -57.183345794677734 -15.486146926879883
vertex 13.025938034057617 -57.1920280456543 -11.335819244384766
vertex 12.539302825927734 -57.191959381103516 -11.010660171508789
endloop
endfacet
facet normal -0.00013680541404603136 -0.9999999904504255 -0.00001958130352383885
outer loop
vertex -49.8442497253418 -57.183345794677734 -15.486146926879883
vertex 13.599963188171387 -57.19210433959961 -11.449999809265137
vertex 13.025938034057617 -57.1920280456543 -11.335819244384766
endloop
endfacet
facet normal -0.00013805157179322882 -0.9999999904708636 -1.9060762033367998e-7
outer loop
vertex -49.8442497253418 -57.183345794677734 -15.486146926879883
vertex 12.099963188171387 -57.191898345947266 -9.949999809265137
vertex -46.45994186401367 -57.183815002441406 -5
endloop
endfacet
facet normal -0.00013778387571422045 -0.9999999905045605 -0.0000025461132881871045
outer loop
vertex 38.108055114746094 -57.195491790771484 -1.6259138584136963
vertex 25.59996223449707 -57.193763732910156 -3.450000047683716
vertex 39.326866149902344 -57.19565963745117 -1.6596240997314453
endloop
endfacet
facet normal -0.00013791695612992006 -0.9999999904894566 0
outer loop
vertex 35.97222900390625 -57.195194244384766 -1
vertex 25.59996223449707 -57.193763732910156 -3.450000047683716
vertex 35.97222900390625 -57.195194244384766 -1.5081205368041992
endloop
endfacet
facet normal -0.00013819845531062784 -0.999999990449104 0.0000017259029650289704
outer loop
vertex -49.8442497253418 -57.183345794677734 -15.486146926879883
vertex 12.539302825927734 -57.191959381103516 -11.010660171508789
vertex 12.214143753051758 -57.19191360473633 -10.524024963378906
endloop
endfacet
facet normal -0.00013799120687810052 -0.9999999904788384 -8.660335336951694e-7
outer loop
vertex 12.099963188171387 -57.191898345947266 -9.949999809265137
vertex -49.8442497253418 -57.183345794677734 -15.486146926879883
vertex 12.214143753051758 -57.19191360473633 -10.524024963378906
endloop
endfacet
facet normal -0.00013796488312706456 -0.9999999904827984 3.065886015709162e-7
outer loop
vertex 34.47222900390625 -57.19498825073242 -5
vertex 49.62884521484375 -57.19708251953125 -15.398282051086426
vertex 46.47222900390625 -57.1966438293457 -5
endloop
endfacet
facet normal -0.00013897482367048814 -0.999999990342999 0
outer loop
vertex 46.47222900390625 -57.1966438293457 -5
vertex 49.62884521484375 -57.19708251953125 -15.398282051086426
vertex 49.62884521484375 -57.19708251953125 -1
endloop
endfacet
facet normal 0.1610041819462194 -0.9869537240396982 0
outer loop
vertex 49.83694076538086 -57.18375778198242 -1
vertex 50.349098205566406 -57.1002082824707 -15.478726387023926
vertex 50.349098205566406 -57.1002082824707 -1
endloop
endfacet
facet normal 0.06390147845206796 -0.9979562119911073 7.54574447795096e-9
outer loop
vertex 49.62884521484375 -57.19708251953125 -1
vertex 49.83694076538086 -57.18375778198242 -15.409262657165527
vertex 49.73262405395508 -57.19043731689453 -1
endloop
endfacet
facet normal 0.06390044041471847 -0.997956278458533 0
outer loop
vertex 49.73262405395508 -57.19043731689453 -1
vertex 49.83694076538086 -57.18375778198242 -15.409262657165527
vertex 49.83694076538086 -57.18375778198242 -1
endloop
endfacet
facet normal 0.3140107892793981 -0.9494194142822915 2.5388982216586927e-9
outer loop
vertex 50.349098205566406 -57.1002082824707 -1
vertex 50.39664077758789 -57.0844841003418 -15.48578929901123
vertex 50.96930694580078 -56.89508056640625 -1
endloop
endfacet
facet normal -0.702406332841493 -0.7117761892506421 0
outer loop
vertex -70.82200622558594 -50.21491622924805 -1
vertex -70.15319061279297 -50.87492752075195 -14.892409324645996
vertex -70.15319061279297 -50.87492752075195 -1
endloop
endfacet
facet normal -0.44621949220722257 -0.8949235524749186 0
outer loop
vertex -69.45234680175781 -51.374813079833984 -1
vertex -68.61144256591797 -51.794097900390625 -14.949942588806152
vertex -68.61144256591797 -51.794097900390625 -1
endloop
endfacet
facet normal -0.580685714929693 -0.8141278158106308 5.3573604571708964e-8
outer loop
vertex -70.15319061279297 -50.87492752075195 -1
vertex -69.45234680175781 -51.374813079833984 -14.979005813598633
vertex -69.5622787475586 -51.29640197753906 -1
endloop
endfacet
facet normal -0.5806902302217641 -0.814124595209477 0
outer loop
vertex -69.5622787475586 -51.29640197753906 -1
vertex -69.45234680175781 -51.374813079833984 -14.979005813598633
vertex -69.45234680175781 -51.374813079833984 -1
endloop
endfacet
facet normal -0.29865863310503654 -0.9543600059021088 0.0000025215430438630794
outer loop
vertex -68.61144256591797 -51.794097900390625 -1
vertex -67.7898941040039 -52.051231384277344 -15.028130531311035
vertex -68.51634979248047 -51.823856353759766 -1
endloop
endfacet
facet normal -0.29870298090230135 -0.9543461265180885 0
outer loop
vertex -68.51634979248047 -51.823856353759766 -1
vertex -67.7898941040039 -52.051231384277344 -15.028130531311035
vertex -67.7898941040039 -52.051231384277344 -1
endloop
endfacet
facet normal -0.14577308581790838 -0.9893180517159912 0
outer loop
vertex -67.7898941040039 -52.051231384277344 -1
vertex -66.86029052734375 -52.18820571899414 -14.924918174743652
vertex -66.86029052734375 -52.18820571899414 -1
endloop
endfacet
facet normal -0.9496321700595477 -0.31336678443637617 0
outer loop
vertex -72.03277587890625 -47.86909484863281 -1
vertex -71.76301574707031 -48.686580657958984 -14.802654266357422
vertex -71.76301574707031 -48.686580657958984 -1
endloop
endfacet
facet normal -0.8889348905884314 -0.45803357987655635 0
outer loop
vertex -71.33262634277344 -49.52186584472656 -14.808592796325684
vertex -71.33262634277344 -49.52186584472656 -1
vertex -71.63697052001953 -48.93120574951172 -1
endloop
endfacet
facet normal -0.888935733279986 -0.45803194440777356 -8.852997787952992e-8
outer loop
vertex -71.76301574707031 -48.686580657958984 -1
vertex -71.33262634277344 -49.52186584472656 -14.808592796325684
vertex -71.63697052001953 -48.93120574951172 -1
endloop
endfacet
facet normal -0.8050827905716256 -0.5931624569419444 0
outer loop
vertex -71.33262634277344 -49.52186584472656 -1
vertex -70.82200622558594 -50.21491622924805 -14.900824546813965
vertex -70.82200622558594 -50.21491622924805 -1
endloop
endfacet
facet normal -0.9873234855601898 -0.1587209339100478 0
outer loop
vertex -72.13389587402344 -47.24007797241211 -1
vertex -72.03277587890625 -47.86909484863281 -14.70784854888916
vertex -72.03277587890625 -47.86909484863281 -1
endloop
endfacet
facet normal -0.98732623520505 -0.15870382879809128 -8.051918669635387e-7
outer loop
vertex -72.13389587402344 -47.24007797241211 -1
vertex -72.18222045898438 -46.9394416809082 -1
vertex -72.03277587890625 -47.86909484863281 -14.70784854888916
endloop
endfacet
facet normal -0.9992151229169848 -0.03961234825146281 0
outer loop
vertex -72.18222045898438 -46.9394416809082 -14.695306777954102
vertex -72.18222045898438 -46.9394416809082 -1
vertex -72.20003509521484 -46.49007034301758 -1
endloop
endfacet
facet normal -0.001923904835189521 -0.9999981492933742 1.0771710543086928e-7
outer loop
vertex -66.86029052734375 -52.18820571899414 -1
vertex -56.12429428100586 -52.2088623046875 -15.040250778198242
vertex -58.875614166259766 -52.20356750488281 -1
endloop
endfacet
facet normal -0.0019242195113109435 -0.9999981486879217 -3.749631871625008e-8
outer loop
vertex -58.875614166259766 -52.20356750488281 -1
vertex -55.78468322753906 -52.20951461791992 -15.070534706115723
vertex -55.73936080932617 -52.20960235595703 -1
endloop
endfacet
facet normal -0.4506019105547364 -0.8927249958438609 0
outer loop
vertex -54.838993072509766 -52.425228118896484 -1
vertex -54.424495697021484 -52.63444519042969 -15.22010612487793
vertex -54.424495697021484 -52.63444519042969 -1
endloop
endfacet
facet normal -0.5829583437207041 -0.8125020427583018 0
outer loop
vertex -54.424495697021484 -52.63444519042969 -1
vertex -54.047245025634766 -52.90511703491211 -15.25927734375
vertex -54.047245025634766 -52.90511703491211 -1
endloop
endfacet
facet normal -0.15694804673129664 -0.9876068603585288 0
outer loop
vertex -55.73936080932617 -52.20960235595703 -1
vertex -55.28080749511719 -52.282474517822266 -15.15972900390625
vertex -55.28080749511719 -52.282474517822266 -1
endloop
endfacet
facet normal -0.30745692152982856 -0.9515620008193901 0
outer loop
vertex -55.28080749511719 -52.282474517822266 -1
vertex -54.838993072509766 -52.425228118896484 -15.20590591430664
vertex -54.838993072509766 -52.425228118896484 -1
endloop
endfacet
facet normal -0.9999999924072828 0.00012322919503537891 0
outer loop
vertex -72.20003509521484 -46.49007034301758 -14.67764663696289
vertex -72.20003509521484 -46.49007034301758 -1
vertex -72.19760131835938 -26.740068435668945 -1
endloop
endfacet
facet normal -0.9999999923984852 0.00012330052289729847 -1.0299472327077031e-7
outer loop
vertex -72.20003509521484 -46.49007034301758 -14.67764663696289
vertex -72.19760131835938 -26.740068435668945 -1
vertex -72.19699096679688 -21.789955139160156 -1
endloop
endfacet
facet normal -0.00013864216211650064 -0.9999999903891754 0
outer loop
vertex -46.45994186401367 -57.183815002441406 -5
vertex -46.45994186401367 -57.183815002441406 -4
vertex -49.8442497253418 -57.183345794677734 -15.486146926879883
endloop
endfacet
facet normal -0.00013864216211650064 -0.9999999903891754 0
outer loop
vertex -46.45994186401367 -57.183815002441406 -4
vertex -49.8442497253418 -57.183345794677734 -1
vertex -49.8442497253418 -57.183345794677734 -15.486146926879883
endloop
endfacet
facet normal 0.47968137098918073 -0.8774427515946212 0
outer loop
vertex 50.96930694580078 -56.89508056640625 -1
vertex 51.56474685668945 -56.56956481933594 -15.44412612915039
vertex 51.56474685668945 -56.56956481933594 -1
endloop
endfacet
facet normal -0.7776962302264249 -0.6286402576128955 0
outer loop
vertex -52.165340423583984 -56.06490707397461 -15.380370140075684
vertex -52.165340423583984 -56.06490707397461 -1
vertex -52.56962585449219 -55.564762115478516 -1
endloop
endfacet
facet normal -0.8774440450260793 -0.47967900501092564 0
outer loop
vertex -52.8951416015625 -54.96931838989258 -1
vertex -52.56962585449219 -55.564762115478516 -15.389142990112305
vertex -52.56962585449219 -55.564762115478516 -1
endloop
endfacet
facet normal -0.9455970881778508 -0.3253400479952779 0
outer loop
vertex -53.22361373901367 -54.014617919921875 -1
vertex -52.8951416015625 -54.96931838989258 -15.374153137207031
vertex -52.8951416015625 -54.96931838989258 -1
endloop
endfacet
facet normal -0.5106308355961497 -0.8598000638162211 0
outer loop
vertex -51.672847747802734 -56.49407196044922 -1
vertex -51.089378356933594 -56.84059143066406 -15.355219841003418
vertex -51.089378356933594 -56.84059143066406 -1
endloop
endfacet
facet normal -0.3489051602502139 -0.9371580385136609 0
outer loop
vertex -51.089378356933594 -56.84059143066406 -1
vertex -50.4866828918457 -57.06497573852539 -15.377677917480469
vertex -50.4866828918457 -57.06497573852539 -1
endloop
endfacet
facet normal -0.1812054591160755 -0.9834452611032883 -1.329620769157742e-7
outer loop
vertex -50.4866828918457 -57.06497573852539 -1
vertex -49.8442497253418 -57.183345794677734 -15.486146926879883
vertex -49.940799713134766 -57.165557861328125 -1
endloop
endfacet
facet normal -0.18118616471990678 -0.9834488160113319 0
outer loop
vertex -49.940799713134766 -57.165557861328125 -1
vertex -49.8442497253418 -57.183345794677734 -15.486146926879883
vertex -49.8442497253418 -57.183345794677734 -1
endloop
endfacet
facet normal -0.6569719272269366 -0.7539150395341141 0
outer loop
vertex -52.165340423583984 -56.06490707397461 -1
vertex -51.672847747802734 -56.49407196044922 -15.434435844421387
vertex -51.672847747802734 -56.49407196044922 -1
endloop
endfacet
facet normal -0.885299315925558 -0.46502163521898565 0
outer loop
vertex -53.43952560424805 -53.60356903076172 -1
vertex -53.22361373901367 -54.014617919921875 -15.458986282348633
vertex -53.22361373901367 -54.014617919921875 -1
endloop
endfacet
facet normal -0.7013529476259976 -0.7128141713352258 0
outer loop
vertex -54.047245025634766 -52.90511703491211 -1
vertex -53.71628189086914 -53.23075866699219 -15.348854064941406
vertex -53.71628189086914 -53.23075866699219 -1
endloop
endfacet
facet normal -0.8029382031945874 -0.5960622801777071 0
outer loop
vertex -53.71628189086914 -53.23075866699219 -1
vertex -53.43952560424805 -53.60356903076172 -15.432787895202637
vertex -53.43952560424805 -53.60356903076172 -1
endloop
endfacet
facet normal 0.6286402576128954 -0.7776962302264248 0
outer loop
vertex 51.56474685668945 -56.56956481933594 -1
vertex 52.06489181518555 -56.165279388427734 -15.385440826416016
vertex 52.06489181518555 -56.165279388427734 -1
endloop
endfacet
facet normal 0.753915039534114 -0.6569719272269365 0
outer loop
vertex 52.06489181518555 -56.165279388427734 -1
vertex 52.494056701660156 -55.672786712646484 -15.394791603088379
vertex 52.494056701660156 -55.672786712646484 -1
endloop
endfacet
facet normal 0.8598000638162211 -0.5106308355961497 0
outer loop
vertex 52.494056701660156 -55.672786712646484 -1
vertex 52.840576171875 -55.089317321777344 -15.287087440490723
vertex 52.840576171875 -55.089317321777344 -1
endloop
endfacet
facet normal 0.9371564224677719 -0.34890950091306694 4.1884051370757696e-8
outer loop
vertex 52.840576171875 -55.089317321777344 -1
vertex 53.064964294433594 -54.48662185668945 -15.235845565795898
vertex 53.024932861328125 -54.59414291381836 -1
endloop
endfacet
facet normal 0.9834457953858006 -0.18120255941346353 0
outer loop
vertex 53.18333435058594 -53.84418869018555 -15.291324615478516
vertex 53.18333435058594 -53.84418869018555 -1
vertex 53.064964294433594 -54.48662185668945 -1
endloop
endfacet
facet normal 0.9371546091851559 -0.3489143712761309 0
outer loop
vertex 53.064964294433594 -54.48662185668945 -15.235845565795898
vertex 53.064964294433594 -54.48662185668945 -1
vertex 53.024932861328125 -54.59414291381836 -1
endloop
endfacet
facet normal -0.00013828281223585135 -0.999999990438932 0
outer loop
vertex 40.072227478027344 -57.195762634277344 -1.6665589809417725
vertex 34.47222900390625 -57.19498825073242 -4
vertex 40.072227478027344 -57.195762634277344 -4
endloop
endfacet
facet normal -0.00013897482367048817 -0.9999999903429992 0
outer loop
vertex 46.47222900390625 -57.1966438293457 -4
vertex 46.47222900390625 -57.1966438293457 -5
vertex 49.62884521484375 -57.19708251953125 -1
endloop
endfacet
facet normal -0.0001376016161292491 -0.9999999905318537 -0.0000014448964228351595
outer loop
vertex 46.47222900390625 -57.1966438293457 -4
vertex 49.62884521484375 -57.19708251953125 -1
vertex 40.872230529785156 -57.19587326049805 -4
endloop
endfacet
facet normal -0.00013817314498590355 -0.9999999904540909 0
outer loop
vertex 40.872230529785156 -57.19587326049805 -1.666547179222107
vertex 40.872230529785156 -57.19587326049805 -4
vertex 41.61764907836914 -57.19597625732422 -1.6595898866653442
endloop
endfacet
facet normal -0.00013768892953337268 -0.9999999905208675 -1.542221957804597e-7
outer loop
vertex 41.61764907836914 -57.19597625732422 -1.6595898866653442
vertex 40.872230529785156 -57.19587326049805 -4
vertex 42.836639404296875 -57.196144104003906 -1.6258398294448853
endloop
endfacet
facet normal -0.00013358682247063296 -0.9999999910709849 -0.0000035483553158532925
outer loop
vertex 42.836639404296875 -57.196144104003906 -1.6258398294448853
vertex 40.872230529785156 -57.19587326049805 -4
vertex 43.52116012573242 -57.19623565673828 -1.5949000120162964
endloop
endfacet
facet normal -0.00014160364857662667 -0.9999999899602576 0.000005281218692026457
outer loop
vertex 43.52116012573242 -57.19623565673828 -1.5949000120162964
vertex 40.872230529785156 -57.19587326049805 -4
vertex 44.222904205322266 -57.19633483886719 -1.5594168901443481
endloop
endfacet
facet normal -0.0001374212230589893 -0.9999999905575976 -4.6082848553930317e-7
outer loop
vertex 44.222904205322266 -57.19633483886719 -1.5594168901443481
vertex 40.872230529785156 -57.19587326049805 -4
vertex 44.97222900390625 -57.19643783569336 -1.5079988241195679
endloop
endfacet
facet normal -0.00013860731171369902 -0.9999999903928954 0.0000014905998743412996
outer loop
vertex 44.97222900390625 -57.19643783569336 -1.5079988241195679
vertex 40.872230529785156 -57.19587326049805 -4
vertex 49.62884521484375 -57.19708251953125 -1
endloop
endfacet
facet normal -0.6944668102385082 0.7195247386137268 0
outer loop
vertex -13.75141716003418 64.40104675292969 -4.988876819610596
vertex -13.75141716003418 64.40104675292969 -1
vertex -13.705000877380371 64.44584655761719 -1
endloop
endfacet
facet normal 0.999999952932923 -0.00030681082734387085 0.0000011260453995792508
outer loop
vertex 72.18819427490234 10.139772415161133 -1
vertex 72.19996643066406 48.490116119384766 -6.199192523956299
vertex 72.19390106201172 28.740116119384766 -1
endloop
endfacet
facet normal -0.5595742511920238 0.8287802226179587 4.6125130390316936e-7
outer loop
vertex -13.75141716003418 64.40104675292969 -1
vertex -14.136224746704102 64.1412353515625 -5.04573392868042
vertex -13.943389892578125 64.27143096923828 -1
endloop
endfacet
facet normal -0.559567604100291 0.8287847105500077 0
outer loop
vertex -14.136224746704102 64.1412353515625 -5.04573392868042
vertex -14.136224746704102 64.1412353515625 -1
vertex -13.943389892578125 64.27143096923828 -1
endloop
endfacet
facet normal -0.424992160376856 0.9051970302747422 9.7740537447088e-9
outer loop
vertex -14.136224746704102 64.1412353515625 -1
vertex -14.556513786315918 63.94390869140625 -5.108824253082275
vertex -14.44372272491455 63.996864318847656 -1
endloop
endfacet
facet normal -0.424991868631505 0.9051971672498217 0
outer loop
vertex -14.556513786315918 63.94390869140625 -5.108824253082275
vertex -14.556513786315918 63.94390869140625 -1
vertex -14.44372272491455 63.996864318847656 -1
endloop
endfacet
facet normal -0.2802198107932922 0.959935861211035 0
outer loop
vertex -14.556513786315918 63.94390869140625 -1
vertex -15.002218246459961 63.81380081176758 -5.1918840408325195
vertex -15.002218246459961 63.81380081176758 -1
endloop
endfacet
facet normal -0.12876381406284212 0.9916752896906055 0.0000022457594977366956
outer loop
vertex -15.002218246459961 63.81380081176758 -1
vertex -15.46265983581543 63.754024505615234 -5.243320941925049
vertex -15.124140739440918 63.797969818115234 -1
endloop
endfacet
facet normal -0.12873613016153093 0.9916788839090169 0
outer loop
vertex -15.46265983581543 63.754024505615234 -5.243320941925049
vertex -15.46265983581543 63.754024505615234 -1
vertex -15.124140739440918 63.797969818115234 -1
endloop
endfacet
facet normal -0.1564133387547116 0.987691686438437 0
outer loop
vertex -0.5590901374816895 72.52838134765625 -4.265339374542236
vertex -0.7919284701347351 72.49150848388672 -4.249785900115967
vertex -0.5590901374816895 72.52838134765625 -1
endloop
endfacet
facet normal -0.23344694147384987 0.9723695416437647 0
outer loop
vertex -3.480642795562744 71.84600067138672 -4.325841903686523
vertex -0.7919284701347351 72.49150848388672 -1
vertex -0.7919284701347351 72.49150848388672 -4.249785900115967
endloop
endfacet
facet normal -0.23344122041875418 0.9723709151272854 -0.000004891656791405106
outer loop
vertex -3.480642795562744 71.84600067138672 -4.325841903686523
vertex -3.5387673377990723 71.83204650878906 -4.317210674285889
vertex -0.7919284701347351 72.49150848388672 -1
endloop
endfacet
facet normal -0.309007815004183 0.9510594988045389 0
outer loop
vertex -3.5387673377990723 71.83204650878906 -4.317210674285889
vertex -3.762969970703125 71.75920104980469 -4.304961681365967
vertex -3.5387673377990723 71.83204650878906 -1
endloop
endfacet
facet normal -0.38268273556712057 0.923879821134148 0
outer loop
vertex -6.291589260101318 70.7118148803711 -4.416605472564697
vertex -3.762969970703125 71.75920104980469 -1
vertex -3.762969970703125 71.75920104980469 -4.304961681365967
endloop
endfacet
facet normal -0.38270687315556207 0.9238698224324982 0.000020929332967301523
outer loop
vertex -6.291589260101318 70.7118148803711 -4.416605472564697
vertex -6.372828960418701 70.67816162109375 -4.405186653137207
vertex -3.762969970703125 71.75920104980469 -1
endloop
endfacet
facet normal -0.45399459300566675 0.8910044385532649 0
outer loop
vertex -6.372828960418701 70.67816162109375 -4.405186653137207
vertex -6.5828752517700195 70.57113647460938 -4.396125316619873
vertex -6.372828960418701 70.67816162109375 -1
endloop
endfacet
facet normal -0.5224987004697185 0.8526400811640603 0
outer loop
vertex -6.5828752517700195 70.57113647460938 -4.396125316619873
vertex -8.89484691619873 69.15435791015625 -4.540435314178467
vertex -6.5828752517700195 70.57113647460938 -1
endloop
endfacet
facet normal -0.5224760665161625 0.8526539506179909 -0.00002033055201329962
outer loop
vertex -8.89484691619873 69.15435791015625 -4.540435314178467
vertex -8.991490364074707 69.09513854980469 -4.5273051261901855
vertex -6.5828752517700195 70.57113647460938 -1
endloop
endfacet
facet normal -0.5877848435349354 0.8090172913545245 0
outer loop
vertex -8.991490364074707 69.09513854980469 -4.5273051261901855
vertex -9.182209014892578 68.95657348632812 -4.521233558654785
vertex -8.991490364074707 69.09513854980469 -1
endloop
endfacet
facet normal -0.6494479976008617 0.7604060089269621 0
outer loop
vertex -11.228185653686523 67.20914459228516 -4.694749355316162
vertex -9.182209014892578 68.95657348632812 -1
vertex -9.182209014892578 68.95657348632812 -4.521233558654785
endloop
endfacet
facet normal -0.6494406287802124 0.7604123023990086 -0.000007056995561648405
outer loop
vertex -11.228185653686523 67.20914459228516 -4.694749355316162
vertex -11.330272674560547 67.12195587158203 -4.6829633712768555
vertex -9.182209014892578 68.95657348632812 -1
endloop
endfacet
facet normal -0.707108803898664 0.707104758468645 0
outer loop
vertex -11.330272674560547 67.12195587158203 -4.6829633712768555
vertex -11.496966361999512 66.95526123046875 -4.683174133300781
vertex -11.330272674560547 67.12195587158203 -1
endloop
endfacet
facet normal -0.7604059940807605 0.6494480149835324 0
outer loop
vertex -11.496966361999512 66.95526123046875 -4.683174133300781
vertex -13.336297035217285 64.80168151855469 -4.936862945556641
vertex -11.496966361999512 66.95526123046875 -1
endloop
endfacet
facet normal -0.6944515265578087 0.7195394897165333 0
outer loop
vertex -13.336297035217285 64.80168151855469 -4.936862945556641
vertex -13.408588409423828 64.7319107055664 -4.944441795349121
vertex -13.336297035217285 64.80168151855469 -1
endloop
endfacet
facet normal -0.6944370994255986 0.7195534135428034 -5.107018930989486e-7
outer loop
vertex -13.408588409423828 64.7319107055664 -4.944441795349121
vertex -13.502875328063965 64.64091491699219 -4.936594486236572
vertex -13.336297035217285 64.80168151855469 -1
endloop
endfacet
facet normal -0.6944397492022581 0.7195508562484089 -2.941383622720165e-7
outer loop
vertex -13.502875328063965 64.64091491699219 -4.936594486236572
vertex -13.75141716003418 64.40104675292969 -4.988876819610596
vertex -13.336297035217285 64.80168151855469 -1
endloop
endfacet
facet normal -0.5595487958190135 0.8287974089592053 0
outer loop
vertex -13.75141716003418 64.40104675292969 -4.988876819610596
vertex -13.817197799682617 64.35663604736328 -4.984968662261963
vertex -13.75141716003418 64.40104675292969 -1
endloop
endfacet
facet normal -0.5595807475147204 0.8287758364058868 7.678492742438298e-7
outer loop
vertex -13.879786491394043 64.31437683105469 -4.997408390045166
vertex -13.75141716003418 64.40104675292969 -1
vertex -13.817197799682617 64.35663604736328 -4.984968662261963
endloop
endfacet
facet normal -0.5595581807094213 0.8287910728290213 -2.8719061620350875e-7
outer loop
vertex -13.879786491394043 64.31437683105469 -4.997408390045166
vertex -13.944989204406738 64.27035522460938 -5.007724761962891
vertex -13.75141716003418 64.40104675292969 -1
endloop
endfacet
facet normal -0.5595870063214125 0.8287716104894115 0.0000017397438751124873
outer loop
vertex -13.944989204406738 64.27035522460938 -5.007724761962891
vertex -14.018153190612793 64.22095489501953 -5.022266387939453
vertex -13.75141716003418 64.40104675292969 -1
endloop
endfacet
facet normal -0.5595753731271667 0.8287794651107204 6.166095609974477e-7
outer loop
vertex -14.018153190612793 64.22095489501953 -5.022266387939453
vertex -14.136224746704102 64.1412353515625 -5.04573392868042
vertex -13.75141716003418 64.40104675292969 -1
endloop
endfacet
facet normal -0.4250145690822939 0.9051865089956832 0
outer loop
vertex -14.136224746704102 64.1412353515625 -5.04573392868042
vertex -14.258237838745117 64.08394622802734 -5.043402671813965
vertex -14.136224746704102 64.1412353515625 -1
endloop
endfacet
facet normal -0.4249826721820604 0.9052014849433333 -0.0000011747032696266352
outer loop
vertex -14.258237838745117 64.08394622802734 -5.043402671813965
vertex -14.556513786315918 63.94390869140625 -5.108824253082275
vertex -14.136224746704102 64.1412353515625 -1
endloop
endfacet
facet normal -0.28022723444530034 0.9599336941034723 0
outer loop
vertex -14.663719177246094 63.91261291503906 -5.11045503616333
vertex -14.556513786315918 63.94390869140625 -1
vertex -14.556513786315918 63.94390869140625 -5.108824253082275
endloop
endfacet
facet normal -0.2802173979371348 0.9599365655569454 -2.78409825421471e-7
outer loop
vertex -14.663719177246094 63.91261291503906 -5.11045503616333
vertex -15.002218246459961 63.81380081176758 -5.1918840408325195
vertex -14.556513786315918 63.94390869140625 -1
endloop
endfacet
facet normal -0.1287938643937503 0.9916713873529498 0
outer loop
vertex -15.002218246459961 63.81380081176758 -5.1918840408325195
vertex -15.057085037231445 63.80667495727539 -5.194446086883545
vertex -15.002218246459961 63.81380081176758 -1
endloop
endfacet
facet normal -0.1287365516346494 0.9916788291945321 -7.623406228522598e-7
outer loop
vertex -15.057085037231445 63.80667495727539 -5.194446086883545
vertex -15.46265983581543 63.754024505615234 -5.243320941925049
vertex -15.002218246459961 63.81380081176758 -1
endloop
endfacet
facet normal -0.00013844469943605822 -0.9999999904165326 0
outer loop
vertex 44.97222900390625 -57.19643783569336 -1
vertex 44.97222900390625 -57.19643783569336 -1.5079988241195679
vertex 49.62884521484375 -57.19708251953125 -1
endloop
endfacet
facet normal -0.00047609856971243824 0.9999998866650697 0
outer loop
vertex -15.46265983581543 63.754024505615234 -1
vertex -23.867677688598633 63.750022888183594 -4.992544174194336
vertex -23.867677688598633 63.750022888183594 -1
endloop
endfacet
facet normal -0.7071063974575738 0.7071071649153129 0
outer loop
vertex -23.867677688598633 63.750022888183594 -1
vertex -25.625038146972656 61.9926643371582 -5.014890193939209
vertex -25.625038146972656 61.9926643371582 -1
endloop
endfacet
facet normal 0.9893178581513824 -0.14577439947659313 0
outer loop
vertex 72.11994171142578 9.676567077636719 -1
vertex 72.18819427490234 10.139772415161133 -9.506839752197266
vertex 72.18819427490234 10.139772415161133 -1
endloop
endfacet
facet normal 0.989317162963626 -0.14577911738494315 -2.624721684183387e-7
outer loop
vertex 72.05121612548828 9.210166931152344 -1
vertex 72.18819427490234 10.139772415161133 -9.506839752197266
vertex 72.11994171142578 9.676567077636719 -1
endloop
endfacet
facet normal 0.954347331521558 -0.29869913092890216 0
outer loop
vertex 71.82384490966797 8.483713150024414 -1
vertex 72.05121612548828 9.210166931152344 -9.659831047058105
vertex 72.05121612548828 9.210166931152344 -1
endloop
endfacet
facet normal 0.9543490931982508 -0.29869350229191083 5.184280353822679e-7
outer loop
vertex 71.79408264160156 8.388620376586914 -1
vertex 72.05121612548828 9.210166931152344 -9.659831047058105
vertex 71.82384490966797 8.483713150024414 -1
endloop
endfacet
facet normal 0.8949230427615229 -0.44622051447065675 0
outer loop
vertex 71.37479400634766 7.54771089553833 -1
vertex 71.79408264160156 8.388620376586914 -9.663707733154297
vertex 71.79408264160156 8.388620376586914 -1
endloop
endfacet
facet normal 0.8141450948454475 -0.5806614887687123 0
outer loop
vertex 71.29638671875 7.4377760887146 -1
vertex 71.37479400634766 7.54771089553833 -9.764180183410645
vertex 71.37479400634766 7.54771089553833 -1
endloop
endfacet
facet normal 0.8141269775704106 -0.5806868901497922 -4.807092310078404e-7
outer loop
vertex 70.87491607666016 6.846871376037598 -1
vertex 71.37479400634766 7.54771089553833 -9.764180183410645
vertex 71.29638671875 7.4377760887146 -1
endloop
endfacet
facet normal -1 0 0
outer loop
vertex -25.625038146972656 61.9926643371582 -1
vertex -25.625038146972656 57.44013977050781 -5.441856861114502
vertex -25.625038146972656 57.20002365112305 -1
endloop
endfacet
facet normal -0.9980524595082082 0.06238018972090874 0
outer loop
vertex -25.625038146972656 57.20002365112305 -1
vertex -25.648386001586914 56.82646942138672 -5.581374645233154
vertex -25.648386001586914 56.82646942138672 -1
endloop
endfacet
facet normal -0.9796068265291198 0.20092402897002415 0
outer loop
vertex -25.648386001586914 56.82646942138672 -1
vertex -25.741676330566406 56.37163162231445 -5.7057013511657715
vertex -25.741676330566406 56.37163162231445 -1
endloop
endfacet
facet normal -0.00047609856971243824 0.9999998866650696 0
outer loop
vertex -15.46265983581543 63.754024505615234 -5.243320941925049
vertex -23.867677688598633 63.750022888183594 -4.992544174194336
vertex -15.46265983581543 63.754024505615234 -1
endloop
endfacet
facet normal -0.7071063974575739 0.707107164915313 0
outer loop
vertex -23.867677688598633 63.750022888183594 -4.992544174194336
vertex -25.625038146972656 61.9926643371582 -5.014890193939209
vertex -23.867677688598633 63.750022888183594 -1
endloop
endfacet
facet normal -1 0 0
outer loop
vertex -25.625038146972656 61.9926643371582 -5.014890193939209
vertex -25.625038146972656 57.44013977050781 -5.441856861114502
vertex -25.625038146972656 61.9926643371582 -1
endloop
endfacet
facet normal -1 0 0
outer loop
vertex -25.625038146972656 57.44013977050781 -5.441856861114502
vertex -25.625038146972656 57.20002365112305 -5.488223075866699
vertex -25.625038146972656 57.20002365112305 -1
endloop
endfacet
facet normal -0.9980527803109291 0.06237505682261277 0
outer loop
vertex -25.625038146972656 57.20002365112305 -5.488223075866699
vertex -25.634212493896484 57.053226470947266 -5.5067338943481445
vertex -25.625038146972656 57.20002365112305 -1
endloop
endfacet
facet normal 0.9999999528867078 -0.0003069634863741061 0
outer loop
vertex 72.18819427490234 10.139772415161133 -9.506839752197266
vertex 72.19996643066406 48.490116119384766 -6.199192523956299
vertex 72.18819427490234 10.139772415161133 -1
endloop
endfacet
facet normal 0.9893175093656231 -0.14577676653911742 0
outer loop
vertex 72.18819427490234 10.139772415161133 -9.506839752197266
vertex 72.05121612548828 9.210166931152344 -1
vertex 72.05121612548828 9.210166931152344 -9.659831047058105
endloop
endfacet
facet normal 0.9543475354343566 -0.2986984794242675 0
outer loop
vertex 72.05121612548828 9.210166931152344 -9.659831047058105
vertex 71.79408264160156 8.388620376586914 -1
vertex 71.79408264160156 8.388620376586914 -9.663707733154297
endloop
endfacet
facet normal 0.8949230427615228 -0.4462205144706567 0
outer loop
vertex 71.37479400634766 7.54771089553833 -9.764180183410645
vertex 71.79408264160156 8.388620376586914 -9.663707733154297
vertex 71.37479400634766 7.54771089553833 -1
endloop
endfacet
facet normal 0.814129819474286 -0.5806829057607658 0
outer loop
vertex 70.87491607666016 6.846871376037598 -1
vertex 70.87491607666016 6.846871376037598 -9.758787155151367
vertex 71.37479400634766 7.54771089553833 -9.764180183410645
endloop
endfacet
facet normal -0.9980522460857835 0.06238360428064807 -2.795026140004228e-7
outer loop
vertex -25.634212493896484 57.053226470947266 -5.5067338943481445
vertex -25.648386001586914 56.82646942138672 -5.581374645233154
vertex -25.625038146972656 57.20002365112305 -1
endloop
endfacet
facet normal -0.9796082783271196 0.2009169505864963 0
outer loop
vertex -25.648386001586914 56.82646942138672 -5.581374645233154
vertex -25.684795379638672 56.648948669433594 -5.614715099334717
vertex -25.648386001586914 56.82646942138672 -1
endloop
endfacet
facet normal -0.9796021813550947 0.20094667522235946 -0.0000011915636287438444
outer loop
vertex -25.684795379638672 56.648948669433594 -5.614715099334717
vertex -25.702152252197266 56.564334869384766 -5.641216278076172
vertex -25.648386001586914 56.82646942138672 -1
endloop
endfacet
facet normal -0.9796075187607552 0.2009206539589221 3.399410670407883e-7
outer loop
vertex -25.702152252197266 56.564334869384766 -5.641216278076172
vertex -25.741676330566406 56.37163162231445 -5.7057013511657715
vertex -25.648386001586914 56.82646942138672 -1
endloop
endfacet
facet normal -0.00013717096078324448 -0.9999999903626762 0.000021419033343087222
outer loop
vertex 13.599963188171387 -57.19210433959961 -3.450000047683716
vertex -35.95994186401367 -57.185264587402344 -1.5090936422348022
vertex 13.025938034057617 -57.1920280456543 -3.564180612564087
endloop
endfacet
facet normal 0.9980523121769088 -0.06238254690477326 0
outer loop
vertex 53.1999626159668 1.8000234365463257 -1
vertex 53.1999626159668 1.8000234365463257 -10.409175872802734
vertex 53.20713424682617 1.9147616624832153 -10.391960144042969
endloop
endfacet
facet normal 0.9980520795542223 -0.06238626850109126 -4.5643043267164916e-8
outer loop
vertex 53.1999626159668 1.8000234365463257 -1
vertex 53.20713424682617 1.9147616624832153 -10.391960144042969
vertex 53.22331237792969 2.1735785007476807 -10.3782320022583
endloop
endfacet
facet normal 0.9796056688669367 -0.20092967307931758 0
outer loop
vertex 53.22331237792969 2.1735785007476807 -1
vertex 53.22331237792969 2.1735785007476807 -10.3782320022583
vertex 53.250030517578125 2.3038392066955566 -10.352835655212402
endloop
endfacet
facet normal 0.9796083662067983 -0.20091652211207284 1.908642732650187e-7
outer loop
vertex 53.31660079956055 2.628415822982788 -10.354236602783203
vertex 53.22331237792969 2.1735785007476807 -1
vertex 53.250030517578125 2.3038392066955566 -10.352835655212402
endloop
endfacet
facet normal 0.8090186890075193 0.5877829198237685 0
outer loop
vertex 18.220077514648438 64.6164779663086 -1
vertex 18.081512451171875 64.80719757080078 -4.867292881011963
vertex 18.081512451171875 64.80719757080078 -1
endloop
endfacet
facet normal 0.8526403862458077 0.5224982026214057 0
outer loop
vertex 19.696077346801758 62.207862854003906 -1
vertex 18.220077514648438 64.6164779663086 -4.8770551681518555
vertex 18.220077514648438 64.6164779663086 -1
endloop
endfacet
facet normal 0.9368672320853978 -0.34968527198703314 0
outer loop
vertex 53.31660079956055 2.628415822982788 -10.354236602783203
vertex 53.340335845947266 2.6920061111450195 -10.344451904296875
vertex 53.31660079956055 2.628415822982788 -1
endloop
endfacet
facet normal 0.8910049881610568 0.453993514350235 1.956332330241426e-7
outer loop
vertex 19.803102493286133 61.9978141784668 -1
vertex 19.696077346801758 62.207862854003906 -5.074028968811035
vertex 19.745075225830078 62.111698150634766 -1
endloop
endfacet
facet normal 0.9368642200461614 -0.34969334165421817 -6.256582608054734e-8
outer loop
vertex 53.31660079956055 2.628415822982788 -1
vertex 53.340335845947266 2.6920061111450195 -10.344451904296875
vertex 53.36946487426758 2.770045757293701 -10.348371505737305
endloop
endfacet
facet normal 0.9368683882390567 -0.349682174436066 1.3019074471156485e-7
outer loop
vertex 53.31660079956055 2.628415822982788 -1
vertex 53.36946487426758 2.770045757293701 -10.348371505737305
vertex 53.47896194458008 3.0634102821350098 -10.339397430419922
endloop
endfacet
facet normal 0.8716947483334597 -0.4900492482678309 0
outer loop
vertex 53.695533752441406 3.448646068572998 -10.278125762939453
vertex 53.47896194458008 3.0634102821350098 -1
vertex 53.47896194458008 3.0634102821350098 -10.339397430419922
endloop
endfacet
facet normal 0.7923871812661792 -0.6100183895448151 0.000345517278172075
outer loop
vertex 53.695533752441406 3.448646068572998 -10.278125762939453
vertex 53.88570785522461 3.695714235305786 -10.206916809082031
vertex 53.70649719238281 3.46814227104187 -1
endloop
endfacet
facet normal 0.7856258521664583 -0.6187018833066543 -7.247991499598159e-7
outer loop
vertex 53.70649719238281 3.46814227104187 -1
vertex 53.88570785522461 3.695714235305786 -10.206916809082031
vertex 53.99375915527344 3.8329174518585205 -10.198360443115234
endloop
endfacet
facet normal 0.6807632596070489 -0.7325035046804799 0
outer loop
vertex 53.99375915527344 3.8329174518585205 -10.198360443115234
vertex 54.14956283569336 3.9777159690856934 -10.1585054397583
vertex 53.99375915527344 3.8329174518585205 -1
endloop
endfacet
facet normal 0.6807563461860282 -0.7325099297124922 -2.1919204623754412e-7
outer loop
vertex 53.99375915527344 3.8329174518585205 -1
vertex 54.14956283569336 3.9777159690856934 -10.1585054397583
vertex 54.333866119384766 4.148997783660889 -10.158321380615234
endloop
endfacet
facet normal 0.5595801505153108 -0.8287762394936657 0
outer loop
vertex 54.333866119384766 4.148997783660889 -10.158321380615234
vertex 54.445701599121094 4.224507808685303 -10.139934539794922
vertex 54.333866119384766 4.148997783660889 -1
endloop
endfacet
facet normal 0.8910083407423837 0.4539869345339183 0
outer loop
vertex 19.696077346801758 62.207862854003906 -5.074028968811035
vertex 19.696077346801758 62.207862854003906 -1
vertex 19.745075225830078 62.111698150634766 -1
endloop
endfacet
facet normal 0.9238797409682286 0.38268292910512597 0
outer loop
vertex 20.884140014648438 59.38795471191406 -1
vertex 19.803102493286133 61.9978141784668 -5.083479881286621
vertex 19.803102493286133 61.9978141784668 -1
endloop
endfacet
facet normal 0.5595717060796624 -0.8287819410164976 -1.5042882829862492e-7
outer loop
vertex 54.445701599121094 4.224507808685303 -10.139934539794922
vertex 54.56214141845703 4.303124904632568 -10.14668083190918
vertex 54.333866119384766 4.148997783660889 -1
endloop
endfacet
facet normal 0.5595758754894022 -0.8287791259257614 1.063840050330373e-9
outer loop
vertex 54.333866119384766 4.148997783660889 -1
vertex 54.56214141845703 4.303124904632568 -10.14668083190918
vertex 54.71867370605469 4.408812522888184 -10.142688751220703
endloop
endfacet
facet normal 0.9510541636458133 0.30902423499130716 0
outer loop
vertex 20.956989288330078 59.163753509521484 -1
vertex 20.884140014648438 59.38795471191406 -5.298655986785889
vertex 20.884140014648438 59.38795471191406 -1
endloop
endfacet
facet normal 0.9723700098480175 0.23344499126810617 0
outer loop
vertex 21.616445541381836 56.41691589355469 -1
vertex 20.956989288330078 59.163753509521484 -5.305539608001709
vertex 20.956989288330078 59.163753509521484 -1
endloop
endfacet
facet normal 0.8090366206174511 0.587758238135746 -0.0000018596927275935485
outer loop
vertex 18.220077514648438 64.6164779663086 -1
vertex 18.130022048950195 64.74042510986328 -4.879629611968994
vertex 18.081512451171875 64.80719757080078 -4.867292881011963
endloop
endfacet
facet normal 0.8090089409393276 0.5877963367359712 0
outer loop
vertex 18.220077514648438 64.6164779663086 -4.8770551681518555
vertex 18.130022048950195 64.74042510986328 -4.879629611968994
vertex 18.220077514648438 64.6164779663086 -1
endloop
endfacet
facet normal 0.4249903477592469 -0.9051978813008095 0
outer loop
vertex 55.13896179199219 4.606137752532959 -10.091500282287598
vertex 54.71867370605469 4.408812522888184 -1
vertex 54.71867370605469 4.408812522888184 -10.142688751220703
endloop
endfacet
facet normal 0.8526403862458078 0.5224982026214058 0
outer loop
vertex 19.696077346801758 62.207862854003906 -5.074028968811035
vertex 18.220077514648438 64.6164779663086 -4.8770551681518555
vertex 19.696077346801758 62.207862854003906 -1
endloop
endfacet
facet normal 0.8910093104154946 0.4539850314192953 -3.55275545507561e-7
outer loop
vertex 19.727628707885742 62.145938873291016 -5.084858417510986
vertex 19.696077346801758 62.207862854003906 -5.074028968811035
vertex 19.803102493286133 61.9978141784668 -1
endloop
endfacet
facet normal 0.280222226027982 -0.9599351561641665 0
outer loop
vertex 55.13896179199219 4.606137752532959 -1
vertex 55.13896179199219 4.606137752532959 -10.091500282287598
vertex 55.388893127441406 4.6790971755981445 -10.042961120605469
endloop
endfacet
facet normal 0.28022193328641465 -0.9599352416206126 -8.780325695327989e-9
outer loop
vertex 55.13896179199219 4.606137752532959 -1
vertex 55.388893127441406 4.6790971755981445 -10.042961120605469
vertex 55.58466720581055 4.7362470626831055 -10.036073684692383
endloop
endfacet
facet normal 0.12874751691605524 -0.9916774056556649 0
outer loop
vertex 55.58466720581055 4.7362470626831055 -10.036073684692383
vertex 55.75335693359375 4.758147716522217 -10.008171081542969
vertex 55.58466720581055 4.7362470626831055 -1
endloop
endfacet
facet normal 0.12874270780209993 -0.9916780300015599 -9.15748268828322e-8
outer loop
vertex 55.58466720581055 4.7362470626831055 -1
vertex 55.75335693359375 4.758147716522217 -10.008171081542969
vertex 56.045108795166016 4.796023845672607 -10.01335620880127
endloop
endfacet
facet normal 0.8910053472663799 0.4539928095716026 0
outer loop
vertex 19.803102493286133 61.9978141784668 -5.083479881286621
vertex 19.727628707885742 62.145938873291016 -5.084858417510986
vertex 19.803102493286133 61.9978141784668 -1
endloop
endfacet
facet normal -0.0001376015223956757 -0.9999999905322214 0.0000011739484183721314
outer loop
vertex -49.8442497253418 -57.183345794677734 -1
vertex -46.45994186401367 -57.183815002441406 -4
vertex -40.85993957519531 -57.18458557128906 -4
endloop
endfacet
facet normal 0.9238797409682286 0.38268292910512597 0
outer loop
vertex 19.803102493286133 61.9978141784668 -5.083479881286621
vertex 20.884140014648438 59.38795471191406 -1
vertex 20.884140014648438 59.38795471191406 -5.298655986785889
endloop
endfacet
facet normal 0.9510548818067222 0.3090220247677917 -1.2744733982021467e-7
outer loop
vertex 20.884140014648438 59.38795471191406 -5.298655986785889
vertex 20.956989288330078 59.163753509521484 -1
vertex 20.902862548828125 59.3303337097168 -5.3083600997924805
endloop
endfacet
facet normal 0.9510539130470477 0.30902500623395984 0
outer loop
vertex 20.956989288330078 59.163753509521484 -5.305539608001709
vertex 20.902862548828125 59.3303337097168 -5.3083600997924805
vertex 20.956989288330078 59.163753509521484 -1
endloop
endfacet
facet normal 0.9723700098480176 0.2334449912681062 0
outer loop
vertex 21.616445541381836 56.41691589355469 -1
vertex 21.616445541381836 56.41691589355469 -5.492068767547607
vertex 20.956989288330078 59.163753509521484 -5.305539608001709
endloop
endfacet
facet normal 0.00038808056979008166 -0.9999999246967327 0
outer loop
vertex 56.045108795166016 4.796023845672607 -10.01335620880127
vertex 56.10777282714844 4.796048164367676 -10.006495475769043
vertex 56.045108795166016 4.796023845672607 -1
endloop
endfacet
facet normal 0.0003829015533686846 -0.9999999266931968 -3.603378251756733e-8
outer loop
vertex 56.045108795166016 4.796023845672607 -1
vertex 56.10777282714844 4.796048164367676 -10.006495475769043
vertex 66.49005889892578 4.800023555755615 -9.94078254699707
endloop
endfacet
facet normal 0.03961975861588829 -0.9992148291169515 0
outer loop
vertex 66.9394302368164 4.817841529846191 -9.952692031860352
vertex 66.49005889892578 4.800023555755615 -1
vertex 66.49005889892578 4.800023555755615 -9.94078254699707
endloop
endfacet
facet normal 0.15871060694661676 -0.9873251456549845 0
outer loop
vertex 67.86907958984375 4.967280864715576 -9.877167701721191
vertex 66.9394302368164 4.817841529846191 -1
vertex 66.9394302368164 4.817841529846191 -9.952692031860352
endloop
endfacet
facet normal 0.31337195951389674 -0.9496304623328069 0
outer loop
vertex 67.86907958984375 4.967280864715576 -9.877167701721191
vertex 68.68656921386719 5.23704719543457 -9.919474601745605
vertex 67.86907958984375 4.967280864715576 -1
endloop
endfacet
facet normal 0.45806193154327085 -0.8889202815049547 0
outer loop
vertex 68.68656921386719 5.23704719543457 -9.919474601745605
vertex 68.73262786865234 5.260781288146973 -9.928791046142578
vertex 68.68656921386719 5.23704719543457 -1
endloop
endfacet
facet normal 0.45803064095439816 -0.888936404894558 -2.042691384722319e-7
outer loop
vertex 69.5218505859375 5.667433738708496 -9.832789421081543
vertex 68.68656921386719 5.23704719543457 -1
vertex 68.73262786865234 5.260781288146973 -9.928791046142578
endloop
endfacet
facet normal 0.5931632129843296 -0.8050822335402184 0
outer loop
vertex 70.21490478515625 6.178057670593262 -9.854079246520996
vertex 69.5218505859375 5.667433738708496 -1
vertex 69.5218505859375 5.667433738708496 -9.832789421081543
endloop
endfacet
facet normal 0.7117817053850622 -0.7024007430798549 0
outer loop
vertex 70.28524017333984 6.249332427978516 -9.87000560760498
vertex 70.21490478515625 6.178057670593262 -1
vertex 70.21490478515625 6.178057670593262 -9.854079246520996
endloop
endfacet
facet normal 0.711774410343276 -0.7024081354742994 0
outer loop
vertex 70.28524017333984 6.249332427978516 -9.87000560760498
vertex 70.87491607666016 6.846871376037598 -9.758787155151367
vertex 70.87491607666016 6.846871376037598 -1
endloop
endfacet
facet normal 0.00030695204200313907 0.9999999528902208 0
outer loop
vertex 39.2722282409668 54.196720123291016 -2.5
vertex 28.509870529174805 54.20002365112305 -1
vertex 39.2722282409668 54.196720123291016 -1.100000023841858
endloop
endfacet
facet normal 0.0002627026835514134 0.9999999150953264 -0.00031748486621219484
outer loop
vertex 39.47222900390625 54.19635009765625 -3.5
vertex 28.509870529174805 54.20002365112305 -1
vertex 39.2722282409668 54.196720123291016 -2.5
endloop
endfacet
facet normal 0.9999999553277662 -0.0002989053667904838 -2.172782911305702e-7
outer loop
vertex 53.1999626159668 1.8000234365463257 -10.409175872802734
vertex 53.194061279296875 -17.949975967407227 -1
vertex 53.18923568725586 -34.09418869018555 -1
endloop
endfacet
facet normal 0.9999999553587257 -0.0002988018523837199 0
outer loop
vertex 53.1999626159668 1.8000234365463257 -10.409175872802734
vertex 53.1999626159668 1.8000234365463257 -1
vertex 53.194061279296875 -17.949975967407227 -1
endloop
endfacet
facet normal 0.9980521509017972 -0.06238512707606181 0
outer loop
vertex 53.1999626159668 1.8000234365463257 -1
vertex 53.22331237792969 2.1735785007476807 -10.3782320022583
vertex 53.22331237792969 2.1735785007476807 -1
endloop
endfacet
facet normal -0.00013828281223585135 -0.9999999904389318 0
outer loop
vertex -40.059940338134766 -57.184696197509766 -1.667737364768982
vertex -40.059940338134766 -57.184696197509766 -4
vertex -34.45994186401367 -57.18547058105469 -4
endloop
endfacet
facet normal 0.9796066088691228 -0.20092509017013882 -2.4327183189822005e-7
outer loop
vertex 53.22331237792969 2.1735785007476807 -1
vertex 53.31660079956055 2.628415822982788 -10.354236602783203
vertex 53.30051803588867 2.5499932765960693 -1
endloop
endfacet
facet normal 0.9796123199400438 -0.20089724393750485 0
outer loop
vertex 53.31660079956055 2.628415822982788 -10.354236602783203
vertex 53.31660079956055 2.628415822982788 -1
vertex 53.30051803588867 2.5499932765960693 -1
endloop
endfacet
facet normal 0.936867472507 -0.34968462785536575 0
outer loop
vertex 53.31660079956055 2.628415822982788 -1
vertex 53.47896194458008 3.0634102821350098 -10.339397430419922
vertex 53.47896194458008 3.0634102821350098 -1
endloop
endfacet
facet normal 0.8716924804589291 -0.4900532823186789 -2.2043443798054095e-7
outer loop
vertex 53.47896194458008 3.0634102821350098 -1
vertex 53.695533752441406 3.448646068572998 -10.278125762939453
vertex 53.61383819580078 3.3033242225646973 -1
endloop
endfacet
facet normal 0.8716911199538272 -0.49005570233757034 -2.7031830958548565e-7
outer loop
vertex 53.61383819580078 3.3033242225646973 -1
vertex 53.695533752441406 3.448646068572998 -10.278125762939453
vertex 53.70649719238281 3.46814227104187 -1
endloop
endfacet
facet normal 0.7856404980567068 -0.6186832855451879 4.7011042667111964e-7
outer loop
vertex 53.70649719238281 3.46814227104187 -1
vertex 53.99375915527344 3.8329174518585205 -10.198360443115234
vertex 53.820682525634766 3.6131415367126465 -1
endloop
endfacet
facet normal -0.00013835030956898815 -0.999999990429025 -0.0000010684970247714575
outer loop
vertex -49.8442497253418 -57.183345794677734 -1
vertex -40.85993957519531 -57.18458557128906 -4
vertex -44.95994186401367 -57.18402099609375 -1.5092153549194336
endloop
endfacet
facet normal 0.7856309344561773 -0.6186954297758419 0
outer loop
vertex 53.820682525634766 3.6131415367126465 -1
vertex 53.99375915527344 3.8329174518585205 -10.198360443115234
vertex 53.99375915527344 3.8329174518585205 -1
endloop
endfacet
facet normal -0.0001050564575390348 0.9999999944814983 3.791621466508998e-7
outer loop
vertex -28.470182418823242 54.20402145385742 -1
vertex -39.25994110107422 54.20288848876953 -2.5
vertex -31.411367416381836 54.203712463378906 -1
endloop
endfacet
facet normal -0.936869494620954 0.34967921020361037 2.400937091199173e-7
outer loop
vertex -25.741676330566406 56.37163162231445 -1
vertex -25.904035568237305 55.93663787841797 -5.782026767730713
vertex -25.88068962097168 55.999183654785156 -1
endloop
endfacet
facet normal -0.9368634807940689 0.3496953221797818 0
outer loop
vertex -25.904035568237305 55.93663787841797 -5.782026767730713
vertex -25.904035568237305 55.93663787841797 -1
vertex -25.88068962097168 55.999183654785156 -1
endloop
endfacet
facet normal -0.8716918031066218 0.4900544871713008 0
outer loop
vertex -25.904035568237305 55.93663787841797 -1
vertex -26.13157081604004 55.53190612792969 -5.81484842300415
vertex -26.13157081604004 55.53190612792969 -1
endloop
endfacet
facet normal -0.7856359153331455 0.618689104913486 0
outer loop
vertex -26.13157081604004 55.53190612792969 -1
vertex -26.418832778930664 55.16712951660156 -5.869476318359375
vertex -26.418832778930664 55.16712951660156 -1
endloop
endfacet
facet normal 0.9894770871434204 0.14468964723908914 0
outer loop
vertex 21.734668731689453 55.60843276977539 -1
vertex 21.616445541381836 56.41691589355469 -5.492068767547607
vertex 21.616445541381836 56.41691589355469 -1
endloop
endfacet
facet normal -0.6807614418598813 0.7325051940272201 0
outer loop
vertex -26.418832778930664 55.16712951660156 -1
vertex -26.758939743041992 54.85104751586914 -5.945921897888184
vertex -26.758939743041992 54.85104751586914 -1
endloop
endfacet
facet normal 0.0003655100978329804 0.9999999243140952 0.0001333198119274542
outer loop
vertex 39.472259521484375 54.196659088134766 -5.817747116088867
vertex 28.509870529174805 54.20002365112305 -1
vertex 39.47222900390625 54.19635009765625 -3.5
endloop
endfacet
facet normal -0.220950757252271 0.9752849649562163 0
outer loop
vertex 27.700298309326172 54.14278030395508 -1
vertex 26.783878326416016 53.93516540527344 -5.830276012420654
vertex 26.783878326416016 53.93516540527344 -1
endloop
endfacet
facet normal -0.0705320439862844 0.9975095141254975 -4.802422901855677e-7
outer loop
vertex 28.509870529174805 54.20002365112305 -1
vertex 27.73048973083496 54.14491271972656 -5.909292221069336
vertex 27.700298309326172 54.14278030395508 -1
endloop
endfacet
facet normal -0.5595709202136243 0.8287824716119891 0
outer loop
vertex -26.758939743041992 54.85104751586914 -1
vertex -27.143747329711914 54.59123611450195 -5.999782562255859
vertex -27.143747329711914 54.59123611450195 -1
endloop
endfacet
facet normal -0.9368686299324048 0.34968152689065296 0
outer loop
vertex -25.741676330566406 56.37163162231445 -5.7057013511657715
vertex -25.904035568237305 55.93663787841797 -5.782026767730713
vertex -25.741676330566406 56.37163162231445 -1
endloop
endfacet
facet normal -0.8716959122228851 0.49004717794709557 0
outer loop
vertex -25.904035568237305 55.93663787841797 -5.782026767730713
vertex -25.951305389404297 55.85255432128906 -5.789068698883057
vertex -25.904035568237305 55.93663787841797 -1
endloop
endfacet
facet normal 0.0003069187594211571 0.9999999529004364 0
outer loop
vertex 39.472259521484375 54.196659088134766 -5.817747116088867
vertex 28.509870529174805 54.20002365112305 -5.841414451599121
vertex 28.509870529174805 54.20002365112305 -1
endloop
endfacet
facet normal -0.07053505396579197 0.9975093012909919 0
outer loop
vertex 27.73048973083496 54.14491271972656 -5.909292221069336
vertex 28.509870529174805 54.20002365112305 -1
vertex 28.509870529174805 54.20002365112305 -5.841414451599121
endloop
endfacet
facet normal -0.21640217583981644 0.9763038850984167 -0.0009067709362968032
outer loop
vertex 27.73048973083496 54.14491271972656 -5.909292221069336
vertex 26.783878326416016 53.93516540527344 -5.830276012420654
vertex 27.700298309326172 54.14278030395508 -1
endloop
endfacet
facet normal -0.37987841379431647 0.9250364267060591 0
outer loop
vertex 26.783878326416016 53.93516540527344 -1
vertex 25.729248046875 53.50206756591797 -5.980721950531006
vertex 25.729248046875 53.50206756591797 -1
endloop
endfacet
facet normal -0.2853471721301995 0.958424223064765 0
outer loop
vertex 25.729248046875 53.50206756591797 -1
vertex 25.28424644470215 53.36957931518555 -6.0387163162231445
vertex 25.28424644470215 53.36957931518555 -1
endloop
endfacet
facet normal -0.13402588029312346 0.9909778319474474 -6.245746509301795e-7
outer loop
vertex 25.28424644470215 53.36957931518555 -1
vertex 24.84079360961914 53.309600830078125 -6.111550331115723
vertex 25.080291748046875 53.34199523925781 -1
endloop
endfacet
facet normal -0.13404069086548082 0.9909758287628906 8.205959012306512e-8
outer loop
vertex 24.84079360961914 53.309600830078125 -6.111550331115723
vertex 24.824129104614258 53.30734634399414 -1
vertex 25.080291748046875 53.34199523925781 -1
endloop
endfacet
facet normal 0.020482268472809362 0.9997902163345107 0
outer loop
vertex 24.824129104614258 53.30734634399414 -1
vertex 24.359920501708984 53.316856384277344 -6.142615795135498
vertex 24.359920501708984 53.316856384277344 -1
endloop
endfacet
facet normal 0.17450590253536943 0.9846561277828478 6.452952980395007e-8
outer loop
vertex 24.359920501708984 53.316856384277344 -1
vertex 23.916860580444336 53.39537811279297 -6.109435558319092
vertex 23.902738571166992 53.39788055419922 -1
endloop
endfacet
facet normal 0.3243560415283092 0.9459350708817629 0
outer loop
vertex 23.902738571166992 53.39788055419922 -1
vertex 23.46353530883789 53.54848098754883 -6.029646396636963
vertex 23.46353530883789 53.54848098754883 -1
endloop
endfacet
facet normal 0.46643586371550355 0.8845550209228824 -3.017172947573311e-7
outer loop
vertex 23.46353530883789 53.54848098754883 -1
vertex 23.05282974243164 53.76504898071289 -5.971127033233643
vertex 23.337688446044922 53.61484146118164 -1
endloop
endfacet
facet normal 0.4664317439084712 0.8845571933315008 0
outer loop
vertex 23.05282974243164 53.76504898071289 -5.971127033233643
vertex 23.05282974243164 53.76504898071289 -1
vertex 23.337688446044922 53.61484146118164 -1
endloop
endfacet
facet normal 0.5973367049294012 0.801990561630301 0
outer loop
vertex 23.05282974243164 53.76504898071289 -1
vertex 22.68045997619629 54.042396545410156 -5.934819221496582
vertex 22.68045997619629 54.042396545410156 -1
endloop
endfacet
facet normal -0.871690718237733 0.49005641689313645 -2.1347828999800401e-7
outer loop
vertex -25.951305389404297 55.85255432128906 -5.789068698883057
vertex -26.13157081604004 55.53190612792969 -5.81484842300415
vertex -25.904035568237305 55.93663787841797 -1
endloop
endfacet
facet normal -0.785639915187767 0.6186840257059804 0
outer loop
vertex -26.13157081604004 55.53190612792969 -5.81484842300415
vertex -26.386457443237305 55.20823669433594 -5.85348653793335
vertex -26.13157081604004 55.53190612792969 -1
endloop
endfacet
facet normal -0.7856034763484081 0.6187302949785985 -0.00000499923548455783
outer loop
vertex -26.386457443237305 55.20823669433594 -5.85348653793335
vertex -26.418832778930664 55.16712951660156 -5.869476318359375
vertex -26.13157081604004 55.53190612792969 -1
endloop
endfacet
facet normal -0.6807608473053325 0.7325057465823227 0
outer loop
vertex -26.418832778930664 55.16712951660156 -5.869476318359375
vertex -26.703203201293945 54.90284729003906 -5.919837951660156
vertex -26.418832778930664 55.16712951660156 -1
endloop
endfacet
facet normal 0.9520491006263259 0.30594527287834367 0
outer loop
vertex 21.81447410583496 55.36009216308594 -1
vertex 21.734668731689453 55.60843276977539 -5.697761058807373
vertex 21.734668731689453 55.60843276977539 -1
endloop
endfacet
facet normal 0.952053138251458 0.30593270819742885 -7.328053986753542e-7
outer loop
vertex 21.876718521118164 55.16638946533203 -1
vertex 21.734668731689453 55.60843276977539 -5.697761058807373
vertex 21.81447410583496 55.36009216308594 -1
endloop
endfacet
facet normal 0.8934216079202406 0.4492191341508101 0.000003742754494618942
outer loop
vertex 22.085277557373047 54.75156021118164 -1
vertex 21.876718521118164 55.16638946533203 -5.833032131195068
vertex 22.066490173339844 54.78892517089844 -1
endloop
endfacet
facet normal 0.8934408406462195 0.44918088145576357 0
outer loop
vertex 21.876718521118164 55.16638946533203 -5.833032131195068
vertex 21.876718521118164 55.16638946533203 -1
vertex 22.066490173339844 54.78892517089844 -1
endloop
endfacet
facet normal 0.81343137162602 0.581660900916171 0
outer loop
vertex 22.3553466796875 54.373878479003906 -1
vertex 22.085277557373047 54.75156021118164 -5.907907009124756
vertex 22.085277557373047 54.75156021118164 -1
endloop
endfacet
facet normal 0.7139317718391062 0.7002152705837504 0
outer loop
vertex 22.3553466796875 54.373878479003906 -5.9214348793029785
vertex 22.3553466796875 54.373878479003906 -1
vertex 22.68045997619629 54.042396545410156 -1
endloop
endfacet
facet normal -0.680764576148199 0.7325022811306472 4.0168597525708424e-7
outer loop
vertex -26.703203201293945 54.90284729003906 -5.919837951660156
vertex -26.758939743041992 54.85104751586914 -5.945921897888184
vertex -26.418832778930664 55.16712951660156 -1
endloop
endfacet
facet normal -0.5595646851582442 0.8287866813141697 0
outer loop
vertex -26.758939743041992 54.85104751586914 -5.945921897888184
vertex -26.829893112182617 54.80314254760742 -5.960024356842041
vertex -26.758939743041992 54.85104751586914 -1
endloop
endfacet
facet normal -0.5595723436442971 0.8287815105493144 1.594953285164598e-7
outer loop
vertex -26.829893112182617 54.80314254760742 -5.960024356842041
vertex -27.143747329711914 54.59123611450195 -5.999782562255859
vertex -26.758939743041992 54.85104751586914 -1
endloop
endfacet
facet normal -0.37987841379431647 0.925036426706059 0
outer loop
vertex 26.783878326416016 53.93516540527344 -5.830276012420654
vertex 25.729248046875 53.50206756591797 -5.980721950531006
vertex 26.783878326416016 53.93516540527344 -1
endloop
endfacet
facet normal -0.2853393176461157 0.9584265615086265 0
outer loop
vertex 25.729248046875 53.50206756591797 -5.980721950531006
vertex 25.498136520385742 53.43326187133789 -5.98577880859375
vertex 25.729248046875 53.50206756591797 -1
endloop
endfacet
facet normal -0.28535584860820173 0.958421639814334 8.341999587244577e-7
outer loop
vertex 25.498136520385742 53.43326187133789 -5.98577880859375
vertex 25.28424644470215 53.36957931518555 -6.0387163162231445
vertex 25.729248046875 53.50206756591797 -1
endloop
endfacet
facet normal -0.13402973148459021 0.9909773110814237 0
outer loop
vertex 25.28424644470215 53.36957931518555 -6.0387163162231445
vertex 25.067577362060547 53.340274810791016 -6.050241947174072
vertex 25.28424644470215 53.36957931518555 -1
endloop
endfacet
facet normal -0.13403609930994298 0.9909764498118498 2.7819458360852475e-7
outer loop
vertex 25.067577362060547 53.340274810791016 -6.050241947174072
vertex 24.84079360961914 53.309600830078125 -6.111550331115723
vertex 25.28424644470215 53.36957931518555 -1
endloop
endfacet
facet normal 0.015054920083973874 0.9998865481615018 0.0004900887083574835
outer loop
vertex 24.84079360961914 53.309600830078125 -6.111550331115723
vertex 24.359920501708984 53.316856384277344 -6.142615795135498
vertex 24.824129104614258 53.30734634399414 -1
endloop
endfacet
facet normal 0.1745066240382217 0.9846559999140729 0
outer loop
vertex 24.359920501708984 53.316856384277344 -6.142615795135498
vertex 23.916860580444336 53.39537811279297 -6.109435558319092
vertex 24.359920501708984 53.316856384277344 -1
endloop
endfacet
facet normal 0.31523826430174345 0.9490124717217877 0.0004064929609254101
outer loop
vertex 23.902738571166992 53.39788055419922 -1
vertex 23.916860580444336 53.39537811279297 -6.109435558319092
vertex 23.70111083984375 53.467018127441406 -6.04718017578125
endloop
endfacet
facet normal 0.466435487297928 0.8845552194120365 -2.6197113859873647e-7
outer loop
vertex 23.29436683654785 53.6376838684082 -5.981301784515381
vertex 23.05282974243164 53.76504898071289 -5.971127033233643
vertex 23.46353530883789 53.54848098754883 -1
endloop
endfacet
facet normal 0.3243542360812272 0.9459356899579023 1.7619357572269824e-7
outer loop
vertex 23.70111083984375 53.467018127441406 -6.04718017578125
vertex 23.46353530883789 53.54848098754883 -6.029646396636963
vertex 23.902738571166992 53.39788055419922 -1
endloop
endfacet
facet normal 0.46642945157749527 0.8845584020861014 0
outer loop
vertex 23.46353530883789 53.54848098754883 -6.029646396636963
vertex 23.29436683654785 53.6376838684082 -5.981301784515381
vertex 23.46353530883789 53.54848098754883 -1
endloop
endfacet
facet normal 0.5973263079327745 0.8019983053918507 0
outer loop
vertex 23.05282974243164 53.76504898071289 -5.971127033233643
vertex 22.924421310424805 53.860687255859375 -5.936133861541748
vertex 23.05282974243164 53.76504898071289 -1
endloop
endfacet
facet normal 0.5973421750169805 0.8019864873834042 -6.417413781221258e-7
outer loop
vertex 22.924421310424805 53.860687255859375 -5.936133861541748
vertex 22.68045997619629 54.042396545410156 -5.934819221496582
vertex 23.05282974243164 53.76504898071289 -1
endloop
endfacet
facet normal 0.7139307146093624 0.7002163485219158 0
outer loop
vertex 22.591840744018555 54.13275146484375 -5.911683559417725
vertex 22.68045997619629 54.042396545410156 -1
vertex 22.68045997619629 54.042396545410156 -5.934819221496582
endloop
endfacet
facet normal 0.989476623610163 0.14469281712888316 5.827165430115469e-7
outer loop
vertex 21.734668731689453 55.60843276977539 -1
vertex 21.66165542602539 56.107749938964844 -5.545406818389893
vertex 21.616445541381836 56.41691589355469 -5.492068767547607
endloop
endfacet
facet normal 0.989477187020284 0.1446889642177431 1.5042055775323556e-7
outer loop
vertex 21.734668731689453 55.60843276977539 -1
vertex 21.7137508392334 55.751487731933594 -5.633110523223877
vertex 21.66165542602539 56.107749938964844 -5.545406818389893
endloop
endfacet
facet normal 0.9894778844673899 0.1446841945408638 0
outer loop
vertex 21.7137508392334 55.751487731933594 -5.633110523223877
vertex 21.734668731689453 55.60843276977539 -1
vertex 21.734668731689453 55.60843276977539 -5.697761058807373
endloop
endfacet
facet normal 0.9520485322163976 0.3059470416657636 7.552013197926758e-7
outer loop
vertex 21.876718521118164 55.16638946533203 -1
vertex 21.78651237487793 55.447105407714844 -5.744424343109131
vertex 21.734668731689453 55.60843276977539 -5.697761058807373
endloop
endfacet
facet normal 0.8934391083285875 0.4491843270963695 0
outer loop
vertex 22.085277557373047 54.75156021118164 -5.907907009124756
vertex 21.876718521118164 55.16638946533203 -5.833032131195068
vertex 22.085277557373047 54.75156021118164 -1
endloop
endfacet
facet normal 0.952052249948148 0.305935472556991 0
outer loop
vertex 21.876718521118164 55.16638946533203 -5.833032131195068
vertex 21.78651237487793 55.447105407714844 -5.744424343109131
vertex 21.876718521118164 55.16638946533203 -1
endloop
endfacet
facet normal 0.8134320377973095 0.5816599692989998 5.584196489599464e-8
outer loop
vertex 22.298816680908203 54.45293426513672 -5.907262802124023
vertex 22.23687171936035 54.5395622253418 -5.913891792297363
vertex 22.3553466796875 54.373878479003906 -1
endloop
endfacet
facet normal 0.8134336778462787 0.5816576757384677 0
outer loop
vertex 22.3553466796875 54.373878479003906 -5.9214348793029785
vertex 22.298816680908203 54.45293426513672 -5.907262802124023
vertex 22.3553466796875 54.373878479003906 -1
endloop
endfacet
facet normal 0.813430241032507 0.5816624820063296 1.838843453852735e-7
outer loop
vertex 22.23687171936035 54.5395622253418 -5.913891792297363
vertex 22.085277557373047 54.75156021118164 -5.907907009124756
vertex 22.3553466796875 54.373878479003906 -1
endloop
endfacet
facet normal 0.7139321690858123 0.7002148655551552 -5.3522977447736386e-8
outer loop
vertex 22.591840744018555 54.13275146484375 -5.911683559417725
vertex 22.3553466796875 54.373878479003906 -5.9214348793029785
vertex 22.68045997619629 54.042396545410156 -1
endloop
endfacet
facet normal -0.42499129191634766 0.9051974380185098 0
outer loop
vertex -27.564037322998047 54.3939094543457 -5.994578838348389
vertex -27.564037322998047 54.3939094543457 -1
vertex -27.143747329711914 54.59123611450195 -1
endloop
endfacet
facet normal -0.2802203632995415 0.9599356999259236 0
outer loop
vertex -27.564037322998047 54.3939094543457 -1
vertex -28.009740829467773 54.26380157470703 -5.977659225463867
vertex -28.009740829467773 54.26380157470703 -1
endloop
endfacet
facet normal -0.12875154047023468 0.9916768832772807 0
outer loop
vertex -28.470182418823242 54.20402145385742 -5.979152202606201
vertex -28.470182418823242 54.20402145385742 -1
vertex -28.009740829467773 54.26380157470703 -1
endloop
endfacet
facet normal 0.5877848435349353 0.8090172913545244 0
outer loop
vertex 13.741415977478027 69.09513854980469 -4.52653169631958
vertex 13.741415977478027 69.09513854980469 -1
vertex 13.932134628295898 68.95657348632812 -1
endloop
endfacet
facet normal -0.00011454849896122486 0.9999999934393206 4.143597667616116e-9
outer loop
vertex -28.53696632385254 54.20401382446289 -5.971909999847412
vertex -39.45994186401367 54.202762603759766 -3.5
vertex -28.470182418823242 54.20402145385742 -1
endloop
endfacet
facet normal 0.7071108266165665 0.707102735733384 0
outer loop
vertex 16.246891021728516 66.95526123046875 -1
vertex 16.080198287963867 67.12195587158203 -4.683355808258057
vertex 16.080198287963867 67.12195587158203 -1
endloop
endfacet
facet normal 0.7604056602658124 0.6494484058304507 0
outer loop
vertex 18.081512451171875 64.80719757080078 -1
vertex 16.246891021728516 66.95526123046875 -4.693800449371338
vertex 16.246891021728516 66.95526123046875 -1
endloop
endfacet
facet normal -0.00013823891301161304 -0.9999999904450014 0
outer loop
vertex -49.8442497253418 -57.183345794677734 -1
vertex -44.95994186401367 -57.18402099609375 -1.5092153549194336
vertex -44.95994186401367 -57.18402099609375 -1
endloop
endfacet
facet normal 0.6494476250129758 0.7604063271468782 0
outer loop
vertex 16.080198287963867 67.12195587158203 -1
vertex 13.932134628295898 68.95657348632812 -4.538043975830078
vertex 13.932134628295898 68.95657348632812 -1
endloop
endfacet
facet normal -0.42499747174329755 0.9051945365565376 0
outer loop
vertex -27.143747329711914 54.59123611450195 -5.999782562255859
vertex -27.402320861816406 54.46983337402344 -5.997668743133545
vertex -27.143747329711914 54.59123611450195 -1
endloop
endfacet
facet normal 0.522497711758059 0.8526406870467726 0
outer loop
vertex 13.741415977478027 69.09513854980469 -1
vertex 11.33280086517334 70.57113647460938 -4.413403034210205
vertex 11.33280086517334 70.57113647460938 -1
endloop
endfacet
facet normal 0.38268362477760365 0.9238794528113905 0
outer loop
vertex 11.122754096984863 70.67816162109375 -1
vertex 8.512895584106445 71.75920104980469 -4.322719097137451
vertex 8.512895584106445 71.75920104980469 -1
endloop
endfacet
facet normal 0.45399377479562064 0.8910048554563681 0
outer loop
vertex 11.33280086517334 70.57113647460938 -1
vertex 11.122754096984863 70.67816162109375 -4.400457859039307
vertex 11.122754096984863 70.67816162109375 -1
endloop
endfacet
facet normal -0.42498142653514326 0.9052020697607404 -0.0000010131559414702727
outer loop
vertex -27.402320861816406 54.46983337402344 -5.997668743133545
vertex -27.564037322998047 54.3939094543457 -5.994578838348389
vertex -27.143747329711914 54.59123611450195 -1
endloop
endfacet
facet normal -0.28021773372996067 0.9599364675348285 0
outer loop
vertex -27.564037322998047 54.3939094543457 -5.994578838348389
vertex -27.67059326171875 54.3628044128418 -5.972500801086426
vertex -27.564037322998047 54.3939094543457 -1
endloop
endfacet
facet normal -0.28022119060294065 0.9599354584226295 8.038989599846847e-8
outer loop
vertex -27.67059326171875 54.3628044128418 -5.972500801086426
vertex -28.009740829467773 54.26380157470703 -5.977659225463867
vertex -27.564037322998047 54.3939094543457 -1
endloop
endfacet
facet normal 0.30900722055678637 0.9510596919456579 0
outer loop
vertex 8.512895584106445 71.75920104980469 -1
vertex 8.288692474365234 71.83204650878906 -4.3080339431762695
vertex 8.288692474365234 71.83204650878906 -1
endloop
endfacet
facet normal 0.23344682982848555 0.9723695684476299 0
outer loop
vertex 8.288692474365234 71.83204650878906 -1
vertex 5.541853904724121 72.49150848388672 -4.2680182456970215
vertex 5.541853904724121 72.49150848388672 -1
endloop
endfacet
facet normal -0.00013597709375074059 -0.9999999907510879 0.000002837978987806076
outer loop
vertex -44.95994186401367 -57.18402099609375 -1.5092153549194336
vertex -40.85993957519531 -57.18458557128906 -4
vertex -44.20356750488281 -57.18412399291992 -1.5610966682434082
endloop
endfacet
facet normal -0.00014290619296614476 -0.9999999897667221 -0.000006661507858143025
outer loop
vertex -44.20356750488281 -57.18412399291992 -1.5610966682434082
vertex -40.85993957519531 -57.18458557128906 -4
vertex -43.53464889526367 -57.18421936035156 -1.5949000120162964
endloop
endfacet
facet normal -0.0001332727222357561 -0.9999999911109819 0.000004051865626616036
outer loop
vertex -40.85993957519531 -57.18458557128906 -4
vertex -42.82004928588867 -57.1843147277832 -1.6271803379058838
vertex -43.53464889526367 -57.18421936035156 -1.5949000120162964
endloop
endfacet
facet normal -0.00013794562274799715 -0.999999990485484 1.9173331783530236e-7
outer loop
vertex -42.82004928588867 -57.1843147277832 -1.6271803379058838
vertex -40.85993957519531 -57.18458557128906 -4
vertex -41.603336334228516 -57.18448257446289 -1.6608326435089111
endloop
endfacet
facet normal -0.0001385489295343043 -0.9999999904020971 0
outer loop
vertex -41.603336334228516 -57.18448257446289 -1.6608326435089111
vertex -40.85993957519531 -57.18458557128906 -4
vertex -40.85993957519531 -57.18458557128906 -1.6677491664886475
endloop
endfacet
facet normal 0.15641345593748773 0.9876916678810708 0
outer loop
vertex 5.541853904724121 72.49150848388672 -1
vertex 5.30901575088501 72.52838134765625 -4.25137996673584
vertex 5.30901575088501 72.52838134765625 -1
endloop
endfacet
facet normal -0.12877490612832276 0.9916738493837789 0
outer loop
vertex -28.009740829467773 54.26380157470703 -5.977659225463867
vertex -28.101600646972656 54.25187301635742 -5.961940765380859
vertex -28.009740829467773 54.26380157470703 -1
endloop
endfacet
facet normal -0.1287456918736654 0.9916776425954499 -5.499589328342876e-7
outer loop
vertex -28.101600646972656 54.25187301635742 -5.961940765380859
vertex -28.470182418823242 54.20402145385742 -5.979152202606201
vertex -28.009740829467773 54.26380157470703 -1
endloop
endfacet
facet normal 0.07846020821656913 0.9969172461777419 0
outer loop
vertex 5.30901575088501 72.52838134765625 -1
vertex 2.492833137512207 72.7500228881836 -4.250489711761475
vertex 2.492833137512207 72.7500228881836 -1
endloop
endfacet
facet normal 0 1 0
outer loop
vertex 2.492833137512207 72.7500228881836 -1
vertex 2.2570924758911133 72.7500228881836 -4.231804370880127
vertex 2.2570924758911133 72.7500228881836 -1
endloop
endfacet
facet normal -0.07846020821656913 0.9969172461777419 0
outer loop
vertex 2.2570924758911133 72.7500228881836 -1
vertex -0.5590901374816895 72.52838134765625 -4.265339374542236
vertex -0.5590901374816895 72.52838134765625 -1
endloop
endfacet
facet normal 0.5877754140593823 0.8090241421779172 7.791399228177492e-7
outer loop
vertex 13.839581489562988 69.02381896972656 -4.542470932006836
vertex 13.741415977478027 69.09513854980469 -4.52653169631958
vertex 13.932134628295898 68.95657348632812 -1
endloop
endfacet
facet normal 0.5877949323666373 0.8090099613009102 0
outer loop
vertex 13.839581489562988 69.02381896972656 -4.542470932006836
vertex 13.932134628295898 68.95657348632812 -1
vertex 13.932134628295898 68.95657348632812 -4.538043975830078
endloop
endfacet
facet normal -0.00011424001753294217 0.9999999934746092 0
outer loop
vertex -28.470182418823242 54.20402145385742 -5.979152202606201
vertex -28.53696632385254 54.20401382446289 -5.971909999847412
vertex -28.470182418823242 54.20402145385742 -1
endloop
endfacet
facet normal 0.7071351908552098 0.7070783703729754 -0.000002205303255326158
outer loop
vertex 16.150856018066406 67.0512924194336 -4.6974711418151855
vertex 16.080198287963867 67.12195587158203 -4.683355808258057
vertex 16.246891021728516 66.95526123046875 -1
endloop
endfacet
facet normal 0.7070927369393311 0.7071208251548288 0
outer loop
vertex 16.246891021728516 66.95526123046875 -4.693800449371338
vertex 16.150856018066406 67.0512924194336 -4.6974711418151855
vertex 16.246891021728516 66.95526123046875 -1
endloop
endfacet
facet normal 0.6494476250129759 0.7604063271468783 0
outer loop
vertex 13.932134628295898 68.95657348632812 -4.538043975830078
vertex 16.080198287963867 67.12195587158203 -1
vertex 16.080198287963867 67.12195587158203 -4.683355808258057
endloop
endfacet
facet normal 0.6807627423737517 -0.7325039853787276 2.234955171978932e-7
outer loop
vertex 53.99375915527344 3.8329174518585205 -1
vertex 54.333866119384766 4.148997783660889 -10.158321380615234
vertex 54.180423736572266 4.006396770477295 -1
endloop
endfacet
facet normal 0.5224977117580589 0.8526406870467725 0
outer loop
vertex 13.741415977478027 69.09513854980469 -4.52653169631958
vertex 11.33280086517334 70.57113647460938 -4.413403034210205
vertex 13.741415977478027 69.09513854980469 -1
endloop
endfacet
facet normal 0.45403881842602106 0.8909819029375976 0
outer loop
vertex 11.33280086517334 70.57113647460938 -4.413403034210205
vertex 11.253077507019043 70.61176300048828 -4.4180121421813965
vertex 11.33280086517334 70.57113647460938 -1
endloop
endfacet
facet normal 0.38268362477760365 0.9238794528113905 0
outer loop
vertex 11.122754096984863 70.67816162109375 -4.400457859039307
vertex 8.512895584106445 71.75920104980469 -4.322719097137451
vertex 11.122754096984863 70.67816162109375 -1
endloop
endfacet
facet normal 0.4539664457163579 0.8910187799138329 0.0000021263759694532584
outer loop
vertex 11.253077507019043 70.61176300048828 -4.4180121421813965
vertex 11.122754096984863 70.67816162109375 -4.400457859039307
vertex 11.33280086517334 70.57113647460938 -1
endloop
endfacet
facet normal 0.68075558480941 -0.7325106372953215 0
outer loop
vertex 54.333866119384766 4.148997783660889 -1
vertex 54.180423736572266 4.006396770477295 -1
vertex 54.333866119384766 4.148997783660889 -10.158321380615234
endloop
endfacet
facet normal 0.7604056602658125 0.6494484058304508 0
outer loop
vertex 18.081512451171875 64.80719757080078 -4.867292881011963
vertex 16.246891021728516 66.95526123046875 -4.693800449371338
vertex 18.081512451171875 64.80719757080078 -1
endloop
endfacet
facet normal 0.5595777767088537 -0.8287778422554276 1.1756350123613818e-7
outer loop
vertex 54.333866119384766 4.148997783660889 -1
vertex 54.71867370605469 4.408812522888184 -10.142688751220703
vertex 54.586402893066406 4.319506645202637 -1
endloop
endfacet
facet normal 0.5595721950710839 -0.8287816108621914 0
outer loop
vertex 54.586402893066406 4.319506645202637 -1
vertex 54.71867370605469 4.408812522888184 -10.142688751220703
vertex 54.71867370605469 4.408812522888184 -1
endloop
endfacet
facet normal 0.4249903477592468 -0.9051978813008094 0
outer loop
vertex 54.71867370605469 4.408812522888184 -1
vertex 55.13896179199219 4.606137752532959 -10.091500282287598
vertex 55.13896179199219 4.606137752532959 -1
endloop
endfacet
facet normal 0.28022260577799013 -0.959935045308271 2.7217078779083345e-8
outer loop
vertex 55.13896179199219 4.606137752532959 -1
vertex 55.58466720581055 4.7362470626831055 -10.036073684692383
vertex 55.37204360961914 4.674178600311279 -1
endloop
endfacet
facet normal 0.28022153993380483 -0.9599353564470512 0
outer loop
vertex 55.37204360961914 4.674178600311279 -1
vertex 55.58466720581055 4.7362470626831055 -10.036073684692383
vertex 55.58466720581055 4.7362470626831055 -1
endloop
endfacet
facet normal 0.12874447070880746 -0.9916778011339716 0
outer loop
vertex 55.58466720581055 4.7362470626831055 -1
vertex 56.045108795166016 4.796023845672607 -10.01335620880127
vertex 56.045108795166016 4.796023845672607 -1
endloop
endfacet
facet normal 0.00038293239795514957 -0.9999999266813866 0
outer loop
vertex 56.045108795166016 4.796023845672607 -1
vertex 66.49005889892578 4.800023555755615 -9.94078254699707
vertex 66.49005889892578 4.800023555755615 -1
endloop
endfacet
facet normal 0.0396197586158883 -0.9992148291169516 0
outer loop
vertex 66.49005889892578 4.800023555755615 -1
vertex 66.9394302368164 4.817841529846191 -9.952692031860352
vertex 66.9394302368164 4.817841529846191 -1
endloop
endfacet
facet normal 0.1587114265371513 -0.9873250139070391 8.80483687812172e-8
outer loop
vertex 66.9394302368164 4.817841529846191 -1
vertex 67.86907958984375 4.967280864715576 -9.877167701721191
vertex 67.5275650024414 4.912383556365967 -1
endloop
endfacet
facet normal 0.15870919549900162 -0.9873253725414229 0
outer loop
vertex 67.5275650024414 4.912383556365967 -1
vertex 67.86907958984375 4.967280864715576 -9.877167701721191
vertex 67.86907958984375 4.967280864715576 -1
endloop
endfacet
facet normal 0.31337195951389674 -0.949630462332807 0
outer loop
vertex 67.86907958984375 4.967280864715576 -1
vertex 68.68656921386719 5.23704719543457 -9.919474601745605
vertex 68.68656921386719 5.23704719543457 -1
endloop
endfacet
facet normal 0.45803314648595345 -0.8889351138976163 9.55740277299911e-8
outer loop
vertex 68.68656921386719 5.23704719543457 -1
vertex 69.5218505859375 5.667433738708496 -9.832789421081543
vertex 68.93119812011719 5.363094806671143 -1
endloop
endfacet
facet normal 0.45803201708982944 -0.8889356958299189 0
outer loop
vertex 68.93119812011719 5.363094806671143 -1
vertex 69.5218505859375 5.667433738708496 -9.832789421081543
vertex 69.5218505859375 5.667433738708496 -1
endloop
endfacet
facet normal 0.3090154992640107 0.9510570020848457 0
outer loop
vertex 8.454193115234375 71.77827453613281 -4.326740264892578
vertex 8.512895584106445 71.75920104980469 -1
vertex 8.512895584106445 71.75920104980469 -4.322719097137451
endloop
endfacet
facet normal 0.30900430643670496 0.9510606387625992 2.1835510502045834e-7
outer loop
vertex 8.454193115234375 71.77827453613281 -4.326740264892578
vertex 8.288692474365234 71.83204650878906 -4.3080339431762695
vertex 8.512895584106445 71.75920104980469 -1
endloop
endfacet
facet normal 0.23344682982848558 0.97236956844763 0
outer loop
vertex 8.288692474365234 71.83204650878906 -4.3080339431762695
vertex 5.541853904724121 72.49150848388672 -4.2680182456970215
vertex 8.288692474365234 71.83204650878906 -1
endloop
endfacet
facet normal 0.15641345593748773 0.9876916678810709 0
outer loop
vertex 5.541853904724121 72.49150848388672 -4.2680182456970215
vertex 5.30901575088501 72.52838134765625 -4.25137996673584
vertex 5.541853904724121 72.49150848388672 -1
endloop
endfacet
facet normal 0.5931632129843296 -0.8050822335402184 0
outer loop
vertex 69.5218505859375 5.667433738708496 -1
vertex 70.21490478515625 6.178057670593262 -9.854079246520996
vertex 70.21490478515625 6.178057670593262 -1
endloop
endfacet
facet normal 0.7117751877645667 -0.7024073476855894 -1.047531512433432e-7
outer loop
vertex 70.21490478515625 6.178057670593262 -1
vertex 70.28524017333984 6.249332427978516 -9.87000560760498
vertex 70.87491607666016 6.846871376037598 -1
endloop
endfacet
facet normal 0.07846020821656913 0.9969172461777419 0
outer loop
vertex 5.30901575088501 72.52838134765625 -4.25137996673584
vertex 2.492833137512207 72.7500228881836 -4.250489711761475
vertex 5.30901575088501 72.52838134765625 -1
endloop
endfacet
facet normal 0 1 0
outer loop
vertex 2.492833137512207 72.7500228881836 -4.250489711761475
vertex 2.2570924758911133 72.7500228881836 -4.231804370880127
vertex 2.492833137512207 72.7500228881836 -1
endloop
endfacet
facet normal -0.07846020821656914 0.996917246177742 0
outer loop
vertex -0.5590901374816895 72.52838134765625 -4.265339374542236
vertex 2.2570924758911133 72.7500228881836 -1
vertex 2.2570924758911133 72.7500228881836 -4.231804370880127
endloop
endfacet
facet normal -0.00047515918581828465 0.9999998866162361 0.000031484328779781346
outer loop
vertex -15.46265983581543 63.754024505615234 -5.243320941925049
vertex -23.783594131469727 63.750064849853516 -5.05634069442749
vertex -23.867677688598633 63.750022888183594 -4.992544174194336
endloop
endfacet
facet normal -0.7071064027420729 0.707107159630331 8.312163951884923e-7
outer loop
vertex -23.867677688598633 63.750022888183594 -4.992544174194336
vertex -25.490520477294922 62.12718200683594 -5.137379169464111
vertex -25.625038146972656 61.9926643371582 -5.014890193939209
endloop
endfacet
facet normal -0.00010502569346582279 0.9999999935992745 0.000042083900428032554
outer loop
vertex -28.53696632385254 54.20401382446289 -5.971909999847412
vertex -39.4599494934082 54.20286560058594 -5.94743537902832
vertex -39.45994186401367 54.202762603759766 -3.5
endloop
endfacet
facet normal 0.894918340484059 -0.44622993419361573 0.00009846227319249897
outer loop
vertex 71.37479400634766 7.54771089553833 -9.764180183410645
vertex 71.4375 7.673463821411133 -9.784735679626465
vertex 71.79408264160156 8.388620376586914 -9.663707733154297
endloop
endfacet
facet normal -0.00010490410752916168 0.9999999944779084 -0.000006269869059329776
outer loop
vertex -41.659942626953125 54.20263671875 -1.100000023841858
vertex -31.411367416381836 54.203712463378906 -1
vertex -39.25994110107422 54.20288848876953 -1.100000023841858
endloop
endfacet
facet normal 0.9893154873886496 -0.14579046327556522 0.00008503443278073092
outer loop
vertex 72.05121612548828 9.210166931152344 -9.659831047058105
vertex 72.07593536376953 9.377894401550293 -9.684052467346191
vertex 72.18819427490234 10.139772415161133 -9.506839752197266
endloop
endfacet
facet normal -0.9999999923664279 0.000123558971748846 -5.69720957289997e-7
outer loop
vertex -72.20003509521484 -46.49007034301758 -14.67764663696289
vertex -72.19699096679688 -21.789955139160156 -1
vertex -72.1944580078125 -1.2899547815322876 -1
endloop
endfacet
facet normal -0.999999992398454 0.00012330049023456701 2.844752947872704e-7
outer loop
vertex -72.20003509521484 -46.49007034301758 -14.67764663696289
vertex -72.1944580078125 -1.2899547815322876 -1
vertex -72.19384765625 3.6601598262786865 -1
endloop
endfacet
facet normal -0.99999999236637 0.00012355897246734508 -6.632713469470583e-7
outer loop
vertex -72.19131469726562 24.160160064697266 -1
vertex -72.20003509521484 -46.49007034301758 -14.67764663696289
vertex -72.19384765625 3.6601598262786865 -1
endloop
endfacet
facet normal -0.9999999923982649 0.00012330052289727131 6.717186873236226e-7
outer loop
vertex -72.19131469726562 24.160160064697266 -1
vertex -72.19070434570312 29.110273361206055 -1
vertex -72.20003509521484 -46.49007034301758 -14.67764663696289
endloop
endfacet
facet normal -0.00010498399300770783 0.9999999944891806 0
outer loop
vertex -39.25994110107422 54.20288848876953 -2.5
vertex -39.25994110107422 54.20288848876953 -1.100000023841858
vertex -31.411367416381836 54.203712463378906 -1
endloop
endfacet
facet normal -0.00010466540246841304 0.9999999945196152 -0.000002433764444458659
outer loop
vertex -28.470182418823242 54.20402145385742 -1
vertex -41.459930419921875 54.20265579223633 -3.5
vertex -39.25994110107422 54.20288848876953 -2.5
endloop
endfacet
facet normal -0.0001051579992929027 0.9999999942758582 0.00001975041527093929
outer loop
vertex -41.659942626953125 54.20263671875 -1.100000023841858
vertex -66.49012756347656 54.20002365112305 -1
vertex -31.411367416381836 54.203712463378906 -1
endloop
endfacet
facet normal -0.00005340606530557028 0.9999999624546756 -0.0002687720959079867
outer loop
vertex -39.45994186401367 54.202762603759766 -3.5
vertex -41.459930419921875 54.20265579223633 -3.5
vertex -28.470182418823242 54.20402145385742 -1
endloop
endfacet
facet normal -0.00010490410753103258 0.9999999944957427 -0.0000019086158507857755
outer loop
vertex -41.459930419921875 54.20265579223633 -3.5
vertex -41.659942626953125 54.20263671875 -2.5
vertex -39.25994110107422 54.20288848876953 -2.5
endloop
endfacet
facet normal -0.00010523754128950142 0.99999999446253 0
outer loop
vertex -41.659942626953125 54.20263671875 -2.5
vertex -66.49012756347656 54.20002365112305 -5.8881354331970215
vertex -41.659942626953125 54.20263671875 -1.100000023841858
endloop
endfacet
facet normal -0.00010497516693905244 0.9999999944882586 -0.0000019228285999569136
outer loop
vertex -41.459930419921875 54.20265579223633 -3.5
vertex -66.49012756347656 54.20002365112305 -5.8881354331970215
vertex -41.659942626953125 54.20263671875 -2.5
endloop
endfacet
facet normal -0.00010523754128950142 0.99999999446253 0
outer loop
vertex -66.49012756347656 54.20002365112305 -5.8881354331970215
vertex -66.49012756347656 54.20002365112305 -1
vertex -41.659942626953125 54.20263671875 -1.100000023841858
endloop
endfacet
facet normal -0.1587108182483727 0.987325111688613 0
outer loop
vertex -66.93949890136719 54.18220520019531 -1
vertex -67.86915588378906 54.03276443481445 -5.836737155914307
vertex -67.86915588378906 54.03276443481445 -1
endloop
endfacet
facet normal -0.03962081723884226 0.9992147871410016 -2.9802045386626427e-7
outer loop
vertex -66.49012756347656 54.20002365112305 -1
vertex -66.91608428955078 54.18313217163086 -5.907347202301025
vertex -66.93949890136719 54.18220520019531 -1
endloop
endfacet
facet normal -0.31336946191712584 0.949631286520074 0
outer loop
vertex -67.86915588378906 54.03276443481445 -1
vertex -68.6866455078125 53.76300048828125 -5.913926601409912
vertex -68.6866455078125 53.76300048828125 -1
endloop
endfacet
facet normal -0.4580369196898993 0.8889331697044318 4.696632756752778e-7
outer loop
vertex -68.6866455078125 53.76300048828125 -1
vertex -69.52192687988281 53.332611083984375 -5.8744893074035645
vertex -68.93128204345703 53.63694763183594 -1
endloop
endfacet
facet normal -0.4580338568190379 0.8889347478906858 0
outer loop
vertex -69.52192687988281 53.332611083984375 -1
vertex -68.93128204345703 53.63694763183594 -1
vertex -69.52192687988281 53.332611083984375 -5.8744893074035645
endloop
endfacet
facet normal -0.5931674453172908 0.8050791152525065 0
outer loop
vertex -69.52192687988281 53.332611083984375 -1
vertex -70.21497344970703 52.82198715209961 -5.955447673797607
vertex -70.21497344970703 52.82198715209961 -1
endloop
endfacet
facet normal -0.7117701268999943 0.7024124760087667 0
outer loop
vertex -70.21497344970703 52.82198715209961 -1
vertex -70.87499237060547 52.153175354003906 -5.938899993896484
vertex -70.87499237060547 52.153175354003906 -1
endloop
endfacet
facet normal -0.8141300062510982 0.5806826438956021 0
outer loop
vertex -70.87499237060547 52.153175354003906 -1
vertex -71.37487030029297 51.452335357666016 -6.024598121643066
vertex -71.37487030029297 51.452335357666016 -1
endloop
endfacet
facet normal -0.8949227396323461 0.4462211224145895 0
outer loop
vertex -71.37487030029297 51.452335357666016 -1
vertex -71.79415893554688 50.611427307128906 -6.025385856628418
vertex -71.79415893554688 50.611427307128906 -1
endloop
endfacet
facet normal -0.9543477331172577 0.2986978478227646 0
outer loop
vertex -71.79415893554688 50.611427307128906 -1
vertex -72.0512924194336 49.789878845214844 -6.103393077850342
vertex -72.0512924194336 49.789878845214844 -1
endloop
endfacet
facet normal -0.9893179992679219 0.14577344176444892 -8.142476585520589e-7
outer loop
vertex -72.0777587890625 49.610260009765625 -1
vertex -72.0512924194336 49.789878845214844 -1
vertex -72.18826293945312 48.86027526855469 -6.0500874519348145
endloop
endfacet
facet normal -0.9893187899644673 0.14576807545976017 0
outer loop
vertex -72.18826293945312 48.86027526855469 -6.0500874519348145
vertex -72.18826293945312 48.86027526855469 -1
vertex -72.0777587890625 49.610260009765625 -1
endloop
endfacet
facet normal -0.15588425992971808 0.9877751702914328 -0.0005571910757929256
outer loop
vertex -66.91608428955078 54.18313217163086 -5.907347202301025
vertex -67.86915588378906 54.03276443481445 -5.836737155914307
vertex -66.93949890136719 54.18220520019531 -1
endloop
endfacet
facet normal -0.03962424527184179 0.9992146512069552 0
outer loop
vertex -66.49012756347656 54.20002365112305 -5.8881354331970215
vertex -66.91608428955078 54.18313217163086 -5.907347202301025
vertex -66.49012756347656 54.20002365112305 -1
endloop
endfacet
facet normal -0.3133693083585609 0.9496313371929536 0
outer loop
vertex -68.6150894165039 53.78661346435547 -5.930787563323975
vertex -67.86915588378906 54.03276443481445 -1
vertex -67.86915588378906 54.03276443481445 -5.836737155914307
endloop
endfacet
facet normal -0.00013796488312702295 -0.9999999904824969 8.349439658805204e-7
outer loop
vertex -34.45994186401367 -57.18547058105469 -5
vertex -46.45994186401367 -57.183815002441406 -5
vertex 12.099963188171387 -57.191898345947266 -9.949999809265137
endloop
endfacet
facet normal -0.3133710022972932 0.9496307782075669 2.841656591739899e-7
outer loop
vertex -68.6150894165039 53.78661346435547 -5.930787563323975
vertex -68.6866455078125 53.76300048828125 -5.913926601409912
vertex -67.86915588378906 54.03276443481445 -1
endloop
endfacet
facet normal -0.00013805364989728848 -0.9999999904705948 0
outer loop
vertex -34.45994186401367 -57.18547058105469 -5
vertex 12.099963188171387 -57.191898345947266 -9.949999809265137
vertex -34.45994186401367 -57.18547058105469 -4
endloop
endfacet
facet normal -0.00013795220585330906 -0.9999999904842793 7.93819377337985e-7
outer loop
vertex -34.45994186401367 -57.18547058105469 -4
vertex 12.099963188171387 -57.191898345947266 -9.949999809265137
vertex -40.059940338134766 -57.184696197509766 -1.667737364768982
endloop
endfacet
facet normal -0.4580347538718934 0.8889342856733077 0
outer loop
vertex -68.6866455078125 53.76300048828125 -5.913926601409912
vertex -69.52192687988281 53.332611083984375 -5.8744893074035645
vertex -68.6866455078125 53.76300048828125 -1
endloop
endfacet
facet normal -0.00013807159147569782 -0.9999999904681178 0
outer loop
vertex 12.099963188171387 -57.191898345947266 -9.949999809265137
vertex 12.099963188171387 -57.191898345947266 -4.949999809265137
vertex -39.316490173339844 -57.18479919433594 -1.6607985496520996
endloop
endfacet
facet normal -0.5931674453172909 0.8050791152525065 0
outer loop
vertex -69.52192687988281 53.332611083984375 -5.8744893074035645
vertex -70.21497344970703 52.82198715209961 -5.955447673797607
vertex -69.52192687988281 53.332611083984375 -1
endloop
endfacet
facet normal -0.7117701268999942 0.7024124760087666 0
outer loop
vertex -70.21497344970703 52.82198715209961 -5.955447673797607
vertex -70.87499237060547 52.153175354003906 -5.938899993896484
vertex -70.21497344970703 52.82198715209961 -1
endloop
endfacet
facet normal -0.8141300062510982 0.5806826438956021 0
outer loop
vertex -70.87499237060547 52.153175354003906 -5.938899993896484
vertex -71.37487030029297 51.452335357666016 -6.024598121643066
vertex -70.87499237060547 52.153175354003906 -1
endloop
endfacet
facet normal -0.8949227396323461 0.4462211224145895 0
outer loop
vertex -71.37487030029297 51.452335357666016 -6.024598121643066
vertex -71.79415893554688 50.611427307128906 -6.025385856628418
vertex -71.37487030029297 51.452335357666016 -1
endloop
endfacet
facet normal -0.00013851339946477167 -0.9999999904032639 -0.000002740457085539107
outer loop
vertex -39.316490173339844 -57.18479919433594 -1.6607985496520996
vertex -40.059940338134766 -57.184696197509766 -1.667737364768982
vertex 12.099963188171387 -57.191898345947266 -9.949999809265137
endloop
endfacet
facet normal -0.00013797318930817854 -0.9999999904805165 0.000001538212515929229
outer loop
vertex -38.0995979309082 -57.184967041015625 -1.6271064281463623
vertex -39.316490173339844 -57.18479919433594 -1.6607985496520996
vertex 12.099963188171387 -57.191898345947266 -4.949999809265137
endloop
endfacet
facet normal -0.00013868309181407342 -0.999999990319493 -0.000011314330641164388
outer loop
vertex -37.387054443359375 -57.18506622314453 -1.5949000120162964
vertex -38.0995979309082 -57.184967041015625 -1.6271064281463623
vertex 12.214143753051758 -57.19191360473633 -4.375974655151367
endloop
endfacet
facet normal -0.00013716797658429842 -0.9999999904691002 0.000015708148605264703
outer loop
vertex -36.71571731567383 -57.185157775878906 -1.5609544515609741
vertex -37.387054443359375 -57.18506622314453 -1.5949000120162964
vertex 12.214143753051758 -57.19191360473633 -4.375974655151367
endloop
endfacet
facet normal -0.9543477331172578 0.2986978478227646 0
outer loop
vertex -71.79415893554688 50.611427307128906 -6.025385856628418
vertex -72.0512924194336 49.789878845214844 -6.103393077850342
vertex -71.79415893554688 50.611427307128906 -1
endloop
endfacet
facet normal -0.9893186371876064 0.14576911234296933 0
outer loop
vertex -72.0512924194336 49.789878845214844 -6.103393077850342
vertex -72.18826293945312 48.86027526855469 -6.0500874519348145
vertex -72.0512924194336 49.789878845214844 -1
endloop
endfacet
facet normal -0.9999999923596049 0.00012361549344652403 0
outer loop
vertex -72.18826293945312 48.86027526855469 -1
vertex -72.18826293945312 48.86027526855469 -6.0500874519348145
vertex -72.19070434570312 29.110273361206055 -1
endloop
endfacet
facet normal -0.00010515862434609227 0.9999999944708319 0
outer loop
vertex -41.459930419921875 54.20265579223633 -5.943048000335693
vertex -66.49012756347656 54.20002365112305 -5.8881354331970215
vertex -41.459930419921875 54.20265579223633 -3.5
endloop
endfacet
facet normal -0.593174058680924 0.8050742378646215 0.00008737676259045798
outer loop
vertex -69.52192687988281 53.332611083984375 -5.8744893074035645
vertex -70.113525390625 52.89673614501953 -5.979842662811279
vertex -70.21497344970703 52.82198715209961 -5.955447673797607
endloop
endfacet
facet normal -0.8141350037401734 0.5806756307975389 0.00008650357141307581
outer loop
vertex -71.28108978271484 51.583824157714844 -6.051647663116455
vertex -71.37487030029297 51.452335357666016 -6.024598121643066
vertex -70.87499237060547 52.153175354003906 -5.938899993896484
endloop
endfacet
facet normal -0.9543480617037388 0.298696797731211 0.000012142359034296596
outer loop
vertex -71.79415893554688 50.611427307128906 -6.025385856628418
vertex -71.99729919433594 49.9623908996582 -6.1419782638549805
vertex -72.0512924194336 49.789878845214844 -6.103393077850342
endloop
endfacet
facet normal -0.00013941014790987217 -0.9999999898922107 -0.000027935446324546118
outer loop
vertex -35.95994186401367 -57.185264587402344 -1.5090936422348022
vertex -36.71571731567383 -57.185157775878906 -1.5609544515609741
vertex 12.539302825927734 -57.191959381103516 -3.8893399238586426
endloop
endfacet
facet normal -0.00013800979087684315 -0.9999999904766487 0
outer loop
vertex -35.95994186401367 -57.185264587402344 -1
vertex -35.95994186401367 -57.185264587402344 -1.5090936422348022
vertex 13.599963188171387 -57.19210433959961 -3.450000047683716
endloop
endfacet
facet normal -0.9999999923735043 0.00012350220648300276 -4.4304535334317806e-7
outer loop
vertex -72.20003509521484 -46.49007034301758 -14.67764663696289
vertex -72.19070434570312 29.110273361206055 -1
vertex -72.18826293945312 48.86027526855469 -6.0500874519348145
endloop
endfacet
facet normal -0.00013801733922639593 -0.9999999904752274 8.712315747979646e-7
outer loop
vertex 12.214143753051758 -57.19191360473633 -4.375974655151367
vertex -38.0995979309082 -57.184967041015625 -1.6271064281463623
vertex 12.099963188171387 -57.191898345947266 -4.949999809265137
endloop
endfacet
facet normal -0.00013817200485308586 -0.9999999904527285 -0.0000017435782948789826
outer loop
vertex 12.539302825927734 -57.191959381103516 -3.8893399238586426
vertex -36.71571731567383 -57.185157775878906 -1.5609544515609741
vertex 12.214143753051758 -57.19191360473633 -4.375974655151367
endloop
endfacet
facet normal -0.00013824861593042274 -0.9999999904345505 -0.00000426838810780946
outer loop
vertex 12.539302825927734 -57.191959381103516 -3.8893399238586426
vertex 13.025938034057617 -57.1920280456543 -3.564180612564087
vertex -35.95994186401367 -57.185264587402344 -1.5090936422348022
endloop
endfacet
facet normal -5.098281191136196e-7 0.088893997266214 -0.9960410921492017
outer loop
vertex 51.647029876708984 -54.854618072509766 -16.43447494506836
vertex 51.00505447387695 -55.474117279052734 -16.489763259887695
vertex 39.0999641418457 -35.999977111816406 -14.751742362976074
endloop
endfacet
facet normal 0.000001917170028114761 0.08889461946399473 -0.9960410366178072
outer loop
vertex -53.3449821472168 -52.11058807373047 -16.1895751953125
vertex -53.79779052734375 -51.740447998046875 -16.15654182434082
vertex -71.06343078613281 49.86345672607422 -7.088634967803955
endloop
endfacet
facet normal 9.160205801462326e-7 0.08889522186807704 -0.9960409828557188
outer loop
vertex 9.445626258850098 61.676513671875 -6.034348011016846
vertex -0.40938037633895874 71.8185043334961 -5.129199028015137
vertex 66.8185806274414 6.066392421722412 -10.997418403625488
endloop
endfacet
facet normal -1.4556951332335576e-7 0.08889416397077272 -0.9960410772713725
outer loop
vertex 8.199803352355957 71.08854675292969 -5.194345951080322
vertex 10.876070022583008 69.96099853515625 -5.294977188110352
vertex 15.540435791015625 66.52884674072266 -5.601288795471191
endloop
endfacet
facet normal 9.00738919433456e-8 0.08889448168443295 -0.9960410489161818
outer loop
vertex 13.34320068359375 68.42855072021484 -5.431744575500488
vertex 15.540435791015625 66.52884674072266 -5.601288795471191
vertex 10.876070022583008 69.96099853515625 -5.294977188110352
endloop
endfacet
facet normal -1.6763571149922062e-9 0.08889426319795743 -0.9960410684156012
outer loop
vertex -3.12503719329834 62.776302337646484 -5.936193943023682
vertex -8.412248611450195 68.56007385253906 -5.420006275177002
vertex -5.926790237426758 70.06257629394531 -5.285911560058594
endloop
endfacet
facet normal 2.2140685773369195e-7 0.08889449542291289 -0.9960410476900321
outer loop
vertex 0.4648328125476837 64.0829086303711 -5.819582462310791
vertex -1.387258768081665 63.58664321899414 -5.863873481750488
vertex -5.926790237426758 70.06257629394531 -5.285911560058594
endloop
endfacet
facet normal -1.9642485616313524e-8 0.08889429763481838 -0.9960410653421936
outer loop
vertex 0.4648328125476837 64.0829086303711 -5.819582462310791
vertex -3.23710298538208 71.15767669677734 -5.188176155090332
vertex 2.37496280670166 64.2500228881836 -5.804667949676514
endloop
endfacet
facet normal -3.882169941706405e-7 0.08889377642098965 -0.9960411118590761
outer loop
vertex 17.413625717163086 64.30858612060547 -5.799441337585449
vertex 8.199803352355957 71.08854675292969 -5.194345951080322
vertex 15.540435791015625 66.52884674072266 -5.601288795471191
endloop
endfacet
facet normal 2.2435700274284796e-7 0.08889446819262849 -0.9960410501202747
outer loop
vertex -4.6957011222839355 61.676513671875 -6.034348011016846
vertex -8.412248611450195 68.56007385253906 -5.420006275177002
vertex -3.12503719329834 62.776302337646484 -5.936193943023682
endloop
endfacet
facet normal 1.861420115656585e-7 0.08889455079468905 -0.9960410427482271
outer loop
vertex 18.916568756103516 61.8223991394043 -6.021327972412109
vertex 8.199803352355957 71.08854675292969 -5.194345951080322
vertex 17.413625717163086 64.30858612060547 -5.799441337585449
endloop
endfacet
facet normal 1.3210342696845584e-8 0.08889431292368886 -0.9960410639776983
outer loop
vertex 5.380266189575195 71.78350830078125 -5.132322311401367
vertex 8.199803352355957 71.08854675292969 -5.194345951080322
vertex 21.583641052246094 54.215232849121094 -6.700249195098877
endloop
endfacet
facet normal 2.1119436995722724e-8 0.08889431973725394 -0.9960410633696035
outer loop
vertex 2.486818313598633 72.0288314819336 -5.1104278564453125
vertex 5.380266189575195 71.78350830078125 -5.132322311401367
vertex 22.03126335144043 53.644866943359375 -6.751152992248535
endloop
endfacet
facet normal 2.063938683246059e-7 0.08889447011911095 -0.9960410499483442
outer loop
vertex 52.195335388183594 -53.39999771118164 -16.30465316772461
vertex 51.647029876708984 -54.854618072509766 -16.43447494506836
vertex 39.0999641418457 -35.999977111816406 -14.751742362976074
endloop
endfacet
facet normal -1.5802453353539053e-7 0.0888942633699846 -0.9960410684002357
outer loop
vertex -4.6957011222839355 61.676513671875 -6.034348011016846
vertex -6.051526069641113 60.32068634033203 -6.1553521156311035
vertex -8.412248611450195 68.56007385253906 -5.420006275177002
endloop
endfacet
facet normal 8.719177050277641e-8 0.08889435309505145 -0.9960410603924945
outer loop
vertex 0.4648328125476837 64.0829086303711 -5.819582462310791
vertex -5.926790237426758 70.06257629394531 -5.285911560058594
vertex -3.23710298538208 71.15767669677734 -5.188176155090332
endloop
endfacet
facet normal -6.752564744786047e-8 0.08889418529694046 -0.9960410753680737
outer loop
vertex -6.051526069641113 60.32068634033203 -6.1553521156311035
vertex -7.1513166427612305 58.750022888183594 -6.295529842376709
vertex -12.792763710021973 64.2606201171875 -5.803722381591797
endloop
endfacet
facet normal -9.119500603395554e-8 0.08889417447146493 -0.9960410763342185
outer loop
vertex 66.8185806274414 6.066392421722412 -10.997418403625488
vertex 11.90124225616455 47.750022888183594 -7.2772536277771
vertex 12.711581230163574 49.48780059814453 -7.122161388397217
endloop
endfacet
facet normal -7.324804454054474e-8 0.08889417558327369 -0.9960410762349939
outer loop
vertex -10.637678146362305 66.68252563476562 -5.587573528289795
vertex -6.051526069641113 60.32068634033203 -6.1553521156311035
vertex -12.792763710021973 64.2606201171875 -5.803722381591797
endloop
endfacet
facet normal -7.87323070918447e-7 0.08889345423081553 -0.9960411406133253
outer loop
vertex -7.1513166427612305 58.750022888183594 -6.295529842376709
vertex -12.916055679321289 64.13018798828125 -5.815362930297852
vertex -12.792763710021973 64.2606201171875 -5.803722381591797
endloop
endfacet
facet normal -8.150111109694392e-9 0.08889428442074428 -0.9960410665215184
outer loop
vertex 66.8185806274414 6.066392421722412 -10.997418403625488
vertex -0.40938037633895874 71.8185043334961 -5.129199028015137
vertex 2.486818313598633 72.0288314819336 -5.1104278564453125
endloop
endfacet
facet normal 8.192410177527505e-8 0.08889437514625285 -0.9960410584244761
outer loop
vertex -12.916055679321289 64.13018798828125 -5.815362930297852
vertex -7.961656093597412 57.012245178222656 -6.45062255859375
vertex -13.368865013122559 63.76005172729492 -5.8483967781066895
endloop
endfacet
facet normal 7.703615905574365e-7 0.08889493284413558 -0.9960410086507699
outer loop
vertex -7.961656093597412 57.012245178222656 -6.45062255859375
vertex -13.549123764038086 63.64908218383789 -5.858300685882568
vertex -13.436251640319824 63.72417449951172 -5.851598739624023
endloop
endfacet
facet normal 3.898915745284648e-8 0.08889434101313871 -0.9960410614707801
outer loop
vertex -7.961656093597412 57.012245178222656 -6.45062255859375
vertex -13.436251640319824 63.72417449951172 -5.851598739624023
vertex -13.368865013122559 63.76005172729492 -5.8483967781066895
endloop
endfacet
facet normal -6.877795074200769e-8 0.0888942499588164 -0.9960410695971601
outer loop
vertex 20.698949813842773 55.98613357543945 -6.542200565338135
vertex 8.199803352355957 71.08854675292969 -5.194345951080322
vertex 20.009517669677734 59.13800811767578 -6.260903358459473
endloop
endfacet
facet normal -1.1870440635521266e-7 0.08889420101056958 -0.9960410739656664
outer loop
vertex 8.199803352355957 71.08854675292969 -5.194345951080322
vertex 18.916568756103516 61.8223991394043 -6.021327972412109
vertex 20.009517669677734 59.13800811767578 -6.260903358459473
endloop
endfacet
facet normal 0.0000017085726960887594 0.08889566623281867 -0.9960409431956619
outer loop
vertex 21.05803680419922 55.08552551269531 -6.622577667236328
vertex 8.199803352355957 71.08854675292969 -5.194345951080322
vertex 20.8579158782959 55.48073959350586 -6.587305545806885
endloop
endfacet
facet normal -9.052283474426632e-7 0.08889356316128284 -0.9960411308915268
outer loop
vertex 20.8579158782959 55.48073959350586 -6.587305545806885
vertex 8.199803352355957 71.08854675292969 -5.194345951080322
vertex 20.698949813842773 55.98613357543945 -6.542200565338135
endloop
endfacet
facet normal -1.699899469893714e-7 0.08889416875832724 -0.9960410768440914
outer loop
vertex 8.199803352355957 71.08854675292969 -5.194345951080322
vertex 21.05803680419922 55.08552551269531 -6.622577667236328
vertex 21.583641052246094 54.215232849121094 -6.700249195098877
endloop
endfacet
facet normal 0.0000054388274778111865 0.08889927747229769 -0.9960406208761381
outer loop
vertex 21.659650802612305 54.09588623046875 -6.710900783538818
vertex 5.380266189575195 71.78350830078125 -5.132322311401367
vertex 21.583641052246094 54.215232849121094 -6.700249195098877
endloop
endfacet
facet normal -0.000004507836959011245 0.08889019507592513 -0.9960414314671069
outer loop
vertex 5.380266189575195 71.78350830078125 -5.132322311401367
vertex 21.659650802612305 54.09588623046875 -6.710900783538818
vertex 22.03126335144043 53.644866943359375 -6.751152992248535
endloop
endfacet
facet normal -9.332197360689644e-7 0.08889350995442875 -0.9960411356400451
outer loop
vertex -7.961656093597412 57.012245178222656 -6.45062255859375
vertex -13.626069068908691 63.60539245605469 -5.862199783325195
vertex -13.549123764038086 63.64908218383789 -5.858300685882568
endloop
endfacet
facet normal 6.717963684943794e-7 0.08889487798569781 -0.9960410135468603
outer loop
vertex -7.961656093597412 57.012245178222656 -6.45062255859375
vertex -13.962417602539062 63.441322326660156 -5.876842975616455
vertex -13.626069068908691 63.60539245605469 -5.862199783325195
endloop
endfacet
facet normal 7.358627621659374e-8 0.08889436938862194 -0.9960410589383321
outer loop
vertex -7.961656093597412 57.012245178222656 -6.45062255859375
vertex -12.916055679321289 64.13018798828125 -5.815362930297852
vertex -7.1513166427612305 58.750022888183594 -6.295529842376709
endloop
endfacet
facet normal -4.750555720285656e-8 0.08889433744131842 -0.9960410617895563
outer loop
vertex -13.962417602539062 63.441322326660156 -5.876842975616455
vertex -24.7156982421875 56.95449447631836 -6.455776691436768
vertex -14.522969245910645 63.27195358276367 -5.891958713531494
endloop
endfacet
facet normal 1.3275600086789272e-9 0.08889425712985406 -0.9960410689571648
outer loop
vertex -7.961656093597412 57.012245178222656 -6.45062255859375
vertex -24.7156982421875 56.95449447631836 -6.455776691436768
vertex -13.962417602539062 63.441322326660156 -5.876842975616455
endloop
endfacet
facet normal 1.6108417415223865e-9 0.0888941755964856 -0.9960410762338174
outer loop
vertex -8.45792293548584 55.160152435302734 -6.615917205810547
vertex -24.7156982421875 56.95449447631836 -6.455776691436768
vertex -7.961656093597412 57.012245178222656 -6.45062255859375
endloop
endfacet
facet normal -0.000001959970883506631 0.08889245990307082 -0.996041229351747
outer loop
vertex 22.03126335144043 53.644866943359375 -6.751152992248535
vertex 22.484073638916016 53.27472686767578 -6.784187316894531
vertex 66.8185806274414 6.066392421722412 -10.997418403625488
endloop
endfacet
facet normal 4.090396871371157e-8 0.08889432412535286 -0.9960410629779752
outer loop
vertex 66.8185806274414 6.066392421722412 -10.997418403625488
vertex 22.484073638916016 53.27472686767578 -6.784187316894531
vertex 23.000680923461914 52.99968719482422 -6.808733940124512
endloop
endfacet
facet normal 4.44507161350539e-8 0.0888943274105033 -0.9960410626847831
outer loop
vertex 66.8185806274414 6.066392421722412 -10.997418403625488
vertex 23.000680923461914 52.99968719482422 -6.808733940124512
vertex 23.56123161315918 52.830318450927734 -6.823849678039551
endloop
endfacet
facet normal 5.577995793780694e-7 0.08889479851365108 -0.9960410206396654
outer loop
vertex 66.8185806274414 6.066392421722412 -10.997418403625488
vertex 23.56123161315918 52.830318450927734 -6.823849678039551
vertex 23.850833892822266 52.78750991821289 -6.827670097351074
endloop
endfacet
facet normal -4.9551292398246144e-8 0.08889425556298076 -0.9960410690970032
outer loop
vertex 4.285092830657959 64.0829086303711 -5.819582462310791
vertex -3.23710298538208 71.15767669677734 -5.188176155090332
vertex -0.40938037633895874 71.8185043334961 -5.129199028015137
endloop
endfacet
facet normal 2.0458244824826068e-8 0.08889430824505723 -0.9960410643952549
outer loop
vertex 23.850833892822266 52.78750991821289 -6.827670097351074
vertex 24.774227142333984 52.69677734375 -6.83576774597168
vertex 66.8185806274414 6.066392421722412 -10.997418403625488
endloop
endfacet
facet normal -9.9968344565067e-9 0.08889428100218451 -0.9960410668266165
outer loop
vertex 66.8185806274414 6.066392421722412 -10.997418403625488
vertex 24.774227142333984 52.69677734375 -6.83576774597168
vertex 25.067577362060547 52.68239974975586 -6.837050914764404
endloop
endfacet
facet normal -1.4893771366022485e-9 0.08889428856156335 -0.9960410661519601
outer loop
vertex 66.8185806274414 6.066392421722412 -10.997418403625488
vertex 25.067577362060547 52.68239974975586 -6.837050914764404
vertex 25.650531768798828 52.73958969116211 -6.831946849822998
endloop
endfacet
facet normal 1.3494291157497553e-7 0.08889440795058137 -0.9960410554967588
outer loop
vertex 66.8185806274414 6.066392421722412 -10.997418403625488
vertex 25.650531768798828 52.73958969116211 -6.831946849822998
vertex 25.981632232666016 52.825069427490234 -6.824317932128906
endloop
endfacet
facet normal 5.258320033491686e-7 0.08889476235348655 -0.9960410238669092
outer loop
vertex 7.87496280670166 62.776302337646484 -5.936193943023682
vertex 6.137184143066406 63.58664321899414 -5.863873481750488
vertex -0.40938037633895874 71.8185043334961 -5.129199028015137
endloop
endfacet
facet normal -9.877103570578397e-7 0.08889338662425769 -0.9960411466468113
outer loop
vertex 9.445626258850098 61.676513671875 -6.034348011016846
vertex 7.87496280670166 62.776302337646484 -5.936193943023682
vertex -0.40938037633895874 71.8185043334961 -5.129199028015137
endloop
endfacet
facet normal -3.321405418532422e-7 0.08889408542422866 -0.9960410842814065
outer loop
vertex 6.137184143066406 63.58664321899414 -5.863873481750488
vertex 4.285092830657959 64.0829086303711 -5.819582462310791
vertex -0.40938037633895874 71.8185043334961 -5.129199028015137
endloop
endfacet
facet normal 2.2648495993067695e-8 0.08889433172226276 -0.9960410622999695
outer loop
vertex 2.37496280670166 64.2500228881836 -5.804667949676514
vertex -3.23710298538208 71.15767669677734 -5.188176155090332
vertex 4.285092830657959 64.0829086303711 -5.819582462310791
endloop
endfacet
facet normal -0.000005649577790226593 0.08888850166561303 -0.9960415825856491
outer loop
vertex 9.445626258850098 61.676513671875 -6.034348011016846
vertex 66.8185806274414 6.066392421722412 -10.997418403625488
vertex 10.801451683044434 60.32068634033203 -6.1553521156311035
endloop
endfacet
facet normal 3.197210070556807e-8 0.08889431873110264 -0.9960410634593998
outer loop
vertex 27.854036331176758 53.424285888671875 -6.770839214324951
vertex 66.8185806274414 6.066392421722412 -10.997418403625488
vertex 25.981632232666016 52.825069427490234 -6.824317932128906
endloop
endfacet
facet normal -5.5812497075843775e-9 0.08889428867876815 -0.9960410661415
outer loop
vertex 71.06372833251953 9.668760299682617 -10.675915718078613
vertex 27.854036331176758 53.424285888671875 -6.770839214324951
vertex 71.19364166259766 49.09117889404297 -7.157558917999268
endloop
endfacet
facet normal -3.5417045536415502e-9 0.0888947800144722 -0.9960410222908385
outer loop
vertex -41.01551055908203 53.37129211425781 -6.775568962097168
vertex -66.82113647460938 53.46430969238281 -6.767267227172852
vertex -41.185420989990234 53.518043518066406 -6.762471675872803
endloop
endfacet
facet normal -9.493499779891476e-8 0.08889408836346084 -0.9960410840191384
outer loop
vertex -7.1513166427612305 47.750022888183594 -7.2772536277771
vertex -24.7156982421875 56.95449447631836 -6.455776691436768
vertex -7.961656093597412 49.48780059814453 -7.122161388397217
endloop
endfacet
facet normal -8.862195069513527e-9 0.08889331562875524 -0.9960411529834129
outer loop
vertex -66.82113647460938 53.46430969238281 -6.767267227172852
vertex -41.01551055908203 53.37129211425781 -6.775568962097168
vertex -40.84262466430664 53.27888107299805 -6.783816337585449
endloop
endfacet
facet normal -1.3343699862087033e-7 0.08889925229791586 -0.9960406231378587
outer loop
vertex -28.535436630249023 53.545166015625 -6.760051250457764
vertex -40.26485061645508 53.22197723388672 -6.788895130157471
vertex -40.0772590637207 53.27888107299805 -6.783816337585449
endloop
endfacet
facet normal 4.429370952310732e-9 0.08889332385612825 -0.9960411522491476
outer loop
vertex -28.535436630249023 53.545166015625 -6.760051250457764
vertex -40.0772590637207 53.27888107299805 -6.783816337585449
vertex -39.90436935424805 53.37129211425781 -6.775568962097168
endloop
endfacet
facet normal -8.421811900607643e-7 0.08889285848155028 -0.9960411937817982
outer loop
vertex -24.885740280151367 56.39616394042969 -6.505606174468994
vertex -4.6957011222839355 44.82353591918945 -7.538435935974121
vertex -3.12503719329834 43.7237434387207 -7.636589527130127
endloop
endfacet
facet normal 1.4209183438762184e-7 0.08889453709438831 -0.9960410439709573
outer loop
vertex -6.051526069641113 46.179359436035156 -7.417431831359863
vertex -24.7156982421875 56.95449447631836 -6.455776691436768
vertex -7.1513166427612305 47.750022888183594 -7.2772536277771
endloop
endfacet
facet normal 5.219023553566502e-8 0.08889440650524918 -0.9960410556257593
outer loop
vertex -24.885740280151367 56.39616394042969 -6.505606174468994
vertex -6.051526069641113 46.179359436035156 -7.417431831359863
vertex -4.6957011222839355 44.82353591918945 -7.538435935974121
endloop
endfacet
facet normal -4.5601605994220867e-7 0.08889382160585482 -0.9960411078264283
outer loop
vertex 66.8185806274414 6.066392421722412 -10.997418403625488
vertex 11.90124225616455 58.750022888183594 -6.295529842376709
vertex 10.801451683044434 60.32068634033203 -6.1553521156311035
endloop
endfacet
facet normal 1.5457596645892565e-8 0.08889430006467876 -0.9960410651253344
outer loop
vertex -8.62503719329834 53.250022888183594 -6.786391735076904
vertex -24.7156982421875 56.95449447631836 -6.455776691436768
vertex -8.45792293548584 55.160152435302734 -6.615917205810547
endloop
endfacet
facet normal 1.609309128917115e-8 0.0888943028031867 -0.9960410648809291
outer loop
vertex -8.45792293548584 51.33989334106445 -6.956866264343262
vertex -24.7156982421875 56.95449447631836 -6.455776691436768
vertex -8.62503719329834 53.250022888183594 -6.786391735076904
endloop
endfacet
facet normal 0.0000013174841682940012 0.08889529972501463 -0.9960409759066461
outer loop
vertex 52.195335388183594 -53.39999771118164 -16.30465316772461
vertex 39.0999641418457 -35.999977111816406 -14.751742362976074
vertex 39.29130554199219 -35.961917877197266 -14.748345375061035
endloop
endfacet
facet normal -6.852391568302006e-7 0.08889382943802877 -0.9960411071272979
outer loop
vertex 52.195335388183594 -53.39999771118164 -16.30465316772461
vertex 39.29130554199219 -35.961917877197266 -14.748345375061035
vertex 39.45351791381836 -35.85353088378906 -14.738672256469727
endloop
endfacet
facet normal -0.000001306556536170593 0.08889338181773367 -0.9960411470754105
outer loop
vertex 52.195335388183594 -53.39999771118164 -16.30465316772461
vertex 39.45351791381836 -35.85353088378906 -14.738672256469727
vertex 39.5619010925293 -35.69131851196289 -14.72419548034668
endloop
endfacet
facet normal 0.000003874715461850352 0.08889704894539778 -0.9960408197828974
outer loop
vertex 52.195335388183594 -53.39999771118164 -16.30465316772461
vertex 39.5619010925293 -35.69131851196289 -14.72419548034668
vertex 39.5999641418457 -35.499977111816406 -14.707118034362793
endloop
endfacet
facet normal -1.4550824401216204e-7 0.08889424246513031 -0.9960410702659451
outer loop
vertex 52.195335388183594 -53.39999771118164 -16.30465316772461
vertex 39.5999641418457 -35.499977111816406 -14.707118034362793
vertex 39.5999641418457 -21.499977111816406 -13.45765209197998
endloop
endfacet
facet normal 6.669415372663513e-8 0.08889444816700752 -0.99604105190754
outer loop
vertex -24.7156982421875 56.95449447631836 -6.455776691436768
vertex -8.45792293548584 51.33989334106445 -6.956866264343262
vertex -7.961656093597412 49.48780059814453 -7.122161388397217
endloop
endfacet
facet normal 3.6685964328569795e-8 0.08889435572046492 -0.9960410601581856
outer loop
vertex -24.885740280151367 56.39616394042969 -6.505606174468994
vertex -3.12503719329834 43.7237434387207 -7.636589527130127
vertex 54.97789001464844 5.762889385223389 -11.024505615234375
endloop
endfacet
facet normal 3.357829369351598e-8 0.08889383662573969 -0.9960411064860502
outer loop
vertex -15.043582916259766 63.22087860107422 -5.896516799926758
vertex -24.638750076293945 61.85036849975586 -6.018831253051758
vertex -23.448726654052734 63.0403938293457 -5.912624835968018
endloop
endfacet
facet normal -5.283550839843639e-7 0.0888951071239689 -0.9960409930967394
outer loop
vertex -24.7156982421875 56.95449447631836 -6.455776691436768
vertex -15.043582916259766 63.22087860107422 -5.896516799926758
vertex -14.522969245910645 63.27195358276367 -5.891958713531494
endloop
endfacet
facet normal -3.837564988588766e-8 0.088894336406359 -0.9960410618819245
outer loop
vertex -15.043582916259766 63.22087860107422 -5.896516799926758
vertex -24.65831184387207 57.52174377441406 -6.405150890350342
vertex -24.638750076293945 61.85036849975586 -6.018831253051758
endloop
endfacet
facet normal -1.8171152898451641e-7 0.08889457631036941 -0.9960410404710074
outer loop
vertex -24.7156982421875 56.95449447631836 -6.455776691436768
vertex -24.65831184387207 57.52174377441406 -6.405150890350342
vertex -15.043582916259766 63.22087860107422 -5.896516799926758
endloop
endfacet
facet normal -2.3428499573038578e-8 0.08889411158171552 -0.9960410819469732
outer loop
vertex 71.19364166259766 49.09117889404297 -7.157558917999268
vertex 27.854036331176758 53.424285888671875 -6.770839214324951
vertex 40.277137756347656 53.2155647277832 -6.7894673347473145
endloop
endfacet
facet normal 0.0000029928778285841637 0.08891654319905766 -0.9960390797235683
outer loop
vertex 71.19364166259766 49.09117889404297 -7.157558917999268
vertex 40.277137756347656 53.2155647277832 -6.7894673347473145
vertex 40.47222900390625 53.19635009765625 -6.791182041168213
endloop
endfacet
facet normal -1.3021464151424291e-7 0.08889332965690148 -0.9960411517314395
outer loop
vertex 40.667320251464844 53.2155647277832 -6.7894673347473145
vertex 40.85491180419922 53.2724723815918 -6.784388542175293
vertex 71.19364166259766 49.09117889404297 -7.157558917999268
endloop
endfacet
facet normal -4.530306664524624e-7 0.0888909592393969 -0.9960413632803081
outer loop
vertex 71.19364166259766 49.09117889404297 -7.157558917999268
vertex 40.47222900390625 53.19635009765625 -6.791182041168213
vertex 40.667320251464844 53.2155647277832 -6.7894673347473145
endloop
endfacet
facet normal -1.0325515389980897e-7 0.08889352372444148 -0.9960411344115472
outer loop
vertex 71.19364166259766 49.09117889404297 -7.157558917999268
vertex 40.85491180419922 53.2724723815918 -6.784388542175293
vertex 41.02779769897461 53.36488342285156 -6.776141166687012
endloop
endfacet
facet normal -6.571488214164259e-9 0.08889428586973214 -0.9960410663921997
outer loop
vertex 20.09996223449707 -20.999977111816406 -13.4130277633667
vertex -71.06343078613281 49.86345672607422 -7.088634967803955
vertex 52.235084533691406 2.0018656253814697 -11.36016845703125
endloop
endfacet
facet normal -5.586455207694124e-7 0.08889345170595797 -0.9960411408388151
outer loop
vertex 54.97789001464844 5.762889385223389 -11.024505615234375
vertex -3.12503719329834 43.7237434387207 -7.636589527130127
vertex -1.387258768081665 42.91340637207031 -7.7089104652404785
endloop
endfacet
facet normal 2.752391164681409e-7 0.08889470688670674 -0.9960410288173126
outer loop
vertex 54.97789001464844 5.762889385223389 -11.024505615234375
vertex -1.387258768081665 42.91340637207031 -7.7089104652404785
vertex 0.4648328125476837 42.417137145996094 -7.753201007843018
endloop
endfacet
facet normal 4.5397410209901745e-7 0.08889494428946255 -0.9960410076294888
outer loop
vertex 52.29228973388672 2.5803961753845215 -11.3085355758667
vertex 52.235084533691406 2.0018656253814697 -11.36016845703125
vertex -24.885740280151367 56.39616394042969 -6.505606174468994
endloop
endfacet
facet normal -3.48439891573538e-7 0.08889380262856589 -0.9960411095201402
outer loop
vertex 52.46233367919922 3.138728380203247 -11.258706092834473
vertex 52.29228973388672 2.5803961753845215 -11.3085355758667
vertex -24.885740280151367 56.39616394042969 -6.505606174468994
endloop
endfacet
facet normal 8.328101340047683e-7 0.08889550465206471 -0.9960409576176882
outer loop
vertex 52.510868072509766 3.2490670680999756 -11.248858451843262
vertex 52.46233367919922 3.138728380203247 -11.258706092834473
vertex -24.885740280151367 56.39616394042969 -6.505606174468994
endloop
endfacet
facet normal 1.6919098304941716e-7 0.08889454587918666 -0.9960410431869284
outer loop
vertex 52.82821273803711 3.932543992996216 -11.187859535217285
vertex 52.510868072509766 3.2490670680999756 -11.248858451843262
vertex -24.885740280151367 56.39616394042969 -6.505606174468994
endloop
endfacet
facet normal 0 0.08889427676146937 -0.9960410672050902
outer loop
vertex 39.0999641418457 -20.999977111816406 -13.4130277633667
vertex 20.09996223449707 -20.999977111816406 -13.4130277633667
vertex 52.235084533691406 2.0018656253814697 -11.36016845703125
endloop
endfacet
facet normal -0.0000048098467343126555 0.08889686439188825 -0.9960408362502792
outer loop
vertex 39.5999641418457 -21.499977111816406 -13.45765209197998
vertex 39.5619010925293 -21.308635711669922 -13.440574645996094
vertex 52.235084533691406 2.0018656253814697 -11.36016845703125
endloop
endfacet
facet normal -0.0000013672772845677935 0.08889505137031972 -0.9960409980718659
outer loop
vertex 39.29130554199219 -21.038036346435547 -13.416424751281738
vertex 39.0999641418457 -20.999977111816406 -13.4130277633667
vertex 52.235084533691406 2.0018656253814697 -11.36016845703125
endloop
endfacet
facet normal 1.9286766398350123e-7 0.08889449265629454 -0.9960410479369527
outer loop
vertex 11.90124225616455 58.750022888183594 -6.295529842376709
vertex 66.8185806274414 6.066392421722412 -10.997418403625488
vertex 12.711581230163574 57.012245178222656 -6.45062255859375
endloop
endfacet
facet normal -5.91557231602525e-8 0.08889423506914887 -0.9960410709260272
outer loop
vertex 66.8185806274414 6.066392421722412 -10.997418403625488
vertex 2.486818313598633 72.0288314819336 -5.1104278564453125
vertex 22.03126335144043 53.644866943359375 -6.751152992248535
endloop
endfacet
facet normal -4.013018766104549e-8 0.08889325759371844 -0.9960411581628419
outer loop
vertex 40.08954620361328 53.2724723815918 -6.784388542175293
vertex 27.854036331176758 53.424285888671875 -6.770839214324951
vertex 39.91666030883789 53.36488342285156 -6.776141166687012
endloop
endfacet
facet normal -1.549844712067574e-8 0.08889821993439359 -0.9960407152784949
outer loop
vertex 39.91666030883789 53.36488342285156 -6.776141166687012
vertex 27.854036331176758 53.424285888671875 -6.770839214324951
vertex 39.87771224975586 53.39684295654297 -6.773288726806641
endloop
endfacet
facet normal -4.6454844622760174e-8 0.0888927518819177 -0.9960412032957561
outer loop
vertex 27.854036331176758 53.424285888671875 -6.770839214324951
vertex 40.08954620361328 53.2724723815918 -6.784388542175293
vertex 40.277137756347656 53.2155647277832 -6.7894673347473145
endloop
endfacet
facet normal 7.234070475278067e-7 0.08889388610885048 -0.9960411020695599
outer loop
vertex 39.45351791381836 -21.14642333984375 -13.426097869873047
vertex 39.29130554199219 -21.038036346435547 -13.416424751281738
vertex 52.235084533691406 2.0018656253814697 -11.36016845703125
endloop
endfacet
facet normal -4.4348962952246383e-7 0.08889364549183647 -0.9960411235440909
outer loop
vertex 53.055809020996094 4.336767196655273 -11.15178394317627
vertex 52.82821273803711 3.932543992996216 -11.187859535217285
vertex -24.885740280151367 56.39616394042969 -6.505606174468994
endloop
endfacet
facet normal 0.0000014592347769770674 0.08889348302450434 -0.9960411380428233
outer loop
vertex 52.235084533691406 2.0018656253814697 -11.36016845703125
vertex 39.5619010925293 -21.308635711669922 -13.440574645996094
vertex 39.45351791381836 -21.14642333984375 -13.426097869873047
endloop
endfacet
facet normal 4.3139012337678484e-7 0.0888949449812841 -0.9960410075677549
outer loop
vertex 53.42742156982422 4.787784576416016 -11.111531257629395
vertex 53.055809020996094 4.336767196655273 -11.15178394317627
vertex -24.885740280151367 56.39616394042969 -6.505606174468994
endloop
endfacet
facet normal -5.60070447600865e-10 0.08889429924406674 -0.9960410651985723
outer loop
vertex 52.195335388183594 -53.39999771118164 -16.30465316772461
vertex 39.5999641418457 -21.499977111816406 -13.45765209197998
vertex 52.235084533691406 2.0018656253814697 -11.36016845703125
endloop
endfacet
facet normal 1.9974815007472886e-7 0.08889459625373689 -0.9960410386910998
outer loop
vertex 53.88022994995117 5.157924652099609 -11.078496932983398
vertex 53.42742156982422 4.787784576416016 -11.111531257629395
vertex -24.885740280151367 56.39616394042969 -6.505606174468994
endloop
endfacet
facet normal -0.0000023452336005517064 0.08889071489592139 -0.9960413850838687
outer loop
vertex 54.06707000732422 5.257396221160889 -11.069620132446289
vertex 53.88022994995117 5.157924652099609 -11.078496932983398
vertex -24.885740280151367 56.39616394042969 -6.505606174468994
endloop
endfacet
facet normal 7.001944272480268e-7 0.08889537955847623 -0.9960409687822406
outer loop
vertex 54.64154052734375 5.598817348480225 -11.039148330688477
vertex 54.06707000732422 5.257396221160889 -11.069620132446289
vertex -24.885740280151367 56.39616394042969 -6.505606174468994
endloop
endfacet
facet normal -5.421914760773874e-7 0.08889344987488942 -0.9960411410022413
outer loop
vertex 54.97789001464844 5.762889385223389 -11.024505615234375
vertex 54.64154052734375 5.598817348480225 -11.039148330688477
vertex -24.885740280151367 56.39616394042969 -6.505606174468994
endloop
endfacet
facet normal -7.401865359368673e-9 0.08889430198640967 -0.9960410649538246
outer loop
vertex 51.00505447387695 -55.474117279052734 -16.489763259887695
vertex -49.6639289855957 -55.93380355834961 -16.53078842163086
vertex 39.0999641418457 -35.999977111816406 -14.751742362976074
endloop
endfacet
facet normal -1.4265684350482434e-9 0.08889300376666835 -0.9960411808160038
outer loop
vertex -49.6639289855957 -55.93380355834961 -16.53078842163086
vertex 51.00505447387695 -55.474117279052734 -16.489763259887695
vertex 50.14168930053711 -55.85098648071289 -16.52339744567871
endloop
endfacet
facet normal 0 0.08889426928689252 -0.9960410678721785
outer loop
vertex -49.6639289855957 -55.93380355834961 -16.53078842163086
vertex 20.09996223449707 -35.999977111816406 -14.751742362976074
vertex 39.0999641418457 -35.999977111816406 -14.751742362976074
endloop
endfacet
facet normal 2.289932909452637e-8 0.08889433456664665 -0.996041062046115
outer loop
vertex 54.97789001464844 5.762889385223389 -11.024505615234375
vertex 0.4648328125476837 42.417137145996094 -7.753201007843018
vertex 2.37496280670166 42.250022888183594 -7.768115520477295
endloop
endfacet
facet normal -1.77697146644737e-8 0.08889427639804574 -0.9960410672375248
outer loop
vertex 54.97789001464844 5.762889385223389 -11.024505615234375
vertex 2.37496280670166 42.250022888183594 -7.768115520477295
vertex 4.285092830657959 42.417137145996094 -7.753201007843018
endloop
endfacet
facet normal -1.2079278862314426e-7 0.08889413504312141 -0.9960410798530955
outer loop
vertex 54.97789001464844 5.762889385223389 -11.024505615234375
vertex 4.285092830657959 42.417137145996094 -7.753201007843018
vertex 6.137184143066406 42.91340637207031 -7.7089104652404785
endloop
endfacet
facet normal 1.0130706827129936e-7 0.08889442472400624 -0.9960410539997726
outer loop
vertex 54.97789001464844 5.762889385223389 -11.024505615234375
vertex 6.137184143066406 42.91340637207031 -7.7089104652404785
vertex 7.87496280670166 43.7237434387207 -7.636589527130127
endloop
endfacet
facet normal -9.376464726233061e-8 0.0888941845861034 -0.996041075431512
outer loop
vertex 54.97789001464844 5.762889385223389 -11.024505615234375
vertex 7.87496280670166 43.7237434387207 -7.636589527130127
vertex 9.445626258850098 44.82353591918945 -7.538435935974121
endloop
endfacet
facet normal -1.6428240620801698e-7 0.08889401060121085 -0.9960410909592058
outer loop
vertex -24.885740280151367 56.39616394042969 -6.505606174468994
vertex -24.7156982421875 56.95449447631836 -6.455776691436768
vertex -6.051526069641113 46.179359436035156 -7.417431831359863
endloop
endfacet
facet normal 2.8719248861400754e-8 0.08889432623503368 -0.9960410627896917
outer loop
vertex 54.97789001464844 5.762889385223389 -11.024505615234375
vertex 9.445626258850098 44.82353591918945 -7.538435935974121
vertex 10.801451683044434 46.179359436035156 -7.417431831359863
endloop
endfacet
facet normal 8.054485304729032e-8 0.08889438243436869 -0.9960410577740286
outer loop
vertex 54.97789001464844 5.762889385223389 -11.024505615234375
vertex 10.801451683044434 46.179359436035156 -7.417431831359863
vertex 11.90124225616455 47.750022888183594 -7.2772536277771
endloop
endfacet
facet normal 1.8624183736603307e-8 0.08889240304716646 -0.9960412344278221
outer loop
vertex -28.535436630249023 53.545166015625 -6.760051250457764
vertex -39.90436935424805 53.37129211425781 -6.775568962097168
vertex -39.75283432006836 53.49565505981445 -6.764470100402832
endloop
endfacet
facet normal 3.0059954591593735e-8 0.08889433104874363 -0.9960410623600794
outer loop
vertex 55.5384407043457 5.932257652282715 -11.009389877319336
vertex 54.97789001464844 5.762889385223389 -11.024505615234375
vertex 11.90124225616455 47.750022888183594 -7.2772536277771
endloop
endfacet
facet normal -9.086868694349611e-7 0.0888933591991814 -0.9960411490944838
outer loop
vertex 56.09983825683594 5.989368438720703 -11.004293441772461
vertex 55.5384407043457 5.932257652282715 -11.009389877319336
vertex 11.90124225616455 47.750022888183594 -7.2772536277771
endloop
endfacet
facet normal 7.650103737845425e-8 0.08889439366172333 -0.9960410567720133
outer loop
vertex 66.8185806274414 6.066392421722412 -10.997418403625488
vertex 56.09983825683594 5.989368438720703 -11.004293441772461
vertex 11.90124225616455 47.750022888183594 -7.2772536277771
endloop
endfacet
facet normal -4.358006032503421e-8 0.08889425706044136 -0.9960410689633588
outer loop
vertex 68.30146789550781 6.4221954345703125 -10.96566390991211
vertex 66.8185806274414 6.066392421722412 -10.997418403625488
vertex 27.854036331176758 53.424285888671875 -6.770839214324951
endloop
endfacet
facet normal 4.907548168539731e-8 0.08889433616466348 -0.9960410619034948
outer loop
vertex 69.56124114990234 7.197848796844482 -10.896438598632812
vertex 68.30146789550781 6.4221954345703125 -10.96566390991211
vertex 27.854036331176758 53.424285888671875 -6.770839214324951
endloop
endfacet
facet normal -5.917706587660687e-8 0.08889423926700599 -0.9960410705513788
outer loop
vertex 70.5180892944336 8.327735900878906 -10.795598983764648
vertex 69.56124114990234 7.197848796844482 -10.896438598632812
vertex 27.854036331176758 53.424285888671875 -6.770839214324951
endloop
endfacet
facet normal 9.473381494729229e-7 0.08890088071147047 -0.9960404777958711
outer loop
vertex 71.19364166259766 49.09117889404297 -7.157558917999268
vertex 41.02779769897461 53.36488342285156 -6.776141166687012
vertex 41.063446044921875 53.39413833618164 -6.773530006408691
endloop
endfacet
facet normal 7.0905071714163724e-9 0.08889431645466554 -0.9960410636625671
outer loop
vertex 52.235084533691406 2.0018656253814697 -11.36016845703125
vertex -26.485563278198242 54.26240921020508 -6.696038722991943
vertex -26.30530548095703 54.373374938964844 -6.686135292053223
endloop
endfacet
facet normal 1.2323080211796638e-7 0.0888944900156632 -0.9960410481726343
outer loop
vertex 52.235084533691406 2.0018656253814697 -11.36016845703125
vertex -27.061870574951172 53.935176849365234 -6.72524356842041
vertex -26.485563278198242 54.26240921020508 -6.696038722991943
endloop
endfacet
facet normal -2.623404273152529e-7 0.08889390593932522 -0.9960411002999734
outer loop
vertex 52.235084533691406 2.0018656253814697 -11.36016845703125
vertex -27.398218154907227 53.7711067199707 -6.739886283874512
vertex -27.061870574951172 53.935176849365234 -6.72524356842041
endloop
endfacet
facet normal -2.595553235132671e-8 0.08889426668169559 -0.9960410681046856
outer loop
vertex 52.235084533691406 2.0018656253814697 -11.36016845703125
vertex -27.958768844604492 53.60173797607422 -6.755002021789551
vertex -27.398218154907227 53.7711067199707 -6.739886283874512
endloop
endfacet
facet normal 4.7231423983593014e-7 0.08889503494743022 -0.9960409995384086
outer loop
vertex 52.235084533691406 2.0018656253814697 -11.36016845703125
vertex -28.535436630249023 53.545166015625 -6.760051250457764
vertex -27.958768844604492 53.60173797607422 -6.755002021789551
endloop
endfacet
facet normal 3.916614995717108e-9 0.08889430674887411 -0.9960410645287858
outer loop
vertex 52.235084533691406 2.0018656253814697 -11.36016845703125
vertex -40.26485061645508 53.22197723388672 -6.788895130157471
vertex -28.535436630249023 53.545166015625 -6.760051250457764
endloop
endfacet
facet normal -6.661684102808807e-7 0.08889310618481262 -0.9960411716753338
outer loop
vertex 52.235084533691406 2.0018656253814697 -11.36016845703125
vertex -40.45994186401367 53.202762603759766 -6.790609836578369
vertex -40.26485061645508 53.22197723388672 -6.788895130157471
endloop
endfacet
facet normal 9.552884516438017e-7 0.08889601850242557 -0.9960409117568936
outer loop
vertex 52.235084533691406 2.0018656253814697 -11.36016845703125
vertex -40.655033111572266 53.22197723388672 -6.788895130157471
vertex -40.45994186401367 53.202762603759766 -6.790609836578369
endloop
endfacet
facet normal -0.000003069344625033377 0.08888877731365276 -0.9960415579975882
outer loop
vertex 52.235084533691406 2.0018656253814697 -11.36016845703125
vertex -40.84262466430664 53.27888107299805 -6.783816337585449
vertex -40.655033111572266 53.22197723388672 -6.788895130157471
endloop
endfacet
facet normal -1.7688065061530286e-9 0.08889430155800682 -0.9960410649920585
outer loop
vertex 52.235084533691406 2.0018656253814697 -11.36016845703125
vertex -66.82113647460938 53.46430969238281 -6.767267227172852
vertex -40.84262466430664 53.27888107299805 -6.783816337585449
endloop
endfacet
facet normal -7.12683050403175e-8 0.08889414204435857 -0.9960410792282577
outer loop
vertex 52.235084533691406 2.0018656253814697 -11.36016845703125
vertex -68.30154418945312 53.10910415649414 -6.798968315124512
vertex -66.82113647460938 53.46430969238281 -6.767267227172852
endloop
endfacet
facet normal 1.3216659414063673e-8 0.08889433972791305 -0.9960410615854842
outer loop
vertex 52.235084533691406 2.0018656253814697 -11.36016845703125
vertex -69.56131744384766 52.33345031738281 -6.868193626403809
vertex -68.30154418945312 53.10910415649414 -6.798968315124512
endloop
endfacet
facet normal -2.506397207810026e-8 0.08889424782538967 -0.9960410697875655
outer loop
vertex 52.235084533691406 2.0018656253814697 -11.36016845703125
vertex -70.5181655883789 51.20356369018555 -6.969033241271973
vertex -69.56131744384766 52.33345031738281 -6.868193626403809
endloop
endfacet
facet normal 8.930073691707275e-8 0.08889453089902422 -0.9960410445238862
outer loop
vertex -71.06343078613281 49.86345672607422 -7.088634967803955
vertex -70.5181655883789 51.20356369018555 -6.969033241271973
vertex 52.235084533691406 2.0018656253814697 -11.36016845703125
endloop
endfacet
facet normal 8.157449274740113e-9 0.08889435634699472 -0.9960410601022697
outer loop
vertex 71.19364166259766 49.09117889404297 -7.157558917999268
vertex 41.063446044921875 53.39413833618164 -6.773530006408691
vertex 67.59468841552734 53.333580017089844 -6.778934478759766
endloop
endfacet
facet normal 5.307572951645779e-8 0.08889439415137107 -0.9960410567283147
outer loop
vertex 71.19364166259766 49.09117889404297 -7.157558917999268
vertex 67.59468841552734 53.333580017089844 -6.778934478759766
vertex 70.83841705322266 50.57164001464844 -7.025431156158447
endloop
endfacet
facet normal 1.6112574503457782e-8 0.08889430993267979 -0.9960410642446387
outer loop
vertex 71.06372833251953 9.668760299682617 -10.675915718078613
vertex 70.5180892944336 8.327735900878906 -10.795598983764648
vertex 27.854036331176758 53.424285888671875 -6.770839214324951
endloop
endfacet
facet normal 1.97215048464098e-7 0.08889459932709359 -0.9960410384168096
outer loop
vertex 52.235084533691406 2.0018656253814697 -11.36016845703125
vertex -26.30530548095703 54.373374938964844 -6.686135292053223
vertex -25.852495193481445 54.74351501464844 -6.653100967407227
endloop
endfacet
facet normal 1.8638402436903816e-7 0.08889436126902564 -0.9960410596629725
outer loop
vertex -6.051526069641113 60.32068634033203 -6.1553521156311035
vertex -10.637678146362305 66.68252563476562 -5.587573528289795
vertex -8.412248611450195 68.56007385253906 -5.420006275177002
endloop
endfacet
facet normal -2.471944736391947e-7 0.0888941695361778 -0.9960410767746539
outer loop
vertex -1.387258768081665 63.58664321899414 -5.863873481750488
vertex -3.12503719329834 62.776302337646484 -5.936193943023682
vertex -5.926790237426758 70.06257629394531 -5.285911560058594
endloop
endfacet
facet normal -5.818104882222591e-7 0.08889346267638747 -0.9960411398597264
outer loop
vertex 52.235084533691406 2.0018656253814697 -11.36016845703125
vertex -25.480884552001953 55.19453430175781 -6.61284875869751
vertex -25.253286361694336 55.598758697509766 -6.576773166656494
endloop
endfacet
facet normal 3.204397960679131e-7 0.08889475680799004 -0.9960410243619213
outer loop
vertex 52.235084533691406 2.0018656253814697 -11.36016845703125
vertex -25.253286361694336 55.598758697509766 -6.576773166656494
vertex -24.934274673461914 56.285823822021484 -6.515453815460205
endloop
endfacet
facet normal 2.2733034534306872e-7 0.08889462549078095 -0.996041036081748
outer loop
vertex 52.235084533691406 2.0018656253814697 -11.36016845703125
vertex -24.934274673461914 56.285823822021484 -6.515453815460205
vertex -24.885740280151367 56.39616394042969 -6.505606174468994
endloop
endfacet
facet normal 0.0000012095605692537046 0.08889583801893024 -0.996040927864638
outer loop
vertex 19.908620834350586 -21.038036346435547 -13.416424751281738
vertex -71.06343078613281 49.86345672607422 -7.088634967803955
vertex 20.09996223449707 -20.999977111816406 -13.4130277633667
endloop
endfacet
facet normal 9.535267072121074e-8 0.08889440508982521 -0.9960410557520794
outer loop
vertex 66.8185806274414 6.066392421722412 -10.997418403625488
vertex 12.711581230163574 49.48780059814453 -7.122161388397217
vertex 13.207847595214844 51.33989334106445 -6.956866264343262
endloop
endfacet
facet normal 6.607825423085738e-9 0.0888943008328099 -0.9960410650567807
outer loop
vertex 66.8185806274414 6.066392421722412 -10.997418403625488
vertex 13.207847595214844 51.33989334106445 -6.956866264343262
vertex 13.37496280670166 53.250022888183594 -6.786391735076904
endloop
endfacet
facet normal -5.389656374894911e-7 0.08889361225440841 -0.9960411265103828
outer loop
vertex 19.746408462524414 -21.14642333984375 -13.426097869873047
vertex -71.06343078613281 49.86345672607422 -7.088634967803955
vertex 19.908620834350586 -21.038036346435547 -13.416424751281738
endloop
endfacet
facet normal 7.714064500608578e-9 0.08889430207591538 -0.9960410649458364
outer loop
vertex 66.8185806274414 6.066392421722412 -10.997418403625488
vertex 13.37496280670166 53.250022888183594 -6.786391735076904
vertex 13.207847595214844 55.160152435302734 -6.615917205810547
endloop
endfacet
facet normal -1.4396001997596337e-7 0.08889413775557488 -0.996041079611013
outer loop
vertex 66.8185806274414 6.066392421722412 -10.997418403625488
vertex 13.207847595214844 55.160152435302734 -6.615917205810547
vertex 12.711581230163574 57.012245178222656 -6.45062255859375
endloop
endfacet
facet normal -9.216752543325574e-7 0.08889312669983412 -0.9960411698442379
outer loop
vertex 19.638023376464844 -21.308635711669922 -13.440574645996094
vertex -71.06343078613281 49.86345672607422 -7.088634967803955
vertex 19.746408462524414 -21.14642333984375 -13.426097869873047
endloop
endfacet
facet normal 0.0000024093273244204976 0.08889733817179953 -0.9960407939739034
outer loop
vertex 19.59996223449707 -21.499977111816406 -13.45765209197998
vertex -71.06343078613281 49.86345672607422 -7.088634967803955
vertex 19.638023376464844 -21.308635711669922 -13.440574645996094
endloop
endfacet
facet normal -4.679040288575754e-8 0.08889424246513114 -0.9960410702659545
outer loop
vertex 19.59996223449707 -35.499977111816406 -14.707118034362793
vertex -71.06343078613281 49.86345672607422 -7.088634967803955
vertex 19.59996223449707 -21.499977111816406 -13.45765209197998
endloop
endfacet
facet normal 7.282854358655159e-10 0.08889429253529657 -0.996041065797314
outer loop
vertex 19.59996223449707 -35.499977111816406 -14.707118034362793
vertex -49.6639289855957 -55.93380355834961 -16.53078842163086
vertex -71.06343078613281 49.86345672607422 -7.088634967803955
endloop
endfacet
facet normal 2.978809566932821e-7 0.0888932542973019 -0.996041158456992
outer loop
vertex -49.6639289855957 -55.93380355834961 -16.53078842163086
vertex 19.746408462524414 -35.85353088378906 -14.738672256469727
vertex 19.908620834350586 -35.961917877197266 -14.748345375061035
endloop
endfacet
facet normal -8.985615389385524e-7 0.08889738919838468 -0.9960407894222523
outer loop
vertex -49.6639289855957 -55.93380355834961 -16.53078842163086
vertex 19.908620834350586 -35.961917877197266 -14.748345375061035
vertex 20.09996223449707 -35.999977111816406 -14.751742362976074
endloop
endfacet
facet normal 2.0130288534359954e-8 0.0888942912933215 -0.9960410659081571
outer loop
vertex -67.58959197998047 -50.804386138916016 -16.072999954223633
vertex -68.93255615234375 -50.25796127319336 -16.024232864379883
vertex -71.06343078613281 49.86345672607422 -7.088634967803955
endloop
endfacet
facet normal -1.9890334361590907e-7 0.08889429435245788 -0.9960410656351169
outer loop
vertex -70.0619888305664 -49.30149841308594 -15.938871383666992
vertex -70.83849334716797 -48.040340423583984 -15.826315879821777
vertex -71.06343078613281 49.86345672607422 -7.088634967803955
endloop
endfacet
facet normal 4.936099103493829e-7 0.08889430129070193 -0.9960410650157925
outer loop
vertex -68.93255615234375 -50.25796127319336 -16.024232864379883
vertex -70.0619888305664 -49.30149841308594 -15.938871383666992
vertex -71.06343078613281 49.86345672607422 -7.088634967803955
endloop
endfacet
facet normal 1.0908810547031972e-7 0.0888942950544886 -0.9960410655724762
outer loop
vertex -71.06343078613281 49.86345672607422 -7.088634967803955
vertex -70.83849334716797 -48.040340423583984 -15.826315879821777
vertex -71.19393920898438 -46.558937072753906 -15.694104194641113
endloop
endfacet
facet normal -7.923365020931334e-8 0.08889428789157286 -0.996041066211752
outer loop
vertex -56.10909652709961 -50.95886993408203 -16.086788177490234
vertex -67.58959197998047 -50.804386138916016 -16.072999954223633
vertex -71.06343078613281 49.86345672607422 -7.088634967803955
endloop
endfacet
facet normal -9.883238041568219e-7 0.08889761860057832 -0.9960407689478223
outer loop
vertex 19.638023376464844 -35.69131851196289 -14.72419548034668
vertex -49.6639289855957 -55.93380355834961 -16.53078842163086
vertex 19.59996223449707 -35.499977111816406 -14.707118034362793
endloop
endfacet
facet normal 4.3010836746783894e-7 0.08889280084606971 -0.9960411989258054
outer loop
vertex -49.6639289855957 -55.93380355834961 -16.53078842163086
vertex 19.638023376464844 -35.69131851196289 -14.72419548034668
vertex 19.746408462524414 -35.85353088378906 -14.738672256469727
endloop
endfacet
facet normal 3.570472296171028e-7 0.08889463395047456 -0.9960410353266996
outer loop
vertex 70.83841705322266 50.57164001464844 -7.025431156158447
vertex 68.93247985839844 52.78926086425781 -6.827513694763184
vertex 70.0619125366211 51.83279800415039 -6.912875652313232
endloop
endfacet
facet normal -8.95716039848848e-9 0.08889432187326356 -0.9960410631789698
outer loop
vertex 70.83841705322266 50.57164001464844 -7.025431156158447
vertex 67.59468841552734 53.333580017089844 -6.778934478759766
vertex 68.93247985839844 52.78926086425781 -6.827513694763184
endloop
endfacet
facet normal 0.0000013978968252584298 0.08889452235891519 -0.9960410452850958
outer loop
vertex -54.318050384521484 -51.463905334472656 -16.131860733032227
vertex -55.00861740112305 -51.18006134033203 -16.106529235839844
vertex -71.06343078613281 49.86345672607422 -7.088634967803955
endloop
endfacet
facet normal -0.0000011332912298852818 0.08889412335636622 -0.9960410808954714
outer loop
vertex -55.00861740112305 -51.18006134033203 -16.106529235839844
vertex -55.56551742553711 -51.0121955871582 -16.0915470123291
vertex -71.06343078613281 49.86345672607422 -7.088634967803955
endloop
endfacet
facet normal 6.564800193216576e-7 0.08889439615296425 -0.9960410565494622
outer loop
vertex -55.56551742553711 -51.0121955871582 -16.0915470123291
vertex -56.10909652709961 -50.95886993408203 -16.086788177490234
vertex -71.06343078613281 49.86345672607422 -7.088634967803955
endloop
endfacet
facet normal 0.0000022030841874993527 0.08889469104524866 -0.996041030228733
outer loop
vertex -71.06343078613281 49.86345672607422 -7.088634967803955
vertex -51.767642974853516 -54.71038055419922 -16.421600341796875
vertex -52.855709075927734 -52.78086471557617 -16.24939727783203
endloop
endfacet
facet normal -4.328802663519438e-8 0.08889428370251712 -0.9960410665856175
outer loop
vertex -49.6639289855957 -55.93380355834961 -16.53078842163086
vertex -51.11479187011719 -55.38690948486328 -16.481979370117188
vertex -71.06343078613281 49.86345672607422 -7.088634967803955
endloop
endfacet
facet normal -0.000010843353830297074 0.08889239506525562 -0.9960412350811508
outer loop
vertex -52.855709075927734 -52.78086471557617 -16.24939727783203
vertex -52.97336959838867 -52.56160354614258 -16.229827880859375
vertex -71.06343078613281 49.86345672607422 -7.088634967803955
endloop
endfacet
facet normal -8.225330645805548e-7 0.08889413717530723 -0.996041079662471
outer loop
vertex -51.11479187011719 -55.38690948486328 -16.481979370117188
vertex -51.767642974853516 -54.71038055419922 -16.421600341796875
vertex -71.06343078613281 49.86345672607422 -7.088634967803955
endloop
endfacet
facet normal -0.0000021418398963672505 0.0888939197659245 -0.9960410990637192
outer loop
vertex -71.06343078613281 49.86345672607422 -7.088634967803955
vertex -52.97336959838867 -52.56160354614258 -16.229827880859375
vertex -53.3449821472168 -52.11058807373047 -16.1895751953125
endloop
endfacet
facet normal -6.656325316542003e-7 0.08889418403450518 -0.9960410754805228
outer loop
vertex -53.79779052734375 -51.740447998046875 -16.15654182434082
vertex -54.318050384521484 -51.463905334472656 -16.131860733032227
vertex -71.06343078613281 49.86345672607422 -7.088634967803955
endloop
endfacet
facet normal -1.879603925567495e-7 0.08889403355524922 -0.9960410889106146
outer loop
vertex 52.235084533691406 2.0018656253814697 -11.36016845703125
vertex -25.852495193481445 54.74351501464844 -6.653100967407227
vertex -25.480884552001953 55.19453430175781 -6.61284875869751
endloop
endfacet
facet normal -0.34858684363133263 -0.9372764866607637 0
outer loop
vertex 67.1971206665039 51.10819625854492 -0.5
vertex 67.1971206665039 51.10819625854492 -4.099999904632568
vertex 67.67652893066406 50.92989730834961 -4.099999904632568
endloop
endfacet
facet normal 0.5191089094606629 0.854708102289057 0
outer loop
vertex -68.11378479003906 -48.664329528808594 -4.099999904632568
vertex -68.11378479003906 -48.664329528808594 -0.5
vertex -67.67660522460938 -48.92985153198242 -0.5
endloop
endfacet
facet normal 0.9648290200702896 0.26287822661872295 0
outer loop
vertex -69.16033935546875 -46.95975112915039 -4.099999904632568
vertex -69.16033935546875 -46.95975112915039 -0.5
vertex -69.02587890625 -47.45325469970703 -0.5
endloop
endfacet
facet normal 0 0 1
outer loop
vertex -25.800037384033203 32.20002365112305 -4.099999904632568
vertex -48.9000358581543 -21.499977111816406 -4.099999904632568
vertex 17.59996223449707 -21.499977111816406 -4.099999904632568
endloop
endfacet
facet normal 0 0 1
outer loop
vertex -69.1928939819336 48.692745208740234 -4.099999904632568
vertex -69.20003509521484 -46.499977111816406 -4.099999904632568
vertex -25.800037384033203 32.20002365112305 -4.099999904632568
endloop
endfacet
facet normal 0.9999999971861927 -0.00007501742871801636 0
outer loop
vertex -69.1928939819336 48.692745208740234 -4.099999904632568
vertex -69.1928939819336 48.692745208740234 -0.5
vertex -69.20003509521484 -46.499977111816406 -0.5
endloop
endfacet
facet normal -0.1655520385191559 -0.9862010558411262 0
outer loop
vertex -28.307313919067383 51.192874908447266 -0.5
vertex -28.307313919067383 51.192874908447266 -4.099999904632568
vertex -27.802879333496094 51.10819625854492 -4.099999904632568
endloop
endfacet
facet normal -0.34858562528828524 -0.9372769397794737 0
outer loop
vertex -27.802879333496094 51.10819625854492 -0.5
vertex -27.802879333496094 51.10819625854492 -4.099999904632568
vertex -27.323469161987305 50.92989730834961 -4.099999904632568
endloop
endfacet
facet normal 0 0 1
outer loop
vertex 28.499961853027344 51.20002365112305 -4.099999904632568
vertex 28.04018783569336 51.16032409667969 -4.099999904632568
vertex 50.1999626159668 7.800023555755615 -4.099999904632568
endloop
endfacet
facet normal 0 0 1
outer loop
vertex 28.04018783569336 51.16032409667969 -4.099999904632568
vertex 27.54668426513672 51.02586364746094 -4.099999904632568
vertex 50.1999626159668 7.800023555755615 -4.099999904632568
endloop
endfacet
facet normal 0 0 1
outer loop
vertex 27.54668426513672 51.02586364746094 -4.099999904632568
vertex 27.087400436401367 50.80073165893555 -4.099999904632568
vertex 50.1999626159668 7.800023555755615 -4.099999904632568
endloop
endfacet
facet normal 0 0 1
outer loop
vertex 27.087400436401367 50.80073165893555 -4.099999904632568
vertex 26.67881965637207 50.493019104003906 -4.099999904632568
vertex 50.1999626159668 7.800023555755615 -4.099999904632568
endloop
endfacet
facet normal 0 0 1
outer loop
vertex 26.67881965637207 50.493019104003906 -4.099999904632568
vertex 26.335609436035156 50.11376953125 -4.099999904632568
vertex 50.1999626159668 7.800023555755615 -4.099999904632568
endloop
endfacet
facet normal 0 0 1
outer loop
vertex 26.335609436035156 50.11376953125 -4.099999904632568
vertex 26.07008934020996 49.67658996582031 -4.099999904632568
vertex 50.1999626159668 7.800023555755615 -4.099999904632568
endloop
endfacet
facet normal 0 0 1
outer loop
vertex 26.07008934020996 49.67658996582031 -4.099999904632568
vertex 25.891788482666016 49.197181701660156 -4.099999904632568
vertex 50.1999626159668 7.800023555755615 -4.099999904632568
endloop
endfacet
facet normal 0 0 1
outer loop
vertex 25.891788482666016 49.197181701660156 -4.099999904632568
vertex 25.807109832763672 48.692745208740234 -4.099999904632568
vertex 50.1999626159668 7.800023555755615 -4.099999904632568
endloop
endfacet
facet normal 0 0 1
outer loop
vertex 25.807109832763672 48.692745208740234 -4.099999904632568
vertex 25.799962997436523 32.20002365112305 -4.099999904632568
vertex 50.1999626159668 7.800023555755615 -4.099999904632568
endloop
endfacet
facet normal 0 0 1
outer loop
vertex -67.91259765625 50.80073165893555 -4.099999904632568
vertex -68.32118225097656 50.493019104003906 -4.099999904632568
vertex -25.800037384033203 32.20002365112305 -4.099999904632568
endloop
endfacet
facet normal 0 0 1
outer loop
vertex -67.45331573486328 51.02586364746094 -4.099999904632568
vertex -67.91259765625 50.80073165893555 -4.099999904632568
vertex -25.800037384033203 32.20002365112305 -4.099999904632568
endloop
endfacet
facet normal 0 0 1
outer loop
vertex -66.9598159790039 51.16032409667969 -4.099999904632568
vertex -67.45331573486328 51.02586364746094 -4.099999904632568
vertex -25.800037384033203 32.20002365112305 -4.099999904632568
endloop
endfacet
facet normal 0 0 1
outer loop
vertex -66.50003814697266 51.20002365112305 -4.099999904632568
vertex -66.9598159790039 51.16032409667969 -4.099999904632568
vertex -25.800037384033203 32.20002365112305 -4.099999904632568
endloop
endfacet
facet normal -0.5191105639557496 -0.8547070974255119 0
outer loop
vertex -27.323469161987305 50.92989730834961 -0.5
vertex -27.323469161987305 50.92989730834961 -4.099999904632568
vertex -26.88629150390625 50.66437530517578 -4.099999904632568
endloop
endfacet
facet normal -0.00018717550777200498 -0.9999999824826645 0
outer loop
vertex -66.50003814697266 51.20002365112305 -4.099999904632568
vertex -28.307313919067383 51.192874908447266 -4.099999904632568
vertex -66.50003814697266 51.20002365112305 -0.5
endloop
endfacet
facet normal -0.9999971948167627 -0.002368619556924904 0
outer loop
vertex -25.83973503112793 48.959800720214844 -0.5
vertex -25.83973503112793 48.959800720214844 -4.099999904632568
vertex -25.800037384033203 32.20002365112305 -4.099999904632568
endloop
endfacet
facet normal 0 0 1
outer loop
vertex -66.50003814697266 51.20002365112305 -4.099999904632568
vertex -25.800037384033203 32.20002365112305 -4.099999904632568
vertex -25.83973503112793 48.959800720214844 -4.099999904632568
endloop
endfacet
facet normal 0 0 1
outer loop
vertex -66.50003814697266 51.20002365112305 -4.099999904632568
vertex -27.802879333496094 51.10819625854492 -4.099999904632568
vertex -28.307313919067383 51.192874908447266 -4.099999904632568
endloop
endfacet
facet normal 0.999999906111405 -0.00043333264502008967 0
outer loop
vertex 25.799962997436523 32.20002365112305 -4.099999904632568
vertex 25.807109832763672 48.692745208740234 -4.099999904632568
vertex 25.799962997436523 32.20002365112305 -0.5
endloop
endfacet
facet normal 0.9862011580426473 -0.16555142969887462 0
outer loop
vertex 25.807109832763672 48.692745208740234 -0.5
vertex 25.807109832763672 48.692745208740234 -4.099999904632568
vertex 25.891788482666016 49.197181701660156 -4.099999904632568
endloop
endfacet
facet normal 0 0 1
outer loop
vertex -66.50003814697266 51.20002365112305 -4.099999904632568
vertex -25.83973503112793 48.959800720214844 -4.099999904632568
vertex -25.974199295043945 49.45330047607422 -4.099999904632568
endloop
endfacet
facet normal 0 0 1
outer loop
vertex -27.802879333496094 51.10819625854492 -4.099999904632568
vertex -66.50003814697266 51.20002365112305 -4.099999904632568
vertex -27.323469161987305 50.92989730834961 -4.099999904632568
endloop
endfacet
facet normal 0 0 1
outer loop
vertex -27.323469161987305 50.92989730834961 -4.099999904632568
vertex -66.50003814697266 51.20002365112305 -4.099999904632568
vertex -26.88629150390625 50.66437530517578 -4.099999904632568
endloop
endfacet
facet normal 0 0 1
outer loop
vertex -66.50003814697266 51.20002365112305 -4.099999904632568
vertex -25.974199295043945 49.45330047607422 -4.099999904632568
vertex -26.19932746887207 49.9125862121582 -4.099999904632568
endloop
endfacet
facet normal 0 0 1
outer loop
vertex -66.50003814697266 51.20002365112305 -4.099999904632568
vertex -26.19932746887207 49.9125862121582 -4.099999904632568
vertex -26.50704002380371 50.3211669921875 -4.099999904632568
endloop
endfacet
facet normal 0 0 1
outer loop
vertex -26.88629150390625 50.66437530517578 -4.099999904632568
vertex -66.50003814697266 51.20002365112305 -4.099999904632568
vertex -26.50704002380371 50.3211669921875 -4.099999904632568
endloop
endfacet
facet normal 0.9372752683096116 -0.3485901195030428 0
outer loop
vertex 25.891788482666016 49.197181701660156 -0.5
vertex 25.891788482666016 49.197181701660156 -4.099999904632568
vertex 26.07008934020996 49.67658996582031 -4.099999904632568
endloop
endfacet
facet normal -0.00018717549842444138 -0.9999999824826663 0
outer loop
vertex 28.499961853027344 51.20002365112305 -4.099999904632568
vertex 66.69268798828125 51.192874908447266 -4.099999904632568
vertex 28.499961853027344 51.20002365112305 -0.5
endloop
endfacet
facet normal 0.8547097567787046 -0.5191061853487081 0
outer loop
vertex 26.07008934020996 49.67658996582031 -0.5
vertex 26.07008934020996 49.67658996582031 -4.099999904632568
vertex 26.335609436035156 50.11376953125 -4.099999904632568
endloop
endfacet
facet normal 0.7414582975822421 -0.6709989515241014 0
outer loop
vertex 26.335609436035156 50.11376953125 -0.5
vertex 26.335609436035156 50.11376953125 -4.099999904632568
vertex 26.67881965637207 50.493019104003906 -4.099999904632568
endloop
endfacet
facet normal 0.6015965973303075 -0.7988000588887032 0
outer loop
vertex 26.67881965637207 50.493019104003906 -0.5
vertex 26.67881965637207 50.493019104003906 -4.099999904632568
vertex 27.087400436401367 50.80073165893555 -4.099999904632568
endloop
endfacet
facet normal 0.44014595723778704 -0.897926242141988 0
outer loop
vertex 27.087400436401367 50.80073165893555 -0.5
vertex 27.087400436401367 50.80073165893555 -4.099999904632568
vertex 27.54668426513672 51.02586364746094 -4.099999904632568
endloop
endfacet
facet normal 0 -1 0
outer loop
vertex -16.625038146972656 32.20002365112305 -4.099999904632568
vertex 25.799962997436523 32.20002365112305 -4.099999904632568
vertex 25.799962997436523 32.20002365112305 -0.5
endloop
endfacet
facet normal 0.26287822661872295 -0.9648290200702896 0
outer loop
vertex 28.04018783569336 51.16032409667969 -0.5
vertex 27.54668426513672 51.02586364746094 -4.099999904632568
vertex 28.04018783569336 51.16032409667969 -4.099999904632568
endloop
endfacet
facet normal 0 0 1
outer loop
vertex 17.59996223449707 -21.499977111816406 -4.099999904632568
vertex 50.1999626159668 7.800023555755615 -4.099999904632568
vertex 25.799962997436523 32.20002365112305 -4.099999904632568
endloop
endfacet
facet normal -0.8979299120407475 -0.4401384703277997 0
outer loop
vertex -26.19932746887207 49.9125862121582 -0.5
vertex -26.19932746887207 49.9125862121582 -4.099999904632568
vertex -25.974199295043945 49.45330047607422 -4.099999904632568
endloop
endfacet
facet normal -0.9648266130533698 -0.2628870608150256 0
outer loop
vertex -25.974199295043945 49.45330047607422 -0.5
vertex -25.974199295043945 49.45330047607422 -4.099999904632568
vertex -25.83973503112793 48.959800720214844 -4.099999904632568
endloop
endfacet
facet normal -0.6709950462216471 -0.7414618317526599 0
outer loop
vertex -26.88629150390625 50.66437530517578 -0.5
vertex -26.88629150390625 50.66437530517578 -4.099999904632568
vertex -26.50704002380371 50.3211669921875 -4.099999904632568
endloop
endfacet
facet normal -0.7988000588887032 -0.6015965973303075 0
outer loop
vertex -26.50704002380371 50.3211669921875 -0.5
vertex -26.50704002380371 50.3211669921875 -4.099999904632568
vertex -26.19932746887207 49.9125862121582 -4.099999904632568
endloop
endfacet
facet normal -0.00018717549842444138 -0.9999999824826663 0
outer loop
vertex 66.69268798828125 51.192874908447266 -4.099999904632568
vertex 66.69268798828125 51.192874908447266 -0.5
vertex 28.499961853027344 51.20002365112305 -0.5
endloop
endfacet
facet normal 0.08602570705161279 -0.9962929176332983 0
outer loop
vertex 28.499961853027344 51.20002365112305 -0.5
vertex 28.04018783569336 51.16032409667969 -4.099999904632568
vertex 28.499961853027344 51.20002365112305 -4.099999904632568
endloop
endfacet
facet normal 0 0 1
outer loop
vertex 66.69268798828125 51.192874908447266 -4.099999904632568
vertex 69.02580261230469 49.45330047607422 -4.099999904632568
vertex 67.1971206665039 51.10819625854492 -4.099999904632568
endloop
endfacet
facet normal 0 0 1
outer loop
vertex 69.02580261230469 49.45330047607422 -4.099999904632568
vertex 66.69268798828125 51.192874908447266 -4.099999904632568
vertex 69.16026306152344 48.959800720214844 -4.099999904632568
endloop
endfacet
facet normal 0 0 1
outer loop
vertex 67.67652893066406 50.92989730834961 -4.099999904632568
vertex 69.02580261230469 49.45330047607422 -4.099999904632568
vertex 68.80067443847656 49.9125862121582 -4.099999904632568
endloop
endfacet
facet normal 0 0 1
outer loop
vertex -16.625038146972656 32.20002365112305 -4.099999904632568
vertex 17.59996223449707 -21.499977111816406 -4.099999904632568
vertex 25.799962997436523 32.20002365112305 -4.099999904632568
endloop
endfacet
facet normal 0 0 1
outer loop
vertex 69.02580261230469 49.45330047607422 -4.099999904632568
vertex 67.67652893066406 50.92989730834961 -4.099999904632568
vertex 67.1971206665039 51.10819625854492 -4.099999904632568
endloop
endfacet
facet normal 0 0 1
outer loop
vertex 67.67652893066406 50.92989730834961 -4.099999904632568
vertex 68.49295806884766 50.3211669921875 -4.099999904632568
vertex 68.11370849609375 50.66437530517578 -4.099999904632568
endloop
endfacet
facet normal 0 0 1
outer loop
vertex 68.49295806884766 50.3211669921875 -4.099999904632568
vertex 67.67652893066406 50.92989730834961 -4.099999904632568
vertex 68.80067443847656 49.9125862121582 -4.099999904632568
endloop
endfacet
facet normal 0.999999906111405 -0.00043333264502008967 0
outer loop
vertex 25.807109832763672 48.692745208740234 -4.099999904632568
vertex 25.807109832763672 48.692745208740234 -0.5
vertex 25.799962997436523 32.20002365112305 -0.5
endloop
endfacet
facet normal 0 1 0
outer loop
vertex -48.9000358581543 -54.19997787475586 -4.099999904632568
vertex -49.500038146972656 -54.19997787475586 -0.5
vertex -48.9000358581543 -54.19997787475586 -0.5
endloop
endfacet
facet normal 0.9862011580426473 -0.16555142969887462 0
outer loop
vertex 25.891788482666016 49.197181701660156 -4.099999904632568
vertex 25.891788482666016 49.197181701660156 -0.5
vertex 25.807109832763672 48.692745208740234 -0.5
endloop
endfacet
facet normal 0.9372752683096116 -0.3485901195030428 0
outer loop
vertex 26.07008934020996 49.67658996582031 -4.099999904632568
vertex 26.07008934020996 49.67658996582031 -0.5
vertex 25.891788482666016 49.197181701660156 -0.5
endloop
endfacet
facet normal -0.1655520385191559 -0.9862010558411262 0
outer loop
vertex -27.802879333496094 51.10819625854492 -4.099999904632568
vertex -27.802879333496094 51.10819625854492 -0.5
vertex -28.307313919067383 51.192874908447266 -0.5
endloop
endfacet
facet normal -0.00018717550777200498 -0.9999999824826645 0
outer loop
vertex -28.307313919067383 51.192874908447266 -4.099999904632568
vertex -28.307313919067383 51.192874908447266 -0.5
vertex -66.50003814697266 51.20002365112305 -0.5
endloop
endfacet
facet normal -0.34858562528828524 -0.9372769397794737 0
outer loop
vertex -27.323469161987305 50.92989730834961 -4.099999904632568
vertex -27.323469161987305 50.92989730834961 -0.5
vertex -27.802879333496094 51.10819625854492 -0.5
endloop
endfacet
facet normal 0.8547097567787046 -0.5191061853487081 0
outer loop
vertex 26.335609436035156 50.11376953125 -4.099999904632568
vertex 26.335609436035156 50.11376953125 -0.5
vertex 26.07008934020996 49.67658996582031 -0.5
endloop
endfacet
facet normal 0.7414582975822421 -0.6709989515241014 0
outer loop
vertex 26.67881965637207 50.493019104003906 -4.099999904632568
vertex 26.67881965637207 50.493019104003906 -0.5
vertex 26.335609436035156 50.11376953125 -0.5
endloop
endfacet
facet normal -0.8979299120407475 -0.4401384703277997 0
outer loop
vertex -25.974199295043945 49.45330047607422 -4.099999904632568
vertex -25.974199295043945 49.45330047607422 -0.5
vertex -26.19932746887207 49.9125862121582 -0.5
endloop
endfacet
facet normal -0.7988000588887032 -0.6015965973303075 0
outer loop
vertex -26.19932746887207 49.9125862121582 -4.099999904632568
vertex -26.19932746887207 49.9125862121582 -0.5
vertex -26.50704002380371 50.3211669921875 -0.5
endloop
endfacet
facet normal -0.16555264734385197 -0.9862009536384775 0
outer loop
vertex 66.69268798828125 51.192874908447266 -0.5
vertex 66.69268798828125 51.192874908447266 -4.099999904632568
vertex 67.1971206665039 51.10819625854492 -4.099999904632568
endloop
endfacet
facet normal -0.9648266130533698 -0.2628870608150256 0
outer loop
vertex -25.83973503112793 48.959800720214844 -4.099999904632568
vertex -25.83973503112793 48.959800720214844 -0.5
vertex -25.974199295043945 49.45330047607422 -0.5
endloop
endfacet
facet normal 0.9999999971861927 -0.00007501742871801636 0
outer loop
vertex -69.20003509521484 -46.499977111816406 -4.099999904632568
vertex -69.1928939819336 48.692745208740234 -4.099999904632568
vertex -69.20003509521484 -46.499977111816406 -0.5
endloop
endfacet
facet normal -0.6709950462216471 -0.7414618317526599 0
outer loop
vertex -26.50704002380371 50.3211669921875 -4.099999904632568
vertex -26.50704002380371 50.3211669921875 -0.5
vertex -26.88629150390625 50.66437530517578 -0.5
endloop
endfacet
facet normal 0 0 1
outer loop
vertex -48.9000358581543 -21.499977111816406 -4.099999904632568
vertex -50.20003890991211 -49.19997787475586 -4.099999904632568
vertex -50.20003890991211 -53.499977111816406 -4.099999904632568
endloop
endfacet
facet normal -0.5191105639557496 -0.8547070974255119 0
outer loop
vertex -26.88629150390625 50.66437530517578 -4.099999904632568
vertex -26.88629150390625 50.66437530517578 -0.5
vertex -27.323469161987305 50.92989730834961 -0.5
endloop
endfacet
facet normal 1 0 0
outer loop
vertex -50.20003890991211 -49.19997787475586 -4.099999904632568
vertex -50.20003890991211 -49.19997787475586 -0.5
vertex -50.20003890991211 -53.499977111816406 -0.5
endloop
endfacet
facet normal 0.9896643903175097 0.14340290979429857 0
outer loop
vertex -50.20003890991211 -53.499977111816406 -4.099999904632568
vertex -50.20003890991211 -53.499977111816406 -0.5
vertex -50.17124938964844 -53.69866180419922 -0.5
endloop
endfacet
facet normal 0.9012408915945318 0.4333184225461611 0
outer loop
vertex -50.17124938964844 -53.69866180419922 -4.099999904632568
vertex -50.17124938964844 -53.69866180419922 -0.5
vertex -50.07437515258789 -53.900146484375 -0.5
endloop
endfacet
facet normal 0.7186648534065893 0.6953566196406602 0
outer loop
vertex -50.07437515258789 -53.900146484375 -4.099999904632568
vertex -50.07437515258789 -53.900146484375 -0.5
vertex -49.91891860961914 -54.060813903808594 -0.5
endloop
endfacet
facet normal 0.08602499859309397 -0.9962929788054607 0
outer loop
vertex -66.9598159790039 51.16032409667969 -0.5
vertex -66.9598159790039 51.16032409667969 -4.099999904632568
vertex -66.50003814697266 51.20002365112305 -0.5
endloop
endfacet
facet normal 0.2628801182135584 -0.9648285046825812 0
outer loop
vertex -66.9598159790039 51.16032409667969 -4.099999904632568
vertex -66.9598159790039 51.16032409667969 -0.5
vertex -67.45331573486328 51.02586364746094 -0.5
endloop
endfacet
facet normal 0.4401474310028367 -0.8979255197295616 0
outer loop
vertex -67.91259765625 50.80073165893555 -0.5
vertex -67.91259765625 50.80073165893555 -4.099999904632568
vertex -67.45331573486328 51.02586364746094 -0.5
endloop
endfacet
facet normal 0.6015930133811593 -0.7988027580391647 0
outer loop
vertex -67.91259765625 50.80073165893555 -4.099999904632568
vertex -67.91259765625 50.80073165893555 -0.5
vertex -68.32118225097656 50.493019104003906 -0.5
endloop
endfacet
facet normal 0.741460152824835 -0.6709969014630188 0
outer loop
vertex -68.32118225097656 50.493019104003906 -4.099999904632568
vertex -68.32118225097656 50.493019104003906 -0.5
vertex -68.66439056396484 50.11376953125 -0.5
endloop
endfacet
facet normal 0.8547114112660754 -0.5191034612209339 0
outer loop
vertex -68.66439056396484 50.11376953125 -4.099999904632568
vertex -68.66439056396484 50.11376953125 -0.5
vertex -68.9299087524414 49.67658996582031 -0.5
endloop
endfacet
facet normal 0.9372764866607637 -0.34858684363133263 0
outer loop
vertex -68.9299087524414 49.67658996582031 -4.099999904632568
vertex -68.9299087524414 49.67658996582031 -0.5
vertex -69.10820770263672 49.197181701660156 -0.5
endloop
endfacet
facet normal 0.9861987226696661 -0.16556593672829875 0
outer loop
vertex -69.10820770263672 49.197181701660156 -4.099999904632568
vertex -69.10820770263672 49.197181701660156 -0.5
vertex -69.1928939819336 48.692745208740234 -0.5
endloop
endfacet
facet normal 0.15969324542794835 0.9871666867174403 0
outer loop
vertex -49.720733642578125 -54.164276123046875 -4.099999904632568
vertex -49.720733642578125 -54.164276123046875 -0.5
vertex -49.500038146972656 -54.19997787475586 -0.5
endloop
endfacet
facet normal 0.46278175204203403 0.886472249975658 0
outer loop
vertex -49.720733642578125 -54.164276123046875 -0.5
vertex -49.720733642578125 -54.164276123046875 -4.099999904632568
vertex -49.91891860961914 -54.060813903808594 -0.5
endloop
endfacet
facet normal 0.6015965973303075 -0.7988000588887032 0
outer loop
vertex 27.087400436401367 50.80073165893555 -4.099999904632568
vertex 27.087400436401367 50.80073165893555 -0.5
vertex 26.67881965637207 50.493019104003906 -0.5
endloop
endfacet
facet normal 0.44014595723778704 -0.897926242141988 0
outer loop
vertex 27.54668426513672 51.02586364746094 -4.099999904632568
vertex 27.54668426513672 51.02586364746094 -0.5
vertex 27.087400436401367 50.80073165893555 -0.5
endloop
endfacet
facet normal 0 0 1
outer loop
vertex -68.32118225097656 50.493019104003906 -4.099999904632568
vertex -68.66439056396484 50.11376953125 -4.099999904632568
vertex -25.800037384033203 32.20002365112305 -4.099999904632568
endloop
endfacet
facet normal 0 -1 0
outer loop
vertex -25.800037384033203 32.20002365112305 -0.5
vertex -25.800037384033203 32.20002365112305 -4.099999904632568
vertex -25.625038146972656 32.20002365112305 -4.099999904632568
endloop
endfacet
facet normal 0 -1 0
outer loop
vertex -25.625038146972656 32.20002365112305 -4.099999904632568
vertex -25.625038146972656 32.20002365112305 -0.5
vertex -25.800037384033203 32.20002365112305 -0.5
endloop
endfacet
facet normal -0.9999971948167627 -0.002368619556924904 0
outer loop
vertex -25.800037384033203 32.20002365112305 -4.099999904632568
vertex -25.800037384033203 32.20002365112305 -0.5
vertex -25.83973503112793 48.959800720214844 -0.5
endloop
endfacet
facet normal 0.6709969014630188 0.741460152824835 0
outer loop
vertex -68.11378479003906 -48.664329528808594 -0.5
vertex -68.11378479003906 -48.664329528808594 -4.099999904632568
vertex -68.49303436279297 -48.32112121582031 -4.099999904632568
endloop
endfacet
facet normal 0.5191089094606629 0.854708102289057 0
outer loop
vertex -67.67660522460938 -48.92985153198242 -0.5
vertex -67.67660522460938 -48.92985153198242 -4.099999904632568
vertex -68.11378479003906 -48.664329528808594 -4.099999904632568
endloop
endfacet
facet normal 0 0 1
outer loop
vertex -25.625038146972656 32.20002365112305 -4.099999904632568
vertex -25.800037384033203 32.20002365112305 -4.099999904632568
vertex 17.59996223449707 -21.499977111816406 -4.099999904632568
endloop
endfacet
facet normal 0 0 1
outer loop
vertex -16.625038146972656 32.20002365112305 -4.099999904632568
vertex -25.625038146972656 32.20002365112305 -4.099999904632568
vertex 17.59996223449707 -21.499977111816406 -4.099999904632568
endloop
endfacet
facet normal 0.8979299120407475 0.4401384703277997 0
outer loop
vertex -68.80075073242188 -47.912540435791016 -0.5
vertex -68.80075073242188 -47.912540435791016 -4.099999904632568
vertex -69.02587890625 -47.45325469970703 -4.099999904632568
endloop
endfacet
facet normal 0.9648290200702896 0.26287822661872295 0
outer loop
vertex -69.02587890625 -47.45325469970703 -0.5
vertex -69.02587890625 -47.45325469970703 -4.099999904632568
vertex -69.16033935546875 -46.95975112915039 -4.099999904632568
endloop
endfacet
facet normal 0.9962936260643477 0.08601750207692552 0
outer loop
vertex -69.16033935546875 -46.95975112915039 -0.5
vertex -69.16033935546875 -46.95975112915039 -4.099999904632568
vertex -69.20003509521484 -46.499977111816406 -4.099999904632568
endloop
endfacet
facet normal 0.7987964749261642 0.6016013560868474 0
outer loop
vertex -68.49303436279297 -48.32112121582031 -0.5
vertex -68.49303436279297 -48.32112121582031 -4.099999904632568
vertex -68.80075073242188 -47.912540435791016 -4.099999904632568
endloop
endfacet
facet normal -1 0 0
outer loop
vertex 50.1999626159668 7.800023555755615 -0.5
vertex 50.1999626159668 7.800023555755615 -4.099999904632568
vertex 50.1999626159668 -20.808067321777344 -4.099999904632568
endloop
endfacet
facet normal 0.26287822661872295 -0.9648290200702896 0
outer loop
vertex 27.54668426513672 51.02586364746094 -0.5
vertex 27.54668426513672 51.02586364746094 -4.099999904632568
vertex 28.04018783569336 51.16032409667969 -0.5
endloop
endfacet
facet normal -1 0 0
outer loop
vertex 50.1999626159668 -20.808067321777344 -4.099999904632568
vertex 50.1999626159668 -20.808067321777344 -0.5
vertex 50.1999626159668 7.800023555755615 -0.5
endloop
endfacet
facet normal 0.34858684363133263 0.9372764866607637 0
outer loop
vertex -67.19719696044922 -49.108150482177734 -0.5
vertex -67.19719696044922 -49.108150482177734 -4.099999904632568
vertex -67.67660522460938 -48.92985153198242 -4.099999904632568
endloop
endfacet
facet normal -0.9959145700794487 -0.09030043800262924 0
outer loop
vertex 50.79996109008789 -21.499977111816406 -4.099999904632568
vertex 50.79996109008789 -21.499977111816406 -0.5
vertex 50.788543701171875 -21.374055862426758 -0.5
endloop
endfacet
facet normal 0 0 1
outer loop
vertex 50.22588348388672 -54.18855667114258 -4.099999904632568
vertex 50.43655776977539 -54.113739013671875 -4.099999904632568
vertex 50.79596710205078 -53.574676513671875 -4.099999904632568
endloop
endfacet
facet normal 0 0 1
outer loop
vertex 50.79596710205078 -53.574676513671875 -4.099999904632568
vertex 50.43655776977539 -54.113739013671875 -4.099999904632568
vertex 50.61289978027344 -53.976314544677734 -4.099999904632568
endloop
endfacet
facet normal 0 0 1
outer loop
vertex 50.79596710205078 -53.574676513671875 -4.099999904632568
vertex 50.61289978027344 -53.976314544677734 -4.099999904632568
vertex 50.736915588378906 -53.79030227661133 -4.099999904632568
endloop
endfacet
facet normal 0.1655502120715564 0.986201362442307 0
outer loop
vertex -66.69275665283203 -49.19282913208008 -0.5
vertex -66.69275665283203 -49.19282913208008 -4.099999904632568
vertex -67.19719696044922 -49.108150482177734 -4.099999904632568
endloop
endfacet
facet normal 0 0 1
outer loop
vertex -68.66439056396484 50.11376953125 -4.099999904632568
vertex -68.9299087524414 49.67658996582031 -4.099999904632568
vertex -25.800037384033203 32.20002365112305 -4.099999904632568
endloop
endfacet
facet normal 0 0 1
outer loop
vertex -68.9299087524414 49.67658996582031 -4.099999904632568
vertex -69.10820770263672 49.197181701660156 -4.099999904632568
vertex -25.800037384033203 32.20002365112305 -4.099999904632568
endloop
endfacet
facet normal 0 0 1
outer loop
vertex -69.10820770263672 49.197181701660156 -4.099999904632568
vertex -69.1928939819336 48.692745208740234 -4.099999904632568
vertex -25.800037384033203 32.20002365112305 -4.099999904632568
endloop
endfacet
facet normal 0.00043344839314345764 0.9999999060612408 0
outer loop
vertex -66.69275665283203 -49.19282913208008 -0.5
vertex -50.20003890991211 -49.19997787475586 -0.5
vertex -50.20003890991211 -49.19997787475586 -4.099999904632568
endloop
endfacet
facet normal 0.00043344839314345764 0.9999999060612408 0
outer loop
vertex -66.69275665283203 -49.19282913208008 -0.5
vertex -50.20003890991211 -49.19997787475586 -4.099999904632568
vertex -66.69275665283203 -49.19282913208008 -4.099999904632568
endloop
endfacet
facet normal -0.09033171951249427 0.9959117332624996 0
outer loop
vertex 50.22588348388672 -54.18855667114258 -0.5
vertex 50.22588348388672 -54.18855667114258 -4.099999904632568
vertex 50.0999641418457 -54.19997787475586 -4.099999904632568
endloop
endfacet
facet normal 0 -1 0
outer loop
vertex -16.625038146972656 32.20002365112305 -4.099999904632568
vertex 25.799962997436523 32.20002365112305 -0.5
vertex -16.625038146972656 32.20002365112305 -0.5
endloop
endfacet
facet normal -0.3346572002712681 0.9423399377648154 0
outer loop
vertex 50.43655776977539 -54.113739013671875 -0.5
vertex 50.43655776977539 -54.113739013671875 -4.099999904632568
vertex 50.22588348388672 -54.18855667114258 -4.099999904632568
endloop
endfacet
facet normal -0.7987964749261642 -0.6016013560868474 0
outer loop
vertex 68.80067443847656 49.9125862121582 -0.5
vertex 68.49295806884766 50.3211669921875 -4.099999904632568
vertex 68.80067443847656 49.9125862121582 -4.099999904632568
endloop
endfacet
facet normal -0.9648285046825812 -0.2628801182135584 0
outer loop
vertex 69.02580261230469 49.45330047607422 -0.5
vertex 69.02580261230469 49.45330047607422 -4.099999904632568
vertex 69.16026306152344 48.959800720214844 -4.099999904632568
endloop
endfacet
facet normal -0.8979299120407475 -0.4401384703277997 0
outer loop
vertex 69.02580261230469 49.45330047607422 -0.5
vertex 68.80067443847656 49.9125862121582 -4.099999904632568
vertex 69.02580261230469 49.45330047607422 -4.099999904632568
endloop
endfacet
facet normal 0.08602499859309397 -0.9962929788054607 0
outer loop
vertex -66.50003814697266 51.20002365112305 -0.5
vertex -66.9598159790039 51.16032409667969 -4.099999904632568
vertex -66.50003814697266 51.20002365112305 -4.099999904632568
endloop
endfacet
facet normal 0.2628801182135584 -0.9648285046825812 0
outer loop
vertex -67.45331573486328 51.02586364746094 -0.5
vertex -67.45331573486328 51.02586364746094 -4.099999904632568
vertex -66.9598159790039 51.16032409667969 -4.099999904632568
endloop
endfacet
facet normal 0.4401474310028367 -0.8979255197295616 0
outer loop
vertex -67.45331573486328 51.02586364746094 -0.5
vertex -67.91259765625 50.80073165893555 -4.099999904632568
vertex -67.45331573486328 51.02586364746094 -4.099999904632568
endloop
endfacet
facet normal -0.6709969014630188 -0.741460152824835 0
outer loop
vertex 68.11370849609375 50.66437530517578 -0.5
vertex 68.11370849609375 50.66437530517578 -4.099999904632568
vertex 68.49295806884766 50.3211669921875 -4.099999904632568
endloop
endfacet
facet normal -0.5191089094606629 -0.854708102289057 0
outer loop
vertex 67.67652893066406 50.92989730834961 -0.5
vertex 67.67652893066406 50.92989730834961 -4.099999904632568
vertex 68.11370849609375 50.66437530517578 -4.099999904632568
endloop
endfacet
facet normal -0.16555264734385197 -0.9862009536384775 0
outer loop
vertex 67.1971206665039 51.10819625854492 -4.099999904632568
vertex 67.1971206665039 51.10819625854492 -0.5
vertex 66.69268798828125 51.192874908447266 -0.5
endloop
endfacet
facet normal 0.6015930133811593 -0.7988027580391647 0
outer loop
vertex -68.32118225097656 50.493019104003906 -0.5
vertex -68.32118225097656 50.493019104003906 -4.099999904632568
vertex -67.91259765625 50.80073165893555 -4.099999904632568
endloop
endfacet
facet normal 0.741460152824835 -0.6709969014630188 0
outer loop
vertex -68.66439056396484 50.11376953125 -0.5
vertex -68.66439056396484 50.11376953125 -4.099999904632568
vertex -68.32118225097656 50.493019104003906 -4.099999904632568
endloop
endfacet
facet normal 0.8547114112660754 -0.5191034612209339 0
outer loop
vertex -68.9299087524414 49.67658996582031 -0.5
vertex -68.9299087524414 49.67658996582031 -4.099999904632568
vertex -68.66439056396484 50.11376953125 -4.099999904632568
endloop
endfacet
facet normal 0.9372764866607637 -0.34858684363133263 0
outer loop
vertex -69.10820770263672 49.197181701660156 -0.5
vertex -69.10820770263672 49.197181701660156 -4.099999904632568
vertex -68.9299087524414 49.67658996582031 -4.099999904632568
endloop
endfacet
facet normal 0.9861987226696661 -0.16556593672829875 0
outer loop
vertex -69.1928939819336 48.692745208740234 -0.5
vertex -69.1928939819336 48.692745208740234 -4.099999904632568
vertex -69.10820770263672 49.197181701660156 -4.099999904632568
endloop
endfacet
facet normal -0.34858684363133263 -0.9372764866607637 0
outer loop
vertex 67.67652893066406 50.92989730834961 -4.099999904632568
vertex 67.67652893066406 50.92989730834961 -0.5
vertex 67.1971206665039 51.10819625854492 -0.5
endloop
endfacet
facet normal -0.9648285046825812 -0.2628801182135584 0
outer loop
vertex 69.16026306152344 48.959800720214844 -4.099999904632568
vertex 69.16026306152344 48.959800720214844 -0.5
vertex 69.02580261230469 49.45330047607422 -0.5
endloop
endfacet
facet normal -0.8979299120407475 -0.4401384703277997 0
outer loop
vertex 68.80067443847656 49.9125862121582 -0.5
vertex 68.80067443847656 49.9125862121582 -4.099999904632568
vertex 69.02580261230469 49.45330047607422 -0.5
endloop
endfacet
facet normal -0.5191089094606629 -0.854708102289057 0
outer loop
vertex 68.11370849609375 50.66437530517578 -4.099999904632568
vertex 68.11370849609375 50.66437530517578 -0.5
vertex 67.67652893066406 50.92989730834961 -0.5
endloop
endfacet
facet normal 0 0 1
outer loop
vertex -48.9000358581543 -21.499977111816406 -4.099999904632568
vertex -25.800037384033203 32.20002365112305 -4.099999904632568
vertex -69.20003509521484 -46.499977111816406 -4.099999904632568
endloop
endfacet
facet normal -0.788764296910514 -0.6146957653337645 0
outer loop
vertex 50.71372604370117 -21.163381576538086 -4.099999904632568
vertex 50.71372604370117 -21.163381576538086 -0.5
vertex 50.57630157470703 -20.987041473388672 -0.5
endloop
endfacet
facet normal -0.5547356342887504 -0.8320266678720447 0
outer loop
vertex 50.57630157470703 -20.987041473388672 -4.099999904632568
vertex 50.57630157470703 -20.987041473388672 -0.5
vertex 50.390289306640625 -20.863021850585938 -0.5
endloop
endfacet
facet normal -0.2774057602760739 -0.9607528528012048 0
outer loop
vertex 50.390289306640625 -20.863021850585938 -4.099999904632568
vertex 50.390289306640625 -20.863021850585938 -0.5
vertex 50.1999626159668 -20.808067321777344 -0.5
endloop
endfacet
facet normal -0.6709969014630188 -0.741460152824835 0
outer loop
vertex 68.49295806884766 50.3211669921875 -4.099999904632568
vertex 68.49295806884766 50.3211669921875 -0.5
vertex 68.11370849609375 50.66437530517578 -0.5
endloop
endfacet
facet normal -0.7987964749261642 -0.6016013560868474 0
outer loop
vertex 68.49295806884766 50.3211669921875 -0.5
vertex 68.49295806884766 50.3211669921875 -4.099999904632568
vertex 68.80067443847656 49.9125862121582 -0.5
endloop
endfacet
facet normal -0.9423399377648154 -0.3346572002712681 0
outer loop
vertex 50.788543701171875 -21.374055862426758 -4.099999904632568
vertex 50.788543701171875 -21.374055862426758 -0.5
vertex 50.71372604370117 -21.163381576538086 -0.5
endloop
endfacet
facet normal -0.6146916288467383 0.7887675205190332 0
outer loop
vertex 50.61289978027344 -53.976314544677734 -0.5
vertex 50.61289978027344 -53.976314544677734 -4.099999904632568
vertex 50.43655776977539 -54.113739013671875 -4.099999904632568
endloop
endfacet
facet normal -0.8320345433792632 0.5547238219363407 0
outer loop
vertex 50.61289978027344 -53.976314544677734 -0.5
vertex 50.736915588378906 -53.79030227661133 -4.099999904632568
vertex 50.61289978027344 -53.976314544677734 -4.099999904632568
endloop
endfacet
facet normal -0.9644856825128726 0.2641351325130344 0
outer loop
vertex 50.79596710205078 -53.574676513671875 -0.5
vertex 50.79596710205078 -53.574676513671875 -4.099999904632568
vertex 50.736915588378906 -53.79030227661133 -4.099999904632568
endloop
endfacet
facet normal 0.08602570705161279 -0.9962929176332983 0
outer loop
vertex 28.04018783569336 51.16032409667969 -0.5
vertex 28.04018783569336 51.16032409667969 -4.099999904632568
vertex 28.499961853027344 51.20002365112305 -0.5
endloop
endfacet
facet normal -0.9959145700794487 -0.09030043800262924 0
outer loop
vertex 50.788543701171875 -21.374055862426758 -0.5
vertex 50.788543701171875 -21.374055862426758 -4.099999904632568
vertex 50.79996109008789 -21.499977111816406 -4.099999904632568
endloop
endfacet
facet normal -0.788764296910514 -0.6146957653337645 0
outer loop
vertex 50.57630157470703 -20.987041473388672 -0.5
vertex 50.57630157470703 -20.987041473388672 -4.099999904632568
vertex 50.71372604370117 -21.163381576538086 -4.099999904632568
endloop
endfacet
facet normal 0 0 1
outer loop
vertex 50.0999641418457 -54.19997787475586 -4.099999904632568
vertex 50.22588348388672 -54.18855667114258 -4.099999904632568
vertex 50.1999626159668 -20.808067321777344 -4.099999904632568
endloop
endfacet
facet normal 0 0 1
outer loop
vertex 50.1999626159668 -20.808067321777344 -4.099999904632568
vertex 50.22588348388672 -54.18855667114258 -4.099999904632568
vertex 50.79596710205078 -53.574676513671875 -4.099999904632568
endloop
endfacet
facet normal -0.5547356342887504 -0.8320266678720447 0
outer loop
vertex 50.390289306640625 -20.863021850585938 -0.5
vertex 50.390289306640625 -20.863021850585938 -4.099999904632568
vertex 50.57630157470703 -20.987041473388672 -4.099999904632568
endloop
endfacet
facet normal -0.2774057602760739 -0.9607528528012048 0
outer loop
vertex 50.1999626159668 -20.808067321777344 -0.5
vertex 50.1999626159668 -20.808067321777344 -4.099999904632568
vertex 50.390289306640625 -20.863021850585938 -4.099999904632568
endloop
endfacet
facet normal -0.9423399377648154 -0.3346572002712681 0
outer loop
vertex 50.71372604370117 -21.163381576538086 -0.5
vertex 50.71372604370117 -21.163381576538086 -4.099999904632568
vertex 50.788543701171875 -21.374055862426758 -4.099999904632568
endloop
endfacet
facet normal 0 0 1
outer loop
vertex 50.57630157470703 -20.987041473388672 -4.099999904632568
vertex 50.788543701171875 -21.374055862426758 -4.099999904632568
vertex 50.71372604370117 -21.163381576538086 -4.099999904632568
endloop
endfacet
facet normal 0 0 1
outer loop
vertex 50.390289306640625 -20.863021850585938 -4.099999904632568
vertex 50.788543701171875 -21.374055862426758 -4.099999904632568
vertex 50.57630157470703 -20.987041473388672 -4.099999904632568
endloop
endfacet
facet normal -0.9999996453172841 -0.0008422382715158155 0
outer loop
vertex 69.16026306152344 48.959800720214844 -0.5
vertex 69.16026306152344 48.959800720214844 -4.099999904632568
vertex 69.19281768798828 10.307300567626953 -4.099999904632568
endloop
endfacet
facet normal 0 0 1
outer loop
vertex 50.1999626159668 -20.808067321777344 -4.099999904632568
vertex 50.788543701171875 -21.374055862426758 -4.099999904632568
vertex 50.390289306640625 -20.863021850585938 -4.099999904632568
endloop
endfacet
facet normal 0 0 1
outer loop
vertex 50.1999626159668 -20.808067321777344 -4.099999904632568
vertex 50.79996109008789 -21.499977111816406 -4.099999904632568
vertex 50.788543701171875 -21.374055862426758 -4.099999904632568
endloop
endfacet
facet normal -0.09033171951249427 0.9959117332624996 0
outer loop
vertex 50.0999641418457 -54.19997787475586 -4.099999904632568
vertex 50.0999641418457 -54.19997787475586 -0.5
vertex 50.22588348388672 -54.18855667114258 -0.5
endloop
endfacet
facet normal -0.3346572002712681 0.9423399377648154 0
outer loop
vertex 50.22588348388672 -54.18855667114258 -4.099999904632568
vertex 50.22588348388672 -54.18855667114258 -0.5
vertex 50.43655776977539 -54.113739013671875 -0.5
endloop
endfacet
facet normal 0 0 1
outer loop
vertex 66.69268798828125 51.192874908447266 -4.099999904632568
vertex 69.19281768798828 10.307300567626953 -4.099999904632568
vertex 69.16026306152344 48.959800720214844 -4.099999904632568
endloop
endfacet
facet normal 0 0 1
outer loop
vertex 66.69268798828125 51.192874908447266 -4.099999904632568
vertex 28.499961853027344 51.20002365112305 -4.099999904632568
vertex 69.19281768798828 10.307300567626953 -4.099999904632568
endloop
endfacet
facet normal 0 0 1
outer loop
vertex 28.499961853027344 51.20002365112305 -4.099999904632568
vertex 69.10813903808594 9.802865028381348 -4.099999904632568
vertex 69.19281768798828 10.307300567626953 -4.099999904632568
endloop
endfacet
facet normal -0.9999996453172841 -0.0008422382715158155 0
outer loop
vertex 69.19281768798828 10.307300567626953 -0.5
vertex 69.16026306152344 48.959800720214844 -0.5
vertex 69.19281768798828 10.307300567626953 -4.099999904632568
endloop
endfacet
facet normal 0.6709969014630188 0.741460152824835 0
outer loop
vertex -68.49303436279297 -48.32112121582031 -4.099999904632568
vertex -68.49303436279297 -48.32112121582031 -0.5
vertex -68.11378479003906 -48.664329528808594 -0.5
endloop
endfacet
facet normal 0 0 1
outer loop
vertex 50.1999626159668 7.800023555755615 -4.099999904632568
vertex 17.59996223449707 -21.499977111816406 -4.099999904632568
vertex 50.1999626159668 -20.808067321777344 -4.099999904632568
endloop
endfacet
facet normal 0.8979299120407475 0.4401384703277997 0
outer loop
vertex -69.02587890625 -47.45325469970703 -4.099999904632568
vertex -69.02587890625 -47.45325469970703 -0.5
vertex -68.80075073242188 -47.912540435791016 -0.5
endloop
endfacet
facet normal 0 0 1
outer loop
vertex 17.59996223449707 -21.499977111816406 -4.099999904632568
vertex 50.0999641418457 -21.499977111816406 -4.099999904632568
vertex 50.1999626159668 -20.808067321777344 -4.099999904632568
endloop
endfacet
facet normal 0.9962936260643477 0.08601750207692552 0
outer loop
vertex -69.20003509521484 -46.499977111816406 -4.099999904632568
vertex -69.20003509521484 -46.499977111816406 -0.5
vertex -69.16033935546875 -46.95975112915039 -0.5
endloop
endfacet
facet normal 0 0 1
outer loop
vertex -50.07437515258789 -53.900146484375 -4.099999904632568
vertex -49.91891860961914 -54.060813903808594 -4.099999904632568
vertex -48.9000358581543 -21.499977111816406 -4.099999904632568
endloop
endfacet
facet normal 0.7987964749261642 0.6016013560868474 0
outer loop
vertex -68.80075073242188 -47.912540435791016 -4.099999904632568
vertex -68.80075073242188 -47.912540435791016 -0.5
vertex -68.49303436279297 -48.32112121582031 -0.5
endloop
endfacet
facet normal 0.34858684363133263 0.9372764866607637 0
outer loop
vertex -67.67660522460938 -48.92985153198242 -4.099999904632568
vertex -67.67660522460938 -48.92985153198242 -0.5
vertex -67.19719696044922 -49.108150482177734 -0.5
endloop
endfacet
facet normal 0.1655502120715564 0.986201362442307 0
outer loop
vertex -67.19719696044922 -49.108150482177734 -4.099999904632568
vertex -67.19719696044922 -49.108150482177734 -0.5
vertex -66.69275665283203 -49.19282913208008 -0.5
endloop
endfacet
facet normal -0.9862011069420277 0.1655517341084634 0
outer loop
vertex 69.10813903808594 9.802865028381348 -4.099999904632568
vertex 69.10813903808594 9.802865028381348 -0.5
vertex 69.19281768798828 10.307300567626953 -0.5
endloop
endfacet
facet normal -0.9372769397794737 0.34858562528828524 0
outer loop
vertex 68.92984008789062 9.323454856872559 -4.099999904632568
vertex 68.92984008789062 9.323454856872559 -0.5
vertex 69.10813903808594 9.802865028381348 -0.5
endloop
endfacet
facet normal 0 0 1
outer loop
vertex -49.91891860961914 -54.060813903808594 -4.099999904632568
vertex -49.720733642578125 -54.164276123046875 -4.099999904632568
vertex -48.9000358581543 -21.499977111816406 -4.099999904632568
endloop
endfacet
facet normal -0.854703285978207 0.5191168393897998 0
outer loop
vertex 68.66431427001953 8.88627815246582 -4.099999904632568
vertex 68.66431427001953 8.88627815246582 -0.5
vertex 68.92984008789062 9.323454856872559 -0.5
endloop
endfacet
facet normal -0.7414618317526599 0.6709950462216471 0
outer loop
vertex 68.32110595703125 8.507026672363281 -4.099999904632568
vertex 68.32110595703125 8.507026672363281 -0.5
vertex 68.66431427001953 8.88627815246582 -0.5
endloop
endfacet
facet normal -0.601601371004235 0.7987964636913616 0
outer loop
vertex 67.91252899169922 8.199313163757324 -4.099999904632568
vertex 67.91252899169922 8.199313163757324 -0.5
vertex 68.32110595703125 8.507026672363281 -0.5
endloop
endfacet
facet normal -0.4401355228620362 0.8979313567945838 0
outer loop
vertex 67.45323944091797 7.974184989929199 -4.099999904632568
vertex 67.45323944091797 7.974184989929199 -0.5
vertex 67.91252899169922 8.199313163757324 -0.5
endloop
endfacet
facet normal -0.26288532516848706 0.9648270859646606 0
outer loop
vertex 67.45323944091797 7.974184989929199 -0.5
vertex 67.45323944091797 7.974184989929199 -4.099999904632568
vertex 66.9597396850586 7.8397216796875 -0.5
endloop
endfacet
facet normal -0.0026873822338309866 0.999995288018101 0.0014838862235878607
outer loop
vertex 50.1999626159668 7.800023555755615 -4.099999904632568
vertex 52.187767028808594 7.800023555755615 -0.5
vertex 66.9597396850586 7.8397216796875 -0.5
endloop
endfacet
facet normal -0.9862011069420277 0.1655517341084634 0
outer loop
vertex 69.19281768798828 10.307300567626953 -0.5
vertex 69.19281768798828 10.307300567626953 -4.099999904632568
vertex 69.10813903808594 9.802865028381348 -4.099999904632568
endloop
endfacet
facet normal -0.6146916288467383 0.7887675205190332 0
outer loop
vertex 50.43655776977539 -54.113739013671875 -4.099999904632568
vertex 50.43655776977539 -54.113739013671875 -0.5
vertex 50.61289978027344 -53.976314544677734 -0.5
endloop
endfacet
facet normal -0.8320345433792632 0.5547238219363407 0
outer loop
vertex 50.736915588378906 -53.79030227661133 -0.5
vertex 50.736915588378906 -53.79030227661133 -4.099999904632568
vertex 50.61289978027344 -53.976314544677734 -0.5
endloop
endfacet
facet normal -0.9644856825128726 0.2641351325130344 0
outer loop
vertex 50.736915588378906 -53.79030227661133 -4.099999904632568
vertex 50.736915588378906 -53.79030227661133 -0.5
vertex 50.79596710205078 -53.574676513671875 -0.5
endloop
endfacet
facet normal -0.9372769397794737 0.34858562528828524 0
outer loop
vertex 69.10813903808594 9.802865028381348 -0.5
vertex 69.10813903808594 9.802865028381348 -4.099999904632568
vertex 68.92984008789062 9.323454856872559 -4.099999904632568
endloop
endfacet
facet normal 0 0 1
outer loop
vertex -48.9000358581543 -21.499977111816406 -4.099999904632568
vertex -49.500038146972656 -54.19997787475586 -4.099999904632568
vertex -48.9000358581543 -54.19997787475586 -4.099999904632568
endloop
endfacet
facet normal 0 0 1
outer loop
vertex -49.720733642578125 -54.164276123046875 -4.099999904632568
vertex -49.500038146972656 -54.19997787475586 -4.099999904632568
vertex -48.9000358581543 -21.499977111816406 -4.099999904632568
endloop
endfacet
facet normal 0 0 1
outer loop
vertex -50.20003890991211 -53.499977111816406 -4.099999904632568
vertex -50.17124938964844 -53.69866180419922 -4.099999904632568
vertex -48.9000358581543 -21.499977111816406 -4.099999904632568
endloop
endfacet
facet normal 0 0 1
outer loop
vertex -50.17124938964844 -53.69866180419922 -4.099999904632568
vertex -50.07437515258789 -53.900146484375 -4.099999904632568
vertex -48.9000358581543 -21.499977111816406 -4.099999904632568
endloop
endfacet
facet normal -0.854703285978207 0.5191168393897998 0
outer loop
vertex 68.92984008789062 9.323454856872559 -0.5
vertex 68.92984008789062 9.323454856872559 -4.099999904632568
vertex 68.66431427001953 8.88627815246582 -4.099999904632568
endloop
endfacet
facet normal -0.7414618317526599 0.6709950462216471 0
outer loop
vertex 68.66431427001953 8.88627815246582 -0.5
vertex 68.66431427001953 8.88627815246582 -4.099999904632568
vertex 68.32110595703125 8.507026672363281 -4.099999904632568
endloop
endfacet
facet normal -0.601601371004235 0.7987964636913616 0
outer loop
vertex 68.32110595703125 8.507026672363281 -0.5
vertex 68.32110595703125 8.507026672363281 -4.099999904632568
vertex 67.91252899169922 8.199313163757324 -4.099999904632568
endloop
endfacet
facet normal -0.4401355228620362 0.8979313567945838 0
outer loop
vertex 67.91252899169922 8.199313163757324 -0.5
vertex 67.91252899169922 8.199313163757324 -4.099999904632568
vertex 67.45323944091797 7.974184989929199 -4.099999904632568
endloop
endfacet
facet normal -0.26288532516848706 0.9648270859646606 0
outer loop
vertex 66.9597396850586 7.8397216796875 -0.5
vertex 67.45323944091797 7.974184989929199 -4.099999904632568
vertex 66.9597396850586 7.8397216796875 -4.099999904632568
endloop
endfacet
facet normal 0 0 1
outer loop
vertex 28.499961853027344 51.20002365112305 -4.099999904632568
vertex 68.92984008789062 9.323454856872559 -4.099999904632568
vertex 69.10813903808594 9.802865028381348 -4.099999904632568
endloop
endfacet
facet normal 0 0 1
outer loop
vertex 28.499961853027344 51.20002365112305 -4.099999904632568
vertex 68.66431427001953 8.88627815246582 -4.099999904632568
vertex 68.92984008789062 9.323454856872559 -4.099999904632568
endloop
endfacet
facet normal 0 0 1
outer loop
vertex 28.499961853027344 51.20002365112305 -4.099999904632568
vertex 68.32110595703125 8.507026672363281 -4.099999904632568
vertex 68.66431427001953 8.88627815246582 -4.099999904632568
endloop
endfacet
facet normal 0 0 1
outer loop
vertex 28.499961853027344 51.20002365112305 -4.099999904632568
vertex 67.91252899169922 8.199313163757324 -4.099999904632568
vertex 68.32110595703125 8.507026672363281 -4.099999904632568
endloop
endfacet
facet normal 0 1 0
outer loop
vertex -49.500038146972656 -54.19997787475586 -0.5
vertex -48.9000358581543 -54.19997787475586 -4.099999904632568
vertex -49.500038146972656 -54.19997787475586 -4.099999904632568
endloop
endfacet
facet normal 0.15969324542794835 0.9871666867174403 0
outer loop
vertex -49.500038146972656 -54.19997787475586 -0.5
vertex -49.500038146972656 -54.19997787475586 -4.099999904632568
vertex -49.720733642578125 -54.164276123046875 -4.099999904632568
endloop
endfacet
facet normal 1 0 0
outer loop
vertex -50.20003890991211 -53.499977111816406 -0.5
vertex -50.20003890991211 -53.499977111816406 -4.099999904632568
vertex -50.20003890991211 -49.19997787475586 -4.099999904632568
endloop
endfacet
facet normal 0.9896643903175097 0.14340290979429857 0
outer loop
vertex -50.17124938964844 -53.69866180419922 -0.5
vertex -50.17124938964844 -53.69866180419922 -4.099999904632568
vertex -50.20003890991211 -53.499977111816406 -4.099999904632568
endloop
endfacet
facet normal 0.7186648534065893 0.6953566196406602 0
outer loop
vertex -49.91891860961914 -54.060813903808594 -0.5
vertex -49.91891860961914 -54.060813903808594 -4.099999904632568
vertex -50.07437515258789 -53.900146484375 -4.099999904632568
endloop
endfacet
facet normal 0.9012408915945318 0.4333184225461611 0
outer loop
vertex -50.07437515258789 -53.900146484375 -0.5
vertex -50.07437515258789 -53.900146484375 -4.099999904632568
vertex -50.17124938964844 -53.69866180419922 -4.099999904632568
endloop
endfacet
facet normal 0.46278175204203403 0.886472249975658 0
outer loop
vertex -49.91891860961914 -54.060813903808594 -0.5
vertex -49.720733642578125 -54.164276123046875 -4.099999904632568
vertex -49.91891860961914 -54.060813903808594 -4.099999904632568
endloop
endfacet
facet normal 0 0 1
outer loop
vertex 28.499961853027344 51.20002365112305 -4.099999904632568
vertex 67.45323944091797 7.974184989929199 -4.099999904632568
vertex 67.91252899169922 8.199313163757324 -4.099999904632568
endloop
endfacet
facet normal 0 0 1
outer loop
vertex 28.499961853027344 51.20002365112305 -4.099999904632568
vertex 66.9597396850586 7.8397216796875 -4.099999904632568
vertex 67.45323944091797 7.974184989929199 -4.099999904632568
endloop
endfacet
facet normal -0.0023686480079683366 0.9999971947493724 0
outer loop
vertex 66.9597396850586 7.8397216796875 -0.5
vertex 66.9597396850586 7.8397216796875 -4.099999904632568
vertex 50.1999626159668 7.800023555755615 -4.099999904632568
endloop
endfacet
facet normal 0 1 0
outer loop
vertex 50.1999626159668 7.800023555755615 -4.099999904632568
vertex 50.1999626159668 7.800023555755615 -0.5
vertex 52.187767028808594 7.800023555755615 -0.5
endloop
endfacet
facet normal 0 0 1
outer loop
vertex 28.499961853027344 51.20002365112305 -4.099999904632568
vertex 50.1999626159668 7.800023555755615 -4.099999904632568
vertex 66.9597396850586 7.8397216796875 -4.099999904632568
endloop
endfacet
facet normal 0 0 1
outer loop
vertex -48.9000358581543 -21.499977111816406 -4.099999904632568
vertex -66.69275665283203 -49.19282913208008 -4.099999904632568
vertex -50.20003890991211 -49.19997787475586 -4.099999904632568
endloop
endfacet
facet normal 0 0 1
outer loop
vertex -48.9000358581543 -21.499977111816406 -4.099999904632568
vertex -67.19719696044922 -49.108150482177734 -4.099999904632568
vertex -66.69275665283203 -49.19282913208008 -4.099999904632568
endloop
endfacet
facet normal 0 0 1
outer loop
vertex -48.9000358581543 -21.499977111816406 -4.099999904632568
vertex -67.67660522460938 -48.92985153198242 -4.099999904632568
vertex -67.19719696044922 -49.108150482177734 -4.099999904632568
endloop
endfacet
facet normal 0 0 1
outer loop
vertex -68.49303436279297 -48.32112121582031 -4.099999904632568
vertex -68.11378479003906 -48.664329528808594 -4.099999904632568
vertex -48.9000358581543 -21.499977111816406 -4.099999904632568
endloop
endfacet
facet normal 0 0 1
outer loop
vertex -68.11378479003906 -48.664329528808594 -4.099999904632568
vertex -67.67660522460938 -48.92985153198242 -4.099999904632568
vertex -48.9000358581543 -21.499977111816406 -4.099999904632568
endloop
endfacet
facet normal -0.9999999922472045 0.00012452144776495572 0
outer loop
vertex 50.79596710205078 -53.574676513671875 -4.099999904632568
vertex 50.79596710205078 -53.574676513671875 -0.5
vertex 50.79996109008789 -21.499977111816406 -0.5
endloop
endfacet
facet normal 0 0 1
outer loop
vertex 50.0999641418457 -21.499977111816406 -4.099999904632568
vertex 50.0999641418457 -54.19997787475586 -4.099999904632568
vertex 50.1999626159668 -20.808067321777344 -4.099999904632568
endloop
endfacet
facet normal 0 0 1
outer loop
vertex 50.1999626159668 -20.808067321777344 -4.099999904632568
vertex 50.79596710205078 -53.574676513671875 -4.099999904632568
vertex 50.79996109008789 -21.499977111816406 -4.099999904632568
endloop
endfacet
facet normal 0 0 1
outer loop
vertex -69.20003509521484 -46.499977111816406 -4.099999904632568
vertex -69.16033935546875 -46.95975112915039 -4.099999904632568
vertex -48.9000358581543 -21.499977111816406 -4.099999904632568
endloop
endfacet
facet normal -0.9999999922472045 0.00012452144776495572 0
outer loop
vertex 50.79996109008789 -21.499977111816406 -0.5
vertex 50.79996109008789 -21.499977111816406 -4.099999904632568
vertex 50.79596710205078 -53.574676513671875 -4.099999904632568
endloop
endfacet
facet normal 0 0 1
outer loop
vertex -69.16033935546875 -46.95975112915039 -4.099999904632568
vertex -69.02587890625 -47.45325469970703 -4.099999904632568
vertex -48.9000358581543 -21.499977111816406 -4.099999904632568
endloop
endfacet
facet normal 0 0 1
outer loop
vertex -69.02587890625 -47.45325469970703 -4.099999904632568
vertex -68.80075073242188 -47.912540435791016 -4.099999904632568
vertex -48.9000358581543 -21.499977111816406 -4.099999904632568
endloop
endfacet
facet normal 0 0 1
outer loop
vertex -68.80075073242188 -47.912540435791016 -4.099999904632568
vertex -68.49303436279297 -48.32112121582031 -4.099999904632568
vertex -48.9000358581543 -21.499977111816406 -4.099999904632568
endloop
endfacet
facet normal 0 -1 0
outer loop
vertex -48.9000358581543 -21.499977111816406 -4.099999904632568
vertex -48.9000358581543 -21.499977111816406 -11.899999618530273
vertex 17.59996223449707 -21.499977111816406 -4.099999904632568
endloop
endfacet
facet normal 0 1 0
outer loop
vertex 12.099963188171387 -36.499977111816406 -11.899999618530273
vertex 17.59996223449707 -36.499977111816406 -8.199999809265137
vertex 17.59996223449707 -36.499977111816406 -11.899999618530273
endloop
endfacet
facet normal 0 -1 0
outer loop
vertex -48.9000358581543 -21.499977111816406 -11.899999618530273
vertex 17.59996223449707 -21.499977111816406 -11.899999618530273
vertex 17.59996223449707 -21.499977111816406 -8.199999809265137
endloop
endfacet
facet normal 0 1 0
outer loop
vertex -46.45994186401367 -54.499977111816406 -0.5
vertex -46.45994186401367 -54.499977111816406 -5
vertex -48.9000358581543 -54.499977111816406 -0.5
endloop
endfacet
facet normal 1 0 0
outer loop
vertex -48.9000358581543 -54.499977111816406 -0.5
vertex -48.9000358581543 -54.19997787475586 -4.099999904632568
vertex -48.9000358581543 -54.19997787475586 -0.5
endloop
endfacet
facet normal 1 0 0
outer loop
vertex -48.9000358581543 -54.499977111816406 -11.899999618530273
vertex -48.9000358581543 -21.499977111816406 -4.099999904632568
vertex -48.9000358581543 -54.19997787475586 -4.099999904632568
endloop
endfacet
facet normal 0 1 0
outer loop
vertex -34.45994186401367 -54.499977111816406 -5
vertex -48.9000358581543 -54.499977111816406 -11.899999618530273
vertex -46.45994186401367 -54.499977111816406 -5
endloop
endfacet
facet normal 1 0 0
outer loop
vertex -48.9000358581543 -54.499977111816406 -0.5
vertex -48.9000358581543 -54.499977111816406 -11.899999618530273
vertex -48.9000358581543 -54.19997787475586 -4.099999904632568
endloop
endfacet
facet normal 0 0 1
outer loop
vertex 12.099963188171387 -36.499977111816406 -11.899999618530273
vertex -48.9000358581543 -54.499977111816406 -11.899999618530273
vertex 12.099963188171387 -54.499977111816406 -11.899999618530273
endloop
endfacet
facet normal 0 1 0
outer loop
vertex -34.45994186401367 -54.499977111816406 -5
vertex -34.45994186401367 -54.499977111816406 -0.5
vertex 12.099963188171387 -54.499977111816406 -0.5
endloop
endfacet
facet normal 0 0 1
outer loop
vertex -48.9000358581543 -21.499977111816406 -11.899999618530273
vertex -48.9000358581543 -54.499977111816406 -11.899999618530273
vertex 12.099963188171387 -36.499977111816406 -11.899999618530273
endloop
endfacet
facet normal 0 1 0
outer loop
vertex -48.9000358581543 -54.499977111816406 -11.899999618530273
vertex -34.45994186401367 -54.499977111816406 -5
vertex 12.099963188171387 -54.499977111816406 -11.899999618530273
endloop
endfacet
facet normal 1 0 0
outer loop
vertex -48.9000358581543 -54.499977111816406 -11.899999618530273
vertex -48.9000358581543 -21.499977111816406 -11.899999618530273
vertex -48.9000358581543 -21.499977111816406 -4.099999904632568
endloop
endfacet
facet normal 0 1 0
outer loop
vertex 12.099963188171387 -54.499977111816406 -8.199999809265137
vertex 12.099963188171387 -54.499977111816406 -11.899999618530273
vertex -34.45994186401367 -54.499977111816406 -5
endloop
endfacet
facet normal 0 1 0
outer loop
vertex 12.099963188171387 -54.499977111816406 -0.5
vertex 12.099963188171387 -54.499977111816406 -8.199999809265137
vertex -34.45994186401367 -54.499977111816406 -5
endloop
endfacet
facet normal -1 0 0
outer loop
vertex 12.099963188171387 -36.499977111816406 -11.899999618530273
vertex 12.099963188171387 -54.499977111816406 -11.899999618530273
vertex 12.099963188171387 -36.499977111816406 -8.199999809265137
endloop
endfacet
facet normal -1 0 0
outer loop
vertex 12.099963188171387 -36.499977111816406 -8.199999809265137
vertex 12.099963188171387 -54.499977111816406 -11.899999618530273
vertex 12.099963188171387 -54.499977111816406 -8.199999809265137
endloop
endfacet
facet normal 0 1 0
outer loop
vertex -48.9000358581543 -54.499977111816406 -11.899999618530273
vertex -48.9000358581543 -54.499977111816406 -0.5
vertex -46.45994186401367 -54.499977111816406 -5
endloop
endfacet
facet normal 0 -1 0
outer loop
vertex 17.59996223449707 -21.499977111816406 -4.099999904632568
vertex -48.9000358581543 -21.499977111816406 -11.899999618530273
vertex 17.59996223449707 -21.499977111816406 -8.199999809265137
endloop
endfacet
facet normal -1 0 0
outer loop
vertex 17.59996223449707 -21.499977111816406 -8.199999809265137
vertex 17.59996223449707 -36.499977111816406 -11.899999618530273
vertex 17.59996223449707 -36.499977111816406 -8.199999809265137
endloop
endfacet
facet normal 0 1 0
outer loop
vertex 17.59996223449707 -36.499977111816406 -8.199999809265137
vertex 12.099963188171387 -36.499977111816406 -11.899999618530273
vertex 12.099963188171387 -36.499977111816406 -8.199999809265137
endloop
endfacet
facet normal -1 0 0
outer loop
vertex 17.59996223449707 -21.499977111816406 -8.199999809265137
vertex 17.59996223449707 -21.499977111816406 -11.899999618530273
vertex 17.59996223449707 -36.499977111816406 -11.899999618530273
endloop
endfacet
facet normal 0 0 1
outer loop
vertex 17.59996223449707 -21.499977111816406 -11.899999618530273
vertex 12.099963188171387 -36.499977111816406 -11.899999618530273
vertex 17.59996223449707 -36.499977111816406 -11.899999618530273
endloop
endfacet
facet normal 0 0 1
outer loop
vertex -48.9000358581543 -21.499977111816406 -11.899999618530273
vertex 12.099963188171387 -36.499977111816406 -11.899999618530273
vertex 17.59996223449707 -21.499977111816406 -11.899999618530273
endloop
endfacet
facet normal -1 0 0
outer loop
vertex 50.0999641418457 -54.19997787475586 -4.099999904632568
vertex 50.0999641418457 -21.499977111816406 -8.199999809265137
vertex 50.0999641418457 -54.499977111816406 -8.199999809265137
endloop
endfacet
facet normal 0 0 1
outer loop
vertex 12.099963188171387 -36.499977111816406 -8.199999809265137
vertex 12.099963188171387 -54.499977111816406 -8.199999809265137
vertex 14.599963188171387 -45.499977111816406 -8.199999809265137
endloop
endfacet
facet normal 0 1 0
outer loop
vertex 50.0999641418457 -54.499977111816406 -0.5
vertex 46.47222900390625 -54.499977111816406 -5
vertex 46.47222900390625 -54.499977111816406 -0.5
endloop
endfacet
facet normal 0 0 1
outer loop
vertex 26.14996337890625 -33.39997482299805 -8.199999809265137
vertex 22.049962997436523 -33.39997482299805 -8.199999809265137
vertex 50.0999641418457 -54.499977111816406 -8.199999809265137
endloop
endfacet
facet normal 0 0 1
outer loop
vertex 22.049962997436523 -33.39997482299805 -8.199999809265137
vertex 17.59996223449707 -36.499977111816406 -8.199999809265137
vertex 50.0999641418457 -54.499977111816406 -8.199999809265137
endloop
endfacet
facet normal 0 0 1
outer loop
vertex 17.59996223449707 -21.499977111816406 -8.199999809265137
vertex 17.59996223449707 -36.499977111816406 -8.199999809265137
vertex 22.049962997436523 -23.599977493286133 -8.199999809265137
endloop
endfacet
facet normal 0 0 1
outer loop
vertex 22.049962997436523 -33.39997482299805 -8.199999809265137
vertex 22.049962997436523 -23.599977493286133 -8.199999809265137
vertex 17.59996223449707 -36.499977111816406 -8.199999809265137
endloop
endfacet
facet normal -1 0 0
outer loop
vertex 50.0999641418457 -54.499977111816406 -8.199999809265137
vertex 50.0999641418457 -54.499977111816406 -0.5
vertex 50.0999641418457 -54.19997787475586 -4.099999904632568
endloop
endfacet
facet normal -1 0 0
outer loop
vertex 50.0999641418457 -21.499977111816406 -8.199999809265137
vertex 50.0999641418457 -54.19997787475586 -4.099999904632568
vertex 50.0999641418457 -21.499977111816406 -4.099999904632568
endloop
endfacet
facet normal 0 0 1
outer loop
vertex 50.0999641418457 -21.499977111816406 -8.199999809265137
vertex 26.14996337890625 -33.39997482299805 -8.199999809265137
vertex 50.0999641418457 -54.499977111816406 -8.199999809265137
endloop
endfacet
facet normal 0 1 0
outer loop
vertex 12.099963188171387 -54.499977111816406 -0.5
vertex 15.849963188171387 -54.499977111816406 -5.699999809265137
vertex 15.467279434204102 -54.499977111816406 -5.776120662689209
endloop
endfacet
facet normal 0 1 0
outer loop
vertex 23.732646942138672 -54.499977111816406 -5.776120662689209
vertex 23.34996223449707 -54.499977111816406 -5.699999809265137
vertex 34.47222900390625 -54.499977111816406 -5
endloop
endfacet
facet normal 0 1 0
outer loop
vertex 34.47222900390625 -54.499977111816406 -0.5
vertex 34.47222900390625 -54.499977111816406 -5
vertex 12.099963188171387 -54.499977111816406 -0.5
endloop
endfacet
facet normal 0 1 0
outer loop
vertex 15.142855644226074 -54.499977111816406 -5.992893218994141
vertex 12.099963188171387 -54.499977111816406 -0.5
vertex 15.467279434204102 -54.499977111816406 -5.776120662689209
endloop
endfacet
facet normal 0 1 0
outer loop
vertex 34.47222900390625 -54.499977111816406 -5
vertex 46.47222900390625 -54.499977111816406 -5
vertex 24.59996223449707 -54.499977111816406 -8.199999809265137
endloop
endfacet
facet normal 0 1 0
outer loop
vertex 34.47222900390625 -54.499977111816406 -5
vertex 24.057069778442383 -54.499977111816406 -5.992893218994141
vertex 23.732646942138672 -54.499977111816406 -5.776120662689209
endloop
endfacet
facet normal 0 -1 0
outer loop
vertex 50.0999641418457 -21.499977111816406 -4.099999904632568
vertex 17.59996223449707 -21.499977111816406 -8.199999809265137
vertex 50.0999641418457 -21.499977111816406 -8.199999809265137
endloop
endfacet
facet normal 0 1 0
outer loop
vertex 14.9260835647583 -54.499977111816406 -6.31731653213501
vertex 12.099963188171387 -54.499977111816406 -0.5
vertex 15.142855644226074 -54.499977111816406 -5.992893218994141
endloop
endfacet
facet normal 0 1 0
outer loop
vertex 34.47222900390625 -54.499977111816406 -5
vertex 24.273841857910156 -54.499977111816406 -6.31731653213501
vertex 24.057069778442383 -54.499977111816406 -5.992893218994141
endloop
endfacet
facet normal 0 1 0
outer loop
vertex 34.47222900390625 -54.499977111816406 -5
vertex 24.34996223449707 -54.499977111816406 -6.699999809265137
vertex 24.273841857910156 -54.499977111816406 -6.31731653213501
endloop
endfacet
facet normal 0 1 0
outer loop
vertex 23.34996223449707 -54.499977111816406 -5.699999809265137
vertex 15.849963188171387 -54.499977111816406 -5.699999809265137
vertex 34.47222900390625 -54.499977111816406 -5
endloop
endfacet
facet normal 0 0 1
outer loop
vertex 50.0999641418457 -54.499977111816406 -8.199999809265137
vertex 12.099963188171387 -36.499977111816406 -8.199999809265137
vertex 24.59996223449707 -45.499977111816406 -8.199999809265137
endloop
endfacet
facet normal 0 1 0
outer loop
vertex 24.34996223449707 -54.499977111816406 -6.699999809265137
vertex 34.47222900390625 -54.499977111816406 -5
vertex 24.59996223449707 -54.499977111816406 -8.199999809265137
endloop
endfacet
facet normal 0 0 1
outer loop
vertex 24.59996223449707 -45.499977111816406 -8.199999809265137
vertex 24.59996223449707 -54.499977111816406 -8.199999809265137
vertex 50.0999641418457 -54.499977111816406 -8.199999809265137
endloop
endfacet
facet normal 0 1 0
outer loop
vertex 50.0999641418457 -54.499977111816406 -0.5
vertex 50.0999641418457 -54.499977111816406 -8.199999809265137
vertex 46.47222900390625 -54.499977111816406 -5
endloop
endfacet
facet normal 0 0 1
outer loop
vertex 17.59996223449707 -36.499977111816406 -8.199999809265137
vertex 12.099963188171387 -36.499977111816406 -8.199999809265137
vertex 50.0999641418457 -54.499977111816406 -8.199999809265137
endloop
endfacet
facet normal 0 1 0
outer loop
vertex 24.59996223449707 -54.499977111816406 -8.199999809265137
vertex 24.34996223449707 -54.499977111816406 -8.199999809265137
vertex 24.34996223449707 -54.499977111816406 -6.699999809265137
endloop
endfacet
facet normal 0 1 0
outer loop
vertex 14.849963188171387 -54.499977111816406 -6.699999809265137
vertex 12.099963188171387 -54.499977111816406 -0.5
vertex 14.9260835647583 -54.499977111816406 -6.31731653213501
endloop
endfacet
facet normal 0 1 0
outer loop
vertex 12.099963188171387 -54.499977111816406 -8.199999809265137
vertex 12.099963188171387 -54.499977111816406 -0.5
vertex 14.849963188171387 -54.499977111816406 -6.699999809265137
endloop
endfacet
facet normal 0 0 1
outer loop
vertex 12.099963188171387 -36.499977111816406 -8.199999809265137
vertex 14.599963188171387 -45.499977111816406 -8.199999809265137
vertex 24.59996223449707 -45.499977111816406 -8.199999809265137
endloop
endfacet
facet normal 0 1 0
outer loop
vertex 12.099963188171387 -54.499977111816406 -0.5
vertex 34.47222900390625 -54.499977111816406 -5
vertex 15.849963188171387 -54.499977111816406 -5.699999809265137
endloop
endfacet
facet normal 0 0 1
outer loop
vertex 17.59996223449707 -21.499977111816406 -8.199999809265137
vertex 22.049962997436523 -23.599977493286133 -8.199999809265137
vertex 50.0999641418457 -21.499977111816406 -8.199999809265137
endloop
endfacet
facet normal 0 0 1
outer loop
vertex 50.0999641418457 -21.499977111816406 -8.199999809265137
vertex 22.049962997436523 -23.599977493286133 -8.199999809265137
vertex 26.14996337890625 -23.599977493286133 -8.199999809265137
endloop
endfacet
facet normal 0 0 1
outer loop
vertex 12.099963188171387 -54.499977111816406 -8.199999809265137
vertex 14.599963188171387 -54.499977111816406 -8.199999809265137
vertex 14.599963188171387 -45.499977111816406 -8.199999809265137
endloop
endfacet
facet normal 0 1 0
outer loop
vertex 14.599963188171387 -54.499977111816406 -8.199999809265137
vertex 12.099963188171387 -54.499977111816406 -8.199999809265137
vertex 14.849963188171387 -54.499977111816406 -6.699999809265137
endloop
endfacet
facet normal 0 1 0
outer loop
vertex 14.849963188171387 -54.499977111816406 -8.199999809265137
vertex 14.599963188171387 -54.499977111816406 -8.199999809265137
vertex 14.849963188171387 -54.499977111816406 -6.699999809265137
endloop
endfacet
facet normal 0 -1 0
outer loop
vertex 17.59996223449707 -21.499977111816406 -4.099999904632568
vertex 17.59996223449707 -21.499977111816406 -8.199999809265137
vertex 50.0999641418457 -21.499977111816406 -4.099999904632568
endloop
endfacet
facet normal 0 0 1
outer loop
vertex 26.14996337890625 -23.599977493286133 -8.199999809265137
vertex 26.14996337890625 -33.39997482299805 -8.199999809265137
vertex 50.0999641418457 -21.499977111816406 -8.199999809265137
endloop
endfacet
facet normal 0 1 0
outer loop
vertex 50.0999641418457 -54.499977111816406 -8.199999809265137
vertex 24.59996223449707 -54.499977111816406 -8.199999809265137
vertex 46.47222900390625 -54.499977111816406 -5
endloop
endfacet
facet normal -1 0 0
outer loop
vertex 50.0999641418457 -54.19997787475586 -0.5
vertex 50.0999641418457 -54.19997787475586 -4.099999904632568
vertex 50.0999641418457 -54.499977111816406 -0.5
endloop
endfacet
facet normal -1 0 0
outer loop
vertex 24.59996223449707 -45.499977111816406 -8.199999809265137
vertex 24.59996223449707 -45.499977111816406 -9.5
vertex 24.59996223449707 -54.499977111816406 -8.199999809265137
endloop
endfacet
facet normal 0 -1 0
outer loop
vertex 24.59996223449707 -45.499977111816406 -8.199999809265137
vertex 14.599963188171387 -45.499977111816406 -9.5
vertex 24.59996223449707 -45.499977111816406 -9.5
endloop
endfacet
facet normal 0 0 1
outer loop
vertex 14.599963188171387 -45.499977111816406 -9.5
vertex 24.59996223449707 -54.499977111816406 -9.5
vertex 24.59996223449707 -45.499977111816406 -9.5
endloop
endfacet
facet normal 0 1 0
outer loop
vertex 24.59996223449707 -54.499977111816406 -8.199999809265137
vertex 24.59996223449707 -54.499977111816406 -9.5
vertex 24.34996223449707 -54.499977111816406 -8.199999809265137
endloop
endfacet
facet normal 0 1 0
outer loop
vertex 14.849963188171387 -54.499977111816406 -8.199999809265137
vertex 14.9260835647583 -54.499977111816406 -8.582683563232422
vertex 14.599963188171387 -54.499977111816406 -8.199999809265137
endloop
endfacet
facet normal 0 1 0
outer loop
vertex 24.273841857910156 -54.499977111816406 -8.582683563232422
vertex 24.34996223449707 -54.499977111816406 -8.199999809265137
vertex 24.59996223449707 -54.499977111816406 -9.5
endloop
endfacet
facet normal 0 1 0
outer loop
vertex 24.057069778442383 -54.499977111816406 -8.907106399536133
vertex 24.273841857910156 -54.499977111816406 -8.582683563232422
vertex 24.59996223449707 -54.499977111816406 -9.5
endloop
endfacet
facet normal -1 0 0
outer loop
vertex 24.59996223449707 -54.499977111816406 -9.5
vertex 24.59996223449707 -54.499977111816406 -8.199999809265137
vertex 24.59996223449707 -45.499977111816406 -9.5
endloop
endfacet
facet normal 0 1 0
outer loop
vertex 15.849963188171387 -54.499977111816406 -9.199999809265137
vertex 14.599963188171387 -54.499977111816406 -9.5
vertex 15.467279434204102 -54.499977111816406 -9.123879432678223
endloop
endfacet
facet normal 0 1 0
outer loop
vertex 15.142855644226074 -54.499977111816406 -8.907106399536133
vertex 15.467279434204102 -54.499977111816406 -9.123879432678223
vertex 14.599963188171387 -54.499977111816406 -9.5
endloop
endfacet
facet normal 0 1 0
outer loop
vertex 15.849963188171387 -54.499977111816406 -9.199999809265137
vertex 23.34996223449707 -54.499977111816406 -9.199999809265137
vertex 14.599963188171387 -54.499977111816406 -9.5
endloop
endfacet
facet normal 0 0 1
outer loop
vertex 14.599963188171387 -54.499977111816406 -9.5
vertex 24.59996223449707 -54.499977111816406 -9.5
vertex 14.599963188171387 -45.499977111816406 -9.5
endloop
endfacet
facet normal 0 1 0
outer loop
vertex 14.9260835647583 -54.499977111816406 -8.582683563232422
vertex 15.142855644226074 -54.499977111816406 -8.907106399536133
vertex 14.599963188171387 -54.499977111816406 -9.5
endloop
endfacet
facet normal 0 1 0
outer loop
vertex 14.9260835647583 -54.499977111816406 -8.582683563232422
vertex 14.599963188171387 -54.499977111816406 -9.5
vertex 14.599963188171387 -54.499977111816406 -8.199999809265137
endloop
endfacet
facet normal 1 0 0
outer loop
vertex 14.599963188171387 -54.499977111816406 -8.199999809265137
vertex 14.599963188171387 -54.499977111816406 -9.5
vertex 14.599963188171387 -45.499977111816406 -8.199999809265137
endloop
endfacet
facet normal 0 1 0
outer loop
vertex 23.732646942138672 -54.499977111816406 -9.123879432678223
vertex 24.057069778442383 -54.499977111816406 -8.907106399536133
vertex 24.59996223449707 -54.499977111816406 -9.5
endloop
endfacet
facet normal 1 0 0
outer loop
vertex 14.599963188171387 -45.499977111816406 -8.199999809265137
vertex 14.599963188171387 -54.499977111816406 -9.5
vertex 14.599963188171387 -45.499977111816406 -9.5
endloop
endfacet
facet normal 0 1 0
outer loop
vertex 24.59996223449707 -54.499977111816406 -9.5
vertex 23.34996223449707 -54.499977111816406 -9.199999809265137
vertex 23.732646942138672 -54.499977111816406 -9.123879432678223
endloop
endfacet
facet normal 0 1 0
outer loop
vertex 24.59996223449707 -54.499977111816406 -9.5
vertex 14.599963188171387 -54.499977111816406 -9.5
vertex 23.34996223449707 -54.499977111816406 -9.199999809265137
endloop
endfacet
facet normal 0 -1 0
outer loop
vertex 14.599963188171387 -45.499977111816406 -8.199999809265137
vertex 14.599963188171387 -45.499977111816406 -9.5
vertex 24.59996223449707 -45.499977111816406 -8.199999809265137
endloop
endfacet
facet normal 0 1 0
outer loop
vertex 26.14996337890625 -33.39997482299805 -10
vertex 22.049962997436523 -33.39997482299805 -10
vertex 22.049962997436523 -33.39997482299805 -8.199999809265137
endloop
endfacet
facet normal -1 0 0
outer loop
vertex 26.14996337890625 -23.599977493286133 -10
vertex 26.14996337890625 -33.39997482299805 -8.199999809265137
vertex 26.14996337890625 -23.599977493286133 -8.199999809265137
endloop
endfacet
facet normal 0 1 0
outer loop
vertex 26.14996337890625 -33.39997482299805 -8.199999809265137
vertex 26.14996337890625 -33.39997482299805 -10
vertex 22.049962997436523 -33.39997482299805 -8.199999809265137
endloop
endfacet
facet normal -1 0 0
outer loop
vertex 26.14996337890625 -33.39997482299805 -10
vertex 26.14996337890625 -33.39997482299805 -8.199999809265137
vertex 26.14996337890625 -23.599977493286133 -10
endloop
endfacet
facet normal 1 0 0
outer loop
vertex 22.049962997436523 -33.39997482299805 -10
vertex 22.049962997436523 -23.599977493286133 -10
vertex 22.049962997436523 -23.599977493286133 -8.199999809265137
endloop
endfacet
facet normal 1 0 0
outer loop
vertex 22.049962997436523 -33.39997482299805 -8.199999809265137
vertex 22.049962997436523 -33.39997482299805 -10
vertex 22.049962997436523 -23.599977493286133 -8.199999809265137
endloop
endfacet
facet normal 0 0 1
outer loop
vertex 25.34996223449707 -25.249977111816406 -10
vertex 25.34996223449707 -31.749977111816406 -10
vertex 26.14996337890625 -23.599977493286133 -10
endloop
endfacet
facet normal 0 0 1
outer loop
vertex 25.34996223449707 -31.749977111816406 -10
vertex 26.14996337890625 -33.39997482299805 -10
vertex 26.14996337890625 -23.599977493286133 -10
endloop
endfacet
facet normal 0 0 1
outer loop
vertex 22.84996223449707 -25.249977111816406 -10
vertex 22.049962997436523 -33.39997482299805 -10
vertex 22.84996223449707 -31.749977111816406 -10
endloop
endfacet
facet normal 0 0 1
outer loop
vertex 22.049962997436523 -23.599977493286133 -10
vertex 22.84996223449707 -25.249977111816406 -10
vertex 26.14996337890625 -23.599977493286133 -10
endloop
endfacet
facet normal 0 0 1
outer loop
vertex 26.14996337890625 -23.599977493286133 -10
vertex 22.84996223449707 -25.249977111816406 -10
vertex 25.34996223449707 -25.249977111816406 -10
endloop
endfacet
facet normal 0 0 1
outer loop
vertex 25.34996223449707 -31.749977111816406 -10
vertex 22.049962997436523 -33.39997482299805 -10
vertex 26.14996337890625 -33.39997482299805 -10
endloop
endfacet
facet normal 0 -1 0
outer loop
vertex 22.049962997436523 -23.599977493286133 -10
vertex 26.14996337890625 -23.599977493286133 -10
vertex 26.14996337890625 -23.599977493286133 -8.199999809265137
endloop
endfacet
facet normal 0 0 1
outer loop
vertex 25.34996223449707 -31.749977111816406 -10
vertex 22.84996223449707 -31.749977111816406 -10
vertex 22.049962997436523 -33.39997482299805 -10
endloop
endfacet
facet normal 0 -1 0
outer loop
vertex 22.049962997436523 -23.599977493286133 -8.199999809265137
vertex 22.049962997436523 -23.599977493286133 -10
vertex 26.14996337890625 -23.599977493286133 -8.199999809265137
endloop
endfacet
facet normal 0 0 1
outer loop
vertex 22.049962997436523 -33.39997482299805 -10
vertex 22.84996223449707 -25.249977111816406 -10
vertex 22.049962997436523 -23.599977493286133 -10
endloop
endfacet
facet normal 0 -1 0
outer loop
vertex 22.84996223449707 -25.249977111816406 -10
vertex 25.34996223449707 -25.249977111816406 -11.699999809265137
vertex 25.34996223449707 -25.249977111816406 -10
endloop
endfacet
facet normal 0 -1 0
outer loop
vertex 22.84996223449707 -25.249977111816406 -10
vertex 22.84996223449707 -25.249977111816406 -11.699999809265137
vertex 25.34996223449707 -25.249977111816406 -11.699999809265137
endloop
endfacet
facet normal 0 1 0
outer loop
vertex 25.34996223449707 -31.749977111816406 -11.699999809265137
vertex 22.84996223449707 -31.749977111816406 -11.699999809265137
vertex 25.34996223449707 -31.749977111816406 -10
endloop
endfacet
facet normal 0 1 0
outer loop
vertex 25.34996223449707 -31.749977111816406 -10
vertex 22.84996223449707 -31.749977111816406 -11.699999809265137
vertex 22.84996223449707 -31.749977111816406 -10
endloop
endfacet
facet normal 1 0 0
outer loop
vertex 22.84996223449707 -31.749977111816406 -10
vertex 22.84996223449707 -31.749977111816406 -11.699999809265137
vertex 22.84996223449707 -25.249977111816406 -11.699999809265137
endloop
endfacet
facet normal -1 0 0
outer loop
vertex 25.34996223449707 -31.749977111816406 -11.699999809265137
vertex 25.34996223449707 -25.249977111816406 -10
vertex 25.34996223449707 -25.249977111816406 -11.699999809265137
endloop
endfacet
facet normal 1 0 0
outer loop
vertex 22.84996223449707 -31.749977111816406 -10
vertex 22.84996223449707 -25.249977111816406 -11.699999809265137
vertex 22.84996223449707 -25.249977111816406 -10
endloop
endfacet
facet normal -1 0 0
outer loop
vertex 25.34996223449707 -25.249977111816406 -10
vertex 25.34996223449707 -31.749977111816406 -11.699999809265137
vertex 25.34996223449707 -31.749977111816406 -10
endloop
endfacet
facet normal -0.19508570553829577 0.9807861986664705 0
outer loop
vertex 39.29130554199219 -35.961917877197266 -11.699999809265137
vertex 39.29130554199219 -35.961917877197266 -14.748345375061035
vertex 39.0999641418457 -35.999977111816406 -11.699999809265137
endloop
endfacet
facet normal -0.8314782854783428 0.5555572524753822 0
outer loop
vertex 39.5619010925293 -35.69131851196289 -11.699999809265137
vertex 39.5619010925293 -35.69131851196289 -14.72419548034668
vertex 39.45351791381836 -35.85353088378906 -11.699999809265137
endloop
endfacet
facet normal -0.5555707707654927 -0.831469252991977 0
outer loop
vertex 39.45351791381836 -21.14642333984375 -11.699999809265137
vertex 39.29130554199219 -21.038036346435547 -11.699999809265137
vertex 39.29130554199219 -21.038036346435547 -13.416424751281738
endloop
endfacet
facet normal -0.19508570553829577 -0.9807861986664705 0
outer loop
vertex 39.0999641418457 -20.999977111816406 -11.699999809265137
vertex 39.0999641418457 -20.999977111816406 -13.4130277633667
vertex 39.29130554199219 -21.038036346435547 -11.699999809265137
endloop
endfacet
facet normal 0 0 -1
outer loop
vertex 22.84996223449707 -25.249977111816406 -11.699999809265137
vertex 20.09996223449707 -20.999977111816406 -11.699999809265137
vertex 39.0999641418457 -20.999977111816406 -11.699999809265137
endloop
endfacet
facet normal 0 0 -1
outer loop
vertex 39.0999641418457 -20.999977111816406 -11.699999809265137
vertex 25.34996223449707 -25.249977111816406 -11.699999809265137
vertex 22.84996223449707 -25.249977111816406 -11.699999809265137
endloop
endfacet
facet normal 0 -1 0
outer loop
vertex 20.09996223449707 -20.999977111816406 -11.699999809265137
vertex 20.09996223449707 -20.999977111816406 -13.4130277633667
vertex 39.0999641418457 -20.999977111816406 -11.699999809265137
endloop
endfacet
facet normal 0.19508570553829574 -0.9807861986664705 0
outer loop
vertex 20.09996223449707 -20.999977111816406 -11.699999809265137
vertex 19.908620834350586 -21.038036346435547 -11.699999809265137
vertex 19.908620834350586 -21.038036346435547 -13.416424751281738
endloop
endfacet
facet normal 0.5555707707654927 -0.831469252991977 0
outer loop
vertex 19.908620834350586 -21.038036346435547 -11.699999809265137
vertex 19.746408462524414 -21.14642333984375 -11.699999809265137
vertex 19.746408462524414 -21.14642333984375 -13.426097869873047
endloop
endfacet
facet normal 0.8314737692381023 -0.555564011675507 0
outer loop
vertex 19.746408462524414 -21.14642333984375 -11.699999809265137
vertex 19.638023376464844 -21.308635711669922 -11.699999809265137
vertex 19.638023376464844 -21.308635711669922 -13.440574645996094
endloop
endfacet
facet normal 0.980784327963159 -0.19509511019462947 0
outer loop
vertex 19.59996223449707 -21.499977111816406 -11.699999809265137
vertex 19.59996223449707 -21.499977111816406 -13.45765209197998
vertex 19.638023376464844 -21.308635711669922 -11.699999809265137
endloop
endfacet
facet normal 0 -1 0
outer loop
vertex 20.09996223449707 -20.999977111816406 -13.4130277633667
vertex 39.0999641418457 -20.999977111816406 -13.4130277633667
vertex 39.0999641418457 -20.999977111816406 -11.699999809265137
endloop
endfacet
facet normal 0.19508570553829577 -0.9807861986664705 0
outer loop
vertex 19.908620834350586 -21.038036346435547 -13.416424751281738
vertex 20.09996223449707 -20.999977111816406 -13.4130277633667
vertex 20.09996223449707 -20.999977111816406 -11.699999809265137
endloop
endfacet
facet normal 0.5555707707654927 -0.831469252991977 0
outer loop
vertex 19.746408462524414 -21.14642333984375 -13.426097869873047
vertex 19.908620834350586 -21.038036346435547 -13.416424751281738
vertex 19.908620834350586 -21.038036346435547 -11.699999809265137
endloop
endfacet
facet normal 0.8314737692381025 -0.5555640116755071 0
outer loop
vertex 19.638023376464844 -21.308635711669922 -13.440574645996094
vertex 19.746408462524414 -21.14642333984375 -13.426097869873047
vertex 19.746408462524414 -21.14642333984375 -11.699999809265137
endloop
endfacet
facet normal 0.980784327963159 -0.19509511019462947 0
outer loop
vertex 19.59996223449707 -21.499977111816406 -13.45765209197998
vertex 19.638023376464844 -21.308635711669922 -13.440574645996094
vertex 19.638023376464844 -21.308635711669922 -11.699999809265137
endloop
endfacet
facet normal 0 0 -1
outer loop
vertex 39.0999641418457 -35.999977111816406 -11.699999809265137
vertex 20.09996223449707 -35.999977111816406 -11.699999809265137
vertex 39.0999641418457 -20.999977111816406 -11.699999809265137
endloop
endfacet
facet normal 0 0 -1
outer loop
vertex 39.0999641418457 -20.999977111816406 -11.699999809265137
vertex 25.34996223449707 -31.749977111816406 -11.699999809265137
vertex 25.34996223449707 -25.249977111816406 -11.699999809265137
endloop
endfacet
facet normal 0 0 -1
outer loop
vertex 20.09996223449707 -35.999977111816406 -11.699999809265137
vertex 25.34996223449707 -31.749977111816406 -11.699999809265137
vertex 39.0999641418457 -20.999977111816406 -11.699999809265137
endloop
endfacet
facet normal 0 0 -1
outer loop
vertex 22.84996223449707 -31.749977111816406 -11.699999809265137
vertex 25.34996223449707 -31.749977111816406 -11.699999809265137
vertex 20.09996223449707 -35.999977111816406 -11.699999809265137
endloop
endfacet
facet normal 0 0 -1
outer loop
vertex 22.84996223449707 -25.249977111816406 -11.699999809265137
vertex 20.09996223449707 -35.999977111816406 -11.699999809265137
vertex 20.09996223449707 -20.999977111816406 -11.699999809265137
endloop
endfacet
facet normal 0 0 -1
outer loop
vertex 20.09996223449707 -20.999977111816406 -11.699999809265137
vertex 19.908620834350586 -35.961917877197266 -11.699999809265137
vertex 19.908620834350586 -21.038036346435547 -11.699999809265137
endloop
endfacet
facet normal 0 0 -1
outer loop
vertex 19.908620834350586 -21.038036346435547 -11.699999809265137
vertex 19.746408462524414 -35.85353088378906 -11.699999809265137
vertex 19.746408462524414 -21.14642333984375 -11.699999809265137
endloop
endfacet
facet normal 0 0 -1
outer loop
vertex 19.746408462524414 -21.14642333984375 -11.699999809265137
vertex 19.638023376464844 -35.69131851196289 -11.699999809265137
vertex 19.638023376464844 -21.308635711669922 -11.699999809265137
endloop
endfacet
facet normal 0 0 -1
outer loop
vertex 19.638023376464844 -21.308635711669922 -11.699999809265137
vertex 19.59996223449707 -35.499977111816406 -11.699999809265137
vertex 19.59996223449707 -21.499977111816406 -11.699999809265137
endloop
endfacet
facet normal 0 0 -1
outer loop
vertex 20.09996223449707 -35.999977111816406 -11.699999809265137
vertex 22.84996223449707 -25.249977111816406 -11.699999809265137
vertex 22.84996223449707 -31.749977111816406 -11.699999809265137
endloop
endfacet
facet normal 0 0 -1
outer loop
vertex 19.638023376464844 -35.69131851196289 -11.699999809265137
vertex 19.59996223449707 -35.499977111816406 -11.699999809265137
vertex 19.638023376464844 -21.308635711669922 -11.699999809265137
endloop
endfacet
facet normal -0.8314782854783428 -0.5555572524753821 0
outer loop
vertex 39.5619010925293 -21.308635711669922 -11.699999809265137
vertex 39.45351791381836 -21.14642333984375 -11.699999809265137
vertex 39.45351791381836 -21.14642333984375 -13.426097869873047
endloop
endfacet
facet normal 0.8314737692381023 0.555564011675507 0
outer loop
vertex 19.746408462524414 -35.85353088378906 -14.738672256469727
vertex 19.638023376464844 -35.69131851196289 -14.72419548034668
vertex 19.638023376464844 -35.69131851196289 -11.699999809265137
endloop
endfacet
facet normal 0 0 -1
outer loop
vertex 19.746408462524414 -35.85353088378906 -11.699999809265137
vertex 19.638023376464844 -35.69131851196289 -11.699999809265137
vertex 19.746408462524414 -21.14642333984375 -11.699999809265137
endloop
endfacet
facet normal 0 0 -1
outer loop
vertex 20.09996223449707 -35.999977111816406 -11.699999809265137
vertex 19.908620834350586 -35.961917877197266 -11.699999809265137
vertex 20.09996223449707 -20.999977111816406 -11.699999809265137
endloop
endfacet
facet normal 0 0 -1
outer loop
vertex 19.908620834350586 -35.961917877197266 -11.699999809265137
vertex 19.746408462524414 -35.85353088378906 -11.699999809265137
vertex 19.908620834350586 -21.038036346435547 -11.699999809265137
endloop
endfacet
facet normal -0.19508570553829577 0.9807861986664707 0
outer loop
vertex 39.29130554199219 -35.961917877197266 -14.748345375061035
vertex 39.0999641418457 -35.999977111816406 -14.751742362976074
vertex 39.0999641418457 -35.999977111816406 -11.699999809265137
endloop
endfacet
facet normal -0.5555707707654927 0.831469252991977 0
outer loop
vertex 39.45351791381836 -35.85353088378906 -14.738672256469727
vertex 39.29130554199219 -35.961917877197266 -14.748345375061035
vertex 39.29130554199219 -35.961917877197266 -11.699999809265137
endloop
endfacet
facet normal -0.8314782854783428 0.5555572524753822 0
outer loop
vertex 39.5619010925293 -35.69131851196289 -14.72419548034668
vertex 39.45351791381836 -35.85353088378906 -14.738672256469727
vertex 39.45351791381836 -35.85353088378906 -11.699999809265137
endloop
endfacet
facet normal -0.9807824571768041 0.1951045147971481 0
outer loop
vertex 39.5999641418457 -35.499977111816406 -14.707118034362793
vertex 39.5619010925293 -35.69131851196289 -14.72419548034668
vertex 39.5619010925293 -35.69131851196289 -11.699999809265137
endloop
endfacet
facet normal -0.5555707707654927 0.831469252991977 0
outer loop
vertex 39.45351791381836 -35.85353088378906 -11.699999809265137
vertex 39.45351791381836 -35.85353088378906 -14.738672256469727
vertex 39.29130554199219 -35.961917877197266 -11.699999809265137
endloop
endfacet
facet normal -0.9807824571768041 0.1951045147971481 0
outer loop
vertex 39.5999641418457 -35.499977111816406 -14.707118034362793
vertex 39.5619010925293 -35.69131851196289 -11.699999809265137
vertex 39.5999641418457 -35.499977111816406 -11.699999809265137
endloop
endfacet
facet normal -1 0 0
outer loop
vertex 39.5999641418457 -21.499977111816406 -13.45765209197998
vertex 39.5999641418457 -35.499977111816406 -14.707118034362793
vertex 39.5999641418457 -35.499977111816406 -11.699999809265137
endloop
endfacet
facet normal 0 0 -1
outer loop
vertex 39.29130554199219 -35.961917877197266 -11.699999809265137
vertex 39.0999641418457 -35.999977111816406 -11.699999809265137
vertex 39.29130554199219 -21.038036346435547 -11.699999809265137
endloop
endfacet
facet normal 0 0 -1
outer loop
vertex 39.45351791381836 -35.85353088378906 -11.699999809265137
vertex 39.29130554199219 -35.961917877197266 -11.699999809265137
vertex 39.45351791381836 -21.14642333984375 -11.699999809265137
endloop
endfacet
facet normal 0 0 -1
outer loop
vertex 39.5619010925293 -35.69131851196289 -11.699999809265137
vertex 39.45351791381836 -35.85353088378906 -11.699999809265137
vertex 39.5619010925293 -21.308635711669922 -11.699999809265137
endloop
endfacet
facet normal 0 0 -1
outer loop
vertex 39.5999641418457 -35.499977111816406 -11.699999809265137
vertex 39.5619010925293 -35.69131851196289 -11.699999809265137
vertex 39.5999641418457 -21.499977111816406 -11.699999809265137
endloop
endfacet
facet normal -1 0 0
outer loop
vertex 39.5999641418457 -21.499977111816406 -13.45765209197998
vertex 39.5999641418457 -35.499977111816406 -11.699999809265137
vertex 39.5999641418457 -21.499977111816406 -11.699999809265137
endloop
endfacet
facet normal 0 0 -1
outer loop
vertex 39.29130554199219 -21.038036346435547 -11.699999809265137
vertex 39.0999641418457 -35.999977111816406 -11.699999809265137
vertex 39.0999641418457 -20.999977111816406 -11.699999809265137
endloop
endfacet
facet normal 0 0 -1
outer loop
vertex 39.45351791381836 -21.14642333984375 -11.699999809265137
vertex 39.29130554199219 -35.961917877197266 -11.699999809265137
vertex 39.29130554199219 -21.038036346435547 -11.699999809265137
endloop
endfacet
facet normal 0 0 -1
outer loop
vertex 39.5999641418457 -21.499977111816406 -11.699999809265137
vertex 39.5619010925293 -35.69131851196289 -11.699999809265137
vertex 39.5619010925293 -21.308635711669922 -11.699999809265137
endloop
endfacet
facet normal 0 0 -1
outer loop
vertex 39.5619010925293 -21.308635711669922 -11.699999809265137
vertex 39.45351791381836 -35.85353088378906 -11.699999809265137
vertex 39.45351791381836 -21.14642333984375 -11.699999809265137
endloop
endfacet
facet normal -0.19508570553829574 -0.9807861986664705 0
outer loop
vertex 39.0999641418457 -20.999977111816406 -13.4130277633667
vertex 39.29130554199219 -21.038036346435547 -13.416424751281738
vertex 39.29130554199219 -21.038036346435547 -11.699999809265137
endloop
endfacet
facet normal -0.5555707707654927 -0.831469252991977 0
outer loop
vertex 39.45351791381836 -21.14642333984375 -13.426097869873047
vertex 39.45351791381836 -21.14642333984375 -11.699999809265137
vertex 39.29130554199219 -21.038036346435547 -13.416424751281738
endloop
endfacet
facet normal -0.980782457176804 -0.19510451479714808 0
outer loop
vertex 39.5999641418457 -21.499977111816406 -13.45765209197998
vertex 39.5999641418457 -21.499977111816406 -11.699999809265137
vertex 39.5619010925293 -21.308635711669922 -13.440574645996094
endloop
endfacet
facet normal -0.8314782854783428 -0.5555572524753821 0
outer loop
vertex 39.5619010925293 -21.308635711669922 -13.440574645996094
vertex 39.5619010925293 -21.308635711669922 -11.699999809265137
vertex 39.45351791381836 -21.14642333984375 -13.426097869873047
endloop
endfacet
facet normal 0.9807843279631588 0.19509511019462944 0
outer loop
vertex 19.638023376464844 -35.69131851196289 -14.72419548034668
vertex 19.59996223449707 -35.499977111816406 -14.707118034362793
vertex 19.59996223449707 -35.499977111816406 -11.699999809265137
endloop
endfacet
facet normal -0.980782457176804 -0.19510451479714808 0
outer loop
vertex 39.5619010925293 -21.308635711669922 -11.699999809265137
vertex 39.5619010925293 -21.308635711669922 -13.440574645996094
vertex 39.5999641418457 -21.499977111816406 -11.699999809265137
endloop
endfacet
facet normal 0 1 0
outer loop
vertex 39.0999641418457 -35.999977111816406 -14.751742362976074
vertex 20.09996223449707 -35.999977111816406 -11.699999809265137
vertex 39.0999641418457 -35.999977111816406 -11.699999809265137
endloop
endfacet
facet normal 1 0 0
outer loop
vertex 19.59996223449707 -21.499977111816406 -11.699999809265137
vertex 19.59996223449707 -35.499977111816406 -14.707118034362793
vertex 19.59996223449707 -21.499977111816406 -13.45765209197998
endloop
endfacet
facet normal 1 0 0
outer loop
vertex 19.59996223449707 -35.499977111816406 -11.699999809265137
vertex 19.59996223449707 -35.499977111816406 -14.707118034362793
vertex 19.59996223449707 -21.499977111816406 -11.699999809265137
endloop
endfacet
facet normal 0.19508570553829577 0.9807861986664707 0
outer loop
vertex 20.09996223449707 -35.999977111816406 -11.699999809265137
vertex 20.09996223449707 -35.999977111816406 -14.751742362976074
vertex 19.908620834350586 -35.961917877197266 -11.699999809265137
endloop
endfacet
facet normal 0.5555707707654927 0.831469252991977 0
outer loop
vertex 19.908620834350586 -35.961917877197266 -11.699999809265137
vertex 19.908620834350586 -35.961917877197266 -14.748345375061035
vertex 19.746408462524414 -35.85353088378906 -11.699999809265137
endloop
endfacet
facet normal 0.9807843279631591 0.19509511019462947 0
outer loop
vertex 19.638023376464844 -35.69131851196289 -11.699999809265137
vertex 19.638023376464844 -35.69131851196289 -14.72419548034668
vertex 19.59996223449707 -35.499977111816406 -11.699999809265137
endloop
endfacet
facet normal 0.8314737692381023 0.555564011675507 0
outer loop
vertex 19.746408462524414 -35.85353088378906 -11.699999809265137
vertex 19.746408462524414 -35.85353088378906 -14.738672256469727
vertex 19.638023376464844 -35.69131851196289 -11.699999809265137
endloop
endfacet
facet normal 0 1 0
outer loop
vertex 39.0999641418457 -35.999977111816406 -14.751742362976074
vertex 20.09996223449707 -35.999977111816406 -14.751742362976074
vertex 20.09996223449707 -35.999977111816406 -11.699999809265137
endloop
endfacet
facet normal 0.19508570553829577 0.9807861986664705 0
outer loop
vertex 20.09996223449707 -35.999977111816406 -14.751742362976074
vertex 19.908620834350586 -35.961917877197266 -14.748345375061035
vertex 19.908620834350586 -35.961917877197266 -11.699999809265137
endloop
endfacet
facet normal 0.5555707707654927 0.831469252991977 0
outer loop
vertex 19.908620834350586 -35.961917877197266 -14.748345375061035
vertex 19.746408462524414 -35.85353088378906 -14.738672256469727
vertex 19.746408462524414 -35.85353088378906 -11.699999809265137
endloop
endfacet
facet normal 1 0 0
outer loop
vertex -22.625038146972656 53.250022888183594 -0.5
vertex -22.625038146972656 60.750022888183594 -4.099999904632568
vertex -22.625038146972656 60.750022888183594 -0.5
endloop
endfacet
facet normal 0 0 1
outer loop
vertex -10.973817825317383 43.55156707763672 -4.099999904632568
vertex -9.292299270629883 41.582759857177734 -4.099999904632568
vertex -8.103866577148438 45.907020568847656 -4.099999904632568
endloop
endfacet
facet normal 1 0 0
outer loop
vertex -25.625038146972656 32.20002365112305 -4.099999904632568
vertex -25.625038146972656 53.250022888183594 -4.099999904632568
vertex -25.625038146972656 53.250022888183594 -0.5
endloop
endfacet
facet normal 0 0 1
outer loop
vertex 5.932829856872559 41.04146194458008 -4.099999904632568
vertex -0.20620590448379517 36.95316696166992 -4.099999904632568
vertex 17.076570510864258 45.75918197631836 -4.099999904632568
endloop
endfacet
facet normal 0 0 1
outer loop
vertex 9.865805625915527 67.95162963867188 -4.099999904632568
vertex 9.366775512695312 63.952632904052734 -4.099999904632568
vertex 12.073419570922852 66.59880065917969 -4.099999904632568
endloop
endfacet
facet normal 0 0 1
outer loop
vertex 9.366775512695312 42.54741668701172 -4.099999904632568
vertex 5.932829856872559 41.04146194458008 -4.099999904632568
vertex 17.076570510864258 45.75918197631836 -4.099999904632568
endloop
endfacet
facet normal 0 0 1
outer loop
vertex 9.717964172363281 42.77119445800781 -4.099999904632568
vertex 9.366775512695312 42.54741668701172 -4.099999904632568
vertex 17.076570510864258 45.75918197631836 -4.099999904632568
endloop
endfacet
facet normal 0 0 1
outer loop
vertex 9.717964172363281 63.728851318359375 -4.099999904632568
vertex 12.073419570922852 66.59880065917969 -4.099999904632568
vertex 9.366775512695312 63.952632904052734 -4.099999904632568
endloop
endfacet
facet normal 0 0 1
outer loop
vertex 12.853792190551758 45.907020568847656 -4.099999904632568
vertex 9.717964172363281 42.77119445800781 -4.099999904632568
vertex 18.06739616394043 48.151241302490234 -4.099999904632568
endloop
endfacet
facet normal 0 0 1
outer loop
vertex 18.06739616394043 48.151241302490234 -4.099999904632568
vertex 9.717964172363281 42.77119445800781 -4.099999904632568
vertex 17.076570510864258 45.75918197631836 -4.099999904632568
endloop
endfacet
facet normal 0 0 1
outer loop
vertex -8.327645301818848 60.24183654785156 -4.099999904632568
vertex -7.323493957519531 66.59880065917969 -4.099999904632568
vertex -9.292299270629883 64.91728210449219 -4.099999904632568
endloop
endfacet
facet normal 0 0 1
outer loop
vertex -25.625038146972656 32.20002365112305 -4.099999904632568
vertex -22.625038146972656 45.35002517700195 -4.099999904632568
vertex -22.625038146972656 53.250022888183594 -4.099999904632568
endloop
endfacet
facet normal 0 0 1
outer loop
vertex 13.077570915222168 46.258209228515625 -4.099999904632568
vertex 12.853792190551758 45.907020568847656 -4.099999904632568
vertex 18.06739616394043 48.151241302490234 -4.099999904632568
endloop
endfacet
facet normal 0 0 1
outer loop
vertex 14.583523750305176 49.69215774536133 -4.099999904632568
vertex 13.077570915222168 46.258209228515625 -4.099999904632568
vertex 18.67181968688965 50.668853759765625 -4.099999904632568
endloop
endfacet
facet normal 0 0 1
outer loop
vertex 18.67181968688965 50.668853759765625 -4.099999904632568
vertex 13.077570915222168 46.258209228515625 -4.099999904632568
vertex 18.06739616394043 48.151241302490234 -4.099999904632568
endloop
endfacet
facet normal 0 0 1
outer loop
vertex 14.989614486694336 51.793914794921875 -4.099999904632568
vertex 14.583523750305176 49.69215774536133 -4.099999904632568
vertex 18.874961853027344 53.250022888183594 -4.099999904632568
endloop
endfacet
facet normal 0 0 1
outer loop
vertex 14.042224884033203 64.91728210449219 -4.099999904632568
vertex 12.853792190551758 60.59302520751953 -4.099999904632568
vertex 15.723743438720703 62.94847869873047 -4.099999904632568
endloop
endfacet
facet normal 0 0 1
outer loop
vertex 12.853792190551758 60.59302520751953 -4.099999904632568
vertex 13.077570915222168 60.24183654785156 -4.099999904632568
vertex 15.723743438720703 62.94847869873047 -4.099999904632568
endloop
endfacet
facet normal 0 0 1
outer loop
vertex 18.874961853027344 53.250022888183594 -4.099999904632568
vertex 14.583523750305176 49.69215774536133 -4.099999904632568
vertex 18.67181968688965 50.668853759765625 -4.099999904632568
endloop
endfacet
facet normal 0 0 1
outer loop
vertex 15.14277172088623 53.250022888183594 -4.099999904632568
vertex 14.989614486694336 51.793914794921875 -4.099999904632568
vertex 18.67181968688965 55.83119201660156 -4.099999904632568
endloop
endfacet
facet normal 0 0 1
outer loop
vertex 18.67181968688965 55.83119201660156 -4.099999904632568
vertex 14.989614486694336 51.793914794921875 -4.099999904632568
vertex 18.874961853027344 53.250022888183594 -4.099999904632568
endloop
endfacet
facet normal 0 0 1
outer loop
vertex 14.989614486694336 54.70613098144531 -4.099999904632568
vertex 15.14277172088623 53.250022888183594 -4.099999904632568
vertex 18.67181968688965 55.83119201660156 -4.099999904632568
endloop
endfacet
facet normal 0 0 1
outer loop
vertex 15.723743438720703 62.94847869873047 -4.099999904632568
vertex 14.583523750305176 56.807891845703125 -4.099999904632568
vertex 17.076570510864258 60.740867614746094 -4.099999904632568
endloop
endfacet
facet normal 0 0 1
outer loop
vertex 14.583523750305176 56.807891845703125 -4.099999904632568
vertex 18.06739616394043 58.34880447387695 -4.099999904632568
vertex 17.076570510864258 60.740867614746094 -4.099999904632568
endloop
endfacet
facet normal 0 0 1
outer loop
vertex 14.583523750305176 56.807891845703125 -4.099999904632568
vertex 14.989614486694336 54.70613098144531 -4.099999904632568
vertex 18.06739616394043 58.34880447387695 -4.099999904632568
endloop
endfacet
facet normal 0 0 1
outer loop
vertex 14.989614486694336 54.70613098144531 -4.099999904632568
vertex 18.67181968688965 55.83119201660156 -4.099999904632568
vertex 18.06739616394043 58.34880447387695 -4.099999904632568
endloop
endfacet
facet normal 0 0 1
outer loop
vertex 3.8310701847076416 40.635372161865234 -4.099999904632568
vertex -0.20620590448379517 36.95316696166992 -4.099999904632568
vertex 5.932829856872559 41.04146194458008 -4.099999904632568
endloop
endfacet
facet normal 0 0 1
outer loop
vertex 13.077570915222168 60.24183654785156 -4.099999904632568
vertex 14.583523750305176 56.807891845703125 -4.099999904632568
vertex 15.723743438720703 62.94847869873047 -4.099999904632568
endloop
endfacet
facet normal 0 -1 0
outer loop
vertex -25.625038146972656 53.250022888183594 -0.5
vertex -25.625038146972656 53.250022888183594 -4.099999904632568
vertex -22.625038146972656 53.250022888183594 -4.099999904632568
endloop
endfacet
facet normal 1 0 0
outer loop
vertex -22.625038146972656 53.250022888183594 -4.099999904632568
vertex -22.625038146972656 60.750022888183594 -4.099999904632568
vertex -22.625038146972656 53.250022888183594 -0.5
endloop
endfacet
facet normal 0 0 1
outer loop
vertex 12.073419570922852 66.59880065917969 -4.099999904632568
vertex 12.853792190551758 60.59302520751953 -4.099999904632568
vertex 14.042224884033203 64.91728210449219 -4.099999904632568
endloop
endfacet
facet normal 0 0 1
outer loop
vertex 9.717964172363281 63.728851318359375 -4.099999904632568
vertex 12.853792190551758 60.59302520751953 -4.099999904632568
vertex 12.073419570922852 66.59880065917969 -4.099999904632568
endloop
endfacet
facet normal 0 0 1
outer loop
vertex 2.37496280670166 40.482215881347656 -4.099999904632568
vertex -0.20620590448379517 36.95316696166992 -4.099999904632568
vertex 3.8310701847076416 40.635372161865234 -4.099999904632568
endloop
endfacet
facet normal 0 0 1
outer loop
vertex 0.9188554286956787 40.635372161865234 -4.099999904632568
vertex -2.7238175868988037 37.55759048461914 -4.099999904632568
vertex 2.37496280670166 40.482215881347656 -4.099999904632568
endloop
endfacet
facet normal 0 0 1
outer loop
vertex 0.9188554286956787 65.86467742919922 -4.099999904632568
vertex 2.37496280670166 69.7500228881836 -4.099999904632568
vertex -0.20620590448379517 69.54688262939453 -4.099999904632568
endloop
endfacet
facet normal 0 0 1
outer loop
vertex 2.37496280670166 69.7500228881836 -4.099999904632568
vertex 0.9188554286956787 65.86467742919922 -4.099999904632568
vertex 2.37496280670166 66.01782989501953 -4.099999904632568
endloop
endfacet
facet normal 0 0 1
outer loop
vertex 2.37496280670166 69.7500228881836 -4.099999904632568
vertex 2.37496280670166 66.01782989501953 -4.099999904632568
vertex 3.8310701847076416 65.86467742919922 -4.099999904632568
endloop
endfacet
facet normal 0 0 1
outer loop
vertex 2.37496280670166 69.7500228881836 -4.099999904632568
vertex 3.8310701847076416 65.86467742919922 -4.099999904632568
vertex 4.956131458282471 69.54688262939453 -4.099999904632568
endloop
endfacet
facet normal 0 0 1
outer loop
vertex -25.625038146972656 32.20002365112305 -4.099999904632568
vertex -16.625038146972656 32.20002365112305 -4.099999904632568
vertex -22.625038146972656 45.35002517700195 -4.099999904632568
endloop
endfacet
facet normal 1 0 0
outer loop
vertex -25.625038146972656 32.20002365112305 -0.5
vertex -25.625038146972656 32.20002365112305 -4.099999904632568
vertex -25.625038146972656 53.250022888183594 -0.5
endloop
endfacet
facet normal 0 0 1
outer loop
vertex -2.7238175868988037 37.55759048461914 -4.099999904632568
vertex -4.616849899291992 42.54741668701172 -4.099999904632568
vertex -5.115880489349365 38.54841613769531 -4.099999904632568
endloop
endfacet
facet normal 0 0 1
outer loop
vertex -2.7238175868988037 37.55759048461914 -4.099999904632568
vertex -0.20620590448379517 36.95316696166992 -4.099999904632568
vertex 2.37496280670166 40.482215881347656 -4.099999904632568
endloop
endfacet
facet normal 0 0 1
outer loop
vertex -2.7238175868988037 37.55759048461914 -4.099999904632568
vertex 0.9188554286956787 40.635372161865234 -4.099999904632568
vertex -1.1829042434692383 41.04146194458008 -4.099999904632568
endloop
endfacet
facet normal -1 0 0
outer loop
vertex -16.625038146972656 32.20002365112305 -4.099999904632568
vertex -16.625038146972656 32.20002365112305 -0.5
vertex -16.625038146972656 45.35002517700195 -0.5
endloop
endfacet
facet normal 0 0 1
outer loop
vertex 4.956131458282471 69.54688262939453 -4.099999904632568
vertex 3.8310701847076416 65.86467742919922 -4.099999904632568
vertex 5.932829856872559 65.45858764648438 -4.099999904632568
endloop
endfacet
facet normal 0 0 1
outer loop
vertex 4.956131458282471 69.54688262939453 -4.099999904632568
vertex 5.932829856872559 65.45858764648438 -4.099999904632568
vertex 7.473742961883545 68.94245910644531 -4.099999904632568
endloop
endfacet
facet normal 0 0 1
outer loop
vertex 7.473742961883545 68.94245910644531 -4.099999904632568
vertex 5.932829856872559 65.45858764648438 -4.099999904632568
vertex 9.366775512695312 63.952632904052734 -4.099999904632568
endloop
endfacet
facet normal 0 0 1
outer loop
vertex -0.20620590448379517 69.54688262939453 -4.099999904632568
vertex -1.1829042434692383 65.45858764648438 -4.099999904632568
vertex 0.9188554286956787 65.86467742919922 -4.099999904632568
endloop
endfacet
facet normal 0 0 1
outer loop
vertex -2.7238175868988037 68.94245910644531 -4.099999904632568
vertex -1.1829042434692383 65.45858764648438 -4.099999904632568
vertex -0.20620590448379517 69.54688262939453 -4.099999904632568
endloop
endfacet
facet normal 0 0 1
outer loop
vertex -5.115880489349365 67.95162963867188 -4.099999904632568
vertex -4.616849899291992 63.952632904052734 -4.099999904632568
vertex -2.7238175868988037 68.94245910644531 -4.099999904632568
endloop
endfacet
facet normal 0 0 1
outer loop
vertex -1.1829042434692383 65.45858764648438 -4.099999904632568
vertex -2.7238175868988037 68.94245910644531 -4.099999904632568
vertex -4.616849899291992 63.952632904052734 -4.099999904632568
endloop
endfacet
facet normal 0 0 1
outer loop
vertex -5.115880489349365 67.95162963867188 -4.099999904632568
vertex -4.968039035797119 63.728851318359375 -4.099999904632568
vertex -4.616849899291992 63.952632904052734 -4.099999904632568
endloop
endfacet
facet normal 0 0 1
outer loop
vertex -7.323493957519531 66.59880065917969 -4.099999904632568
vertex -4.968039035797119 63.728851318359375 -4.099999904632568
vertex -5.115880489349365 67.95162963867188 -4.099999904632568
endloop
endfacet
facet normal 0 0 1
outer loop
vertex -7.323493957519531 66.59880065917969 -4.099999904632568
vertex -8.103866577148438 60.59302520751953 -4.099999904632568
vertex -4.968039035797119 63.728851318359375 -4.099999904632568
endloop
endfacet
facet normal 0 0 1
outer loop
vertex -8.327645301818848 60.24183654785156 -4.099999904632568
vertex -8.103866577148438 60.59302520751953 -4.099999904632568
vertex -7.323493957519531 66.59880065917969 -4.099999904632568
endloop
endfacet
facet normal 0 0 1
outer loop
vertex -25.625038146972656 32.20002365112305 -4.099999904632568
vertex -22.625038146972656 53.250022888183594 -4.099999904632568
vertex -25.625038146972656 53.250022888183594 -4.099999904632568
endloop
endfacet
facet normal 0 0 1
outer loop
vertex -9.292299270629883 64.91728210449219 -4.099999904632568
vertex -9.833598136901855 56.807891845703125 -4.099999904632568
vertex -8.327645301818848 60.24183654785156 -4.099999904632568
endloop
endfacet
facet normal 0 0 1
outer loop
vertex -9.292299270629883 64.91728210449219 -4.099999904632568
vertex -10.239688873291016 54.70613098144531 -4.099999904632568
vertex -9.833598136901855 56.807891845703125 -4.099999904632568
endloop
endfacet
facet normal 0 0 1
outer loop
vertex -10.973817825317383 62.94847869873047 -4.099999904632568
vertex -12.321033477783203 45.750022888183594 -4.099999904632568
vertex -9.292299270629883 64.91728210449219 -4.099999904632568
endloop
endfacet
facet normal 0 0 1
outer loop
vertex -12.321033477783203 60.750022888183594 -4.099999904632568
vertex -12.321033477783203 45.750022888183594 -4.099999904632568
vertex -10.973817825317383 62.94847869873047 -4.099999904632568
endloop
endfacet
facet normal 0 0 1
outer loop
vertex 9.366775512695312 63.952632904052734 -4.099999904632568
vertex 9.865805625915527 67.95162963867188 -4.099999904632568
vertex 7.473742961883545 68.94245910644531 -4.099999904632568
endloop
endfacet
facet normal 0 0 1
outer loop
vertex -4.616849899291992 42.54741668701172 -4.099999904632568
vertex -2.7238175868988037 37.55759048461914 -4.099999904632568
vertex -1.1829042434692383 41.04146194458008 -4.099999904632568
endloop
endfacet
facet normal 0 0 1
outer loop
vertex -4.616849899291992 42.54741668701172 -4.099999904632568
vertex -4.968039035797119 42.77119445800781 -4.099999904632568
vertex -7.323493957519531 39.901241302490234 -4.099999904632568
endloop
endfacet
facet normal 0 0 1
outer loop
vertex -7.323493957519531 39.901241302490234 -4.099999904632568
vertex -5.115880489349365 38.54841613769531 -4.099999904632568
vertex -4.616849899291992 42.54741668701172 -4.099999904632568
endloop
endfacet
facet normal 0 0 1
outer loop
vertex -8.103866577148438 45.907020568847656 -4.099999904632568
vertex -7.323493957519531 39.901241302490234 -4.099999904632568
vertex -4.968039035797119 42.77119445800781 -4.099999904632568
endloop
endfacet
facet normal 0 0 1
outer loop
vertex -8.103866577148438 45.907020568847656 -4.099999904632568
vertex -9.292299270629883 41.582759857177734 -4.099999904632568
vertex -7.323493957519531 39.901241302490234 -4.099999904632568
endloop
endfacet
facet normal 0 0 1
outer loop
vertex -12.321033477783203 45.750022888183594 -4.099999904632568
vertex -10.239688873291016 54.70613098144531 -4.099999904632568
vertex -9.292299270629883 64.91728210449219 -4.099999904632568
endloop
endfacet
facet normal 0 0 1
outer loop
vertex -12.62503719329834 60.750022888183594 -4.099999904632568
vertex -12.62503719329834 45.750022888183594 -4.099999904632568
vertex -12.321033477783203 60.750022888183594 -4.099999904632568
endloop
endfacet
facet normal 0 0 1
outer loop
vertex -10.39284610748291 53.250022888183594 -4.099999904632568
vertex -10.239688873291016 54.70613098144531 -4.099999904632568
vertex -12.321033477783203 45.750022888183594 -4.099999904632568
endloop
endfacet
facet normal 0 -1 0
outer loop
vertex -22.625038146972656 53.250022888183594 -4.099999904632568
vertex -22.625038146972656 53.250022888183594 -0.5
vertex -25.625038146972656 53.250022888183594 -0.5
endloop
endfacet
facet normal 0 0 1
outer loop
vertex -10.239688873291016 51.793914794921875 -4.099999904632568
vertex -10.39284610748291 53.250022888183594 -4.099999904632568
vertex -12.321033477783203 45.750022888183594 -4.099999904632568
endloop
endfacet
facet normal 0 0 1
outer loop
vertex -9.833598136901855 49.69215774536133 -4.099999904632568
vertex -10.239688873291016 51.793914794921875 -4.099999904632568
vertex -12.321033477783203 45.750022888183594 -4.099999904632568
endloop
endfacet
facet normal 0 0 1
outer loop
vertex -12.62503719329834 45.750022888183594 -4.099999904632568
vertex -12.321033477783203 45.750022888183594 -4.099999904632568
vertex -12.321033477783203 60.750022888183594 -4.099999904632568
endloop
endfacet
facet normal -1 0 0
outer loop
vertex -16.625038146972656 45.35002517700195 -0.5
vertex -16.625038146972656 45.35002517700195 -4.099999904632568
vertex -16.625038146972656 32.20002365112305 -4.099999904632568
endloop
endfacet
facet normal 0 0 1
outer loop
vertex -8.327645301818848 46.258209228515625 -4.099999904632568
vertex -9.833598136901855 49.69215774536133 -4.099999904632568
vertex -10.973817825317383 43.55156707763672 -4.099999904632568
endloop
endfacet
facet normal 0 0 1
outer loop
vertex -12.321033477783203 45.750022888183594 -4.099999904632568
vertex -10.973817825317383 43.55156707763672 -4.099999904632568
vertex -9.833598136901855 49.69215774536133 -4.099999904632568
endloop
endfacet
facet normal 0 0 1
outer loop
vertex -8.103866577148438 45.907020568847656 -4.099999904632568
vertex -8.327645301818848 46.258209228515625 -4.099999904632568
vertex -10.973817825317383 43.55156707763672 -4.099999904632568
endloop
endfacet
facet normal 0 0 1
outer loop
vertex -22.625038146972656 45.35002517700195 -4.099999904632568
vertex -16.625038146972656 32.20002365112305 -4.099999904632568
vertex -16.625038146972656 45.35002517700195 -4.099999904632568
endloop
endfacet
facet normal 1 0 0
outer loop
vertex -22.625038146972656 45.35002517700195 -4.900000095367432
vertex -22.625038146972656 53.250022888183594 -4.099999904632568
vertex -22.625038146972656 45.35002517700195 -4.099999904632568
endloop
endfacet
facet normal 1 0 0
outer loop
vertex -22.625038146972656 53.250022888183594 -4.099999904632568
vertex -22.625038146972656 45.35002517700195 -4.900000095367432
vertex -22.625038146972656 61.1500244140625 -4.900000095367432
endloop
endfacet
facet normal 0 -1 0
outer loop
vertex -12.62503719329834 61.1500244140625 -4.900000095367432
vertex -12.62503719329834 61.1500244140625 -4.099999904632568
vertex -22.625038146972656 61.1500244140625 -4.900000095367432
endloop
endfacet
facet normal 0 1 0
outer loop
vertex -12.62503719329834 45.35002517700195 -4.900000095367432
vertex -13.946269035339355 45.35002517700195 -0.5
vertex -12.62503719329834 45.35002517700195 -4.099999904632568
endloop
endfacet
facet normal 0 1 0
outer loop
vertex -22.625038146972656 45.35002517700195 -4.900000095367432
vertex -22.625038146972656 45.35002517700195 -4.099999904632568
vertex -12.62503719329834 45.35002517700195 -4.900000095367432
endloop
endfacet
facet normal -1 0 0
outer loop
vertex -12.62503719329834 45.35002517700195 -4.900000095367432
vertex -12.62503719329834 45.35002517700195 -4.099999904632568
vertex -12.62503719329834 45.750022888183594 -4.099999904632568
endloop
endfacet
facet normal -1 0 0
outer loop
vertex -12.62503719329834 61.1500244140625 -4.900000095367432
vertex -12.62503719329834 45.750022888183594 -4.099999904632568
vertex -12.62503719329834 60.750022888183594 -4.099999904632568
endloop
endfacet
facet normal 0 1 0
outer loop
vertex -12.62503719329834 45.35002517700195 -4.900000095367432
vertex -22.625038146972656 45.35002517700195 -4.099999904632568
vertex -16.625038146972656 45.35002517700195 -4.099999904632568
endloop
endfacet
facet normal 0 1 0
outer loop
vertex -16.625038146972656 45.35002517700195 -4.099999904632568
vertex -16.625038146972656 45.35002517700195 -0.5
vertex -13.946269035339355 45.35002517700195 -0.5
endloop
endfacet
facet normal 0 -1 0
outer loop
vertex -22.625038146972656 61.1500244140625 -0.5
vertex -22.625038146972656 61.1500244140625 -4.900000095367432
vertex -13.946269035339355 61.1500244140625 -0.5
endloop
endfacet
facet normal 1 0 0
outer loop
vertex -22.625038146972656 60.750022888183594 -0.5
vertex -22.625038146972656 60.750022888183594 -4.099999904632568
vertex -22.625038146972656 61.1500244140625 -0.5
endloop
endfacet
facet normal -1 0 0
outer loop
vertex -12.62503719329834 61.1500244140625 -4.900000095367432
vertex -12.62503719329834 60.750022888183594 -4.099999904632568
vertex -12.62503719329834 61.1500244140625 -4.099999904632568
endloop
endfacet
facet normal 1 0 0
outer loop
vertex -22.625038146972656 61.1500244140625 -4.900000095367432
vertex -22.625038146972656 61.1500244140625 -0.5
vertex -22.625038146972656 60.750022888183594 -4.099999904632568
endloop
endfacet
facet normal 1 0 0
outer loop
vertex -22.625038146972656 53.250022888183594 -4.099999904632568
vertex -22.625038146972656 61.1500244140625 -4.900000095367432
vertex -22.625038146972656 60.750022888183594 -4.099999904632568
endloop
endfacet
facet normal 0 0 1
outer loop
vertex -22.625038146972656 61.1500244140625 -4.900000095367432
vertex -12.62503719329834 45.35002517700195 -4.900000095367432
vertex -12.62503719329834 61.1500244140625 -4.900000095367432
endloop
endfacet
facet normal -1 0 0
outer loop
vertex -12.62503719329834 61.1500244140625 -4.900000095367432
vertex -12.62503719329834 45.35002517700195 -4.900000095367432
vertex -12.62503719329834 45.750022888183594 -4.099999904632568
endloop
endfacet
facet normal 0 -1 0
outer loop
vertex -13.946269035339355 61.1500244140625 -0.5
vertex -22.625038146972656 61.1500244140625 -4.900000095367432
vertex -12.62503719329834 61.1500244140625 -4.099999904632568
endloop
endfacet
facet normal 0 0 1
outer loop
vertex -22.625038146972656 61.1500244140625 -4.900000095367432
vertex -22.625038146972656 45.35002517700195 -4.900000095367432
vertex -12.62503719329834 45.35002517700195 -4.900000095367432
endloop
endfacet
facet normal 0 1 0
outer loop
vertex -13.946269035339355 45.35002517700195 -0.5
vertex -12.62503719329834 45.35002517700195 -4.900000095367432
vertex -16.625038146972656 45.35002517700195 -4.099999904632568
endloop
endfacet
facet normal -0.25881605006613106 0.965926628799965 0.000001816783175032519
outer loop
vertex 5.275473117828369 42.68251037597656 -5.536246299743652
vertex 5.919745922088623 42.855140686035156 -5.575359344482422
vertex 6.137184143066406 42.91340637207031 -7.7089104652404785
endloop
endfacet
facet normal 0.9659255986283785 0.25881989474228734 0
outer loop
vertex -8.192550659179688 50.34951400756836 -5.536246299743652
vertex -8.45792293548584 51.33989334106445 -6.956866264343262
vertex -8.45792293548584 51.33989334106445 -5.442880630493164
endloop
endfacet
facet normal 0.996194717265138 0.08715552359450154 0
outer loop
vertex -8.45792293548584 51.33989334106445 -6.956866264343262
vertex -8.62503719329834 53.250022888183594 -6.786391735076904
vertex -8.45792293548584 51.33989334106445 -5.442880630493164
endloop
endfacet
facet normal 0.9063079362423082 0.42261794176756345 -5.971220699974544e-7
outer loop
vertex -7.1513166427612305 47.750022888183594 -5.386653900146484
vertex -7.961656093597412 49.48780059814453 -7.122161388397217
vertex -7.883767604827881 49.320770263671875 -5.549038887023926
endloop
endfacet
facet normal 0.9659257812438773 0.2588192132126762 -6.135239332025517e-7
outer loop
vertex -8.019918441772461 49.70524215698242 -5.575359344482422
vertex -7.961656093597412 49.48780059814453 -7.122161388397217
vertex -8.192550659179688 50.34951400756836 -5.536246299743652
endloop
endfacet
facet normal 0.906305782194501 0.4226225611119381 0
outer loop
vertex -7.961656093597412 49.48780059814453 -7.122161388397217
vertex -7.961656093597412 49.48780059814453 -5.545279026031494
vertex -7.883767604827881 49.320770263671875 -5.549038887023926
endloop
endfacet
facet normal 0.9659268723352215 0.2588151411735738 0
outer loop
vertex -7.961656093597412 49.48780059814453 -5.545279026031494
vertex -7.961656093597412 49.48780059814453 -7.122161388397217
vertex -8.019918441772461 49.70524215698242 -5.575359344482422
endloop
endfacet
facet normal -0.25883268249020797 0.965922172058869 0
outer loop
vertex 5.919745922088623 42.855140686035156 -5.575359344482422
vertex 6.137184143066406 42.91340637207031 -5.545279026031494
vertex 6.137184143066406 42.91340637207031 -7.7089104652404785
endloop
endfacet
facet normal -0.4226015954142018 0.906315558485769 0
outer loop
vertex 6.137184143066406 42.91340637207031 -7.7089104652404785
vertex 6.137184143066406 42.91340637207031 -5.545279026031494
vertex 6.304216384887695 42.99129104614258 -5.549038887023926
endloop
endfacet
facet normal -0.25882053002886035 0.9659254284030315 0
outer loop
vertex 5.275473117828369 42.68251037597656 -5.536246299743652
vertex 4.285092830657959 42.417137145996094 -7.753201007843018
vertex 4.285092830657959 42.417137145996094 -5.442880630493164
endloop
endfacet
facet normal -0.4226190205175676 0.9063074332113139 0.0000016405551457706628
outer loop
vertex 7.87496280670166 43.7237434387207 -5.386653900146484
vertex 6.137184143066406 42.91340637207031 -7.7089104652404785
vertex 6.304216384887695 42.99129104614258 -5.549038887023926
endloop
endfacet
facet normal -0.5735771682026222 0.8191515318405143 0
outer loop
vertex 9.445626258850098 44.82353591918945 -5.446519374847412
vertex 7.87496280670166 43.7237434387207 -7.636589527130127
vertex 7.87496280670166 43.7237434387207 -5.386653900146484
endloop
endfacet
facet normal -0.08715550200261715 0.996194719154178 0
outer loop
vertex 4.285092830657959 42.417137145996094 -5.442880630493164
vertex 2.37496280670166 42.250022888183594 -7.768115520477295
vertex 2.37496280670166 42.250022888183594 -5.504171371459961
endloop
endfacet
facet normal 0.996194717265138 -0.08715552359450154 0
outer loop
vertex -8.62503719329834 53.250022888183594 -6.786391735076904
vertex -8.45792293548584 55.160152435302734 -6.615917205810547
vertex -8.62503719329834 53.250022888183594 -5.504171371459961
endloop
endfacet
facet normal -0.7071046545783929 0.7071089077883066 0
outer loop
vertex 9.445626258850098 44.82353591918945 -7.538435935974121
vertex 9.445626258850098 44.82353591918945 -5.446519374847412
vertex 9.604177474975586 44.982086181640625 -5.481316566467285
endloop
endfacet
facet normal -0.7071067811865096 0.7071067811865096 3.278125645843944e-7
outer loop
vertex 10.642900466918945 46.020809173583984 -5.481316566467285
vertex 9.445626258850098 44.82353591918945 -7.538435935974121
vertex 9.604177474975586 44.982086181640625 -5.481316566467285
endloop
endfacet
facet normal -0.7071046545783928 0.7071089077883065 0
outer loop
vertex 10.801451683044434 46.179359436035156 -7.417431831359863
vertex 10.642900466918945 46.020809173583984 -5.481316566467285
vertex 10.801451683044434 46.179359436035156 -5.446519374847412
endloop
endfacet
facet normal -0.8191519992174643 0.5735765007198529 0
outer loop
vertex 11.90124225616455 47.750022888183594 -5.386653900146484
vertex 10.801451683044434 46.179359436035156 -7.417431831359863
vertex 10.801451683044434 46.179359436035156 -5.446519374847412
endloop
endfacet
facet normal 0.25881625461276897 -0.9659265739942073 1.776441927964113e-7
outer loop
vertex -1.1698201894760132 63.64490509033203 -5.575359344482422
vertex -1.387258768081665 63.58664321899414 -5.863873481750488
vertex -0.5255476832389832 63.817535400390625 -5.536246299743652
endloop
endfacet
facet normal -0.9063078072169254 0.4226182184639564 0
outer loop
vertex 12.63369369506836 49.320770263671875 -5.549038887023926
vertex 11.90124225616455 47.750022888183594 -7.2772536277771
vertex 11.90124225616455 47.750022888183594 -5.386653900146484
endloop
endfacet
facet normal -0.9659263427850233 0.2588171175056816 0
outer loop
vertex 12.711581230163574 49.48780059814453 -7.122161388397217
vertex 12.711581230163574 49.48780059814453 -5.545279026031494
vertex 12.769844055175781 49.70524215698242 -5.575359344482422
endloop
endfacet
facet normal -0.9063077642037689 0.4226183107059677 0
outer loop
vertex 12.711581230163574 49.48780059814453 -7.122161388397217
vertex 12.63369369506836 49.320770263671875 -5.549038887023926
vertex 12.711581230163574 49.48780059814453 -5.545279026031494
endloop
endfacet
facet normal -0.9659257858022191 0.25881919620126204 -3.131921120217592e-7
outer loop
vertex 12.942476272583008 50.34951400756836 -5.536246299743652
vertex 12.711581230163574 49.48780059814453 -7.122161388397217
vertex 12.769844055175781 49.70524215698242 -5.575359344482422
endloop
endfacet
facet normal -0.9659258311604719 0.25881902692219383 0
outer loop
vertex 13.207847595214844 51.33989334106445 -6.956866264343262
vertex 12.942476272583008 50.34951400756836 -5.536246299743652
vertex 13.207847595214844 51.33989334106445 -5.442880630493164
endloop
endfacet
facet normal -0.9961946740812381 0.08715601718857785 0
outer loop
vertex 13.37496280670166 53.250022888183594 -5.504171371459961
vertex 13.207847595214844 51.33989334106445 -6.956866264343262
vertex 13.207847595214844 51.33989334106445 -5.442880630493164
endloop
endfacet
facet normal 0.5735770513584013 0.8191516136558618 0
outer loop
vertex -3.12503719329834 43.7237434387207 -5.386653900146484
vertex -4.6957011222839355 44.82353591918945 -7.538435935974121
vertex -4.6957011222839355 44.82353591918945 -5.446519374847412
endloop
endfacet
facet normal 0.25881616493592285 0.965926598021175 0.0000017608528048805365
outer loop
vertex -0.5255476832389832 42.68251037597656 -5.536246299743652
vertex -1.387258768081665 42.91340637207031 -7.7089104652404785
vertex -1.1698201894760132 42.855140686035156 -5.575359344482422
endloop
endfacet
facet normal 0.25883228530029617 0.9659222784915078 0
outer loop
vertex -1.387258768081665 42.91340637207031 -7.7089104652404785
vertex -1.387258768081665 42.91340637207031 -5.545279026031494
vertex -1.1698201894760132 42.855140686035156 -5.575359344482422
endloop
endfacet
facet normal 0.42260209089889483 0.9063153274483899 0
outer loop
vertex -1.387258768081665 42.91340637207031 -7.7089104652404785
vertex -1.554290771484375 42.99129104614258 -5.549038887023926
vertex -1.387258768081665 42.91340637207031 -5.545279026031494
endloop
endfacet
facet normal 0.4226188812083072 0.9063074981739027 0
outer loop
vertex -1.554290771484375 42.99129104614258 -5.549038887023926
vertex -3.12503719329834 43.7237434387207 -7.636589527130127
vertex -3.12503719329834 43.7237434387207 -5.386653900146484
endloop
endfacet
facet normal 0.7071057178816708 0.7071078444898254 0
outer loop
vertex -5.892975330352783 46.020809173583984 -5.481316566467285
vertex -6.051526069641113 46.179359436035156 -7.417431831359863
vertex -6.051526069641113 46.179359436035156 -5.446519374847412
endloop
endfacet
facet normal 0.707106618884005 0.7071069434890376 -1.475679174474995e-7
outer loop
vertex -4.854251861572266 44.982086181640625 -5.481316566467285
vertex -6.051526069641113 46.179359436035156 -7.417431831359863
vertex -5.892975330352783 46.020809173583984 -5.481316566467285
endloop
endfacet
facet normal 0.7071057178816706 0.7071078444898254 0
outer loop
vertex -4.6957011222839355 44.82353591918945 -7.538435935974121
vertex -4.854251861572266 44.982086181640625 -5.481316566467285
vertex -4.6957011222839355 44.82353591918945 -5.446519374847412
endloop
endfacet
facet normal 0.8191519992174643 0.5735765007198529 0
outer loop
vertex -6.051526069641113 46.179359436035156 -5.446519374847412
vertex -7.1513166427612305 47.750022888183594 -7.2772536277771
vertex -7.1513166427612305 47.750022888183594 -5.386653900146484
endloop
endfacet
facet normal -0.9961946740812382 0.08715601718857785 0
outer loop
vertex 13.37496280670166 53.250022888183594 -6.786391735076904
vertex 13.207847595214844 51.33989334106445 -6.956866264343262
vertex 13.37496280670166 53.250022888183594 -5.504171371459961
endloop
endfacet
facet normal -0.9961946740812381 -0.08715601718857785 0
outer loop
vertex 13.207847595214844 55.160152435302734 -6.615917205810547
vertex 13.37496280670166 53.250022888183594 -6.786391735076904
vertex 13.207847595214844 55.160152435302734 -5.442880630493164
endloop
endfacet
facet normal -0.9659258625806721 -0.25881890965955495 6.508316399110773e-7
outer loop
vertex 12.711581230163574 57.012245178222656 -6.45062255859375
vertex 13.207847595214844 55.160152435302734 -6.615917205810547
vertex 12.769844055175781 56.79480743408203 -5.575359344482422
endloop
endfacet
facet normal -0.9961946740812382 -0.08715601718857785 0
outer loop
vertex 13.207847595214844 55.160152435302734 -5.442880630493164
vertex 13.37496280670166 53.250022888183594 -6.786391735076904
vertex 13.37496280670166 53.250022888183594 -5.504171371459961
endloop
endfacet
facet normal -0.9659258058439538 -0.2588191214027545 0.000001007349981521778
outer loop
vertex 12.769844055175781 56.79480743408203 -5.575359344482422
vertex 13.207847595214844 55.160152435302734 -6.615917205810547
vertex 12.942476272583008 56.150535583496094 -5.536246299743652
endloop
endfacet
facet normal 0.9659258119948907 -0.2588190984490784 1.3157955061393266e-7
outer loop
vertex -8.45792293548584 55.160152435302734 -6.615917205810547
vertex -7.961656093597412 57.012245178222656 -6.45062255859375
vertex -8.192550659179688 56.150535583496094 -5.536246299743652
endloop
endfacet
facet normal 0.9063077402041761 -0.4226183621721882 -9.470632092977748e-7
outer loop
vertex -7.961656093597412 57.012245178222656 -6.45062255859375
vertex -7.1513166427612305 58.750022888183594 -6.295529842376709
vertex -7.883767604827881 57.17927551269531 -5.549038887023926
endloop
endfacet
facet normal 0.9659257913728364 -0.2588191754116308 5.384252564419915e-8
outer loop
vertex -7.961656093597412 57.012245178222656 -6.45062255859375
vertex -8.019918441772461 56.79480743408203 -5.575359344482422
vertex -8.192550659179688 56.150535583496094 -5.536246299743652
endloop
endfacet
facet normal 0.996194717265138 0.08715552359450154 0
outer loop
vertex -8.45792293548584 51.33989334106445 -5.442880630493164
vertex -8.62503719329834 53.250022888183594 -6.786391735076904
vertex -8.62503719329834 53.250022888183594 -5.504171371459961
endloop
endfacet
facet normal 0.996194717265138 -0.08715552359450154 0
outer loop
vertex -8.62503719329834 53.250022888183594 -5.504171371459961
vertex -8.45792293548584 55.160152435302734 -6.615917205810547
vertex -8.45792293548584 55.160152435302734 -5.442880630493164
endloop
endfacet
facet normal 0.9659258022607923 0.25881913477662744 -5.678455188786514e-7
outer loop
vertex -7.961656093597412 49.48780059814453 -7.122161388397217
vertex -8.45792293548584 51.33989334106445 -6.956866264343262
vertex -8.192550659179688 50.34951400756836 -5.536246299743652
endloop
endfacet
facet normal 0.9659258478554165 -0.25881896461580034 0
outer loop
vertex -8.45792293548584 55.160152435302734 -5.442880630493164
vertex -8.45792293548584 55.160152435302734 -6.615917205810547
vertex -8.192550659179688 56.150535583496094 -5.536246299743652
endloop
endfacet
facet normal 0.9063077078302951 0.42261843159923396 0
outer loop
vertex -7.961656093597412 49.48780059814453 -7.122161388397217
vertex -7.1513166427612305 47.750022888183594 -5.386653900146484
vertex -7.1513166427612305 47.750022888183594 -7.2772536277771
endloop
endfacet
facet normal 0.5735770513584012 0.8191516136558616 0
outer loop
vertex -3.12503719329834 43.7237434387207 -7.636589527130127
vertex -4.6957011222839355 44.82353591918945 -7.538435935974121
vertex -3.12503719329834 43.7237434387207 -5.386653900146484
endloop
endfacet
facet normal 0.2588203983073061 0.9659254636979222 -3.871373956889742e-8
outer loop
vertex -0.5255476832389832 42.68251037597656 -5.536246299743652
vertex 0.4648328125476837 42.417137145996094 -7.753201007843018
vertex -1.387258768081665 42.91340637207031 -7.7089104652404785
endloop
endfacet
facet normal 0.42261731637497774 0.9063082278661919 0.0000014334604194323646
outer loop
vertex -3.12503719329834 43.7237434387207 -7.636589527130127
vertex -1.554290771484375 42.99129104614258 -5.549038887023926
vertex -1.387258768081665 42.91340637207031 -7.7089104652404785
endloop
endfacet
facet normal 0.8191519992174643 0.5735765007198529 0
outer loop
vertex -6.051526069641113 46.179359436035156 -7.417431831359863
vertex -7.1513166427612305 47.750022888183594 -7.2772536277771
vertex -6.051526069641113 46.179359436035156 -5.446519374847412
endloop
endfacet
facet normal 0.707106412938198 0.7071071494346971 1.0714152155107224e-7
outer loop
vertex -4.6957011222839355 44.82353591918945 -7.538435935974121
vertex -6.051526069641113 46.179359436035156 -7.417431831359863
vertex -4.854251861572266 44.982086181640625 -5.481316566467285
endloop
endfacet
facet normal 0.96592573718903 -0.2588193776281615 0
outer loop
vertex -8.019918441772461 56.79480743408203 -5.575359344482422
vertex -7.961656093597412 57.012245178222656 -6.45062255859375
vertex -7.961656093597412 57.012245178222656 -5.545279026031494
endloop
endfacet
facet normal 0.906305782194501 -0.4226225611119381 0
outer loop
vertex -7.961656093597412 57.012245178222656 -5.545279026031494
vertex -7.961656093597412 57.012245178222656 -6.45062255859375
vertex -7.883767604827881 57.17927551269531 -5.549038887023926
endloop
endfacet
facet normal 0.08715550335210961 0.9961947190361132 0
outer loop
vertex 2.37496280670166 42.250022888183594 -5.504171371459961
vertex 0.4648328125476837 42.417137145996094 -7.753201007843018
vertex 0.4648328125476837 42.417137145996094 -5.442880630493164
endloop
endfacet
facet normal 0.906307912598174 -0.4226179924730378 0
outer loop
vertex -7.883767604827881 57.17927551269531 -5.549038887023926
vertex -7.1513166427612305 58.750022888183594 -6.295529842376709
vertex -7.1513166427612305 58.750022888183594 -5.386653900146484
endloop
endfacet
facet normal 0.8191519992174643 -0.5735765007198529 0
outer loop
vertex -7.1513166427612305 58.750022888183594 -5.386653900146484
vertex -7.1513166427612305 58.750022888183594 -6.295529842376709
vertex -6.051526069641113 60.32068634033203 -6.1553521156311035
endloop
endfacet
facet normal 0.2588204791623435 0.9659254420327559 0
outer loop
vertex 0.4648328125476837 42.417137145996094 -7.753201007843018
vertex -0.5255476832389832 42.68251037597656 -5.536246299743652
vertex 0.4648328125476837 42.417137145996094 -5.442880630493164
endloop
endfacet
facet normal -0.9659258744111355 0.2588188655084257 -1.2060815011820012e-7
outer loop
vertex 13.207847595214844 51.33989334106445 -6.956866264343262
vertex 12.711581230163574 49.48780059814453 -7.122161388397217
vertex 12.942476272583008 50.34951400756836 -5.536246299743652
endloop
endfacet
facet normal 0.8191519992174644 -0.5735765007198529 0
outer loop
vertex -7.1513166427612305 58.750022888183594 -5.386653900146484
vertex -6.051526069641113 60.32068634033203 -6.1553521156311035
vertex -6.051526069641113 60.32068634033203 -5.446519374847412
endloop
endfacet
facet normal 0.7071057178816706 -0.7071078444898253 0
outer loop
vertex -6.051526069641113 60.32068634033203 -6.1553521156311035
vertex -5.892975330352783 60.4792366027832 -5.481316566467285
vertex -6.051526069641113 60.32068634033203 -5.446519374847412
endloop
endfacet
facet normal -0.9063078027176606 0.42261822811266186 -1.0676434659110223e-8
outer loop
vertex 12.711581230163574 49.48780059814453 -7.122161388397217
vertex 11.90124225616455 47.750022888183594 -7.2772536277771
vertex 12.63369369506836 49.320770263671875 -5.549038887023926
endloop
endfacet
facet normal 0.7071074390333215 -0.7071061233386978 -8.097181674392927e-7
outer loop
vertex -5.892975330352783 60.4792366027832 -5.481316566467285
vertex -6.051526069641113 60.32068634033203 -6.1553521156311035
vertex -4.6957011222839355 61.676513671875 -6.034348011016846
endloop
endfacet
facet normal -0.8191519992174643 0.5735765007198529 0
outer loop
vertex 11.90124225616455 47.750022888183594 -7.2772536277771
vertex 10.801451683044434 46.179359436035156 -7.417431831359863
vertex 11.90124225616455 47.750022888183594 -5.386653900146484
endloop
endfacet
facet normal -0.9659260803858986 -0.25881809679837775 0
outer loop
vertex 12.942476272583008 56.150535583496094 -5.536246299743652
vertex 13.207847595214844 55.160152435302734 -6.615917205810547
vertex 13.207847595214844 55.160152435302734 -5.442880630493164
endloop
endfacet
facet normal -0.7071080796024818 -0.7071054827663932 -0.0000016113094616300958
outer loop
vertex 9.604177474975586 61.51796340942383 -5.481316566467285
vertex 10.801451683044434 60.32068634033203 -6.1553521156311035
vertex 10.642900466918945 60.4792366027832 -5.481316566467285
endloop
endfacet
facet normal -0.7071046545783928 -0.7071089077883065 0
outer loop
vertex 9.445626258850098 61.676513671875 -5.446519374847412
vertex 9.445626258850098 61.676513671875 -6.034348011016846
vertex 9.604177474975586 61.51796340942383 -5.481316566467285
endloop
endfacet
facet normal -0.7071072130933602 -0.7071063492779492 0.0000014670199248125176
outer loop
vertex 10.801451683044434 60.32068634033203 -6.1553521156311035
vertex 9.604177474975586 61.51796340942383 -5.481316566467285
vertex 9.445626258850098 61.676513671875 -6.034348011016846
endloop
endfacet
facet normal -0.8191519992174643 -0.5735765007198529 0
outer loop
vertex 10.801451683044434 60.32068634033203 -5.446519374847412
vertex 11.90124225616455 58.750022888183594 -6.295529842376709
vertex 11.90124225616455 58.750022888183594 -5.386653900146484
endloop
endfacet
facet normal -0.9063078080568273 -0.42261821666278 -2.1211200169978778e-8
outer loop
vertex 11.90124225616455 58.750022888183594 -5.386653900146484
vertex 12.711581230163574 57.012245178222656 -6.45062255859375
vertex 12.63369369506836 57.17927551269531 -5.549038887023926
endloop
endfacet
facet normal -0.965925207622118 -0.2588213539879739 0
outer loop
vertex 12.711581230163574 57.012245178222656 -5.545279026031494
vertex 12.711581230163574 57.012245178222656 -6.45062255859375
vertex 12.769844055175781 56.79480743408203 -5.575359344482422
endloop
endfacet
facet normal -0.9063077642037688 -0.42261831070596767 0
outer loop
vertex 12.711581230163574 57.012245178222656 -6.45062255859375
vertex 12.711581230163574 57.012245178222656 -5.545279026031494
vertex 12.63369369506836 57.17927551269531 -5.549038887023926
endloop
endfacet
facet normal -0.7071046545783928 -0.7071089077883065 0
outer loop
vertex 10.801451683044434 60.32068634033203 -6.1553521156311035
vertex 10.801451683044434 60.32068634033203 -5.446519374847412
vertex 10.642900466918945 60.4792366027832 -5.481316566467285
endloop
endfacet
facet normal 0.7071079173006005 -0.7071056450695444 0.0000012611184535500342
outer loop
vertex -5.892975330352783 60.4792366027832 -5.481316566467285
vertex -4.6957011222839355 61.676513671875 -6.034348011016846
vertex -4.854251861572266 61.51796340942383 -5.481316566467285
endloop
endfacet
facet normal -0.7071062719930081 0.7071072903796706 -2.649034524231973e-7
outer loop
vertex 10.801451683044434 46.179359436035156 -7.417431831359863
vertex 9.445626258850098 44.82353591918945 -7.538435935974121
vertex 10.642900466918945 46.020809173583984 -5.481316566467285
endloop
endfacet
facet normal 0.08715550335210961 -0.9961947190361131 0
outer loop
vertex 0.4648328125476837 64.0829086303711 -5.819582462310791
vertex 2.37496280670166 64.2500228881836 -5.804667949676514
vertex 0.4648328125476837 64.0829086303711 -5.442880630493164
endloop
endfacet
facet normal -0.8191519992174644 -0.5735765007198529 0
outer loop
vertex 11.90124225616455 58.750022888183594 -6.295529842376709
vertex 10.801451683044434 60.32068634033203 -5.446519374847412
vertex 10.801451683044434 60.32068634033203 -6.1553521156311035
endloop
endfacet
facet normal -0.9063078030826214 -0.4226182273300012 0
outer loop
vertex 12.711581230163574 57.012245178222656 -6.45062255859375
vertex 11.90124225616455 58.750022888183594 -5.386653900146484
vertex 11.90124225616455 58.750022888183594 -6.295529842376709
endloop
endfacet
facet normal 0.2588204791623435 -0.965925442032756 0
outer loop
vertex 0.4648328125476837 64.0829086303711 -5.819582462310791
vertex 0.4648328125476837 64.0829086303711 -5.442880630493164
vertex -0.5255476832389832 63.817535400390625 -5.536246299743652
endloop
endfacet
facet normal 0.08715550335210961 -0.9961947190361131 0
outer loop
vertex 0.4648328125476837 64.0829086303711 -5.442880630493164
vertex 2.37496280670166 64.2500228881836 -5.804667949676514
vertex 2.37496280670166 64.2500228881836 -5.504171371459961
endloop
endfacet
facet normal -0.08715550200261715 -0.9961947191541781 0
outer loop
vertex 2.37496280670166 64.2500228881836 -5.804667949676514
vertex 4.285092830657959 64.0829086303711 -5.819582462310791
vertex 2.37496280670166 64.2500228881836 -5.504171371459961
endloop
endfacet
facet normal -0.08715550200261715 -0.996194719154178 0
outer loop
vertex 2.37496280670166 64.2500228881836 -5.504171371459961
vertex 4.285092830657959 64.0829086303711 -5.819582462310791
vertex 4.285092830657959 64.0829086303711 -5.442880630493164
endloop
endfacet
facet normal -0.2588187285077806 -0.9659259110967385 -0.000006749173614532742
outer loop
vertex 4.285092830657959 64.0829086303711 -5.819582462310791
vertex 6.137184143066406 63.58664321899414 -5.863873481750488
vertex 5.275473117828369 63.817535400390625 -5.536246299743652
endloop
endfacet
facet normal -0.25882053002886035 -0.9659254284030315 0
outer loop
vertex 4.285092830657959 64.0829086303711 -5.442880630493164
vertex 4.285092830657959 64.0829086303711 -5.819582462310791
vertex 5.275473117828369 63.817535400390625 -5.536246299743652
endloop
endfacet
facet normal -0.25881611851220543 -0.9659266104616365 6.083961544267293e-7
outer loop
vertex 5.275473117828369 63.817535400390625 -5.536246299743652
vertex 6.137184143066406 63.58664321899414 -5.863873481750488
vertex 5.919745922088623 63.64490509033203 -5.575359344482422
endloop
endfacet
facet normal 0.4226190926112343 -0.9063073995948929 0
outer loop
vertex -1.554290771484375 63.50875473022461 -5.549038887023926
vertex -1.387258768081665 63.58664321899414 -5.863873481750488
vertex -1.387258768081665 63.58664321899414 -5.545279026031494
endloop
endfacet
facet normal 0.4226188689405157 -0.9063075038944665 -1.444692075339008e-7
outer loop
vertex -3.12503719329834 62.776302337646484 -5.386653900146484
vertex -1.387258768081665 63.58664321899414 -5.863873481750488
vertex -1.554290771484375 63.50875473022461 -5.549038887023926
endloop
endfacet
facet normal 0.42261890152796316 -0.9063074886986744 0
outer loop
vertex -3.12503719329834 62.776302337646484 -5.936193943023682
vertex -1.387258768081665 63.58664321899414 -5.863873481750488
vertex -3.12503719329834 62.776302337646484 -5.386653900146484
endloop
endfacet
facet normal 0.5735757163917256 -0.8191525484094637 0
outer loop
vertex -3.12503719329834 62.776302337646484 -5.936193943023682
vertex -3.12503719329834 62.776302337646484 -5.386653900146484
vertex -4.6957011222839355 61.676513671875 -5.446519374847412
endloop
endfacet
facet normal -0.5735771682026221 0.8191515318405143 0
outer loop
vertex 9.445626258850098 44.82353591918945 -7.538435935974121
vertex 7.87496280670166 43.7237434387207 -7.636589527130127
vertex 9.445626258850098 44.82353591918945 -5.446519374847412
endloop
endfacet
facet normal 0.5735757163917256 -0.8191525484094637 0
outer loop
vertex -4.6957011222839355 61.676513671875 -5.446519374847412
vertex -4.6957011222839355 61.676513671875 -6.034348011016846
vertex -3.12503719329834 62.776302337646484 -5.936193943023682
endloop
endfacet
facet normal -0.42261721974808425 0.906308272925057 0
outer loop
vertex 7.87496280670166 43.7237434387207 -7.636589527130127
vertex 6.137184143066406 42.91340637207031 -7.7089104652404785
vertex 7.87496280670166 43.7237434387207 -5.386653900146484
endloop
endfacet
facet normal -0.25881687170442574 -0.9659264086467119 0
outer loop
vertex 5.919745922088623 63.64490509033203 -5.575359344482422
vertex 6.137184143066406 63.58664321899414 -5.863873481750488
vertex 6.137184143066406 63.58664321899414 -5.545279026031494
endloop
endfacet
facet normal -0.42261859711527605 -0.9063076306488409 0
outer loop
vertex 6.137184143066406 63.58664321899414 -5.545279026031494
vertex 6.137184143066406 63.58664321899414 -5.863873481750488
vertex 6.304216384887695 63.50875473022461 -5.549038887023926
endloop
endfacet
facet normal -0.2588204331073032 0.9659254543732377 -4.6406449678075483e-8
outer loop
vertex 6.137184143066406 42.91340637207031 -7.7089104652404785
vertex 4.285092830657959 42.417137145996094 -7.753201007843018
vertex 5.275473117828369 42.68251037597656 -5.536246299743652
endloop
endfacet
facet normal -0.08715550200261715 0.9961947191541781 0
outer loop
vertex 4.285092830657959 42.417137145996094 -7.753201007843018
vertex 2.37496280670166 42.250022888183594 -7.768115520477295
vertex 4.285092830657959 42.417137145996094 -5.442880630493164
endloop
endfacet
facet normal 0.7071057178816708 -0.7071078444898256 0
outer loop
vertex -4.854251861572266 61.51796340942383 -5.481316566467285
vertex -4.6957011222839355 61.676513671875 -6.034348011016846
vertex -4.6957011222839355 61.676513671875 -5.446519374847412
endloop
endfacet
facet normal 0.2588164745352924 -0.9659265150668153 0
outer loop
vertex -1.387258768081665 63.58664321899414 -5.545279026031494
vertex -1.387258768081665 63.58664321899414 -5.863873481750488
vertex -1.1698201894760132 63.64490509033203 -5.575359344482422
endloop
endfacet
facet normal 0.08715550335210961 0.9961947190361132 0
outer loop
vertex 2.37496280670166 42.250022888183594 -7.768115520477295
vertex 0.4648328125476837 42.417137145996094 -7.753201007843018
vertex 2.37496280670166 42.250022888183594 -5.504171371459961
endloop
endfacet
facet normal -0.5735758332359411 -0.8191524665944038 0
outer loop
vertex 7.87496280670166 62.776302337646484 -5.936193943023682
vertex 9.445626258850098 61.676513671875 -6.034348011016846
vertex 7.87496280670166 62.776302337646484 -5.386653900146484
endloop
endfacet
facet normal 0.2588186923102899 -0.9659259207961959 -0.000006694219354230141
outer loop
vertex -1.387258768081665 63.58664321899414 -5.863873481750488
vertex 0.4648328125476837 64.0829086303711 -5.819582462310791
vertex -0.5255476832389832 63.817535400390625 -5.536246299743652
endloop
endfacet
facet normal -0.5735758332359411 -0.8191524665944038 0
outer loop
vertex 9.445626258850098 61.676513671875 -6.034348011016846
vertex 9.445626258850098 61.676513671875 -5.446519374847412
vertex 7.87496280670166 62.776302337646484 -5.386653900146484
endloop
endfacet
facet normal -0.422618848354604 -0.9063075134938482 1.6227598358238095e-7
outer loop
vertex 6.137184143066406 63.58664321899414 -5.863873481750488
vertex 7.87496280670166 62.776302337646484 -5.936193943023682
vertex 6.304216384887695 63.50875473022461 -5.549038887023926
endloop
endfacet
facet normal -0.42261888120830726 -0.9063074981739028 0
outer loop
vertex 6.304216384887695 63.50875473022461 -5.549038887023926
vertex 7.87496280670166 62.776302337646484 -5.936193943023682
vertex 7.87496280670166 62.776302337646484 -5.386653900146484
endloop
endfacet
facet normal -0.2662464625745729 -0.6071077419830785 0.7486875254675573
outer loop
vertex 6.137184143066406 63.58664321899414 -5.545279026031494
vertex 6.304216384887695 63.50875473022461 -5.549038887023926
vertex 9.366775512695312 63.952632904052734 -4.099999904632568
endloop
endfacet
facet normal -0.26624593186750517 -0.6071090337781273 0.7486866666830607
outer loop
vertex 5.919745922088623 63.64490509033203 -5.575359344482422
vertex 6.137184143066406 63.58664321899414 -5.545279026031494
vertex 9.366775512695312 63.952632904052734 -4.099999904632568
endloop
endfacet
facet normal -0.0762444049032423 -0.571907584958109 0.8167671057212904
outer loop
vertex 4.285092830657959 64.0829086303711 -5.442880630493164
vertex 5.275473117828369 63.817535400390625 -5.536246299743652
vertex 2.37496280670166 65.4629898071289 -4.654844284057617
endloop
endfacet
facet normal -0.12092831668850311 -0.6258852281584389 0.7704829806010929
outer loop
vertex 5.275473117828369 63.817535400390625 -5.536246299743652
vertex 5.919745922088623 63.64490509033203 -5.575359344482422
vertex 5.932829856872559 65.45858764648438 -4.099999904632568
endloop
endfacet
facet normal -0.3132197396008908 -0.491553854003461 0.8125688914416391
outer loop
vertex 6.304216384887695 63.50875473022461 -5.549038887023926
vertex 7.87496280670166 62.776302337646484 -5.386653900146484
vertex 9.366775512695312 63.952632904052734 -4.099999904632568
endloop
endfacet
facet normal -0.31321932078720366 -0.49155527521011627 0.8125681931374803
outer loop
vertex 7.87496280670166 62.776302337646484 -5.386653900146484
vertex 9.445626258850098 61.676513671875 -5.446519374847412
vertex 9.717964172363281 63.728851318359375 -4.099999904632568
endloop
endfacet
facet normal 0.1209298149123601 -0.6258847648073949 0.770483121844505
outer loop
vertex -1.1829042434692383 65.45858764648438 -4.099999904632568
vertex -0.5255476832389832 63.817535400390625 -5.536246299743652
vertex 0.9188554286956787 65.86467742919922 -4.099999904632568
endloop
endfacet
facet normal -0.2662465617087601 -0.6071073706247471 0.748687791346546
outer loop
vertex 5.932829856872559 65.45858764648438 -4.099999904632568
vertex 5.919745922088623 63.64490509033203 -5.575359344482422
vertex 9.366775512695312 63.952632904052734 -4.099999904632568
endloop
endfacet
facet normal -0.3132222974312039 -0.491551252852931 0.8125694790051078
outer loop
vertex 9.366775512695312 63.952632904052734 -4.099999904632568
vertex 7.87496280670166 62.776302337646484 -5.386653900146484
vertex 9.717964172363281 63.728851318359375 -4.099999904632568
endloop
endfacet
facet normal 0.07624298530056575 -0.5719062342102521 0.8167681840423915
outer loop
vertex 2.37496280670166 65.4629898071289 -4.654844284057617
vertex 0.4648328125476837 64.0829086303711 -5.442880630493164
vertex 2.37496280670166 64.2500228881836 -5.504171371459961
endloop
endfacet
facet normal 0.26624659561863373 -0.6071074479475642 0.7486877165868847
outer loop
vertex -4.616849899291992 63.952632904052734 -4.099999904632568
vertex -1.554290771484375 63.50875473022461 -5.549038887023926
vertex -1.1829042434692383 65.45858764648438 -4.099999904632568
endloop
endfacet
facet normal 0.7051594116324991 0.0741704998755236 0.705158805613546
outer loop
vertex -10.239688873291016 51.793914794921875 -4.099999904632568
vertex -9.83800220489502 53.250022888183594 -4.654844284057617
vertex -10.39284610748291 53.250022888183594 -4.099999904632568
endloop
endfacet
facet normal 0.7051594116324991 -0.0741704998755236 0.705158805613546
outer loop
vertex -10.39284610748291 53.250022888183594 -4.099999904632568
vertex -9.83800220489502 53.250022888183594 -4.654844284057617
vertex -10.239688873291016 54.70613098144531 -4.099999904632568
endloop
endfacet
facet normal 0.313218847201633 -0.49155476151407007 0.8125686864447373
outer loop
vertex -4.616849899291992 63.952632904052734 -4.099999904632568
vertex -4.6957011222839355 61.676513671875 -5.446519374847412
vertex -3.12503719329834 62.776302337646484 -5.386653900146484
endloop
endfacet
facet normal 0.12092837023872109 -0.625885219023296 0.77048297961705
outer loop
vertex -1.1829042434692383 65.45858764648438 -4.099999904632568
vertex -1.1698201894760132 63.64490509033203 -5.575359344482422
vertex -0.5255476832389832 63.817535400390625 -5.536246299743652
endloop
endfacet
facet normal -0.07624298411791872 -0.5719062342621216 0.816768184116469
outer loop
vertex 2.37496280670166 65.4629898071289 -4.654844284057617
vertex 2.37496280670166 64.2500228881836 -5.504171371459961
vertex 4.285092830657959 64.0829086303711 -5.442880630493164
endloop
endfacet
facet normal 0.12093049587505221 -0.6258850230896434 0.7704828051549822
outer loop
vertex 0.9188554286956787 65.86467742919922 -4.099999904632568
vertex -0.5255476832389832 63.817535400390625 -5.536246299743652
vertex 2.37496280670166 65.4629898071289 -4.654844284057617
endloop
endfacet
facet normal -0.120930498947817 -0.6258850175267052 0.7704828091916314
outer loop
vertex 2.37496280670166 65.4629898071289 -4.654844284057617
vertex 5.275473117828369 63.817535400390625 -5.536246299743652
vertex 3.8310701847076416 65.86467742919922 -4.099999904632568
endloop
endfacet
facet normal -0.12092981350953895 -0.6258847575469488 0.7704831279625435
outer loop
vertex 3.8310701847076416 65.86467742919922 -4.099999904632568
vertex 5.275473117828369 63.817535400390625 -5.536246299743652
vertex 5.932829856872559 65.45858764648438 -4.099999904632568
endloop
endfacet
facet normal 0.2662466997070332 -0.6071074431536924 0.7486876834585293
outer loop
vertex -1.554290771484375 63.50875473022461 -5.549038887023926
vertex -1.387258768081665 63.58664321899414 -5.545279026031494
vertex -1.1829042434692383 65.45858764648438 -4.099999904632568
endloop
endfacet
facet normal 0.26624529949229414 -0.6071075855761987 0.7486880659086915
outer loop
vertex -1.387258768081665 63.58664321899414 -5.545279026031494
vertex -1.1698201894760132 63.64490509033203 -5.575359344482422
vertex -1.1829042434692383 65.45858764648438 -4.099999904632568
endloop
endfacet
facet normal -0.6258857151208583 -0.12093021393213464 0.7704822872499926
outer loop
vertex 14.989614486694336 54.70613098144531 -4.099999904632568
vertex 14.583523750305176 56.807891845703125 -4.099999904632568
vertex 12.942476272583008 56.150535583496094 -5.536246299743652
endloop
endfacet
facet normal -0.625885787381491 -0.12093040444750287 0.7704821986483623
outer loop
vertex 12.942476272583008 56.150535583496094 -5.536246299743652
vertex 14.58792781829834 53.250022888183594 -4.654844284057617
vertex 14.989614486694336 54.70613098144531 -4.099999904632568
endloop
endfacet
facet normal -0.5719061076464034 -0.07624257375394519 0.8167683110797791
outer loop
vertex 12.942476272583008 56.150535583496094 -5.536246299743652
vertex 13.207847595214844 55.160152435302734 -5.442880630493164
vertex 14.58792781829834 53.250022888183594 -4.654844284057617
endloop
endfacet
facet normal -0.5719068227132248 -0.07624332592574391 0.8167677401721036
outer loop
vertex 13.207847595214844 55.160152435302734 -5.442880630493164
vertex 13.37496280670166 53.250022888183594 -5.504171371459961
vertex 14.58792781829834 53.250022888183594 -4.654844284057617
endloop
endfacet
facet normal -0.5719068227132248 0.07624332592574391 0.8167677401721036
outer loop
vertex 13.37496280670166 53.250022888183594 -5.504171371459961
vertex 13.207847595214844 51.33989334106445 -5.442880630493164
vertex 14.58792781829834 53.250022888183594 -4.654844284057617
endloop
endfacet
facet normal -0.6258856500638561 0.12093042085096505 0.7704823076209816
outer loop
vertex 14.989614486694336 51.793914794921875 -4.099999904632568
vertex 12.942476272583008 50.34951400756836 -5.536246299743652
vertex 14.583523750305176 49.69215774536133 -4.099999904632568
endloop
endfacet
facet normal -0.6258856687054661 0.12093046999978378 0.7704822847637336
outer loop
vertex 14.58792781829834 53.250022888183594 -4.654844284057617
vertex 12.942476272583008 50.34951400756836 -5.536246299743652
vertex 14.989614486694336 51.793914794921875 -4.099999904632568
endloop
endfacet
facet normal -0.5719065220367787 0.07624300964704002 0.8167679802316915
outer loop
vertex 13.207847595214844 51.33989334106445 -5.442880630493164
vertex 12.942476272583008 50.34951400756836 -5.536246299743652
vertex 14.58792781829834 53.250022888183594 -4.654844284057617
endloop
endfacet
facet normal -0.6071079592533918 0.2662462608143364 0.7486874210333485
outer loop
vertex 14.583523750305176 49.69215774536133 -4.099999904632568
vertex 12.769844055175781 49.70524215698242 -5.575359344482422
vertex 13.077570915222168 46.258209228515625 -4.099999904632568
endloop
endfacet
facet normal 0.3132197396008908 -0.491553854003461 0.8125688914416391
outer loop
vertex -4.616849899291992 63.952632904052734 -4.099999904632568
vertex -3.12503719329834 62.776302337646484 -5.386653900146484
vertex -1.554290771484375 63.50875473022461 -5.549038887023926
endloop
endfacet
facet normal -0.625885626513785 0.1209304957537637 0.7704823149950917
outer loop
vertex 12.942476272583008 50.34951400756836 -5.536246299743652
vertex 12.769844055175781 49.70524215698242 -5.575359344482422
vertex 14.583523750305176 49.69215774536133 -4.099999904632568
endloop
endfacet
facet normal -0.6071082195296099 0.2662462663846967 0.7486872079952991
outer loop
vertex 12.711581230163574 49.48780059814453 -5.545279026031494
vertex 12.63369369506836 49.320770263671875 -5.549038887023926
vertex 13.077570915222168 46.258209228515625 -4.099999904632568
endloop
endfacet
facet normal -0.6071114610087874 0.26624493468663624 0.7486850530533412
outer loop
vertex 12.769844055175781 49.70524215698242 -5.575359344482422
vertex 12.711581230163574 49.48780059814453 -5.545279026031494
vertex 13.077570915222168 46.258209228515625 -4.099999904632568
endloop
endfacet
facet normal -0.625885626513785 -0.1209304957537637 0.7704823149950917
outer loop
vertex 12.769844055175781 56.79480743408203 -5.575359344482422
vertex 12.942476272583008 56.150535583496094 -5.536246299743652
vertex 14.583523750305176 56.807891845703125 -4.099999904632568
endloop
endfacet
facet normal 0.07417007680654404 0.7051594338822018 0.7051588278632297
outer loop
vertex 0.9188554286956787 40.635372161865234 -4.099999904632568
vertex 2.37496280670166 40.482215881347656 -4.099999904632568
vertex 2.37496280670166 41.03705978393555 -4.654844284057617
endloop
endfacet
facet normal -0.07417007680654404 0.7051594338822018 0.7051588278632297
outer loop
vertex 3.8310701847076416 40.635372161865234 -4.099999904632568
vertex 2.37496280670166 41.03705978393555 -4.654844284057617
vertex 2.37496280670166 40.482215881347656 -4.099999904632568
endloop
endfacet
facet normal -0.6071075057298266 -0.2662487993995135 0.7486868860243421
outer loop
vertex 12.711581230163574 57.012245178222656 -5.545279026031494
vertex 12.769844055175781 56.79480743408203 -5.575359344482422
vertex 14.583523750305176 56.807891845703125 -4.099999904632568
endloop
endfacet
facet normal -0.6071077849698129 -0.266246054114735 0.7486876358651726
outer loop
vertex 12.63369369506836 57.17927551269531 -5.549038887023926
vertex 12.711581230163574 57.012245178222656 -5.545279026031494
vertex 14.583523750305176 56.807891845703125 -4.099999904632568
endloop
endfacet
facet normal -0.4915544308902741 -0.31321949371258523 0.8125686372427688
outer loop
vertex 11.90124225616455 58.750022888183594 -5.386653900146484
vertex 12.63369369506836 57.17927551269531 -5.549038887023926
vertex 13.077570915222168 60.24183654785156 -4.099999904632568
endloop
endfacet
facet normal 0.31322367019047276 -0.4915540745961522 0.8125672428669092
outer loop
vertex -4.968039035797119 63.728851318359375 -4.099999904632568
vertex -4.6957011222839355 61.676513671875 -5.446519374847412
vertex -4.616849899291992 63.952632904052734 -4.099999904632568
endloop
endfacet
facet normal 0.45490723911071385 -0.4549074466317952 0.7655838417858676
outer loop
vertex -8.103866577148438 60.59302520751953 -4.099999904632568
vertex -5.892975330352783 60.4792366027832 -5.481316566467285
vertex -4.968039035797119 63.728851318359375 -4.099999904632568
endloop
endfacet
facet normal 0.31321917648765474 -0.49155531504250866 0.8125682246641543
outer loop
vertex -4.968039035797119 63.728851318359375 -4.099999904632568
vertex -4.854251861572266 61.51796340942383 -5.481316566467285
vertex -4.6957011222839355 61.676513671875 -5.446519374847412
endloop
endfacet
facet normal 0.4549089522827835 -0.4549074904716175 0.7655827977729094
outer loop
vertex -5.892975330352783 60.4792366027832 -5.481316566467285
vertex -4.854251861572266 61.51796340942383 -5.481316566467285
vertex -4.968039035797119 63.728851318359375 -4.099999904632568
endloop
endfacet
facet normal 0.49155432770727553 -0.3132205987301543 0.8125682737120444
outer loop
vertex -8.103866577148438 60.59302520751953 -4.099999904632568
vertex -6.051526069641113 60.32068634033203 -5.446519374847412
vertex -5.892975330352783 60.4792366027832 -5.481316566467285
endloop
endfacet
facet normal 0.49155392225860595 -0.31321999387385574 0.812568752137222
outer loop
vertex -8.327645301818848 60.24183654785156 -4.099999904632568
vertex -7.1513166427612305 58.750022888183594 -5.386653900146484
vertex -8.103866577148438 60.59302520751953 -4.099999904632568
endloop
endfacet
facet normal 0.6258856687054661 0.12093046999978378 0.7704822847637336
outer loop
vertex -9.83800220489502 53.250022888183594 -4.654844284057617
vertex -10.239688873291016 51.793914794921875 -4.099999904632568
vertex -8.192550659179688 50.34951400756836 -5.536246299743652
endloop
endfacet
facet normal 0.4915546416211705 -0.3132194615267379 0.812568522170028
outer loop
vertex -7.1513166427612305 58.750022888183594 -5.386653900146484
vertex -6.051526069641113 60.32068634033203 -5.446519374847412
vertex -8.103866577148438 60.59302520751953 -4.099999904632568
endloop
endfacet
facet normal -0.7051594116324991 0.0741704998755236 0.705158805613546
outer loop
vertex 14.989614486694336 51.793914794921875 -4.099999904632568
vertex 15.14277172088623 53.250022888183594 -4.099999904632568
vertex 14.58792781829834 53.250022888183594 -4.654844284057617
endloop
endfacet
facet normal 0.6071079102531971 -0.2662465350927487 0.7486873632292064
outer loop
vertex -9.833598136901855 56.807891845703125 -4.099999904632568
vertex -8.019918441772461 56.79480743408203 -5.575359344482422
vertex -8.327645301818848 60.24183654785156 -4.099999904632568
endloop
endfacet
facet normal -0.7051594116324991 -0.0741704998755236 0.705158805613546
outer loop
vertex 14.989614486694336 54.70613098144531 -4.099999904632568
vertex 14.58792781829834 53.250022888183594 -4.654844284057617
vertex 15.14277172088623 53.250022888183594 -4.099999904632568
endloop
endfacet
facet normal 0.4915545355124925 -0.31321939083262085 0.812568613609669
outer loop
vertex -8.327645301818848 60.24183654785156 -4.099999904632568
vertex -7.883767604827881 57.17927551269531 -5.549038887023926
vertex -7.1513166427612305 58.750022888183594 -5.386653900146484
endloop
endfacet
facet normal 0.60710441994917 -0.26624790468672527 0.7486897064392634
outer loop
vertex -8.327645301818848 60.24183654785156 -4.099999904632568
vertex -7.961656093597412 57.012245178222656 -5.545279026031494
vertex -7.883767604827881 57.17927551269531 -5.549038887023926
endloop
endfacet
facet normal 0.6258856500638561 0.12093042085096505 0.7704823076209816
outer loop
vertex -8.192550659179688 50.34951400756836 -5.536246299743652
vertex -10.239688873291016 51.793914794921875 -4.099999904632568
vertex -9.833598136901855 49.69215774536133 -4.099999904632568
endloop
endfacet
facet normal 0.625885787381491 -0.12093040444750287 0.7704821986483623
outer loop
vertex -9.83800220489502 53.250022888183594 -4.654844284057617
vertex -8.192550659179688 56.150535583496094 -5.536246299743652
vertex -10.239688873291016 54.70613098144531 -4.099999904632568
endloop
endfacet
facet normal 0.6258857151208583 -0.12093021393213464 0.7704822872499926
outer loop
vertex -10.239688873291016 54.70613098144531 -4.099999904632568
vertex -8.192550659179688 56.150535583496094 -5.536246299743652
vertex -9.833598136901855 56.807891845703125 -4.099999904632568
endloop
endfacet
facet normal 0.4915545355124925 0.31321939083262085 0.812568613609669
outer loop
vertex -8.327645301818848 46.258209228515625 -4.099999904632568
vertex -7.1513166427612305 47.750022888183594 -5.386653900146484
vertex -7.883767604827881 49.320770263671875 -5.549038887023926
endloop
endfacet
facet normal 0.49155432770727553 0.3132205987301543 0.8125682737120444
outer loop
vertex -5.892975330352783 46.020809173583984 -5.481316566467285
vertex -6.051526069641113 46.179359436035156 -5.446519374847412
vertex -8.103866577148438 45.907020568847656 -4.099999904632568
endloop
endfacet
facet normal 0.4549072388022586 0.4549074476324055 0.7655838413745911
outer loop
vertex -4.854251861572266 44.982086181640625 -5.481316566467285
vertex -5.892975330352783 46.020809173583984 -5.481316566467285
vertex -8.103866577148438 45.907020568847656 -4.099999904632568
endloop
endfacet
facet normal 0.3132185731938605 0.49155482751270907 0.8125687521406131
outer loop
vertex -4.6957011222839355 44.82353591918945 -5.446519374847412
vertex -4.854251861572266 44.982086181640625 -5.481316566467285
vertex -4.968039035797119 42.77119445800781 -4.099999904632568
endloop
endfacet
facet normal 0.4915545397019147 0.31321938671296384 0.8125686126633205
outer loop
vertex -6.051526069641113 46.179359436035156 -5.446519374847412
vertex -7.1513166427612305 47.750022888183594 -5.386653900146484
vertex -8.327645301818848 46.258209228515625 -4.099999904632568
endloop
endfacet
facet normal 0.49155440904864695 0.31322030405828666 0.8125683380925385
outer loop
vertex -8.103866577148438 45.907020568847656 -4.099999904632568
vertex -6.051526069641113 46.179359436035156 -5.446519374847412
vertex -8.327645301818848 46.258209228515625 -4.099999904632568
endloop
endfacet
facet normal -0.49155392225860595 0.31321999387385574 0.812568752137222
outer loop
vertex 13.077570915222168 46.258209228515625 -4.099999904632568
vertex 11.90124225616455 47.750022888183594 -5.386653900146484
vertex 12.853792190551758 45.907020568847656 -4.099999904632568
endloop
endfacet
facet normal 0.4549072387678801 0.4549074462889613 0.765583842193289
outer loop
vertex -4.968039035797119 42.77119445800781 -4.099999904632568
vertex -4.854251861572266 44.982086181640625 -5.481316566467285
vertex -8.103866577148438 45.907020568847656 -4.099999904632568
endloop
endfacet
facet normal -0.4915546416211705 0.3132194615267379 0.812568522170028
outer loop
vertex 11.90124225616455 47.750022888183594 -5.386653900146484
vertex 10.801451683044434 46.179359436035156 -5.446519374847412
vertex 12.853792190551758 45.907020568847656 -4.099999904632568
endloop
endfacet
facet normal -0.45490716812039284 0.45490744481512474 0.7655838850475231
outer loop
vertex 12.853792190551758 45.907020568847656 -4.099999904632568
vertex 10.642900466918945 46.020809173583984 -5.481316566467285
vertex 9.717964172363281 42.77119445800781 -4.099999904632568
endloop
endfacet
facet normal -0.4915544308902741 0.31321949371258523 0.8125686372427688
outer loop
vertex 11.90124225616455 47.750022888183594 -5.386653900146484
vertex 13.077570915222168 46.258209228515625 -4.099999904632568
vertex 12.63369369506836 49.320770263671875 -5.549038887023926
endloop
endfacet
facet normal -0.49155399541723854 0.31322180250077614 0.8125680107089587
outer loop
vertex 10.801451683044434 46.179359436035156 -5.446519374847412
vertex 10.642900466918945 46.020809173583984 -5.481316566467285
vertex 12.853792190551758 45.907020568847656 -4.099999904632568
endloop
endfacet
facet normal -0.45490745208179106 0.45490745208179106 0.7655837120007885
outer loop
vertex 10.642900466918945 46.020809173583984 -5.481316566467285
vertex 9.604177474975586 44.982086181640625 -5.481316566467285
vertex 9.717964172363281 42.77119445800781 -4.099999904632568
endloop
endfacet
facet normal -0.31321780615244776 0.49155503924575966 0.812568919723827
outer loop
vertex 9.604177474975586 44.982086181640625 -5.481316566467285
vertex 9.445626258850098 44.82353591918945 -5.446519374847412
vertex 9.717964172363281 42.77119445800781 -4.099999904632568
endloop
endfacet
facet normal -0.3132191367352751 0.4915546719532729 0.8125686290177091
outer loop
vertex 9.445626258850098 44.82353591918945 -5.446519374847412
vertex 9.366775512695312 42.54741668701172 -4.099999904632568
vertex 9.717964172363281 42.77119445800781 -4.099999904632568
endloop
endfacet
facet normal 0.26625308637123946 0.607091659980114 0.7486982104829548
outer loop
vertex -1.1698201894760132 42.855140686035156 -5.575359344482422
vertex -1.387258768081665 42.91340637207031 -5.545279026031494
vertex -4.616849899291992 42.54741668701172 -4.099999904632568
endloop
endfacet
facet normal -0.6071077657365954 -0.26624647171514515 0.7486875029553756
outer loop
vertex 13.077570915222168 60.24183654785156 -4.099999904632568
vertex 12.63369369506836 57.17927551269531 -5.549038887023926
vertex 14.583523750305176 56.807891845703125 -4.099999904632568
endloop
endfacet
facet normal -0.4915545397019147 -0.31321938671296384 0.8125686126633205
outer loop
vertex 10.801451683044434 60.32068634033203 -5.446519374847412
vertex 11.90124225616455 58.750022888183594 -5.386653900146484
vertex 13.077570915222168 60.24183654785156 -4.099999904632568
endloop
endfacet
facet normal 0.6071059082047477 -0.2662472932721295 0.7486887170567973
outer loop
vertex -7.961656093597412 57.012245178222656 -5.545279026031494
vertex -8.327645301818848 60.24183654785156 -4.099999904632568
vertex -8.019918441772461 56.79480743408203 -5.575359344482422
endloop
endfacet
facet normal -0.26624691420754587 0.6071081744083137 0.7486870142065806
outer loop
vertex 9.366775512695312 42.54741668701172 -4.099999904632568
vertex 6.304216384887695 42.99129104614258 -5.549038887023926
vertex 5.932829856872559 41.04146194458008 -4.099999904632568
endloop
endfacet
facet normal -0.31321999942474327 0.49155454908479346 0.8125683708060567
outer loop
vertex 9.445626258850098 44.82353591918945 -5.446519374847412
vertex 7.87496280670166 43.7237434387207 -5.386653900146484
vertex 9.366775512695312 42.54741668701172 -4.099999904632568
endloop
endfacet
facet normal -0.12093003069073081 0.6258858815906704 0.7704821807820141
outer loop
vertex 5.932829856872559 41.04146194458008 -4.099999904632568
vertex 5.919745922088623 42.855140686035156 -5.575359344482422
vertex 3.8310701847076416 40.635372161865234 -4.099999904632568
endloop
endfacet
facet normal -0.31322000664643856 0.4915545417407938 0.8125683724649903
outer loop
vertex 7.87496280670166 43.7237434387207 -5.386653900146484
vertex 6.304216384887695 42.99129104614258 -5.549038887023926
vertex 9.366775512695312 42.54741668701172 -4.099999904632568
endloop
endfacet
facet normal -0.2662330094978807 0.6071088147390794 0.7486914395929818
outer loop
vertex 6.304216384887695 42.99129104614258 -5.549038887023926
vertex 6.137184143066406 42.91340637207031 -5.545279026031494
vertex 5.932829856872559 41.04146194458008 -4.099999904632568
endloop
endfacet
facet normal 0.26624026142050494 0.6071228772850236 0.748677457304476
outer loop
vertex -4.616849899291992 42.54741668701172 -4.099999904632568
vertex -1.387258768081665 42.91340637207031 -5.545279026031494
vertex -1.554290771484375 42.99129104614258 -5.549038887023926
endloop
endfacet
facet normal 0.31322000664643856 0.4915545417407938 0.8125683724649903
outer loop
vertex -1.554290771484375 42.99129104614258 -5.549038887023926
vertex -3.12503719329834 43.7237434387207 -5.386653900146484
vertex -4.616849899291992 42.54741668701172 -4.099999904632568
endloop
endfacet
facet normal -0.2662557081246791 0.6071065059775836 0.7486852397975506
outer loop
vertex 6.137184143066406 42.91340637207031 -5.545279026031494
vertex 5.919745922088623 42.855140686035156 -5.575359344482422
vertex 5.932829856872559 41.04146194458008 -4.099999904632568
endloop
endfacet
facet normal -0.12092820896688831 0.6258848918578788 0.7704832706945116
outer loop
vertex 5.919745922088623 42.855140686035156 -5.575359344482422
vertex 5.275473117828369 42.68251037597656 -5.536246299743652
vertex 3.8310701847076416 40.635372161865234 -4.099999904632568
endloop
endfacet
facet normal -0.1209301596764279 0.625885631743873 0.7704823634952371
outer loop
vertex 2.37496280670166 41.03705978393555 -4.654844284057617
vertex 3.8310701847076416 40.635372161865234 -4.099999904632568
vertex 5.275473117828369 42.68251037597656 -5.536246299743652
endloop
endfacet
facet normal 0.12093015660366795 0.625885637306797 0.7704823594585906
outer loop
vertex 2.37496280670166 41.03705978393555 -4.654844284057617
vertex -0.5255476832389832 42.68251037597656 -5.536246299743652
vertex 0.9188554286956787 40.635372161865234 -4.099999904632568
endloop
endfacet
facet normal -0.07624496469923998 0.5719092464361574 0.8167658900804062
outer loop
vertex 5.275473117828369 42.68251037597656 -5.536246299743652
vertex 4.285092830657959 42.417137145996094 -5.442880630493164
vertex 2.37496280670166 41.03705978393555 -4.654844284057617
endloop
endfacet
facet normal -0.07624306213434091 0.5719074377262281 0.8167673341593673
outer loop
vertex 4.285092830657959 42.417137145996094 -5.442880630493164
vertex 2.37496280670166 42.250022888183594 -5.504171371459961
vertex 2.37496280670166 41.03705978393555 -4.654844284057617
endloop
endfacet
facet normal 0.07624494027750953 0.5719092220429921 0.8167659094405562
outer loop
vertex 0.4648328125476837 42.417137145996094 -5.442880630493164
vertex -0.5255476832389832 42.68251037597656 -5.536246299743652
vertex 2.37496280670166 41.03705978393555 -4.654844284057617
endloop
endfacet
facet normal 0.07624306331698916 0.5719074376743585 0.8167673340852899
outer loop
vertex 2.37496280670166 42.250022888183594 -5.504171371459961
vertex 0.4648328125476837 42.417137145996094 -5.442880630493164
vertex 2.37496280670166 41.03705978393555 -4.654844284057617
endloop
endfacet
facet normal 0.12092861769523859 0.6258859915674636 0.770482313218111
outer loop
vertex -0.5255476832389832 42.68251037597656 -5.536246299743652
vertex -1.1698201894760132 42.855140686035156 -5.575359344482422
vertex -1.1829042434692383 41.04146194458008 -4.099999904632568
endloop
endfacet
facet normal 0.31321984882055315 0.4915544753896348 0.8125684734403928
outer loop
vertex -3.12503719329834 43.7237434387207 -5.386653900146484
vertex -4.6957011222839355 44.82353591918945 -5.446519374847412
vertex -4.968039035797119 42.77119445800781 -4.099999904632568
endloop
endfacet
facet normal 0.31321917037684216 0.4915553921726013 0.8125681803605669
outer loop
vertex -4.616849899291992 42.54741668701172 -4.099999904632568
vertex -3.12503719329834 43.7237434387207 -5.386653900146484
vertex -4.968039035797119 42.77119445800781 -4.099999904632568
endloop
endfacet
facet normal 0.26624687032571853 0.6071080743469996 0.7486871109511889
outer loop
vertex -1.1829042434692383 41.04146194458008 -4.099999904632568
vertex -1.1698201894760132 42.855140686035156 -5.575359344482422
vertex -4.616849899291992 42.54741668701172 -4.099999904632568
endloop
endfacet
facet normal 0.12092996980200715 0.6258855664547833 0.7704824463329846
outer loop
vertex -0.5255476832389832 42.68251037597656 -5.536246299743652
vertex -1.1829042434692383 41.04146194458008 -4.099999904632568
vertex 0.9188554286956787 40.635372161865234 -4.099999904632568
endloop
endfacet
facet normal 0.625885626513785 -0.1209304957537637 0.7704823149950917
outer loop
vertex -9.833598136901855 56.807891845703125 -4.099999904632568
vertex -8.192550659179688 56.150535583496094 -5.536246299743652
vertex -8.019918441772461 56.79480743408203 -5.575359344482422
endloop
endfacet
facet normal -0.49155440904864695 -0.31322030405828666 0.8125683380925385
outer loop
vertex 10.801451683044434 60.32068634033203 -5.446519374847412
vertex 13.077570915222168 60.24183654785156 -4.099999904632568
vertex 12.853792190551758 60.59302520751953 -4.099999904632568
endloop
endfacet
facet normal 0.6071085013606559 0.2662432263510893 0.7486880605417595
outer loop
vertex -7.961656093597412 49.48780059814453 -5.545279026031494
vertex -8.019918441772461 49.70524215698242 -5.575359344482422
vertex -9.833598136901855 49.69215774536133 -4.099999904632568
endloop
endfacet
facet normal 0.6071078548438964 0.26624958255364795 0.7486863244222179
outer loop
vertex -7.883767604827881 49.320770263671875 -5.549038887023926
vertex -7.961656093597412 49.48780059814453 -5.545279026031494
vertex -9.833598136901855 49.69215774536133 -4.099999904632568
endloop
endfacet
facet normal 0.625885626513785 0.1209304957537637 0.7704823149950917
outer loop
vertex -9.833598136901855 49.69215774536133 -4.099999904632568
vertex -8.019918441772461 49.70524215698242 -5.575359344482422
vertex -8.192550659179688 50.34951400756836 -5.536246299743652
endloop
endfacet
facet normal 0.5719077145062526 0.07624396702063742 0.8167670558863099
outer loop
vertex -9.83800220489502 53.250022888183594 -4.654844284057617
vertex -8.192550659179688 50.34951400756836 -5.536246299743652
vertex -8.45792293548584 51.33989334106445 -5.442880630493164
endloop
endfacet
facet normal 0.6071080068696745 0.2662462816963838 0.7486873749954525
outer loop
vertex -8.327645301818848 46.258209228515625 -4.099999904632568
vertex -7.883767604827881 49.320770263671875 -5.549038887023926
vertex -9.833598136901855 49.69215774536133 -4.099999904632568
endloop
endfacet
facet normal 0.5719068351637838 0.07624304204847629 0.8167677579533479
outer loop
vertex -8.45792293548584 51.33989334106445 -5.442880630493164
vertex -8.62503719329834 53.250022888183594 -5.504171371459961
vertex -9.83800220489502 53.250022888183594 -4.654844284057617
endloop
endfacet
facet normal 0.5719068351637838 -0.07624304204847629 0.8167677579533479
outer loop
vertex -9.83800220489502 53.250022888183594 -4.654844284057617
vertex -8.62503719329834 53.250022888183594 -5.504171371459961
vertex -8.45792293548584 55.160152435302734 -5.442880630493164
endloop
endfacet
facet normal 0.5719073001105058 -0.07624353112146824 0.8167673867402159
outer loop
vertex -8.192550659179688 56.150535583496094 -5.536246299743652
vertex -9.83800220489502 53.250022888183594 -4.654844284057617
vertex -8.45792293548584 55.160152435302734 -5.442880630493164
endloop
endfacet
facet normal -0.3132184094451647 -0.49155552677639724 0.8125683922478278
outer loop
vertex 9.717964172363281 63.728851318359375 -4.099999904632568
vertex 9.445626258850098 61.676513671875 -5.446519374847412
vertex 9.604177474975586 61.51796340942383 -5.481316566467285
endloop
endfacet
facet normal -0.4549076269695346 -0.45490595633306924 0.7655844968503754
outer loop
vertex 9.604177474975586 61.51796340942383 -5.481316566467285
vertex 10.642900466918945 60.4792366027832 -5.481316566467285
vertex 12.853792190551758 60.59302520751953 -4.099999904632568
endloop
endfacet
facet normal -0.49155399541723854 -0.31322180250077614 0.8125680107089587
outer loop
vertex 10.642900466918945 60.4792366027832 -5.481316566467285
vertex 10.801451683044434 60.32068634033203 -5.446519374847412
vertex 12.853792190551758 60.59302520751953 -4.099999904632568
endloop
endfacet
facet normal -0.45490767811245136 -0.4549079548074935 0.7655832789757113
outer loop
vertex 9.717964172363281 63.728851318359375 -4.099999904632568
vertex 9.604177474975586 61.51796340942383 -5.481316566467285
vertex 12.853792190551758 60.59302520751953 -4.099999904632568
endloop
endfacet
facet normal 0.07416849315917771 -0.7051619412473165 0.7051564870571733
outer loop
vertex 0.9188554286956787 65.86467742919922 -4.099999904632568
vertex 2.37496280670166 65.4629898071289 -4.654844284057617
vertex 2.37496280670166 66.01782989501953 -4.099999904632568
endloop
endfacet
facet normal -0.07416849315917771 -0.7051619412473165 0.7051564870571733
outer loop
vertex 2.37496280670166 66.01782989501953 -4.099999904632568
vertex 2.37496280670166 65.4629898071289 -4.654844284057617
vertex 3.8310701847076416 65.86467742919922 -4.099999904632568
endloop
endfacet
facet normal 0.07624438048170909 -0.5719075605651492 0.8167671250811828
outer loop
vertex -0.5255476832389832 63.817535400390625 -5.536246299743652
vertex 0.4648328125476837 64.0829086303711 -5.442880630493164
vertex 2.37496280670166 65.4629898071289 -4.654844284057617
endloop
endfacet
facet normal 0 0 1
outer loop
vertex -6.12503719329834 38.527591705322266 -4.099999904632568
vertex -7.323493957519531 39.901241302490234 -4.099999904632568
vertex -8.5524263381958 40.22726821899414 -4.099999904632568
endloop
endfacet
facet normal 0 0 1
outer loop
vertex 15.39771842956543 64.17741394042969 -4.099999904632568
vertex 15.723743438720703 62.94847869873047 -4.099999904632568
vertex 17.097394943237305 61.750022888183594 -4.099999904632568
endloop
endfacet
facet normal 0 0 1
outer loop
vertex -12.62503719329834 61.1500244140625 -4.099999904632568
vertex -12.321033477783203 60.750022888183594 -4.099999904632568
vertex -12.347469329833984 61.750022888183594 -4.099999904632568
endloop
endfacet
facet normal 0 0 1
outer loop
vertex -8.5524263381958 66.27278137207031 -4.099999904632568
vertex -9.292299270629883 64.91728210449219 -4.099999904632568
vertex -7.323493957519531 66.59880065917969 -4.099999904632568
endloop
endfacet
facet normal 0 0 1
outer loop
vertex -5.115880489349365 38.54841613769531 -4.099999904632568
vertex -6.12503719329834 38.527591705322266 -4.099999904632568
vertex -3.4393796920776367 37.27524948120117 -4.099999904632568
endloop
endfacet
facet normal 0 0 1
outer loop
vertex 14.042224884033203 64.91728210449219 -4.099999904632568
vertex 15.39771842956543 64.17741394042969 -4.099999904632568
vertex 13.302351951599121 66.27278137207031 -4.099999904632568
endloop
endfacet
facet normal 0 0 1
outer loop
vertex 4.956131458282471 69.54688262939453 -4.099999904632568
vertex 5.326982021331787 69.99175262451172 -4.099999904632568
vertex 2.37496280670166 70.2500228881836 -4.099999904632568
endloop
endfacet
facet normal 0.2456303394827198 0.9167059290864843 0.315144373110626
outer loop
vertex -3.4393796920776367 37.27524948120117 -4.099999904632568
vertex -3.849803924560547 36.14761734008789 -0.5
vertex -0.7854340672492981 35.32652282714844 -0.5
endloop
endfacet
facet normal 0.4010834422909728 0.8601257231844542 0.31514411407551884
outer loop
vertex -6.12503719329834 38.527591705322266 -4.099999904632568
vertex -6.725037097930908 37.48836135864258 -0.5
vertex -3.849803924560547 36.14761734008789 -0.5
endloop
endfacet
facet normal 0.5443490073782128 0.77741131064583 0.31514411345650606
outer loop
vertex -6.725037097930908 37.48836135864258 -0.5
vertex -6.12503719329834 38.527591705322266 -4.099999904632568
vertex -9.323771476745605 39.308013916015625 -0.5
endloop
endfacet
facet normal 0 0 1
outer loop
vertex 12.073419570922852 66.59880065917969 -4.099999904632568
vertex 13.302351951599121 66.27278137207031 -4.099999904632568
vertex 10.87496280670166 67.97245788574219 -4.099999904632568
endloop
endfacet
facet normal 0.2456303152966328 0.9167059293824134 0.3151443911009722
outer loop
vertex -0.7854340672492981 35.32652282714844 -0.5
vertex -0.5770562291145325 36.50829315185547 -4.099999904632568
vertex -3.4393796920776367 37.27524948120117 -4.099999904632568
endloop
endfacet
facet normal 0.4010831020784528 0.8601257874746144 0.31514437159546377
outer loop
vertex -3.849803924560547 36.14761734008789 -0.5
vertex -3.4393796920776367 37.27524948120117 -4.099999904632568
vertex -6.12503719329834 38.527591705322266 -4.099999904632568
endloop
endfacet
facet normal 0.5443492060036695 0.7774110797308735 0.3151443400012951
outer loop
vertex -9.323771476745605 39.308013916015625 -0.5
vertex -6.12503719329834 38.527591705322266 -4.099999904632568
vertex -8.5524263381958 40.22726821899414 -4.099999904632568
endloop
endfacet
facet normal 0.8613644914085182 0.39847698250481706 0.3150671473740166
outer loop
vertex -13.386699676513672 44.1500244140625 -0.5
vertex -12.347469329833984 44.750022888183594 -4.099999904632568
vertex -12.62503719329834 45.35002517700195 -4.099999904632568
endloop
endfacet
facet normal 0 0 1
outer loop
vertex -9.292299270629883 41.582759857177734 -4.099999904632568
vertex -8.5524263381958 40.22726821899414 -4.099999904632568
vertex -7.323493957519531 39.901241302490234 -4.099999904632568
endloop
endfacet
facet normal 0 0 1
outer loop
vertex -2.7238175868988037 37.55759048461914 -4.099999904632568
vertex -0.5770562291145325 36.50829315185547 -4.099999904632568
vertex -0.20620590448379517 36.95316696166992 -4.099999904632568
endloop
endfacet
facet normal 0 0 1
outer loop
vertex -2.7238175868988037 37.55759048461914 -4.099999904632568
vertex -3.4393796920776367 37.27524948120117 -4.099999904632568
vertex -0.5770562291145325 36.50829315185547 -4.099999904632568
endloop
endfacet
facet normal 0.08271526710133896 -0.945432275339268 0.3151444071138954
outer loop
vertex 2.37496280670166 70.2500228881836 -4.099999904632568
vertex -0.7854340672492981 71.17352294921875 -0.5
vertex -0.5770562291145325 69.99175262451172 -4.099999904632568
endloop
endfacet
facet normal 0 0 1
outer loop
vertex -5.115880489349365 38.54841613769531 -4.099999904632568
vertex -3.4393796920776367 37.27524948120117 -4.099999904632568
vertex -2.7238175868988037 37.55759048461914 -4.099999904632568
endloop
endfacet
facet normal 0 0 1
outer loop
vertex -7.323493957519531 39.901241302490234 -4.099999904632568
vertex -6.12503719329834 38.527591705322266 -4.099999904632568
vertex -5.115880489349365 38.54841613769531 -4.099999904632568
endloop
endfacet
facet normal 0 0 1
outer loop
vertex 19.116695404052734 56.20204162597656 -4.099999904632568
vertex 18.3497371673584 59.06436538696289 -4.099999904632568
vertex 18.67181968688965 55.83119201660156 -4.099999904632568
endloop
endfacet
facet normal -0.08271529101918322 -0.945432605987392 0.3151434088910962
outer loop
vertex 5.326982021331787 69.99175262451172 -4.099999904632568
vertex 2.37496280670166 71.45001983642578 -0.5
vertex 2.37496280670166 70.2500228881836 -4.099999904632568
endloop
endfacet
facet normal 0 0 1
outer loop
vertex 2.37496280670166 70.2500228881836 -4.099999904632568
vertex 2.37496280670166 69.7500228881836 -4.099999904632568
vertex 4.956131458282471 69.54688262939453 -4.099999904632568
endloop
endfacet
facet normal 0.7774112377481358 0.5443489419814742 0.3151444062434888
outer loop
vertex -11.567046165466309 41.55128860473633 -0.5
vertex -10.64779281616211 42.322635650634766 -4.099999904632568
vertex -13.386699676513672 44.1500244140625 -0.5
endloop
endfacet
facet normal 0.671075242296543 0.671075242296543 0.31514447219215547
outer loop
vertex -10.64779281616211 42.322635650634766 -4.099999904632568
vertex -11.567046165466309 41.55128860473633 -0.5
vertex -9.323771476745605 39.308013916015625 -0.5
endloop
endfacet
facet normal 0 0 1
outer loop
vertex 2.37496280670166 70.2500228881836 -4.099999904632568
vertex -0.20620590448379517 69.54688262939453 -4.099999904632568
vertex 2.37496280670166 69.7500228881836 -4.099999904632568
endloop
endfacet
facet normal 0 0 1
outer loop
vertex -0.5770562291145325 69.99175262451172 -4.099999904632568
vertex -0.20620590448379517 69.54688262939453 -4.099999904632568
vertex 2.37496280670166 70.2500228881836 -4.099999904632568
endloop
endfacet
facet normal 0.8599821974120598 0.401016150713605 0.31562108136366335
outer loop
vertex -12.62503719329834 45.35002517700195 -4.099999904632568
vertex -13.946269035339355 45.35002517700195 -0.5
vertex -13.386699676513672 44.1500244140625 -0.5
endloop
endfacet
facet normal 0.6710754339350101 0.6710751285053294 0.3151443064224606
outer loop
vertex -9.323771476745605 39.308013916015625 -0.5
vertex -8.5524263381958 40.22726821899414 -4.099999904632568
vertex -10.64779281616211 42.322635650634766 -4.099999904632568
endloop
endfacet
facet normal 0 0 1
outer loop
vertex 18.06739616394043 58.34880447387695 -4.099999904632568
vertex 18.67181968688965 55.83119201660156 -4.099999904632568
vertex 18.3497371673584 59.06436538696289 -4.099999904632568
endloop
endfacet
facet normal 0.7774109979754106 0.5443495764867385 0.3151439017426553
outer loop
vertex -13.386699676513672 44.1500244140625 -0.5
vertex -10.64779281616211 42.322635650634766 -4.099999904632568
vertex -12.347469329833984 44.750022888183594 -4.099999904632568
endloop
endfacet
facet normal 0 0 1
outer loop
vertex -12.347469329833984 44.750022888183594 -4.099999904632568
vertex -10.973817825317383 43.55156707763672 -4.099999904632568
vertex -12.321033477783203 45.750022888183594 -4.099999904632568
endloop
endfacet
facet normal -0.916705803081877 -0.24563086673915213 0.31514432868288106
outer loop
vertex 19.47736930847168 59.474788665771484 -0.5
vertex 18.3497371673584 59.06436538696289 -4.099999904632568
vertex 19.116695404052734 56.20204162597656 -4.099999904632568
endloop
endfacet
facet normal 0 0 1
outer loop
vertex -0.20620590448379517 36.95316696166992 -4.099999904632568
vertex -0.5770562291145325 36.50829315185547 -4.099999904632568
vertex 2.37496280670166 36.250022888183594 -4.099999904632568
endloop
endfacet
facet normal 0 0 1
outer loop
vertex -12.62503719329834 45.750022888183594 -4.099999904632568
vertex -12.62503719329834 45.35002517700195 -4.099999904632568
vertex -12.321033477783203 45.750022888183594 -4.099999904632568
endloop
endfacet
facet normal -0.24562918963122984 -0.9167062305942638 0.31514439228829955
outer loop
vertex 8.189305305480957 69.22480010986328 -4.099999904632568
vertex 5.5353593826293945 71.17352294921875 -0.5
vertex 5.326982021331787 69.99175262451172 -4.099999904632568
endloop
endfacet
facet normal -0.9167060511128312 -0.24563042473451133 0.3151439517075691
outer loop
vertex 19.116695404052734 56.20204162597656 -4.099999904632568
vertex 20.298463821411133 56.41041946411133 -0.5
vertex 19.47736930847168 59.474788665771484 -0.5
endloop
endfacet
facet normal 0 0 1
outer loop
vertex -0.20620590448379517 36.95316696166992 -4.099999904632568
vertex 2.37496280670166 36.250022888183594 -4.099999904632568
vertex 17.076570510864258 45.75918197631836 -4.099999904632568
endloop
endfacet
facet normal -0.7774111524971316 0.5443491675795354 0.3151442268685056
outer loop
vertex 15.39771842956543 42.322635650634766 -4.099999904632568
vertex 16.316970825195312 41.55128860473633 -0.5
vertex 18.136625289916992 44.1500244140625 -0.5
endloop
endfacet
facet normal 0 0 1
outer loop
vertex 17.076570510864258 45.75918197631836 -4.099999904632568
vertex 2.37496280670166 36.250022888183594 -4.099999904632568
vertex 5.326982021331787 36.50829315185547 -4.099999904632568
endloop
endfacet
facet normal 0.08271526988069307 0.945432307107177 0.31514431108075647
outer loop
vertex 2.37496280670166 35.05002212524414 -0.5
vertex 2.37496280670166 36.250022888183594 -4.099999904632568
vertex -0.5770562291145325 36.50829315185547 -4.099999904632568
endloop
endfacet
facet normal -0.08271526490462519 0.9454323074989947 0.31514431121136244
outer loop
vertex 2.37496280670166 35.05002212524414 -0.5
vertex 5.326982021331787 36.50829315185547 -4.099999904632568
vertex 2.37496280670166 36.250022888183594 -4.099999904632568
endloop
endfacet
facet normal -0.24563033117919314 0.9167059313889151 0.31514437288516106
outer loop
vertex 8.599729537963867 36.14761734008789 -0.5
vertex 8.189305305480957 37.27524948120117 -4.099999904632568
vertex 5.326982021331787 36.50829315185547 -4.099999904632568
endloop
endfacet
facet normal 0 0 1
outer loop
vertex 17.076570510864258 45.75918197631836 -4.099999904632568
vertex 5.326982021331787 36.50829315185547 -4.099999904632568
vertex 8.189305305480957 37.27524948120117 -4.099999904632568
endloop
endfacet
facet normal -0.4010831327349854 0.8601258532177836 0.31514415314562
outer loop
vertex 8.189305305480957 37.27524948120117 -4.099999904632568
vertex 11.474963188171387 37.48836135864258 -0.5
vertex 10.87496280670166 38.527591705322266 -4.099999904632568
endloop
endfacet
facet normal -0.5443492382545027 0.7774111257898275 0.31514417067420986
outer loop
vertex 11.474963188171387 37.48836135864258 -0.5
vertex 13.302351951599121 40.22726821899414 -4.099999904632568
vertex 10.87496280670166 38.527591705322266 -4.099999904632568
endloop
endfacet
facet normal 0.08271514666219665 0.9454322869317061 0.3151444039479929
outer loop
vertex -0.5770562291145325 36.50829315185547 -4.099999904632568
vertex -0.7854340672492981 35.32652282714844 -0.5
vertex 2.37496280670166 35.05002212524414 -0.5
endloop
endfacet
facet normal -0.08271515468263616 0.9454322894515365 0.3151443942834047
outer loop
vertex 5.5353593826293945 35.32652282714844 -0.5
vertex 5.326982021331787 36.50829315185547 -4.099999904632568
vertex 2.37496280670166 35.05002212524414 -0.5
endloop
endfacet
facet normal -0.2456303181674777 0.9167059386904383 0.3151443617877784
outer loop
vertex 5.326982021331787 36.50829315185547 -4.099999904632568
vertex 5.5353593826293945 35.32652282714844 -0.5
vertex 8.599729537963867 36.14761734008789 -0.5
endloop
endfacet
facet normal -0.4010833525255894 0.8601256733278364 0.3151443643937964
outer loop
vertex 11.474963188171387 37.48836135864258 -0.5
vertex 8.189305305480957 37.27524948120117 -4.099999904632568
vertex 8.599729537963867 36.14761734008789 -0.5
endloop
endfacet
facet normal -0.5443490323142625 0.7774112036123882 0.31514433441911044
outer loop
vertex 13.302351951599121 40.22726821899414 -4.099999904632568
vertex 11.474963188171387 37.48836135864258 -0.5
vertex 14.073697090148926 39.308013916015625 -0.5
endloop
endfacet
facet normal -0.6710754237784745 0.6710751384868876 0.3151443067950706
outer loop
vertex 13.302351951599121 40.22726821899414 -4.099999904632568
vertex 14.073697090148926 39.308013916015625 -0.5
vertex 16.316970825195312 41.55128860473633 -0.5
endloop
endfacet
facet normal -0.9454323606154116 -0.08271459032553218 0.31514432891684646
outer loop
vertex 20.298463821411133 56.41041946411133 -0.5
vertex 19.374961853027344 53.250022888183594 -4.099999904632568
vertex 20.574962615966797 53.250022888183594 -0.5
endloop
endfacet
facet normal -0.8601258521445375 -0.40108303680851703 0.315144278160164
outer loop
vertex 18.3497371673584 59.06436538696289 -4.099999904632568
vertex 19.47736930847168 59.474788665771484 -0.5
vertex 18.136625289916992 62.35002517700195 -0.5
endloop
endfacet
facet normal 0 0 1
outer loop
vertex -12.347469329833984 44.750022888183594 -4.099999904632568
vertex -12.321033477783203 45.750022888183594 -4.099999904632568
vertex -12.62503719329834 45.35002517700195 -4.099999904632568
endloop
endfacet
facet normal -0.6710755843216286 -0.6710752788918793 0.31514366594867665
outer loop
vertex 14.073697090148926 67.19203186035156 -0.5
vertex 13.302351951599121 66.27278137207031 -4.099999904632568
vertex 15.39771842956543 64.17741394042969 -4.099999904632568
endloop
endfacet
facet normal 0.6710748547382722 -0.6710759959055932 0.31514369271385273
outer loop
vertex -8.5524263381958 66.27278137207031 -4.099999904632568
vertex -9.323771476745605 67.19203186035156 -0.5
vertex -11.567046165466309 64.94876098632812 -0.5
endloop
endfacet
facet normal 0.08271404201373347 -0.9454327043339095 0.3151434416731862
outer loop
vertex 2.37496280670166 70.2500228881836 -4.099999904632568
vertex 2.37496280670166 71.45001983642578 -0.5
vertex -0.7854340672492981 71.17352294921875 -0.5
endloop
endfacet
facet normal 0.7774112377481358 -0.5443489419814742 0.3151444062434888
outer loop
vertex -10.64779281616211 64.17741394042969 -4.099999904632568
vertex -11.567046165466309 64.94876098632812 -0.5
vertex -13.386699676513672 62.35002517700195 -0.5
endloop
endfacet
facet normal 0.8601257933695652 -0.40108311058592583 0.31514434467890107
outer loop
vertex -13.946269035339355 61.1500244140625 -0.5
vertex -12.347469329833984 61.750022888183594 -4.099999904632568
vertex -13.386699676513672 62.35002517700195 -0.5
endloop
endfacet
facet normal -0.08271402304564636 -0.9454323983724794 0.3151443645367395
outer loop
vertex 2.37496280670166 71.45001983642578 -0.5
vertex 5.326982021331787 69.99175262451172 -4.099999904632568
vertex 5.5353593826293945 71.17352294921875 -0.5
endloop
endfacet
facet normal 0 0 1
outer loop
vertex 8.189305305480957 69.22480010986328 -4.099999904632568
vertex 7.473742961883545 68.94245910644531 -4.099999904632568
vertex 9.865805625915527 67.95162963867188 -4.099999904632568
endloop
endfacet
facet normal 0 0 1
outer loop
vertex 7.473742961883545 68.94245910644531 -4.099999904632568
vertex 8.189305305480957 69.22480010986328 -4.099999904632568
vertex 5.326982021331787 69.99175262451172 -4.099999904632568
endloop
endfacet
facet normal 0 0 1
outer loop
vertex 5.326982021331787 69.99175262451172 -4.099999904632568
vertex 4.956131458282471 69.54688262939453 -4.099999904632568
vertex 7.473742961883545 68.94245910644531 -4.099999904632568
endloop
endfacet
facet normal -0.24562925500191826 -0.9167062297944877 0.3151443436636277
outer loop
vertex 5.5353593826293945 71.17352294921875 -0.5
vertex 8.189305305480957 69.22480010986328 -4.099999904632568
vertex 8.599729537963867 70.35243225097656 -0.5
endloop
endfacet
facet normal -0.7774110966028881 -0.5443491284419636 0.31514443235311884
outer loop
vertex 17.097394943237305 61.750022888183594 -4.099999904632568
vertex 18.136625289916992 62.35002517700195 -0.5
vertex 16.316970825195312 64.94876098632812 -0.5
endloop
endfacet
facet normal -0.5443499347064201 -0.7774108626077298 0.31514361691873377
outer loop
vertex 11.474963188171387 69.01168823242188 -0.5
vertex 13.302351951599121 66.27278137207031 -4.099999904632568
vertex 14.073697090148926 67.19203186035156 -0.5
endloop
endfacet
facet normal -0.40108338116082287 -0.8601257347362676 0.3151441603472897
outer loop
vertex 10.87496280670166 67.97245788574219 -4.099999904632568
vertex 11.474963188171387 69.01168823242188 -0.5
vertex 8.599729537963867 70.35243225097656 -0.5
endloop
endfacet
facet normal -0.6710748556736517 -0.6710757115491436 0.3151442962380856
outer loop
vertex 15.39771842956543 64.17741394042969 -4.099999904632568
vertex 16.316970825195312 64.94876098632812 -0.5
vertex 14.073697090148926 67.19203186035156 -0.5
endloop
endfacet
facet normal 0 0 1
outer loop
vertex -10.973817825317383 43.55156707763672 -4.099999904632568
vertex -10.64779281616211 42.322635650634766 -4.099999904632568
vertex -9.292299270629883 41.582759857177734 -4.099999904632568
endloop
endfacet
facet normal 0 0 1
outer loop
vertex -9.292299270629883 41.582759857177734 -4.099999904632568
vertex -10.64779281616211 42.322635650634766 -4.099999904632568
vertex -8.5524263381958 40.22726821899414 -4.099999904632568
endloop
endfacet
facet normal 0.24562917966909378 -0.9167062506829469 0.3151443416180947
outer loop
vertex -3.849803924560547 70.35243225097656 -0.5
vertex -3.4393796920776367 69.22480010986328 -4.099999904632568
vertex -0.5770562291145325 69.99175262451172 -4.099999904632568
endloop
endfacet
facet normal 0.4010831020784528 -0.8601257874746144 0.31514437159546377
outer loop
vertex -3.849803924560547 70.35243225097656 -0.5
vertex -6.12503719329834 67.97245788574219 -4.099999904632568
vertex -3.4393796920776367 69.22480010986328 -4.099999904632568
endloop
endfacet
facet normal 0 0 1
outer loop
vertex 12.073419570922852 66.59880065917969 -4.099999904632568
vertex 14.042224884033203 64.91728210449219 -4.099999904632568
vertex 13.302351951599121 66.27278137207031 -4.099999904632568
endloop
endfacet
facet normal 0 0 1
outer loop
vertex 10.87496280670166 67.97245788574219 -4.099999904632568
vertex 9.865805625915527 67.95162963867188 -4.099999904632568
vertex 12.073419570922852 66.59880065917969 -4.099999904632568
endloop
endfacet
facet normal 0 0 1
outer loop
vertex 9.865805625915527 67.95162963867188 -4.099999904632568
vertex 10.87496280670166 67.97245788574219 -4.099999904632568
vertex 8.189305305480957 69.22480010986328 -4.099999904632568
endloop
endfacet
facet normal 0 0 1
outer loop
vertex -10.64779281616211 42.322635650634766 -4.099999904632568
vertex -10.973817825317383 43.55156707763672 -4.099999904632568
vertex -12.347469329833984 44.750022888183594 -4.099999904632568
endloop
endfacet
facet normal 0.5443497777707453 -0.7774107811264899 0.3151440889961939
outer loop
vertex -9.323771476745605 67.19203186035156 -0.5
vertex -6.12503719329834 67.97245788574219 -4.099999904632568
vertex -6.725037097930908 69.01168823242188 -0.5
endloop
endfacet
facet normal -0.8601258162753403 0.4010831155084472 0.31514427589711497
outer loop
vertex 19.47736930847168 47.0252571105957 -0.5
vertex 18.3497371673584 47.4356803894043 -4.099999904632568
vertex 17.097394943237305 44.750022888183594 -4.099999904632568
endloop
endfacet
facet normal 0 0 1
outer loop
vertex 18.06739616394043 48.151241302490234 -4.099999904632568
vertex 18.3497371673584 47.4356803894043 -4.099999904632568
vertex 19.116695404052734 50.298004150390625 -4.099999904632568
endloop
endfacet
facet normal 0 0 1
outer loop
vertex 18.67181968688965 50.668853759765625 -4.099999904632568
vertex 18.06739616394043 48.151241302490234 -4.099999904632568
vertex 19.116695404052734 50.298004150390625 -4.099999904632568
endloop
endfacet
facet normal 0.5443493473208688 -0.77741128155271 0.31514359804050773
outer loop
vertex -9.323771476745605 67.19203186035156 -0.5
vertex -8.5524263381958 66.27278137207031 -4.099999904632568
vertex -6.12503719329834 67.97245788574219 -4.099999904632568
endloop
endfacet
facet normal 0 0 1
outer loop
vertex -0.5770562291145325 69.99175262451172 -4.099999904632568
vertex -2.7238175868988037 68.94245910644531 -4.099999904632568
vertex -0.20620590448379517 69.54688262939453 -4.099999904632568
endloop
endfacet
facet normal 0 0 1
outer loop
vertex -3.4393796920776367 69.22480010986328 -4.099999904632568
vertex -2.7238175868988037 68.94245910644531 -4.099999904632568
vertex -0.5770562291145325 69.99175262451172 -4.099999904632568
endloop
endfacet
facet normal 0 0 1
outer loop
vertex -3.4393796920776367 69.22480010986328 -4.099999904632568
vertex -5.115880489349365 67.95162963867188 -4.099999904632568
vertex -2.7238175868988037 68.94245910644531 -4.099999904632568
endloop
endfacet
facet normal 0 0 1
outer loop
vertex 18.874961853027344 53.250022888183594 -4.099999904632568
vertex 18.67181968688965 50.668853759765625 -4.099999904632568
vertex 19.116695404052734 50.298004150390625 -4.099999904632568
endloop
endfacet
facet normal 0.4010834422909728 -0.8601257231844542 0.31514411407551884
outer loop
vertex -6.725037097930908 69.01168823242188 -0.5
vertex -6.12503719329834 67.97245788574219 -4.099999904632568
vertex -3.849803924560547 70.35243225097656 -0.5
endloop
endfacet
facet normal 0 0 1
outer loop
vertex 18.874961853027344 53.250022888183594 -4.099999904632568
vertex 19.116695404052734 50.298004150390625 -4.099999904632568
vertex 19.116695404052734 56.20204162597656 -4.099999904632568
endloop
endfacet
facet normal 0 0 1
outer loop
vertex 19.116695404052734 56.20204162597656 -4.099999904632568
vertex 19.116695404052734 50.298004150390625 -4.099999904632568
vertex 19.374961853027344 53.250022888183594 -4.099999904632568
endloop
endfacet
facet normal 0 0 1
outer loop
vertex 18.67181968688965 55.83119201660156 -4.099999904632568
vertex 18.874961853027344 53.250022888183594 -4.099999904632568
vertex 19.116695404052734 56.20204162597656 -4.099999904632568
endloop
endfacet
facet normal 0 0 1
outer loop
vertex -6.12503719329834 67.97245788574219 -4.099999904632568
vertex -5.115880489349365 67.95162963867188 -4.099999904632568
vertex -3.4393796920776367 69.22480010986328 -4.099999904632568
endloop
endfacet
facet normal 0 0 1
outer loop
vertex -6.12503719329834 67.97245788574219 -4.099999904632568
vertex -7.323493957519531 66.59880065917969 -4.099999904632568
vertex -5.115880489349365 67.95162963867188 -4.099999904632568
endloop
endfacet
facet normal 0.24562927078708413 -0.9167061995522305 0.315144419330426
outer loop
vertex -0.5770562291145325 69.99175262451172 -4.099999904632568
vertex -0.7854340672492981 71.17352294921875 -0.5
vertex -3.849803924560547 70.35243225097656 -0.5
endloop
endfacet
facet normal 0 0 1
outer loop
vertex -12.62503719329834 61.1500244140625 -4.099999904632568
vertex -12.62503719329834 60.750022888183594 -4.099999904632568
vertex -12.321033477783203 60.750022888183594 -4.099999904632568
endloop
endfacet
facet normal -0.5443492382545027 -0.7774111257898275 0.31514417067420986
outer loop
vertex 13.302351951599121 66.27278137207031 -4.099999904632568
vertex 11.474963188171387 69.01168823242188 -0.5
vertex 10.87496280670166 67.97245788574219 -4.099999904632568
endloop
endfacet
facet normal 0 0 1
outer loop
vertex -7.323493957519531 66.59880065917969 -4.099999904632568
vertex -6.12503719329834 67.97245788574219 -4.099999904632568
vertex -8.5524263381958 66.27278137207031 -4.099999904632568
endloop
endfacet
facet normal -0.916705803081877 0.24563086673915213 0.31514432868288106
outer loop
vertex 19.47736930847168 47.0252571105957 -0.5
vertex 19.116695404052734 50.298004150390625 -4.099999904632568
vertex 18.3497371673584 47.4356803894043 -4.099999904632568
endloop
endfacet
facet normal -0.9454324019939717 0.08271406481351504 0.315144342709709
outer loop
vertex 19.374961853027344 53.250022888183594 -4.099999904632568
vertex 19.116695404052734 50.298004150390625 -4.099999904632568
vertex 20.574962615966797 53.250022888183594 -0.5
endloop
endfacet
facet normal -0.9454325403961845 -0.08271407692205879 0.31514392432497973
outer loop
vertex 19.374961853027344 53.250022888183594 -4.099999904632568
vertex 20.298463821411133 56.41041946411133 -0.5
vertex 19.116695404052734 56.20204162597656 -4.099999904632568
endloop
endfacet
facet normal 0 0 1
outer loop
vertex 17.076570510864258 45.75918197631836 -4.099999904632568
vertex 8.189305305480957 37.27524948120117 -4.099999904632568
vertex 10.87496280670166 38.527591705322266 -4.099999904632568
endloop
endfacet
facet normal 0.6710753936844337 -0.6710750882547712 0.3151444778433112
outer loop
vertex -11.567046165466309 64.94876098632812 -0.5
vertex -10.64779281616211 64.17741394042969 -4.099999904632568
vertex -8.5524263381958 66.27278137207031 -4.099999904632568
endloop
endfacet
facet normal 0 0 1
outer loop
vertex 17.076570510864258 45.75918197631836 -4.099999904632568
vertex 10.87496280670166 38.527591705322266 -4.099999904632568
vertex 13.302351951599121 40.22726821899414 -4.099999904632568
endloop
endfacet
facet normal 0 0 1
outer loop
vertex 17.076570510864258 45.75918197631836 -4.099999904632568
vertex 13.302351951599121 40.22726821899414 -4.099999904632568
vertex 15.39771842956543 42.322635650634766 -4.099999904632568
endloop
endfacet
facet normal 0 0 1
outer loop
vertex -12.347469329833984 61.750022888183594 -4.099999904632568
vertex -12.321033477783203 60.750022888183594 -4.099999904632568
vertex -10.973817825317383 62.94847869873047 -4.099999904632568
endloop
endfacet
facet normal 0 0 1
outer loop
vertex -12.347469329833984 61.750022888183594 -4.099999904632568
vertex -10.973817825317383 62.94847869873047 -4.099999904632568
vertex -9.292299270629883 64.91728210449219 -4.099999904632568
endloop
endfacet
facet normal -0.7774113134436605 -0.5443489419227839 0.31514421961595357
outer loop
vertex 16.316970825195312 64.94876098632812 -0.5
vertex 15.39771842956543 64.17741394042969 -4.099999904632568
vertex 17.097394943237305 61.750022888183594 -4.099999904632568
endloop
endfacet
facet normal -0.9454324898921893 0.0827146016357815 0.31514393811794805
outer loop
vertex 20.574962615966797 53.250022888183594 -0.5
vertex 19.116695404052734 50.298004150390625 -4.099999904632568
vertex 20.298463821411133 50.08962631225586 -0.5
endloop
endfacet
facet normal -0.8601257956163423 -0.40108310587500157 0.31514434454233264
outer loop
vertex 18.136625289916992 62.35002517700195 -0.5
vertex 17.097394943237305 61.750022888183594 -4.099999904632568
vertex 18.3497371673584 59.06436538696289 -4.099999904632568
endloop
endfacet
facet normal 0 0 1
outer loop
vertex -9.292299270629883 64.91728210449219 -4.099999904632568
vertex -8.5524263381958 66.27278137207031 -4.099999904632568
vertex -10.64779281616211 64.17741394042969 -4.099999904632568
endloop
endfacet
facet normal 0.7774112536039278 -0.5443489000225766 0.3151444396053662
outer loop
vertex -13.386699676513672 62.35002517700195 -0.5
vertex -12.347469329833984 61.750022888183594 -4.099999904632568
vertex -10.64779281616211 64.17741394042969 -4.099999904632568
endloop
endfacet
facet normal -0.9167060511128312 0.24563042473451133 0.3151439517075691
outer loop
vertex 19.116695404052734 50.298004150390625 -4.099999904632568
vertex 19.47736930847168 47.0252571105957 -0.5
vertex 20.298463821411133 50.08962631225586 -0.5
endloop
endfacet
facet normal 0 0 1
outer loop
vertex 17.076570510864258 60.740867614746094 -4.099999904632568
vertex 18.06739616394043 58.34880447387695 -4.099999904632568
vertex 18.3497371673584 59.06436538696289 -4.099999904632568
endloop
endfacet
facet normal 0.8610752728755582 -0.3983457193356435 0.3160222497376595
outer loop
vertex -12.347469329833984 61.750022888183594 -4.099999904632568
vertex -13.946269035339355 61.1500244140625 -0.5
vertex -12.62503719329834 61.1500244140625 -4.099999904632568
endloop
endfacet
facet normal 0 0 1
outer loop
vertex -12.347469329833984 61.750022888183594 -4.099999904632568
vertex -9.292299270629883 64.91728210449219 -4.099999904632568
vertex -10.64779281616211 64.17741394042969 -4.099999904632568
endloop
endfacet
facet normal -0.8601257404333567 0.4010835168511473 0.3151439721052671
outer loop
vertex 17.097394943237305 44.750022888183594 -4.099999904632568
vertex 18.136625289916992 44.1500244140625 -0.5
vertex 19.47736930847168 47.0252571105957 -0.5
endloop
endfacet
facet normal 0 0 1
outer loop
vertex 14.042224884033203 64.91728210449219 -4.099999904632568
vertex 15.723743438720703 62.94847869873047 -4.099999904632568
vertex 15.39771842956543 64.17741394042969 -4.099999904632568
endloop
endfacet
facet normal 0 0 1
outer loop
vertex 17.076570510864258 60.740867614746094 -4.099999904632568
vertex 17.097394943237305 61.750022888183594 -4.099999904632568
vertex 15.723743438720703 62.94847869873047 -4.099999904632568
endloop
endfacet
facet normal 0 0 1
outer loop
vertex 17.097394943237305 61.750022888183594 -4.099999904632568
vertex 17.076570510864258 60.740867614746094 -4.099999904632568
vertex 18.3497371673584 59.06436538696289 -4.099999904632568
endloop
endfacet
facet normal -0.7774109979754106 0.5443495764867385 0.3151439017426553
outer loop
vertex 18.136625289916992 44.1500244140625 -0.5
vertex 17.097394943237305 44.750022888183594 -4.099999904632568
vertex 15.39771842956543 42.322635650634766 -4.099999904632568
endloop
endfacet
facet normal -0.6710754312811438 0.6710751258514642 0.3151443177248615
outer loop
vertex 16.316970825195312 41.55128860473633 -0.5
vertex 15.39771842956543 42.322635650634766 -4.099999904632568
vertex 13.302351951599121 40.22726821899414 -4.099999904632568
endloop
endfacet
facet normal 0 0 1
outer loop
vertex 18.06739616394043 48.151241302490234 -4.099999904632568
vertex 17.076570510864258 45.75918197631836 -4.099999904632568
vertex 18.3497371673584 47.4356803894043 -4.099999904632568
endloop
endfacet
facet normal 0 0 1
outer loop
vertex 17.076570510864258 45.75918197631836 -4.099999904632568
vertex 17.097394943237305 44.750022888183594 -4.099999904632568
vertex 18.3497371673584 47.4356803894043 -4.099999904632568
endloop
endfacet
facet normal 0 0 1
outer loop
vertex 17.076570510864258 45.75918197631836 -4.099999904632568
vertex 15.39771842956543 42.322635650634766 -4.099999904632568
vertex 17.097394943237305 44.750022888183594 -4.099999904632568
endloop
endfacet
facet normal -0.4010831020784528 -0.8601257874746144 0.31514437159546377
outer loop
vertex 8.599729537963867 70.35243225097656 -0.5
vertex 8.189305305480957 69.22480010986328 -4.099999904632568
vertex 10.87496280670166 67.97245788574219 -4.099999904632568
endloop
endfacet
facet normal 0.11384695658922955 -0.6978803023750146 0.7071081628947076
outer loop
vertex 50.349098205566406 -57.1002082824707 -1
vertex 50.2296028137207 -56.61309051513672 -0.5
vertex 49.780582427978516 -56.68634033203125 -0.5
endloop
endfacet
facet normal 0.11384692882811484 -0.6978803222323929 0.7071081477661091
outer loop
vertex 49.780582427978516 -56.68634033203125 -0.5
vertex 49.83694076538086 -57.18375778198242 -1
vertex 50.349098205566406 -57.1002082824707 -1
endloop
endfacet
facet normal 0.2220387348909518 -0.6713396253419097 0.7071081301002061
outer loop
vertex 50.2296028137207 -56.61309051513672 -0.5
vertex 50.349098205566406 -57.1002082824707 -1
vertex 50.96930694580078 -56.89508056640625 -1
endloop
endfacet
facet normal 0.2220383730971762 -0.6713400540777984 0.707107836658015
outer loop
vertex 50.2296028137207 -56.61309051513672 -0.5
vertex 50.96930694580078 -56.89508056640625 -1
vertex 50.769248962402344 -56.434608459472656 -0.5
endloop
endfacet
facet normal 0.33918527176427277 -0.6204444786827579 0.7071081956039522
outer loop
vertex 50.769248962402344 -56.434608459472656 -0.5
vertex 50.96930694580078 -56.89508056640625 -1
vertex 51.56474685668945 -56.56956481933594 -1
endloop
endfacet
facet normal 0.33918408686300994 -0.6204466171200942 0.7071068876224706
outer loop
vertex 51.56474685668945 -56.56956481933594 -1
vertex 51.285423278808594 -56.152427673339844 -0.5
vertex 50.769248962402344 -56.434608459472656 -0.5
endloop
endfacet
facet normal 0.44451480653877057 -0.5499149738109875 0.7071068577989188
outer loop
vertex 51.285423278808594 -56.152427673339844 -0.5
vertex 51.56474685668945 -56.56956481933594 -1
vertex 51.716617584228516 -55.80387878417969 -0.5
endloop
endfacet
facet normal 0.44451619368605044 -0.549914778631812 0.7071061375728476
outer loop
vertex 51.716617584228516 -55.80387878417969 -0.5
vertex 51.56474685668945 -56.56956481933594 -1
vertex 52.06489181518555 -56.165279388427734 -1
endloop
endfacet
facet normal 0.5330993468731153 -0.46454673391377826 0.7071077841273559
outer loop
vertex 52.494056701660156 -55.672786712646484 -1
vertex 52.087310791015625 -55.378482818603516 -0.5
vertex 51.716617584228516 -55.80387878417969 -0.5
endloop
endfacet
facet normal 0.5330988462731359 -0.46454966153075505 0.707106238180595
outer loop
vertex 51.716617584228516 -55.80387878417969 -0.5
vertex 52.06489181518555 -56.165279388427734 -1
vertex 52.494056701660156 -55.672786712646484 -1
endloop
endfacet
facet normal 0.6079700314138144 -0.36107248000362635 0.707106148387013
outer loop
vertex 52.840576171875 -55.089317321777344 -1
vertex 52.387699127197266 -54.8726921081543 -0.5
vertex 52.087310791015625 -55.378482818603516 -0.5
endloop
endfacet
facet normal 0.6079699672287862 -0.3610702364983261 0.7071073491789429
outer loop
vertex 52.087310791015625 -55.378482818603516 -0.5
vertex 52.494056701660156 -55.672786712646484 -1
vertex 52.840576171875 -55.089317321777344 -1
endloop
endfacet
facet normal 0.6626697642855147 -0.24671211106088373 0.7071081372446949
outer loop
vertex 53.024932861328125 -54.59414291381836 -1
vertex 52.49146270751953 -54.5939826965332 -0.5
vertex 52.387699127197266 -54.8726921081543 -0.5
endloop
endfacet
facet normal 0.6626701741478048 -0.2467164650305077 0.7071062340113883
outer loop
vertex 52.840576171875 -55.089317321777344 -1
vertex 53.024932861328125 -54.59414291381836 -1
vertex 52.387699127197266 -54.8726921081543 -0.5
endloop
endfacet
facet normal 0.6926870607188973 -0.14205509524228382 0.7071103066907739
outer loop
vertex 53.30051803588867 2.5499932765960693 -1
vertex 53.31660079956055 2.628415822982788 -1
vertex 52.790138244628906 2.5501458644866943 -0.5
endloop
endfacet
facet normal 0.6926863259905734 -0.1420887446149417 0.7071042656068701
outer loop
vertex 53.31660079956055 2.628415822982788 -1
vertex 52.82680130004883 2.72887921333313 -0.5
vertex 52.790138244628906 2.5501458644866943 -0.5
endloop
endfacet
facet normal 0.6798920628294051 -0.1985615322758109 0.7059179136428388
outer loop
vertex 52.82680130004883 2.72887921333313 -0.5
vertex 53.31660079956055 2.628415822982788 -1
vertex 52.848487854003906 2.803135871887207 -0.5
endloop
endfacet
facet normal 0.6626477858955503 -0.24677089687378714 0.7071082210693294
outer loop
vertex 53.47896194458008 3.0634102821350098 -1
vertex 53.01052474975586 3.2382495403289795 -0.5
vertex 52.848487854003906 2.803135871887207 -0.5
endloop
endfacet
facet normal 0.6626928013342059 -0.24734927021948686 0.7068639116419158
outer loop
vertex 52.848487854003906 2.803135871887207 -0.5
vertex 53.31660079956055 2.628415822982788 -1
vertex 53.47896194458008 3.0634102821350098 -1
endloop
endfacet
facet normal 0.6406509250687975 -0.3021742649092332 0.7058732930456134
outer loop
vertex 53.01052474975586 3.2382495403289795 -0.5
vertex 53.47896194458008 3.0634102821350098 -1
vertex 53.043521881103516 3.3082079887390137 -0.5
endloop
endfacet
facet normal 0.6166671188594645 -0.34668160213563065 0.7067768610093564
outer loop
vertex 53.47896194458008 3.0634102821350098 -1
vertex 53.61383819580078 3.3033242225646973 -1
vertex 53.043521881103516 3.3082079887390137 -0.5
endloop
endfacet
facet normal 0.6166666275826813 -0.3466835790459575 0.7067763199525632
outer loop
vertex 53.043521881103516 3.3082079887390137 -0.5
vertex 53.61383819580078 3.3033242225646973 -1
vertex 53.70649719238281 3.46814227104187 -1
endloop
endfacet
facet normal 0.6167273396196058 -0.34589838679142226 0.7071079794351177
outer loop
vertex 53.043521881103516 3.3082079887390137 -0.5
vertex 53.70649719238281 3.46814227104187 -1
vertex 53.27064895629883 3.7131693363189697 -0.5
endloop
endfacet
facet normal 0.5832336278992412 -0.4024272258330693 0.7056138201564575
outer loop
vertex 53.27064895629883 3.7131693363189697 -0.5
vertex 53.70649719238281 3.46814227104187 -1
vertex 53.314552307128906 3.7767980098724365 -0.5
endloop
endfacet
facet normal 0.5561446784244412 -0.4379717698788631 0.7063170856275185
outer loop
vertex 53.314552307128906 3.7767980098724365 -0.5
vertex 53.820682525634766 3.6131415367126465 -1
vertex 53.99375915527344 3.8329174518585205 -1
endloop
endfacet
facet normal 0.5561498617917305 -0.43796192355141883 0.7063191097147098
outer loop
vertex 53.314552307128906 3.7767980098724365 -0.5
vertex 53.70649719238281 3.46814227104187 -1
vertex 53.820682525634766 3.6131415367126465 -1
endloop
endfacet
facet normal 0.5565750440052571 -0.43614755766083046 0.7071064476703905
outer loop
vertex 53.99375915527344 3.8329174518585205 -1
vertex 53.6009407043457 4.142262935638428 -0.5
vertex 53.314552307128906 3.7767980098724365 -0.5
endloop
endfacet
facet normal 0.5114254189715991 -0.49074727553503794 0.7054155884190977
outer loop
vertex 53.6009407043457 4.142262935638428 -0.5
vertex 53.99375915527344 3.8329174518585205 -1
vertex 53.65444564819336 4.198022365570068 -0.5
endloop
endfacet
facet normal 0.4831175666080394 -0.5163319991633298 0.7071058502619858
outer loop
vertex 54.333866119384766 4.148997783660889 -1
vertex 53.99348449707031 4.515251636505127 -0.5
vertex 53.65444564819336 4.198022365570068 -0.5
endloop
endfacet
facet normal 0.4821269488297029 -0.5187709160533814 0.7059959928139087
outer loop
vertex 53.65444564819336 4.198022365570068 -0.5
vertex 53.99375915527344 3.8329174518585205 -1
vertex 54.180423736572266 4.006396770477295 -1
endloop
endfacet
facet normal 0.48212308022986566 -0.5187769188156364 0.705994223782193
outer loop
vertex 53.65444564819336 4.198022365570068 -0.5
vertex 54.180423736572266 4.006396770477295 -1
vertex 54.333866119384766 4.148997783660889 -1
endloop
endfacet
facet normal 0.42771892054888727 -0.5653453121638342 0.7052951176768996
outer loop
vertex 53.99348449707031 4.515251636505127 -0.5
vertex 54.333866119384766 4.148997783660889 -1
vertex 54.05510330200195 4.561870098114014 -0.5
endloop
endfacet
facet normal 0.39799003576219033 -0.5844717286523883 0.7071044688305254
outer loop
vertex 54.71867370605469 4.408812522888184 -1
vertex 54.43888473510742 4.823202133178711 -0.5
vertex 54.05510330200195 4.561870098114014 -0.5
endloop
endfacet
facet normal 0.3964032926004961 -0.5871123731420957 0.7058069785139149
outer loop
vertex 54.05510330200195 4.561870098114014 -0.5
vertex 54.586402893066406 4.319506645202637 -1
vertex 54.71867370605469 4.408812522888184 -1
endloop
endfacet
facet normal 0.3964064331755862 -0.5871084986178199 0.7058084376002732
outer loop
vertex 54.05510330200195 4.561870098114014 -0.5
vertex 54.333866119384766 4.148997783660889 -1
vertex 54.586402893066406 4.319506645202637 -1
endloop
endfacet
facet normal 0.33482517295463304 -0.6248973092795388 0.7052626861043285
outer loop
vertex 54.43888473510742 4.823202133178711 -0.5
vertex 54.71867370605469 4.408812522888184 -1
vertex 54.50698471069336 4.8596906661987305 -0.5
endloop
endfacet
facet normal 0.3031314412584746 -0.6388395455619033 0.7071035032771518
outer loop
vertex 55.13896179199219 4.606137752532959 -1
vertex 54.92646789550781 5.058736801147461 -0.5
vertex 54.50698471069336 4.8596906661987305 -0.5
endloop
endfacet
facet normal 0.30108515834930916 -0.6412890289529721 0.7057592427778225
outer loop
vertex 54.50698471069336 4.8596906661987305 -0.5
vertex 54.71867370605469 4.408812522888184 -1
vertex 55.13896179199219 4.606137752532959 -1
endloop
endfacet
facet normal 0.23542510153036544 -0.6686557619515926 0.7053187177286253
outer loop
vertex 54.92646789550781 5.058736801147461 -0.5
vertex 55.13896179199219 4.606137752532959 -1
vertex 54.99934768676758 5.084396839141846 -0.5
endloop
endfacet
facet normal 0.20074838878482146 -0.6780139908783454 0.7071047394647537
outer loop
vertex 55.58466720581055 4.7362470626831055 -1
vertex 55.44455337524414 5.216214656829834 -0.5
vertex 54.99934768676758 5.084396839141846 -0.5
endloop
endfacet
facet normal 0.19849948260205777 -0.6799858127650478 0.7058450607923615
outer loop
vertex 54.99934768676758 5.084396839141846 -0.5
vertex 55.37204360961914 4.674178600311279 -1
vertex 55.58466720581055 4.7362470626831055 -1
endloop
endfacet
facet normal 0.19850018409459977 -0.6799854090412436 0.7058452524494463
outer loop
vertex 54.99934768676758 5.084396839141846 -0.5
vertex 55.13896179199219 4.606137752532959 -1
vertex 55.37204360961914 4.674178600311279 -1
endloop
endfacet
facet normal 0.13221503812620944 -0.6963077542884929 0.705460626123812
outer loop
vertex 55.44455337524414 5.216214656829834 -0.5
vertex 55.58466720581055 4.7362470626831055 -1
vertex 55.52048110961914 5.2306318283081055 -0.5
endloop
endfacet
facet normal 0.09116964465819899 -0.7022508403432605 0.7060678813896593
outer loop
vertex 55.52048110961914 5.2306318283081055 -0.5
vertex 55.58466720581055 4.7362470626831055 -1
vertex 56.045108795166016 4.796023845672607 -1
endloop
endfacet
facet normal 0.09116964465819899 -0.7022508403432605 0.7060678813896593
outer loop
vertex 56.045108795166016 4.796023845672607 -1
vertex 55.98092269897461 5.290408611297607 -0.5
vertex 55.52048110961914 5.2306318283081055 -0.5
endloop
endfacet
facet normal 0.06174223090978892 -0.7057577144996977 0.705757710086433
outer loop
vertex 55.98092269897461 5.290408611297607 -0.5
vertex 56.045108795166016 4.796023845672607 -1
vertex 56.044918060302734 5.29600715637207 -0.5
endloop
endfacet
facet normal 0.00027077860454702106 -0.7071185048323433 0.7070950054996985
outer loop
vertex 56.044918060302734 5.29600715637207 -0.5
vertex 56.045108795166016 4.796023845672607 -1
vertex 66.49005889892578 4.800023555755615 -1
endloop
endfacet
facet normal 0.0002719012937774377 -0.7071067307781221 0.7071067793183451
outer loop
vertex 66.49005889892578 4.800023555755615 -1
vertex 66.48004913330078 5.30001974105835 -0.5
vertex 56.044918060302734 5.29600715637207 -0.5
endloop
endfacet
facet normal 0.028015394737464616 -0.706551449155315 0.7071069136659806
outer loop
vertex 66.48004913330078 5.30001974105835 -0.5
vertex 66.49005889892578 4.800023555755615 -1
vertex 66.9394302368164 4.817841529846191 -1
endloop
endfacet
facet normal 0.028015340447101626 -0.7065514756534167 0.7071068893396614
outer loop
vertex 66.9394302368164 4.817841529846191 -1
vertex 66.88966369628906 5.316261291503906 -0.5
vertex 66.48004913330078 5.30001974105835 -0.5
endloop
endfacet
facet normal 0.11222507819151119 -0.6981439364965232 0.7071071883088501
outer loop
vertex 67.86907958984375 4.967280864715576 -1
vertex 67.75030517578125 5.4546074867248535 -0.5
vertex 66.88966369628906 5.316261291503906 -0.5
endloop
endfacet
facet normal 0.11222440017526693 -0.6981447884157423 0.7071064547953441
outer loop
vertex 66.88966369628906 5.316261291503906 -0.5
vertex 67.5275650024414 4.912383556365967 -1
vertex 67.86907958984375 4.967280864715576 -1
endloop
endfacet
facet normal 0.11222583429559269 -0.6981436423589082 0.7071073587161251
outer loop
vertex 66.88966369628906 5.316261291503906 -0.5
vertex 66.9394302368164 4.817841529846191 -1
vertex 67.5275650024414 4.912383556365967 -1
endloop
endfacet
facet normal 0.22158666141747901 -0.6714897912761433 0.7071073551404885
outer loop
vertex 67.75030517578125 5.4546074867248535 -0.5
vertex 67.86907958984375 4.967280864715576 -1
vertex 68.49252319335938 5.699533939361572 -0.5
endloop
endfacet
facet normal 0.22158741940466822 -0.6714900843802433 0.707106839268716
outer loop
vertex 68.49252319335938 5.699533939361572 -0.5
vertex 67.86907958984375 4.967280864715576 -1
vertex 68.68656921386719 5.23704719543457 -1
endloop
endfacet
facet normal 0.3238775724671034 -0.6285725113148265 0.7071067218406204
outer loop
vertex 68.49252319335938 5.699533939361572 -0.5
vertex 68.93119812011719 5.363094806671143 -1
vertex 69.5218505859375 5.667433738708496 -1
endloop
endfacet
facet normal 0.32387798773007864 -0.628571414841691 0.7071075063297162
outer loop
vertex 69.5218505859375 5.667433738708496 -1
vertex 69.25737762451172 6.09363317489624 -0.5
vertex 68.49252319335938 5.699533939361572 -0.5
endloop
endfacet
facet normal 0.32387827401973024 -0.6285719114730521 0.7071069337272222
outer loop
vertex 68.49252319335938 5.699533939361572 -0.5
vertex 68.68656921386719 5.23704719543457 -1
vertex 68.93119812011719 5.363094806671143 -1
endloop
endfacet
facet normal 0.4194285877324915 -0.5692788345390422 0.707107678036802
outer loop
vertex 69.25737762451172 6.09363317489624 -0.5
vertex 69.5218505859375 5.667433738708496 -1
vertex 69.88665008544922 6.557263374328613 -0.5
endloop
endfacet
facet normal 0.4194295678107631 -0.5692788862731082 0.7071070550416862
outer loop
vertex 69.5218505859375 5.667433738708496 -1
vertex 70.21490478515625 6.178057670593262 -1
vertex 69.88665008544922 6.557263374328613 -0.5
endloop
endfacet
facet normal 0.5033008566883594 -0.4966766207504331 0.7071071927626631
outer loop
vertex 70.87491607666016 6.846871376037598 -1
vertex 70.49101257324219 7.169686317443848 -0.5
vertex 69.88665008544922 6.557263374328613 -0.5
endloop
endfacet
facet normal 0.5033008489987141 -0.4966767885564822 0.7071070803678839
outer loop
vertex 70.21490478515625 6.178057670593262 -1
vertex 70.87491607666016 6.846871376037598 -1
vertex 69.88665008544922 6.557263374328613 -0.5
endloop
endfacet
facet normal 0.5756901004256647 -0.41059151851308995 0.7071036085306052
outer loop
vertex 71.37479400634766 7.54771089553833 -1
vertex 70.94489288330078 7.806025981903076 -0.5
vertex 71.29638671875 7.4377760887146 -1
endloop
endfacet
facet normal 0.575674316899302 -0.4106096979968558 0.7071059020920789
outer loop
vertex 70.49101257324219 7.169686317443848 -0.5
vertex 71.29638671875 7.4377760887146 -1
vertex 70.94489288330078 7.806025981903076 -0.5
endloop
endfacet
facet normal 0.5756743592621282 -0.4106073900370023 0.707107207808787
outer loop
vertex 70.49101257324219 7.169686317443848 -0.5
vertex 70.87491607666016 6.846871376037598 -1
vertex 71.29638671875 7.4377760887146 -1
endloop
endfacet
facet normal 0.632810004802899 -0.3155274726573047 0.7071024761799727
outer loop
vertex 70.94489288330078 7.806025981903076 -0.5
vertex 71.37479400634766 7.54771089553833 -1
vertex 71.79408264160156 8.388620376586914 -1
endloop
endfacet
facet normal 0.6328073331958505 -0.31551783625922647 0.7071091670002957
outer loop
vertex 71.79408264160156 8.388620376586914 -1
vertex 71.32881927490234 8.576034545898438 -0.5
vertex 70.94489288330078 7.806025981903076 -0.5
endloop
endfacet
facet normal 0.6748246459193261 -0.21120755325186868 0.7071089496741044
outer loop
vertex 71.32881927490234 8.576034545898438 -0.5
vertex 71.79408264160156 8.388620376586914 -1
vertex 71.82384490966797 8.483713150024414 -1
endloop
endfacet
facet normal 0.6748257715313315 -0.21121688690764634 0.707105087495618
outer loop
vertex 72.05121612548828 9.210166931152344 -1
vertex 71.56229400634766 9.321972846984863 -0.5
vertex 71.32881927490234 8.576034545898438 -0.5
endloop
endfacet
facet normal 0.6748236380586298 -0.21121160772464467 0.7071087004695149
outer loop
vertex 71.32881927490234 8.576034545898438 -0.5
vertex 71.82384490966797 8.483713150024414 -1
vertex 72.05121612548828 9.210166931152344 -1
endloop
endfacet
facet normal 0.6995511874251631 -0.10307485733487019 0.7071094045177453
outer loop
vertex 72.18819427490234 10.139772415161133 -1
vertex 71.68820190429688 10.176487922668457 -0.5
vertex 71.56229400634766 9.321972846984863 -0.5
endloop
endfacet
facet normal 0.6995533157681744 -0.1030780589552048 0.7071068322112157
outer loop
vertex 71.56229400634766 9.321972846984863 -0.5
vertex 72.11994171142578 9.676567077636719 -1
vertex 72.18819427490234 10.139772415161133 -1
endloop
endfacet
facet normal 0.6995542657053311 -0.1030816074310283 0.7071053751336573
outer loop
vertex 71.56229400634766 9.321972846984863 -0.5
vertex 72.05121612548828 9.210166931152344 -1
vertex 72.11994171142578 9.676567077636719 -1
endloop
endfacet
facet normal 0.7071041889518799 -0.00021708389720645436 0.7071093400891306
outer loop
vertex 72.18819427490234 10.139772415161133 -1
vertex 71.69390106201172 28.740270614624023 -0.5
vertex 71.68820190429688 10.176487922668457 -0.5
endloop
endfacet
facet normal 0.7071067310286122 -0.0002169480113784172 0.7071067980634821
outer loop
vertex 72.18819427490234 10.139772415161133 -1
vertex 72.19390106201172 28.740116119384766 -1
vertex 71.69390106201172 28.740270614624023 -0.5
endloop
endfacet
facet normal 0.6981464986157813 0.1122206373231582 0.7071053634567548
outer loop
vertex 72.08760070800781 49.52763748168945 -1
vertex 72.03270721435547 49.869140625 -1
vertex 71.62737274169922 49.240291595458984 -0.5
endloop
endfacet
facet normal 0.698141645729786 0.11223326097180579 0.7071081512960663
outer loop
vertex 72.13381958007812 49.240135192871094 -1
vertex 72.08760070800781 49.52763748168945 -1
vertex 71.62737274169922 49.240291595458984 -0.5
endloop
endfacet
facet normal 0.6981439334437448 0.11222389357464327 0.707107379332618
outer loop
vertex 72.03270721435547 49.869140625 -1
vertex 71.54537963867188 49.750370025634766 -0.5
vertex 71.62737274169922 49.240291595458984 -0.5
endloop
endfacet
facet normal 0.671489505517605 0.22158840341201114 0.707107080612999
outer loop
vertex 71.54537963867188 49.750370025634766 -0.5
vertex 72.03270721435547 49.869140625 -1
vertex 71.762939453125 50.68663024902344 -1
endloop
endfacet
facet normal 0.671490229369391 0.2215879448564819 0.707106536920515
outer loop
vertex 71.762939453125 50.68663024902344 -1
vertex 71.30045318603516 50.492584228515625 -0.5
vertex 71.54537963867188 49.750370025634766 -0.5
endloop
endfacet
facet normal 0.6285730735859654 0.32387649116799877 0.7071067172862933
outer loop
vertex 71.30045318603516 50.492584228515625 -0.5
vertex 71.762939453125 50.68663024902344 -1
vertex 70.90635681152344 51.25743865966797 -0.5
endloop
endfacet
facet normal 0.628574234217858 0.3238809091969255 0.7071036619444184
outer loop
vertex 70.90635681152344 51.25743865966797 -0.5
vertex 71.762939453125 50.68663024902344 -1
vertex 71.33255004882812 51.52191162109375 -1
endloop
endfacet
facet normal 0.5692801753565669 0.4194296927687219 0.7071059431018326
outer loop
vertex 70.4427261352539 51.8867073059082 -0.5
vertex 71.33255004882812 51.52191162109375 -1
vertex 70.82192993164062 52.214962005615234 -1
endloop
endfacet
facet normal 0.5692803322447344 0.41943266520990385 0.7071040536400859
outer loop
vertex 70.90635681152344 51.25743865966797 -0.5
vertex 71.33255004882812 51.52191162109375 -1
vertex 70.4427261352539 51.8867073059082 -0.5
endloop
endfacet
facet normal 0.49667664247712 0.5033008368933274 0.7071071915912971
outer loop
vertex 70.15311431884766 52.874977111816406 -1
vertex 69.8302993774414 52.49107360839844 -0.5
vertex 70.4427261352539 51.8867073059082 -0.5
endloop
endfacet
facet normal 0.4966781621129484 0.5033007672603286 0.7071061737499316
outer loop
vertex 70.4427261352539 51.8867073059082 -0.5
vertex 70.82192993164062 52.214962005615234 -1
vertex 70.15311431884766 52.874977111816406 -1
endloop
endfacet
facet normal 0.41060792986441463 0.5756739407871602 0.7071072350294835
outer loop
vertex 69.8302993774414 52.49107360839844 -0.5
vertex 70.15311431884766 52.874977111816406 -1
vertex 69.45227813720703 53.37485885620117 -1
endloop
endfacet
facet normal 0.4106074961244916 0.5756739113263353 0.7071075108812058
outer loop
vertex 69.8302993774414 52.49107360839844 -0.5
vertex 69.45227813720703 53.37485885620117 -1
vertex 69.19396209716797 52.944950103759766 -0.5
endloop
endfacet
facet normal 0.31552264911569167 0.6328071539315901 0.7071071798730493
outer loop
vertex 68.61136627197266 53.79414367675781 -1
vertex 68.4239501953125 53.32888412475586 -0.5
vertex 69.19396209716797 52.944950103759766 -0.5
endloop
endfacet
facet normal 0.31552222766990945 0.6328070370889235 0.7071074724940726
outer loop
vertex 69.19396209716797 52.944950103759766 -0.5
vertex 69.45227813720703 53.37485885620117 -1
vertex 68.61136627197266 53.79414367675781 -1
endloop
endfacet
facet normal 0.21121525077963646 0.6748272563101755 0.7071041592148755
outer loop
vertex 67.7898178100586 54.05127716064453 -1
vertex 67.67801666259766 53.562355041503906 -0.5
vertex 68.4239501953125 53.32888412475586 -0.5
endloop
endfacet
facet normal 0.21121174180126967 0.6748258382267397 0.7071065607013218
outer loop
vertex 68.4239501953125 53.32888412475586 -0.5
vertex 68.51627349853516 53.82390594482422 -1
vertex 67.7898178100586 54.05127716064453 -1
endloop
endfacet
facet normal 0.21120820183751657 0.6748267182011809 0.7071067782721269
outer loop
vertex 68.4239501953125 53.32888412475586 -0.5
vertex 68.61136627197266 53.79414367675781 -1
vertex 68.51627349853516 53.82390594482422 -1
endloop
endfacet
facet normal 0.10307839756013935 0.6995553681662476 0.7071047523714005
outer loop
vertex 67.67801666259766 53.562355041503906 -0.5
vertex 67.7898178100586 54.05127716064453 -1
vertex 67.32340240478516 54.12000274658203 -1
endloop
endfacet
facet normal 0.10307528932279532 0.6995541192523205 0.7071064410455702
outer loop
vertex 66.86021423339844 54.18825149536133 -1
vertex 66.82350158691406 53.688262939453125 -0.5
vertex 67.67801666259766 53.562355041503906 -0.5
endloop
endfacet
facet normal 0.10307633897980212 0.699554817036808 0.7071055977031429
outer loop
vertex 67.67801666259766 53.562355041503906 -0.5
vertex 67.32340240478516 54.12000274658203 -1
vertex 66.86021423339844 54.18825149536133 -1
endloop
endfacet
facet normal 0.00021705600581358128 0.7071068880251943 0.7071066410337382
outer loop
vertex 66.82350158691406 53.688262939453125 -0.5
vertex 66.86021423339844 54.18825149536133 -1
vertex 28.509870529174805 54.20002365112305 -1
endloop
endfacet
facet normal 0.00021708228113843085 0.7071078830215246 0.7071056460275941
outer loop
vertex 28.509870529174805 54.20002365112305 -1
vertex 28.527448654174805 53.70001983642578 -0.5
vertex 66.82350158691406 53.688262939453125 -0.5
endloop
endfacet
facet normal -0.04987620675880127 0.7053446474500893 0.7071076949891456
outer loop
vertex 27.700298309326172 54.14278030395508 -1
vertex 27.773591995239258 53.64671325683594 -0.5
vertex 28.527448654174805 53.70001983642578 -0.5
endloop
endfacet
facet normal -0.049873767222249385 0.7053468820377359 0.7071056380362875
outer loop
vertex 28.527448654174805 53.70001983642578 -0.5
vertex 28.509870529174805 54.20002365112305 -1
vertex 27.700298309326172 54.14278030395508 -1
endloop
endfacet
facet normal -0.15623378429502222 0.6896325029704122 0.707105377925823
outer loop
vertex 26.783878326416016 53.93516540527344 -1
vertex 26.935136795043945 53.456764221191406 -0.5
vertex 27.773591995239258 53.64671325683594 -0.5
endloop
endfacet
facet normal -0.15623561814017545 0.6896299033217622 0.7071075081405757
outer loop
vertex 27.773591995239258 53.64671325683594 -0.5
vertex 27.700298309326172 54.14278030395508 -1
vertex 26.783878326416016 53.93516540527344 -1
endloop
endfacet
facet normal -0.26861531266764505 0.6541005133602502 0.7071056018886575
outer loop
vertex 25.919187545776367 53.03955078125 -0.5
vertex 26.935136795043945 53.456764221191406 -0.5
vertex 26.783878326416016 53.93516540527344 -1
endloop
endfacet
facet normal -0.2129492908275344 0.6755986243968329 0.7058463701466186
outer loop
vertex 25.919187545776367 53.03955078125 -0.5
vertex 25.729248046875 53.50206756591797 -1
vertex 25.871431350708008 53.024497985839844 -0.5
endloop
endfacet
facet normal -0.26861492762140193 0.6541003220608002 0.7071059251193604
outer loop
vertex 25.729248046875 53.50206756591797 -1
vertex 25.919187545776367 53.03955078125 -0.5
vertex 26.783878326416016 53.93516540527344 -1
endloop
endfacet
facet normal -0.2042688414858298 0.6769640555558303 0.7071024733964942
outer loop
vertex 25.28424644470215 53.36957931518555 -1
vertex 25.426918029785156 52.8903694152832 -0.5
vertex 25.871431350708008 53.024497985839844 -0.5
endloop
endfacet
facet normal -0.2021170804512729 0.6788709499151483 0.7058915774757181
outer loop
vertex 25.871431350708008 53.024497985839844 -0.5
vertex 25.729248046875 53.50206756591797 -1
vertex 25.28424644470215 53.36957931518555 -1
endloop
endfacet
facet normal -0.14895890846311874 0.692325538467441 0.7060429111429729
outer loop
vertex 25.28424644470215 53.36957931518555 -1
vertex 25.35126495361328 52.87409210205078 -0.5
vertex 25.426918029785156 52.8903694152832 -0.5
endloop
endfacet
facet normal -0.09477652848687272 0.7007270158453553 0.7071061157368391
outer loop
vertex 25.35126495361328 52.87409210205078 -0.5
vertex 24.824129104614258 53.30734634399414 -1
vertex 24.89114761352539 52.811859130859375 -0.5
endloop
endfacet
facet normal -0.09477069800007287 0.7007278044423865 0.7071061157152665
outer loop
vertex 25.35126495361328 52.87409210205078 -0.5
vertex 25.28424644470215 53.36957931518555 -1
vertex 25.080291748046875 53.34199523925781 -1
endloop
endfacet
facet normal -0.09478087912229492 0.7007242325642176 0.7071082907519142
outer loop
vertex 25.35126495361328 52.87409210205078 -0.5
vertex 25.080291748046875 53.34199523925781 -1
vertex 24.824129104614258 53.30734634399414 -1
endloop
endfacet
facet normal -0.03313287836771392 0.7076910207053325 0.7057447354278421
outer loop
vertex 24.89114761352539 52.811859130859375 -0.5
vertex 24.824129104614258 53.30734634399414 -1
vertex 24.813905715942383 52.80824279785156 -0.5
endloop
endfacet
facet normal 0.014494622638655771 0.7075184041663464 0.7065462572828969
outer loop
vertex 24.813905715942383 52.80824279785156 -0.5
vertex 24.824129104614258 53.30734634399414 -1
vertex 24.359920501708984 53.316856384277344 -1
endloop
endfacet
facet normal 0.014488755689130462 0.7075158248123762 0.7065489605106242
outer loop
vertex 24.359920501708984 53.316856384277344 -1
vertex 24.34969711303711 52.8177490234375 -0.5
vertex 24.813905715942383 52.80824279785156 -0.5
endloop
endfacet
facet normal 0.062459377353995815 0.7057175647199382 0.7057347554331663
outer loop
vertex 24.34969711303711 52.8177490234375 -0.5
vertex 24.359920501708984 53.316856384277344 -1
vertex 24.272674560546875 52.82456588745117 -0.5
endloop
endfacet
facet normal 0.12339902251329378 0.6962836323287184 0.7070797582973859
outer loop
vertex 24.272674560546875 52.82456588745117 -0.5
vertex 24.359920501708984 53.316856384277344 -1
vertex 23.902738571166992 53.39788055419922 -1
endloop
endfacet
facet normal 0.12339902251329378 0.6962836323287184 0.7070797582973859
outer loop
vertex 23.902738571166992 53.39788055419922 -1
vertex 23.815492630004883 52.90559005737305 -0.5
vertex 24.272674560546875 52.82456588745117 -0.5
endloop
endfacet
facet normal 0.18337518391325835 0.6843106134197742 0.7057567047402604
outer loop
vertex 23.815492630004883 52.90559005737305 -0.5
vertex 23.902738571166992 53.39788055419922 -1
vertex 23.740798950195312 52.92560577392578 -0.5
endloop
endfacet
facet normal 0.22952244937304433 0.6693673205334677 0.7065881653662508
outer loop
vertex 23.740798950195312 52.92560577392578 -0.5
vertex 23.902738571166992 53.39788055419922 -1
vertex 23.46353530883789 53.54848098754883 -1
endloop
endfacet
facet normal 0.22951641901581224 0.6693666889198042 0.7065907225308694
outer loop
vertex 23.740798950195312 52.92560577392578 -0.5
vertex 23.46353530883789 53.54848098754883 -1
vertex 23.30159568786621 53.076202392578125 -0.5
endloop
endfacet
facet normal 0.28596917877757805 0.6486566715874413 0.7053128037930262
outer loop
vertex 23.46353530883789 53.54848098754883 -1
vertex 23.230928421020508 53.107357025146484 -0.5
vertex 23.30159568786621 53.076202392578125 -0.5
endloop
endfacet
facet normal 0.3302507864097112 0.6262918742042062 0.7061819215907116
outer loop
vertex 23.337688446044922 53.61484146118164 -1
vertex 23.230928421020508 53.107357025146484 -0.5
vertex 23.46353530883789 53.54848098754883 -1
endloop
endfacet
facet normal 0.32805738942596213 0.6264020246289155 0.7071059699817406
outer loop
vertex 23.05282974243164 53.76504898071289 -1
vertex 22.81961441040039 53.32276916503906 -0.5
vertex 23.230928421020508 53.107357025146484 -0.5
endloop
endfacet
facet normal 0.3302476506286773 0.6262929973345654 0.7061823919809422
outer loop
vertex 23.230928421020508 53.107357025146484 -0.5
vertex 23.337688446044922 53.61484146118164 -1
vertex 23.05282974243164 53.76504898071289 -1
endloop
endfacet
facet normal 0.37779102247978674 0.5989778565614656 0.7060449494775171
outer loop
vertex 22.81961441040039 53.32276916503906 -0.5
vertex 23.05282974243164 53.76504898071289 -1
vertex 22.754161834716797 53.364051818847656 -0.5
endloop
endfacet
facet normal 0.42515892082951545 0.5665100046913951 0.7059081431911925
outer loop
vertex 22.68045997619629 54.042396545410156 -1
vertex 22.382801055908203 53.64275360107422 -0.5
vertex 22.754161834716797 53.364051818847656 -0.5
endloop
endfacet
facet normal 0.4223803097223693 0.5670922597262117 0.7071076600613618
outer loop
vertex 22.754161834716797 53.364051818847656 -0.5
vertex 23.05282974243164 53.76504898071289 -1
vertex 22.68045997619629 54.042396545410156 -1
endloop
endfacet
facet normal 0.4678361999983968 0.5333087004557868 0.704777354906654
outer loop
vertex 22.382801055908203 53.64275360107422 -0.5
vertex 22.68045997619629 54.042396545410156 -1
vertex 22.3248348236084 53.693603515625 -0.5
endloop
endfacet
facet normal 0.5028240428232951 0.4971655875858668 0.7071027934319287
outer loop
vertex 22.3553466796875 54.373878479003906 -1
vertex 21.998380661010742 54.023773193359375 -0.5
vertex 22.3248348236084 53.693603515625 -0.5
endloop
endfacet
facet normal 0.5057747966934368 0.4960575367150754 0.7057753008556508
outer loop
vertex 22.3553466796875 54.373878479003906 -1
vertex 22.3248348236084 53.693603515625 -0.5
vertex 22.68045997619629 54.042396545410156 -1
endloop
endfacet
facet normal 0.5539197929336003 0.44245327915179616 0.705271549663121
outer loop
vertex 22.3553466796875 54.373878479003906 -1
vertex 21.95016098022461 54.08414077758789 -0.5
vertex 21.998380661010742 54.023773193359375 -0.5
endloop
endfacet
facet normal 0.63553617158521 0.31955238846933737 0.7028371401899277
outer loop
vertex 21.67856216430664 54.46072769165039 -0.5
vertex 22.085277557373047 54.75156021118164 -1
vertex 22.066490173339844 54.78892517089844 -1
endloop
endfacet
facet normal 0.5762652826366371 0.4120703911322028 0.7057735591390982
outer loop
vertex 21.95016098022461 54.08414077758789 -0.5
vertex 22.3553466796875 54.373878479003906 -1
vertex 22.085277557373047 54.75156021118164 -1
endloop
endfacet
facet normal 0.5735135799283679 0.4136245934333462 0.7071045674755939
outer loop
vertex 22.085277557373047 54.75156021118164 -1
vertex 21.67856216430664 54.46072769165039 -0.5
vertex 21.95016098022461 54.08414077758789 -0.5
endloop
endfacet
facet normal 0.6131689725600925 0.3523548286490197 0.7070147705793144
outer loop
vertex 21.67856216430664 54.46072769165039 -0.5
vertex 22.066490173339844 54.78892517089844 -1
vertex 21.64006233215332 54.52772521972656 -0.5
endloop
endfacet
facet normal 0.6306031377845902 0.3199114023269554 0.7071042195302119
outer loop
vertex 21.876718521118164 55.16638946533203 -1
vertex 21.42999839782715 54.94179916381836 -0.5
vertex 21.64006233215332 54.52772521972656 -0.5
endloop
endfacet
facet normal 0.6328240711944161 0.3181547800075211 0.7059116310667296
outer loop
vertex 21.64006233215332 54.52772521972656 -0.5
vertex 22.066490173339844 54.78892517089844 -1
vertex 21.876718521118164 55.16638946533203 -1
endloop
endfacet
facet normal 0.6603054263022491 0.25733339551982615 0.7055326126736041
outer loop
vertex 21.42999839782715 54.94179916381836 -0.5
vertex 21.876718521118164 55.16638946533203 -1
vertex 21.401931762695312 55.013816833496094 -0.5
endloop
endfacet
facet normal 0.6740748452078349 0.21661699204575213 0.7061870728178788
outer loop
vertex 21.401931762695312 55.013816833496094 -0.5
vertex 21.81447410583496 55.36009216308594 -1
vertex 21.734668731689453 55.60843276977539 -1
endloop
endfacet
facet normal 0.6725952832062346 0.21821657549378176 0.70710473848539
outer loop
vertex 21.734668731689453 55.60843276977539 -1
vertex 21.258644104003906 55.45546340942383 -0.5
vertex 21.401931762695312 55.013816833496094 -0.5
endloop
endfacet
facet normal 0.6740795139431428 0.2166086775574119 0.7061851667155049
outer loop
vertex 21.401931762695312 55.013816833496094 -0.5
vertex 21.876718521118164 55.16638946533203 -1
vertex 21.81447410583496 55.36009216308594 -1
endloop
endfacet
facet normal 0.6871780391451954 0.1701498795311359 0.7062827769470982
outer loop
vertex 21.258644104003906 55.45546340942383 -0.5
vertex 21.734668731689453 55.60843276977539 -1
vertex 21.242265701293945 55.521610260009766 -0.5
endloop
endfacet
facet normal 0.699634822875892 0.10249693826885126 0.7071106647936591
outer loop
vertex 21.616445541381836 56.41691589355469 -1
vertex 21.124980926513672 56.32218551635742 -0.5
vertex 21.242265701293945 55.521610260009766 -0.5
endloop
endfacet
facet normal 0.6998172181140799 0.10233314923247967 0.7069538795418223
outer loop
vertex 21.242265701293945 55.521610260009766 -0.5
vertex 21.734668731689453 55.60843276977539 -1
vertex 21.616445541381836 56.41691589355469 -1
endloop
endfacet
facet normal 0.6875685606835908 0.16507068114046686 0.7071075905315383
outer loop
vertex 20.956989288330078 59.163753509521484 -1
vertex 20.47538948059082 59.02792739868164 -0.5
vertex 21.124980926513672 56.32218551635742 -0.5
endloop
endfacet
facet normal 0.6875695759730401 0.16507057193622174 0.7071066287886874
outer loop
vertex 21.616445541381836 56.41691589355469 -1
vertex 20.956989288330078 59.163753509521484 -1
vertex 21.124980926513672 56.32218551635742 -0.5
endloop
endfacet
facet normal 0.6724983454284832 0.218509099374186 0.7071066036225618
outer loop
vertex 20.884140014648438 59.38795471191406 -1
vertex 20.414682388305664 59.21476364135742 -0.5
vertex 20.47538948059082 59.02792739868164 -0.5
endloop
endfacet
facet normal 0.6724961339592608 0.21851289997481843 0.7071075323841791
outer loop
vertex 20.47538948059082 59.02792739868164 -0.5
vertex 20.956989288330078 59.163753509521484 -1
vertex 20.884140014648438 59.38795471191406 -1
endloop
endfacet
facet normal 0.6532818543093405 0.27059778719287214 0.7071065382221201
outer loop
vertex 20.414682388305664 59.21476364135742 -0.5
vertex 20.884140014648438 59.38795471191406 -1
vertex 19.803102493286133 61.9978141784668 -1
endloop
endfacet
facet normal 0.6532814546672591 0.27059776708710664 0.7071069151375214
outer loop
vertex 19.803102493286133 61.9978141784668 -1
vertex 19.34868049621582 61.78832244873047 -0.5
vertex 20.414682388305664 59.21476364135742 -0.5
endloop
endfacet
facet normal 0.6300355729743488 0.3210218435820763 0.7071068891829927
outer loop
vertex 19.34868049621582 61.78832244873047 -0.5
vertex 19.803102493286133 61.9978141784668 -1
vertex 19.745075225830078 62.111698150634766 -1
endloop
endfacet
facet normal 0.6300384468859874 0.3210174473809776 0.7071063243406145
outer loop
vertex 19.34868049621582 61.78832244873047 -0.5
vertex 19.745075225830078 62.111698150634766 -1
vertex 19.696077346801758 62.207862854003906 -1
endloop
endfacet
facet normal 0.6300372881529056 0.32101886843514216 0.7071067116394482
outer loop
vertex 19.696077346801758 62.207862854003906 -1
vertex 19.259492874145508 61.96336364746094 -0.5
vertex 19.34868049621582 61.78832244873047 -0.5
endloop
endfacet
facet normal 0.6029077830483695 0.3694621203035293 0.707106743568834
outer loop
vertex 19.259492874145508 61.96336364746094 -0.5
vertex 19.696077346801758 62.207862854003906 -1
vertex 17.80402183532715 64.3384780883789 -0.5
endloop
endfacet
facet normal 0.6029076111236036 0.3694619070835705 0.7071070015658173
outer loop
vertex 18.220077514648438 64.6164779663086 -1
vertex 17.80402183532715 64.3384780883789 -0.5
vertex 19.696077346801758 62.207862854003906 -1
endloop
endfacet
facet normal 0.572062372165144 0.415625122140305 0.7071070641696666
outer loop
vertex 18.081512451171875 64.80719757080078 -1
vertex 17.80402183532715 64.3384780883789 -0.5
vertex 18.220077514648438 64.6164779663086 -1
endloop
endfacet
facet normal 0.572054165673125 0.4156324611138566 0.7071093895603873
outer loop
vertex 18.081512451171875 64.80719757080078 -1
vertex 17.68855094909668 64.49740600585938 -0.5
vertex 17.80402183532715 64.3384780883789 -0.5
endloop
endfacet
facet normal 0.5376859618341722 0.4592276320359679 0.7071094599997223
outer loop
vertex 17.68855094909668 64.49740600585938 -0.5
vertex 18.081512451171875 64.80719757080078 -1
vertex 16.246891021728516 66.95526123046875 -1
endloop
endfacet
facet normal 0.537686133332437 0.45922769745680764 0.707109287105276
outer loop
vertex 16.246891021728516 66.95526123046875 -1
vertex 15.879446983337402 66.61559295654297 -0.5
vertex 17.68855094909668 64.49740600585938 -0.5
endloop
endfacet
facet normal 0.5000008488151241 0.49999512771977855 0.7071096261829828
outer loop
vertex 15.879446983337402 66.61559295654297 -0.5
vertex 16.246891021728516 66.95526123046875 -1
vertex 16.080198287963867 67.12195587158203 -1
endloop
endfacet
facet normal 0.5000078060622563 0.49999064300872 0.7071078777531302
outer loop
vertex 16.080198287963867 67.12195587158203 -1
vertex 15.740535736083984 66.75450897216797 -0.5
vertex 15.879446983337402 66.61559295654297 -0.5
endloop
endfacet
facet normal 0.4592300993296562 0.5376886621179265 0.7071058043175067
outer loop
vertex 13.932134628295898 68.95657348632812 -1
vertex 13.62234878540039 68.56361389160156 -0.5
vertex 15.740535736083984 66.75450897216797 -0.5
endloop
endfacet
facet normal 0.45922790818231063 0.5376874031640007 0.7071081846685503
outer loop
vertex 15.740535736083984 66.75450897216797 -0.5
vertex 16.080198287963867 67.12195587158203 -1
vertex 13.932134628295898 68.95657348632812 -1
endloop
endfacet
facet normal 0.41562725965851716 0.5720624536689877 0.7071057418314243
outer loop
vertex 13.62234878540039 68.56361389160156 -0.5
vertex 13.932134628295898 68.95657348632812 -1
vertex 13.741415977478027 69.09513854980469 -1
endloop
endfacet
facet normal 0.41562820396448064 0.5720620370588754 0.7071055238260483
outer loop
vertex 13.741415977478027 69.09513854980469 -1
vertex 13.463417053222656 68.67908477783203 -0.5
vertex 13.62234878540039 68.56361389160156 -0.5
endloop
endfacet
facet normal 0.3694612987042551 0.6029082645872941 0.7071067622729276
outer loop
vertex 11.33280086517334 70.57113647460938 -1
vertex 11.088301658630371 70.13455200195312 -0.5
vertex 13.463417053222656 68.67908477783203 -0.5
endloop
endfacet
facet normal 0.369462349119382 0.6029091115655123 0.70710549126313
outer loop
vertex 13.463417053222656 68.67908477783203 -0.5
vertex 13.741415977478027 69.09513854980469 -1
vertex 11.33280086517334 70.57113647460938 -1
endloop
endfacet
facet normal 0.32102310354622826 0.6300353020528046 0.7071065585587358
outer loop
vertex 11.122754096984863 70.67816162109375 -1
vertex 10.913263320922852 70.22373962402344 -0.5
vertex 11.088301658630371 70.13455200195312 -0.5
endloop
endfacet
facet normal 0.32102207591843923 0.6300355736833141 0.7071067830720854
outer loop
vertex 11.088301658630371 70.13455200195312 -0.5
vertex 11.33280086517334 70.57113647460938 -1
vertex 11.122754096984863 70.67816162109375 -1
endloop
endfacet
facet normal 0.2705972504580067 0.6532804494966956 0.7071080414971689
outer loop
vertex 8.512895584106445 71.75920104980469 -1
vertex 8.339703559875488 71.28974151611328 -0.5
vertex 10.913263320922852 70.22373962402344 -0.5
endloop
endfacet
facet normal 0.27059823063196425 0.6532815335207431 0.7071066648954997
outer loop
vertex 11.122754096984863 70.67816162109375 -1
vertex 8.512895584106445 71.75920104980469 -1
vertex 10.913263320922852 70.22373962402344 -0.5
endloop
endfacet
facet normal 0.21851032672265716 0.6724986901244578 0.7071058965221872
outer loop
vertex 8.288692474365234 71.83204650878906 -1
vertex 8.152868270874023 71.35044860839844 -0.5
vertex 8.339703559875488 71.28974151611328 -0.5
endloop
endfacet
facet normal 0.21850074591287838 0.6724996643229241 0.7071079306025851
outer loop
vertex 8.339703559875488 71.28974151611328 -0.5
vertex 8.512895584106445 71.75920104980469 -1
vertex 8.288692474365234 71.83204650878906 -1
endloop
endfacet
facet normal 0.1650695323716014 0.6875660739880504 0.7071102766777468
outer loop
vertex 5.541853904724121 72.49150848388672 -1
vertex 5.444233417510986 72.000732421875 -0.5
vertex 8.152868270874023 71.35044860839844 -0.5
endloop
endfacet
facet normal 0.16507202257196532 0.6875698910497414 0.7071059837717732
outer loop
vertex 8.152868270874023 71.35044860839844 -0.5
vertex 8.288692474365234 71.83204650878906 -1
vertex 5.541853904724121 72.49150848388672 -1
endloop
endfacet
facet normal 0.11064211333575942 0.6984025953385953 0.7071012215948372
outer loop
vertex 5.30901575088501 72.52838134765625 -1
vertex 5.25020170211792 72.0314712524414 -0.5
vertex 5.444233417510986 72.000732421875 -0.5
endloop
endfacet
facet normal 0.1106005082555418 0.6984002738937551 0.7071100232628185
outer loop
vertex 5.444233417510986 72.000732421875 -0.5
vertex 5.541853904724121 72.49150848388672 -1
vertex 5.30901575088501 72.52838134765625 -1
endloop
endfacet
facet normal 0.055480144393105925 0.7049320161533619 0.7071016943694002
outer loop
vertex 2.492833137512207 72.7500228881836 -1
vertex 5.25020170211792 72.0314712524414 -0.5
vertex 5.30901575088501 72.52838134765625 -1
endloop
endfacet
facet normal 0.05547792488656844 0.7049270589979731 0.7071068104202847
outer loop
vertex 2.492833137512207 72.7500228881836 -1
vertex 2.4731879234313965 72.2500228881836 -0.5
vertex 5.25020170211792 72.0314712524414 -0.5
endloop
endfacet
facet normal 0 0.7071067811865476 0.7071067811865476
outer loop
vertex 2.2570924758911133 72.7500228881836 -1
vertex 2.2767374515533447 72.2500228881836 -0.5
vertex 2.4731879234313965 72.2500228881836 -0.5
endloop
endfacet
facet normal 0 0.7071067811865476 0.7071067811865476
outer loop
vertex 2.4731879234313965 72.2500228881836 -0.5
vertex 2.492833137512207 72.7500228881836 -1
vertex 2.2570924758911133 72.7500228881836 -1
endloop
endfacet
facet normal -0.055477930665343254 0.7049270719046159 0.7071067971000391
outer loop
vertex -0.5002760887145996 72.0314712524414 -0.5
vertex 2.2767374515533447 72.2500228881836 -0.5
vertex 2.2570924758911133 72.7500228881836 -1
endloop
endfacet
facet normal -0.055480144393105925 0.7049320161533619 0.7071016943694002
outer loop
vertex -0.5590901374816895 72.52838134765625 -1
vertex -0.5002760887145996 72.0314712524414 -0.5
vertex 2.2570924758911133 72.7500228881836 -1
endloop
endfacet
facet normal -0.11060042668422192 0.698400295155513 0.7071100150216799
outer loop
vertex -0.7919284701347351 72.49150848388672 -1
vertex -0.6943080425262451 72.000732421875 -0.5
vertex -0.5590901374816895 72.52838134765625 -1
endloop
endfacet
facet normal -0.11064198029863392 0.6984026137414444 0.7071012242350563
outer loop
vertex -0.6943080425262451 72.000732421875 -0.5
vertex -0.5002760887145996 72.0314712524414 -0.5
vertex -0.5590901374816895 72.52838134765625 -1
endloop
endfacet
facet normal -0.1650705413336196 0.6875701555872926 0.7071060723324982
outer loop
vertex -3.5387673377990723 71.83204650878906 -1
vertex -3.402942419052124 71.35044860839844 -0.5
vertex -0.6943080425262451 72.000732421875 -0.5
endloop
endfacet
facet normal -0.16507101270482513 0.6875657592769957 0.7071102371161457
outer loop
vertex -0.6943080425262451 72.000732421875 -0.5
vertex -0.7919284701347351 72.49150848388672 -1
vertex -3.5387673377990723 71.83204650878906 -1
endloop
endfacet
facet normal -0.21850169204914746 0.672501146048338 0.7071062290316296
outer loop
vertex -3.402942419052124 71.35044860839844 -0.5
vertex -3.5387673377990723 71.83204650878906 -1
vertex -3.762969970703125 71.75920104980469 -1
endloop
endfacet
facet normal -0.21850939040376646 0.6724966666259251 0.7071081103214654
outer loop
vertex -3.762969970703125 71.75920104980469 -1
vertex -3.589777946472168 71.28974151611328 -0.5
vertex -3.402942419052124 71.35044860839844 -0.5
endloop
endfacet
facet normal -0.2705977246405509 0.6532814732341516 0.7071069142275255
outer loop
vertex -6.372828960418701 70.67816162109375 -1
vertex -6.163337230682373 70.22373962402344 -0.5
vertex -3.589777946472168 71.28974151611328 -0.5
endloop
endfacet
facet normal -0.27059766497456234 0.6532802872620699 0.7071080327539081
outer loop
vertex -3.589777946472168 71.28974151611328 -0.5
vertex -3.762969970703125 71.75920104980469 -1
vertex -6.372828960418701 70.67816162109375 -1
endloop
endfacet
facet normal -0.32103246005378755 0.6300304236346805 0.7071066573626064
outer loop
vertex -6.163337230682373 70.22373962402344 -0.5
vertex -6.372828960418701 70.67816162109375 -1
vertex -6.4867119789123535 70.62013244628906 -1
endloop
endfacet
facet normal -0.3210223050266791 0.6300354512195704 0.7071067881741131
outer loop
vertex -6.5828752517700195 70.57113647460938 -1
vertex -6.338376045227051 70.13455200195312 -0.5
vertex -6.163337230682373 70.22373962402344 -0.5
endloop
endfacet
facet normal -0.3210123399877159 0.6300435766990684 0.707104072280634
outer loop
vertex -6.163337230682373 70.22373962402344 -0.5
vertex -6.4867119789123535 70.62013244628906 -1
vertex -6.5828752517700195 70.57113647460938 -1
endloop
endfacet
facet normal -0.36946168967137494 0.602908035441753 0.7071067533724583
outer loop
vertex -6.338376045227051 70.13455200195312 -0.5
vertex -6.5828752517700195 70.57113647460938 -1
vertex -8.991490364074707 69.09513854980469 -1
endloop
endfacet
facet normal -0.3694619674529829 0.6029093558900539 0.7071054823617274
outer loop
vertex -8.991490364074707 69.09513854980469 -1
vertex -8.713491439819336 68.67908477783203 -0.5
vertex -6.338376045227051 70.13455200195312 -0.5
endloop
endfacet
facet normal -0.4156273761495669 0.5720626140053329 0.7071055436442371
outer loop
vertex -8.713491439819336 68.67908477783203 -0.5
vertex -8.991490364074707 69.09513854980469 -1
vertex -9.182209014892578 68.95657348632812 -1
endloop
endfacet
facet normal -0.41562806417467185 0.5720618446550827 0.7071057616511399
outer loop
vertex -9.182209014892578 68.95657348632812 -1
vertex -8.87242317199707 68.56361389160156 -0.5
vertex -8.713491439819336 68.67908477783203 -0.5
endloop
endfacet
facet normal -0.4592285425879549 0.5376868394099554 0.7071082013368786
outer loop
vertex -11.330272674560547 67.12195587158203 -1
vertex -10.990610122680664 66.75450897216797 -0.5
vertex -8.87242317199707 68.56361389160156 -0.5
endloop
endfacet
facet normal -0.45922944327122156 0.5376892005242121 0.7071058209861079
outer loop
vertex -8.87242317199707 68.56361389160156 -0.5
vertex -9.182209014892578 68.95657348632812 -1
vertex -11.330272674560547 67.12195587158203 -1
endloop
endfacet
facet normal -0.5000005143470804 0.49999765380132116 0.7071080764959692
outer loop
vertex -10.990610122680664 66.75450897216797 -0.5
vertex -11.330272674560547 67.12195587158203 -1
vertex -11.496966361999512 66.95526123046875 -1
endloop
endfacet
facet normal -0.5000061201914586 0.4999889571957908 0.7071102618781248
outer loop
vertex -11.496966361999512 66.95526123046875 -1
vertex -11.129521369934082 66.61559295654297 -0.5
vertex -10.990610122680664 66.75450897216797 -0.5
endloop
endfacet
facet normal -0.537685943937692 0.4592271387826456 0.7071097939481095
outer loop
vertex -13.336297035217285 64.80168151855469 -1
vertex -11.129521369934082 66.61559295654297 -0.5
vertex -11.496966361999512 66.95526123046875 -1
endloop
endfacet
facet normal -0.5378220178462604 0.45946355555242885 0.7068526849626426
outer loop
vertex -13.336297035217285 64.80168151855469 -1
vertex -12.956369400024414 64.47718811035156 -0.5
vertex -11.129521369934082 66.61559295654297 -0.5
endloop
endfacet
facet normal -0.5189768645385903 0.4810775270255289 0.7065602784368049
outer loop
vertex -12.956369400024414 64.47718811035156 -0.5
vertex -13.336297035217285 64.80168151855469 -1
vertex -12.989078521728516 64.44190216064453 -0.5
endloop
endfacet
facet normal -0.4910511882572812 0.5087694223363023 0.7071226240240779
outer loop
vertex -12.989078521728516 64.44190216064453 -0.5
vertex -13.705000877380371 64.44584655761719 -1
vertex -13.75141716003418 64.40104675292969 -1
endloop
endfacet
facet normal -0.4910408873757919 0.5087995326755586 0.7071081122956575
outer loop
vertex -12.989078521728516 64.44190216064453 -0.5
vertex -13.336297035217285 64.80168151855469 -1
vertex -13.705000877380371 64.44584655761719 -1
endloop
endfacet
facet normal -0.49104076137872826 0.5088056998950247 0.7071037621303772
outer loop
vertex -13.75141716003418 64.40104675292969 -1
vertex -13.404199600219727 64.04127502441406 -0.5
vertex -12.989078521728516 64.44190216064453 -0.5
endloop
endfacet
facet normal -0.4458919986345901 0.5505210528647295 0.7057668849601547
outer loop
vertex -13.75141716003418 64.40104675292969 -1
vertex -13.471630096435547 63.98666000366211 -0.5
vertex -13.404199600219727 64.04127502441406 -0.5
endloop
endfacet
facet normal -0.39567986384050263 0.5860377687869025 0.7071047863693404
outer loop
vertex -13.943389892578125 64.27143096923828 -1
vertex -13.471630096435547 63.98666000366211 -0.5
vertex -13.75141716003418 64.40104675292969 -1
endloop
endfacet
facet normal -0.3956758987087524 0.586042030989651 0.7071034726930323
outer loop
vertex -13.471630096435547 63.98666000366211 -0.5
vertex -13.943389892578125 64.27143096923828 -1
vertex -14.136224746704102 64.1412353515625 -1
endloop
endfacet
facet normal -0.39568071036705865 0.5860340445183375 0.7071073992746073
outer loop
vertex -14.136224746704102 64.1412353515625 -1
vertex -13.856436729431152 63.726844787597656 -0.5
vertex -13.471630096435547 63.98666000366211 -0.5
endloop
endfacet
facet normal -0.3348148850052022 0.6249031919324747 0.7052623579148104
outer loop
vertex -14.136224746704102 64.1412353515625 -1
vertex -13.924537658691406 63.69035720825195 -0.5
vertex -13.856436729431152 63.726844787597656 -0.5
endloop
endfacet
facet normal -0.3010866865622644 0.6412889458707903 0.7057586663151132
outer loop
vertex -14.44372272491455 63.996864318847656 -1
vertex -13.924537658691406 63.69035720825195 -0.5
vertex -14.136224746704102 64.1412353515625 -1
endloop
endfacet
facet normal -0.3031337606354464 0.6388384679928044 0.7071034825084789
outer loop
vertex -14.556513786315918 63.94390869140625 -1
vertex -14.344018936157227 63.491310119628906 -0.5
vertex -13.924537658691406 63.69035720825195 -0.5
endloop
endfacet
facet normal -0.3010865128391055 0.641289113122767 0.705758588454014
outer loop
vertex -13.924537658691406 63.69035720825195 -0.5
vertex -14.44372272491455 63.996864318847656 -1
vertex -14.556513786315918 63.94390869140625 -1
endloop
endfacet
facet normal -0.23542852612754056 0.6686544615818727 0.7053188074141153
outer loop
vertex -14.344018936157227 63.491310119628906 -0.5
vertex -14.556513786315918 63.94390869140625 -1
vertex -14.416901588439941 63.46564865112305 -0.5
endloop
endfacet
facet normal -0.20074728164856342 0.6780137045238064 0.7071053283554134
outer loop
vertex -15.002218246459961 63.81380081176758 -1
vertex -14.862106323242188 63.333831787109375 -0.5
vertex -14.416901588439941 63.46564865112305 -0.5
endloop
endfacet
facet normal -0.19849812859836052 0.6799857279377165 0.7058455232867616
outer loop
vertex -14.416901588439941 63.46564865112305 -0.5
vertex -14.556513786315918 63.94390869140625 -1
vertex -15.002218246459961 63.81380081176758 -1
endloop
endfacet
facet normal -0.13220235277636241 0.6963100369570567 0.7054607503988132
outer loop
vertex -14.862106323242188 63.333831787109375 -0.5
vertex -15.002218246459961 63.81380081176758 -1
vertex -14.938034057617188 63.31941604614258 -0.5
endloop
endfacet
facet normal -0.09116407362723614 0.7022541898208468 0.7060652693333342
outer loop
vertex -14.938034057617188 63.31941604614258 -0.5
vertex -15.124140739440918 63.797969818115234 -1
vertex -15.46265983581543 63.754024505615234 -1
endloop
endfacet
facet normal -0.09325383900023773 0.7009302344527744 0.7071071544976026
outer loop
vertex -15.46265983581543 63.754024505615234 -1
vertex -15.398287773132324 63.258182525634766 -0.5
vertex -14.938034057617188 63.31941604614258 -0.5
endloop
endfacet
facet normal -0.0911833649398528 0.7022492343816554 0.706067706929459
outer loop
vertex -15.124140739440918 63.797969818115234 -1
vertex -14.938034057617188 63.31941604614258 -0.5
vertex -15.002218246459961 63.81380081176758 -1
endloop
endfacet
facet normal -0.04558609063259797 0.7063743306548879 0.7063690348059545
outer loop
vertex -15.398287773132324 63.258182525634766 -0.5
vertex -15.46265983581543 63.754024505615234 -1
vertex -15.462422370910645 63.25404357910156 -0.5
endloop
endfacet
facet normal -0.0003382420592747956 0.7071067877093096 0.7071066937653262
outer loop
vertex -23.867677688598633 63.750022888183594 -1
vertex -23.660472869873047 63.2501220703125 -0.5
vertex -15.462422370910645 63.25404357910156 -0.5
endloop
endfacet
facet normal -0.00033665892937082275 0.7071201482897693 0.707093333686169
outer loop
vertex -15.462422370910645 63.25404357910156 -0.5
vertex -15.46265983581543 63.754024505615234 -1
vertex -23.867677688598633 63.750022888183594 -1
endloop
endfacet
facet normal -0.49999973032412515 0.49999973032412515 0.7071071625656214
outer loop
vertex -25.625038146972656 61.9926643371582 -1
vertex -25.125038146972656 61.78555679321289 -0.5
vertex -23.660472869873047 63.2501220703125 -0.5
endloop
endfacet
facet normal -0.5000000771782859 0.5000006198532357 0.7071062883103842
outer loop
vertex -23.660472869873047 63.2501220703125 -0.5
vertex -23.867677688598633 63.750022888183594 -1
vertex -25.625038146972656 61.9926643371582 -1
endloop
endfacet
facet normal -0.7071067811865476 0 0.7071067811865476
outer loop
vertex -25.125038146972656 61.78555679321289 -0.5
vertex -25.625038146972656 57.20002365112305 -1
vertex -25.125038146972656 57.20002365112305 -0.5
endloop
endfacet
facet normal -0.7071067811865476 0 0.7071067811865476
outer loop
vertex -25.125038146972656 61.78555679321289 -0.5
vertex -25.625038146972656 61.9926643371582 -1
vertex -25.625038146972656 57.20002365112305 -1
endloop
endfacet
facet normal -0.7068790585926792 0.0455356651302761 0.7058671969459064
outer loop
vertex -25.648386001586914 56.82646942138672 -1
vertex -25.151103973388672 56.795387268066406 -0.5
vertex -25.125038146972656 57.20002365112305 -0.5
endloop
endfacet
facet normal -0.7064172149143975 0.04415242853085086 0.7064172149143975
outer loop
vertex -25.125038146972656 57.20002365112305 -0.5
vertex -25.625038146972656 57.20002365112305 -1
vertex -25.648386001586914 56.82646942138672 -1
endloop
endfacet
facet normal -0.7037035464287229 0.08624578868081155 0.7052396632907589
outer loop
vertex -25.648386001586914 56.82646942138672 -1
vertex -25.159582138061523 56.72621154785156 -0.5
vertex -25.151103973388672 56.795387268066406 -0.5
endloop
endfacet
facet normal -0.693393656857383 0.1422197594229427 0.706384298140627
outer loop
vertex -25.159582138061523 56.72621154785156 -0.5
vertex -25.741676330566406 56.37163162231445 -1
vertex -25.252872467041016 56.2713737487793 -0.5
endloop
endfacet
facet normal -0.693393656857383 0.1422197594229427 0.706384298140627
outer loop
vertex -25.159582138061523 56.72621154785156 -0.5
vertex -25.648386001586914 56.82646942138672 -1
vertex -25.741676330566406 56.37163162231445 -1
endloop
endfacet
facet normal -0.6835222036035794 0.18669165604025953 0.705651204736343
outer loop
vertex -25.741676330566406 56.37163162231445 -1
vertex -25.273242950439453 56.19679260253906 -0.5
vertex -25.252872467041016 56.2713737487793 -0.5
endloop
endfacet
facet normal -0.6624680336820048 0.24727399159147778 0.7071008962177292
outer loop
vertex -25.273242950439453 56.19679260253906 -0.5
vertex -25.88068962097168 55.999183654785156 -1
vertex -25.904035568237305 55.93663787841797 -1
endloop
endfacet
facet normal -0.6624677568609119 0.24726090809286547 0.7071057307424141
outer loop
vertex -25.273242950439453 56.19679260253906 -0.5
vertex -25.741676330566406 56.37163162231445 -1
vertex -25.88068962097168 55.999183654785156 -1
endloop
endfacet
facet normal -0.6624669132597594 0.24725955481622205 0.7071069943001342
outer loop
vertex -25.904035568237305 55.93663787841797 -1
vertex -25.43560028076172 55.76179885864258 -0.5
vertex -25.273242950439453 56.19679260253906 -0.5
endloop
endfacet
facet normal -0.6406629469261935 0.3021490817578032 0.7058731619977924
outer loop
vertex -25.904035568237305 55.93663787841797 -1
vertex -25.468595504760742 55.691837310791016 -0.5
vertex -25.43560028076172 55.76179885864258 -0.5
endloop
endfacet
facet normal -0.6166657750755223 0.34668196842475524 0.7067778537982372
outer loop
vertex -26.13157081604004 55.53190612792969 -1
vertex -25.468595504760742 55.691837310791016 -0.5
vertex -25.904035568237305 55.93663787841797 -1
endloop
endfacet
facet normal -0.6166657750755223 0.34668196842475524 0.7067778537982372
outer loop
vertex -25.468595504760742 55.691837310791016 -0.5
vertex -26.13157081604004 55.53190612792969 -1
vertex -25.696130752563477 55.287105560302734 -0.5
endloop
endfacet
facet normal -0.5857592056494879 0.39899159751602664 0.705472790480604
outer loop
vertex -26.13157081604004 55.53190612792969 -1
vertex -25.739627838134766 55.22324752807617 -0.5
vertex -25.696130752563477 55.287105560302734 -0.5
endloop
endfacet
facet normal -0.5561464666573754 0.4379659240898415 0.7063193024126183
outer loop
vertex -26.418832778930664 55.16712951660156 -1
vertex -25.739627838134766 55.22324752807617 -0.5
vertex -26.13157081604004 55.53190612792969 -1
endloop
endfacet
facet normal -0.5561455529862359 0.4379697846969402 0.7063176279735269
outer loop
vertex -25.739627838134766 55.22324752807617 -0.5
vertex -26.418832778930664 55.16712951660156 -1
vertex -26.02688980102539 54.85847473144531 -0.5
endloop
endfacet
facet normal -0.5279486118083693 0.4726327164589527 0.7056122012991606
outer loop
vertex -26.418832778930664 55.16712951660156 -1
vertex -26.078453063964844 54.80087661743164 -0.5
vertex -26.02688980102539 54.85847473144531 -0.5
endloop
endfacet
facet normal -0.4803731913825436 0.5203994418188491 0.7059929305280473
outer loop
vertex -26.078453063964844 54.80087661743164 -0.5
vertex -26.758939743041992 54.85104751586914 -1
vertex -26.419628143310547 54.48594284057617 -0.5
endloop
endfacet
facet normal -0.48137125502041395 0.5179596300203363 0.707106453449032
outer loop
vertex -26.758939743041992 54.85104751586914 -1
vertex -26.078453063964844 54.80087661743164 -0.5
vertex -26.418832778930664 55.16712951660156 -1
endloop
endfacet
facet normal -0.4520161670971855 0.5459602346454433 0.7054139259106399
outer loop
vertex -26.758939743041992 54.85104751586914 -1
vertex -26.47915267944336 54.43666076660156 -0.5
vertex -26.419628143310547 54.48594284057617 -0.5
endloop
endfacet
facet normal -0.3956775084809096 0.586039359076933 0.7071047863612842
outer loop
vertex -26.47915267944336 54.43666076660156 -0.5
vertex -26.758939743041992 54.85104751586914 -1
vertex -27.143747329711914 54.59123611450195 -1
endloop
endfacet
facet normal -0.39568024795961615 0.586034812035506 0.7071070219260489
outer loop
vertex -27.143747329711914 54.59123611450195 -1
vertex -26.86396026611328 54.17684555053711 -0.5
vertex -26.47915267944336 54.43666076660156 -0.5
endloop
endfacet
facet normal -0.33484503365078394 0.6248853795456611 0.7052638271381003
outer loop
vertex -26.86396026611328 54.17684555053711 -0.5
vertex -27.143747329711914 54.59123611450195 -1
vertex -26.93206024169922 54.14035415649414 -0.5
endloop
endfacet
facet normal -0.3010850316419334 0.6412870203506317 0.7057611219463596
outer loop
vertex -26.93206024169922 54.14035415649414 -0.5
vertex -27.143747329711914 54.59123611450195 -1
vertex -27.564037322998047 54.3939094543457 -1
endloop
endfacet
facet normal -0.3031288902424328 0.6388404471437005 0.7071037823358237
outer loop
vertex -27.564037322998047 54.3939094543457 -1
vertex -27.35154151916504 53.94131088256836 -0.5
vertex -26.93206024169922 54.14035415649414 -0.5
endloop
endfacet
facet normal -0.23543114404241397 0.6686531473914583 0.7053191794488343
outer loop
vertex -27.564037322998047 54.3939094543457 -1
vertex -27.424423217773438 53.9156494140625 -0.5
vertex -27.35154151916504 53.94131088256836 -0.5
endloop
endfacet
facet normal -0.19849841388243572 0.6799852502537006 0.7058459032420386
outer loop
vertex -28.009740829467773 54.26380157470703 -1
vertex -27.424423217773438 53.9156494140625 -0.5
vertex -27.564037322998047 54.3939094543457 -1
endloop
endfacet
facet normal -0.20074688606286772 0.6780138208255004 0.7071053291452896
outer loop
vertex -28.009740829467773 54.26380157470703 -1
vertex -27.86962890625 53.78383255004883 -0.5
vertex -27.424423217773438 53.9156494140625 -0.5
endloop
endfacet
facet normal -0.1452579618404187 0.693108436279883 0.7060459050795656
outer loop
vertex -28.009740829467773 54.26380157470703 -1
vertex -27.94536781311035 53.76795959472656 -0.5
vertex -27.86962890625 53.78383255004883 -0.5
endloop
endfacet
facet normal -0.09103543134989224 0.7012226314482892 0.7071063366875421
outer loop
vertex -27.94536781311035 53.76795959472656 -0.5
vertex -28.470182418823242 54.20402145385742 -1
vertex -28.40580940246582 53.70818328857422 -0.5
endloop
endfacet
facet normal -0.0910408001819193 0.7012192370338858 0.707109011621158
outer loop
vertex -27.94536781311035 53.76795959472656 -0.5
vertex -28.009740829467773 54.26380157470703 -1
vertex -28.470182418823242 54.20402145385742 -1
endloop
endfacet
facet normal -0.04562248375711987 0.7063734606325052 0.7063675552358631
outer loop
vertex -28.40580940246582 53.70818328857422 -0.5
vertex -28.470182418823242 54.20402145385742 -1
vertex -28.470129013061523 53.70402908325195 -0.5
endloop
endfacet
facet normal -0.00007435847929927369 0.7071119588964431 0.7071015995289867
outer loop
vertex -28.470129013061523 53.70402908325195 -0.5
vertex -31.411367416381836 54.203712463378906 -1
vertex -66.49012756347656 54.20002365112305 -1
endloop
endfacet
facet normal -0.00007451355953921253 0.7071060390448026 0.7071075194014694
outer loop
vertex -66.49012756347656 54.20002365112305 -1
vertex -66.48019409179688 53.70002365112305 -0.5
vertex -28.470129013061523 53.70402908325195 -0.5
endloop
endfacet
facet normal -0.00007428670008185173 0.7071121700852943 0.707101388344523
outer loop
vertex -28.470129013061523 53.70402908325195 -0.5
vertex -28.470182418823242 54.20402145385742 -1
vertex -31.411367416381836 54.203712463378906 -1
endloop
endfacet
facet normal -0.028016121486733936 0.7065508694363642 0.7071074641350906
outer loop
vertex -66.48019409179688 53.70002365112305 -0.5
vertex -66.49012756347656 54.20002365112305 -1
vertex -66.93949890136719 54.18220520019531 -1
endloop
endfacet
facet normal -0.028015904452892735 0.7065509753494396 0.7071073669043777
outer loop
vertex -66.93949890136719 54.18220520019531 -1
vertex -66.88973999023438 53.68378448486328 -0.5
vertex -66.48019409179688 53.70002365112305 -0.5
endloop
endfacet
facet normal -0.11222574596099348 0.6981458377454487 0.7071052051726137
outer loop
vertex -67.75038146972656 53.545440673828125 -0.5
vertex -66.93949890136719 54.18220520019531 -1
vertex -67.86915588378906 54.03276443481445 -1
endloop
endfacet
facet normal -0.1122231831954808 0.6981441793166827 0.7071072493191602
outer loop
vertex -66.88973999023438 53.68378448486328 -0.5
vertex -66.93949890136719 54.18220520019531 -1
vertex -67.75038146972656 53.545440673828125 -0.5
endloop
endfacet
facet normal -0.22158726345049687 0.6714916156595376 0.7071054339880749
outer loop
vertex -67.86915588378906 54.03276443481445 -1
vertex -68.49259948730469 53.300514221191406 -0.5
vertex -67.75038146972656 53.545440673828125 -0.5
endloop
endfacet
facet normal -0.2215857766036741 0.6714910407139352 0.7071064459102766
outer loop
vertex -68.49259948730469 53.300514221191406 -0.5
vertex -67.86915588378906 54.03276443481445 -1
vertex -68.6866455078125 53.76300048828125 -1
endloop
endfacet
facet normal -0.3238792308775048 0.6285725348920479 0.7071059412744184
outer loop
vertex -68.49259948730469 53.300514221191406 -0.5
vertex -68.93128204345703 53.63694763183594 -1
vertex -69.52192687988281 53.332611083984375 -1
endloop
endfacet
facet normal -0.32388113344715114 0.6285709081214684 0.707106515922701
outer loop
vertex -68.93128204345703 53.63694763183594 -1
vertex -68.49259948730469 53.300514221191406 -0.5
vertex -68.6866455078125 53.76300048828125 -1
endloop
endfacet
facet normal -0.3238792807472957 0.6285724032135425 0.7071060354861682
outer loop
vertex -69.52192687988281 53.332611083984375 -1
vertex -69.25745391845703 52.90641403198242 -0.5
vertex -68.49259948730469 53.300514221191406 -0.5
endloop
endfacet
facet normal -0.41943178865076025 0.5692825935578125 0.7071027530290873
outer loop
vertex -70.21497344970703 52.82198715209961 -1
vertex -69.88672637939453 52.44278335571289 -0.5
vertex -69.25745391845703 52.90641403198242 -0.5
endloop
endfacet
facet normal -0.41943310194853267 0.5692774161665473 0.707106142267603
outer loop
vertex -69.25745391845703 52.90641403198242 -0.5
vertex -69.52192687988281 53.332611083984375 -1
vertex -70.21497344970703 52.82198715209961 -1
endloop
endfacet
facet normal -0.5033008566883594 0.4966766207504331 0.7071071927626631
outer loop
vertex -70.87499237060547 52.153175354003906 -1
vertex -70.4910888671875 51.830360412597656 -0.5
vertex -69.88672637939453 52.44278335571289 -0.5
endloop
endfacet
facet normal -0.5033005351693933 0.49668363664627657 0.7071024935509928
outer loop
vertex -69.88672637939453 52.44278335571289 -0.5
vertex -70.21497344970703 52.82198715209961 -1
vertex -70.87499237060547 52.153175354003906 -1
endloop
endfacet
facet normal -0.5756766206212753 0.41060447290299923 0.7071070607073008
outer loop
vertex -71.37487030029297 51.452335357666016 -1
vertex -70.4910888671875 51.830360412597656 -0.5
vertex -70.87499237060547 52.153175354003906 -1
endloop
endfacet
facet normal -0.5756765523142576 0.41060346732179365 0.7071077002401335
outer loop
vertex -70.4910888671875 51.830360412597656 -0.5
vertex -71.37487030029297 51.452335357666016 -1
vertex -70.94496154785156 51.19401931762695 -0.5
endloop
endfacet
facet normal -0.6328051836223182 0.3155256055083877 0.7071076239507599
outer loop
vertex -70.94496154785156 51.19401931762695 -0.5
vertex -71.37487030029297 51.452335357666016 -1
vertex -71.79415893554688 50.611427307128906 -1
endloop
endfacet
facet normal -0.6328044193432892 0.31552284875243214 0.7071095380312393
outer loop
vertex -71.79415893554688 50.611427307128906 -1
vertex -71.32889556884766 50.42401123046875 -0.5
vertex -70.94496154785156 51.19401931762695 -0.5
endloop
endfacet
facet normal -0.6748258964639395 0.21121719604986605 0.7071048759232768
outer loop
vertex -72.0512924194336 49.789878845214844 -1
vertex -71.56237030029297 49.67807388305664 -0.5
vertex -71.32889556884766 50.42401123046875 -0.5
endloop
endfacet
facet normal -0.674823177178491 0.2112104673060185 0.7071094809455607
outer loop
vertex -71.32889556884766 50.42401123046875 -0.5
vertex -71.79415893554688 50.611427307128906 -1
vertex -72.0512924194336 49.789878845214844 -1
endloop
endfacet
facet normal -0.6995551121912184 0.1030776317457986 0.7071051172497688
outer loop
vertex -72.0512924194336 49.789878845214844 -1
vertex -72.0777587890625 49.610260009765625 -1
vertex -71.56237030029297 49.67807388305664 -0.5
endloop
endfacet
facet normal -0.6995550633009984 0.10308735884759275 0.7071037475899584
outer loop
vertex -72.0777587890625 49.610260009765625 -1
vertex -71.57237243652344 49.610198974609375 -0.5
vertex -71.56237030029297 49.67807388305664 -0.5
endloop
endfacet
facet normal -0.7071067731152003 0.00008718661243604 0.7071067838828188
outer loop
vertex -72.19384765625 3.6601598262786865 -1
vertex -72.1944580078125 -1.2899547815322876 -1
vertex -71.69384765625 3.660098075866699 -0.5
endloop
endfacet
facet normal -0.7071067731775622 0.00008718660194553507 0.707106783820458
outer loop
vertex -71.69070434570312 29.110212326049805 -0.5
vertex -72.19070434570312 29.110273361206055 -1
vertex -71.69131469726562 24.160097122192383 -0.5
endloop
endfacet
facet normal -0.7071067730112629 0.00008718663551926055 0.7071067839867533
outer loop
vertex -72.19070434570312 29.110273361206055 -1
vertex -72.19131469726562 24.160160064697266 -1
vertex -71.69131469726562 24.160097122192383 -0.5
endloop
endfacet
facet normal -0.7071067731152003 0.00008718661243604 0.7071067838828188
outer loop
vertex -72.1944580078125 -1.2899547815322876 -1
vertex -71.6944580078125 -1.290016531944275 -0.5
vertex -71.69384765625 3.660098075866699 -0.5
endloop
endfacet
facet normal -0.7071067731775582 0.00008718663553976485 0.707106783820458
outer loop
vertex -72.19699096679688 -21.789955139160156 -1
vertex -72.19760131835938 -26.740068435668945 -1
vertex -71.69699096679688 -21.790016174316406 -0.5
endloop
endfacet
facet normal -0.707106773011267 0.00008718660192503079 0.7071067839867532
outer loop
vertex -72.19760131835938 -26.740068435668945 -1
vertex -71.69760131835938 -26.740131378173828 -0.5
vertex -71.69699096679688 -21.790016174316406 -0.5
endloop
endfacet
facet normal -0.6981497038423868 -0.11222220643629999 0.7071019497974506
outer loop
vertex -72.03277587890625 -47.86909484863281 -1
vertex -71.54545593261719 -47.75032424926758 -0.5
vertex -71.6274642944336 -47.24013900756836 -0.5
endloop
endfacet
facet normal -0.6981416624132565 -0.11223241245686963 0.7071082695011887
outer loop
vertex -72.13389587402344 -47.24007797241211 -1
vertex -72.03277587890625 -47.86909484863281 -1
vertex -71.6274642944336 -47.24013900756836 -0.5
endloop
endfacet
facet normal -0.6714945529811566 -0.22158937162369846 0.7071019839457752
outer loop
vertex -71.30052947998047 -48.49253845214844 -0.5
vertex -71.54545593261719 -47.75032424926758 -0.5
vertex -72.03277587890625 -47.86909484863281 -1
endloop
endfacet
facet normal -0.6714925426606118 -0.2215841727996296 0.707105522193039
outer loop
vertex -71.76301574707031 -48.686580657958984 -1
vertex -71.30052947998047 -48.49253845214844 -0.5
vertex -72.03277587890625 -47.86909484863281 -1
endloop
endfacet
facet normal -0.6285728120995121 -0.32387912589237317 0.7071057429412546
outer loop
vertex -71.30052947998047 -48.49253845214844 -0.5
vertex -71.63697052001953 -48.93120574951172 -1
vertex -71.33262634277344 -49.52186584472656 -1
endloop
endfacet
facet normal -0.6285736807180548 -0.3238781099737391 0.7071054361185434
outer loop
vertex -71.63697052001953 -48.93120574951172 -1
vertex -71.30052947998047 -48.49253845214844 -0.5
vertex -71.76301574707031 -48.686580657958984 -1
endloop
endfacet
facet normal -0.6285688964659879 -0.3238806088303066 0.7071085444394235
outer loop
vertex -71.33262634277344 -49.52186584472656 -1
vertex -70.90642547607422 -49.25739288330078 -0.5
vertex -71.30052947998047 -48.49253845214844 -0.5
endloop
endfacet
facet normal -0.5692781259920751 -0.41942818285434863 0.7071084886313063
outer loop
vertex -70.90642547607422 -49.25739288330078 -0.5
vertex -71.33262634277344 -49.52186584472656 -1
vertex -70.82200622558594 -50.21491622924805 -1
endloop
endfacet
facet normal -0.5692752415757636 -0.41942891452200337 0.7071103768095544
outer loop
vertex -70.82200622558594 -50.21491622924805 -1
vertex -70.44279479980469 -49.886661529541016 -0.5
vertex -70.90642547607422 -49.25739288330078 -0.5
endloop
endfacet
facet normal -0.49667824980360553 -0.5032993724671492 0.7071071049326269
outer loop
vertex -70.15319061279297 -50.87492752075195 -1
vertex -69.83037567138672 -50.491024017333984 -0.5
vertex -70.44279479980469 -49.886661529541016 -0.5
endloop
endfacet
facet normal -0.49667410257607736 -0.5032995625209709 0.7071098826889972
outer loop
vertex -70.44279479980469 -49.886661529541016 -0.5
vertex -70.82200622558594 -50.21491622924805 -1
vertex -70.15319061279297 -50.87492752075195 -1
endloop
endfacet
facet normal -0.4106096341903227 -0.5756725097590231 0.7071074103824941
outer loop
vertex -69.45234680175781 -51.374813079833984 -1
vertex -69.19403076171875 -50.94490432739258 -0.5
vertex -69.5622787475586 -51.29640197753906 -1
endloop
endfacet
facet normal -0.41060658267215483 -0.5756749851317121 0.7071071670969671
outer loop
vertex -69.83037567138672 -50.491024017333984 -0.5
vertex -70.15319061279297 -50.87492752075195 -1
vertex -69.5622787475586 -51.29640197753906 -1
endloop
endfacet
facet normal -0.4106067874039256 -0.575674981375321 0.7071070512704221
outer loop
vertex -69.83037567138672 -50.491024017333984 -0.5
vertex -69.5622787475586 -51.29640197753906 -1
vertex -69.19403076171875 -50.94490432739258 -0.5
endloop
endfacet
facet normal -0.3155244753897424 -0.6328058037353546 0.707107573279257
outer loop
vertex -69.19403076171875 -50.94490432739258 -0.5
vertex -69.45234680175781 -51.374813079833984 -1
vertex -68.61144256591797 -51.794097900390625 -1
endloop
endfacet
facet normal -0.3155215648353812 -0.6328049968220116 0.7071095941372357
outer loop
vertex -68.61144256591797 -51.794097900390625 -1
vertex -68.42402648925781 -51.328834533691406 -0.5
vertex -69.19403076171875 -50.94490432739258 -0.5
endloop
endfacet
facet normal -0.21118308463083446 -0.6748329616302322 0.7071083217323746
outer loop
vertex -68.42402648925781 -51.328834533691406 -0.5
vertex -68.61144256591797 -51.794097900390625 -1
vertex -68.51634979248047 -51.823856353759766 -1
endloop
endfacet
facet normal -0.21121200875047993 -0.6748238001258737 0.7071084260163092
outer loop
vertex -67.7898941040039 -52.051231384277344 -1
vertex -67.67808532714844 -51.56230545043945 -0.5
vertex -68.42402648925781 -51.328834533691406 -0.5
endloop
endfacet
facet normal -0.21121502957797203 -0.6748250209329868 0.7071063586216505
outer loop
vertex -68.42402648925781 -51.328834533691406 -0.5
vertex -68.51634979248047 -51.823856353759766 -1
vertex -67.7898941040039 -52.051231384277344 -1
endloop
endfacet
facet normal -0.10307693518479853 -0.6995521300911676 0.7071081690362648
outer loop
vertex -66.86029052734375 -52.18820571899414 -1
vertex -67.67808532714844 -51.56230545043945 -0.5
vertex -67.7898941040039 -52.051231384277344 -1
endloop
endfacet
facet normal -0.10307712560806492 -0.6995522566780762 0.7071080160435109
outer loop
vertex -66.86029052734375 -52.18820571899414 -1
vertex -66.82317352294922 -51.68827438354492 -0.5
vertex -67.67808532714844 -51.56230545043945 -0.5
endloop
endfacet
facet normal -0.0013607735229194467 -0.7071075157929164 0.7071047372239772
outer loop
vertex -66.82317352294922 -51.68827438354492 -0.5
vertex -55.73936080932617 -52.20960235595703 -1
vertex -55.738399505615234 -51.7096061706543 -0.5
endloop
endfacet
facet normal -0.0013604036796454292 -0.7071041857448809 0.707108067981053
outer loop
vertex -66.82317352294922 -51.68827438354492 -0.5
vertex -66.86029052734375 -52.18820571899414 -1
vertex -58.875614166259766 -52.20356750488281 -1
endloop
endfacet
facet normal -0.0013606295920883572 -0.7071059539414937 0.7071062993550572
outer loop
vertex -58.875614166259766 -52.20356750488281 -1
vertex -55.73936080932617 -52.20960235595703 -1
vertex -66.82317352294922 -51.68827438354492 -0.5
endloop
endfacet
facet normal -0.062494897242081245 -0.7056672008564666 0.7057819701962504
outer loop
vertex -55.738399505615234 -51.7096061706543 -0.5
vertex -55.73936080932617 -52.20960235595703 -1
vertex -55.66099548339844 -51.716461181640625 -0.5
endloop
endfacet
facet normal -0.11105353205773033 -0.6988123293756787 0.7066317579404712
outer loop
vertex -55.28080749511719 -52.282474517822266 -1
vertex -55.66099548339844 -51.716461181640625 -0.5
vertex -55.73936080932617 -52.20960235595703 -1
endloop
endfacet
facet normal -0.11104744347399433 -0.6988105977216226 0.7066344272746966
outer loop
vertex -55.66099548339844 -51.716461181640625 -0.5
vertex -55.28080749511719 -52.282474517822266 -1
vertex -55.20244216918945 -51.789329528808594 -0.5
endloop
endfacet
facet normal -0.15902601845163228 -0.6903357548957256 0.7057954880614992
outer loop
vertex -55.20244216918945 -51.789329528808594 -0.5
vertex -55.28080749511719 -52.282474517822266 -1
vertex -55.127079010009766 -51.80669021606445 -0.5
endloop
endfacet
facet normal -0.21740418954663565 -0.6728538247314894 0.7071090077999126
outer loop
vertex -55.127079010009766 -51.80669021606445 -0.5
vertex -55.28080749511719 -52.282474517822266 -1
vertex -54.838993072509766 -52.425228118896484 -1
endloop
endfacet
facet normal -0.21741023906578255 -0.6728545674681311 0.7071064410586524
outer loop
vertex -55.127079010009766 -51.80669021606445 -0.5
vertex -54.838993072509766 -52.425228118896484 -1
vertex -54.685264587402344 -51.94944763183594 -0.5
endloop
endfacet
facet normal -0.283436937009542 -0.6497004456118722 0.7053742508132712
outer loop
vertex -54.685264587402344 -51.94944763183594 -0.5
vertex -54.838993072509766 -52.425228118896484 -1
vertex -54.614437103271484 -51.9803466796875 -0.5
endloop
endfacet
facet normal -0.3191523404157909 -0.632299298111022 0.7059315697823919
outer loop
vertex -54.614437103271484 -51.9803466796875 -0.5
vertex -54.838993072509766 -52.425228118896484 -1
vertex -54.424495697021484 -52.63444519042969 -1
endloop
endfacet
facet normal -0.319160954392728 -0.632299015816115 0.7059279281832497
outer loop
vertex -54.614437103271484 -51.9803466796875 -0.5
vertex -54.424495697021484 -52.63444519042969 -1
vertex -54.19994354248047 -52.18956756591797 -0.5
endloop
endfacet
facet normal -0.3693334451850934 -0.6056942161202516 0.7047888498168678
outer loop
vertex -54.19994354248047 -52.18956756591797 -0.5
vertex -54.424495697021484 -52.63444519042969 -1
vertex -54.13410568237305 -52.229713439941406 -0.5
endloop
endfacet
facet normal -0.4129850862537463 -0.5756006922694382 0.7057812420225756
outer loop
vertex -54.424495697021484 -52.63444519042969 -1
vertex -54.047245025634766 -52.90511703491211 -1
vertex -54.13410568237305 -52.229713439941406 -0.5
endloop
endfacet
facet normal -0.40990229433373965 -0.57618237240424 0.7071025263924305
outer loop
vertex -54.047245025634766 -52.90511703491211 -1
vertex -53.755767822265625 -52.49886703491211 -0.5
vertex -54.13410568237305 -52.229713439941406 -0.5
endloop
endfacet
facet normal -0.4696765249239895 -0.5310376031913732 0.7052680525389525
outer loop
vertex -54.047245025634766 -52.90511703491211 -1
vertex -53.69789505004883 -52.550052642822266 -0.5
vertex -53.755767822265625 -52.49886703491211 -0.5
endloop
endfacet
facet normal -0.49387492774964864 -0.5060515833813626 0.7071063220601942
outer loop
vertex -53.71628189086914 -53.23075866699219 -1
vertex -53.365604400634766 -52.87434768676758 -0.5
vertex -53.69789505004883 -52.550052642822266 -0.5
endloop
endfacet
facet normal -0.4968683450068988 -0.5049879647724306 0.7057683778443916
outer loop
vertex -53.69789505004883 -52.550052642822266 -0.5
vertex -54.047245025634766 -52.90511703491211 -1
vertex -53.71628189086914 -53.23075866699219 -1
endloop
endfacet
facet normal -0.5449327663976012 -0.4533524267069692 0.705350875313244
outer loop
vertex -53.71628189086914 -53.23075866699219 -1
vertex -53.316184997558594 -52.93375015258789 -0.5
vertex -53.365604400634766 -52.87434768676758 -0.5
endloop
endfacet
facet normal -0.5662065969581488 -0.4235714738484602 0.7071048692399986
outer loop
vertex -53.43952560424805 -53.60356903076172 -1
vertex -53.038055419921875 -53.305538177490234 -0.5
vertex -53.316184997558594 -52.93375015258789 -0.5
endloop
endfacet
facet normal -0.5687355179480489 -0.4222015944656804 0.7058935643955125
outer loop
vertex -53.316184997558594 -52.93375015258789 -0.5
vertex -53.71628189086914 -53.23075866699219 -1
vertex -53.43952560424805 -53.60356903076172 -1
endloop
endfacet
facet normal -0.6064696199622959 -0.36666595686399145 0.7055144762085339
outer loop
vertex -53.038055419921875 -53.305538177490234 -0.5
vertex -53.43952560424805 -53.60356903076172 -1
vertex -52.99806594848633 -53.371681213378906 -0.5
endloop
endfacet
facet normal -0.62684256884446 -0.32926192435173113 0.7061550672881088
outer loop
vertex -53.43952560424805 -53.60356903076172 -1
vertex -53.22361373901367 -54.014617919921875 -1
vertex -52.99806594848633 -53.371681213378906 -0.5
endloop
endfacet
facet normal -0.6250491176359309 -0.33062984248585936 0.7071050189330579
outer loop
vertex -53.22361373901367 -54.014617919921875 -1
vertex -52.78096389770508 -53.782108306884766 -0.5
vertex -52.99806594848633 -53.371681213378906 -0.5
endloop
endfacet
facet normal -0.6529107049443267 -0.274821835897239 0.7058190773018066
outer loop
vertex -52.78096389770508 -53.782108306884766 -0.5
vertex -53.22361373901367 -54.014617919921875 -1
vertex -52.75147247314453 -53.8521728515625 -0.5
endloop
endfacet
facet normal -0.6691027824349532 -0.23021002715928268 0.7066150365886126
outer loop
vertex -52.75147247314453 -53.8521728515625 -0.5
vertex -53.22361373901367 -54.014617919921875 -1
vertex -52.8951416015625 -54.96931838989258 -1
endloop
endfacet
facet normal -0.6684527981417248 -0.23052317678586937 0.7071279386511675
outer loop
vertex -52.8951416015625 -54.96931838989258 -1
vertex -52.43611526489258 -54.76662063598633 -0.5
vertex -52.75147247314453 -53.8521728515625 -0.5
endloop
endfacet
facet normal -0.6204467692764657 -0.3391843509974846 0.7071066274140071
outer loop
vertex -52.43611526489258 -54.76662063598633 -0.5
vertex -52.8951416015625 -54.96931838989258 -1
vertex -52.56962585449219 -55.564762115478516 -1
endloop
endfacet
facet normal -0.620446299945474 -0.3391846097367445 0.7071069151137636
outer loop
vertex -52.56962585449219 -55.564762115478516 -1
vertex -52.152488708496094 -55.285438537597656 -0.5
vertex -52.43611526489258 -54.76662063598633 -0.5
endloop
endfacet
facet normal -0.54991426056233 -0.4445157749115726 0.7071068037326116
outer loop
vertex -52.152488708496094 -55.285438537597656 -0.5
vertex -52.56962585449219 -55.564762115478516 -1
vertex -52.165340423583984 -56.06490707397461 -1
endloop
endfacet
facet normal -0.5499122295443366 -0.44451652081202153 0.7071079143403447
outer loop
vertex -52.165340423583984 -56.06490707397461 -1
vertex -51.80393981933594 -55.71662902832031 -0.5
vertex -52.152488708496094 -55.285438537597656 -0.5
endloop
endfacet
facet normal -0.46454539789479543 -0.5330978136993889 0.7071098177254349
outer loop
vertex -51.672847747802734 -56.49407196044922 -1
vertex -51.378543853759766 -56.08732223510742 -0.5
vertex -51.80393981933594 -55.71662902832031 -0.5
endloop
endfacet
facet normal -0.46454832550752806 -0.5330973131056407 0.7071082717856567
outer loop
vertex -51.80393981933594 -55.71662902832031 -0.5
vertex -52.165340423583984 -56.06490707397461 -1
vertex -51.672847747802734 -56.49407196044922 -1
endloop
endfacet
facet normal -0.3610759603109155 -0.6079681707975552 0.7071059709708475
outer loop
vertex -51.089378356933594 -56.84059143066406 -1
vertex -50.87275314331055 -56.38771438598633 -0.5
vertex -51.378543853759766 -56.08732223510742 -0.5
endloop
endfacet
facet normal -0.36106905223432134 -0.607967973165373 0.7071096683851785
outer loop
vertex -51.378543853759766 -56.08732223510742 -0.5
vertex -51.672847747802734 -56.49407196044922 -1
vertex -51.089378356933594 -56.84059143066406 -1
endloop
endfacet
facet normal -0.24671394193815477 -0.6626715463653561 0.7071058283532137
outer loop
vertex -50.4866828918457 -57.06497573852539 -1
vertex -50.353145599365234 -56.5811653137207 -0.5
vertex -50.87275314331055 -56.38771438598633 -0.5
endloop
endfacet
facet normal -0.2467134471377157 -0.6626714549842593 0.7071060866309031
outer loop
vertex -50.87275314331055 -56.38771438598633 -0.5
vertex -51.089378356933594 -56.84059143066406 -1
vertex -50.4866828918457 -57.06497573852539 -1
endloop
endfacet
facet normal -0.1281315794518998 -0.6954006530726613 0.7071069438587616
outer loop
vertex -49.79853820800781 -56.683353424072266 -0.5
vertex -50.4866828918457 -57.06497573852539 -1
vertex -49.940799713134766 -57.165557861328125 -1
endloop
endfacet
facet normal -0.1281180683024361 -0.695403883494458 0.7071062150732934
outer loop
vertex -49.8442497253418 -57.183345794677734 -1
vertex -49.79853820800781 -56.683353424072266 -0.5
vertex -49.940799713134766 -57.165557861328125 -1
endloop
endfacet
facet normal -0.1281299652154974 -0.6954020924587696 0.7071058208060801
outer loop
vertex -50.353145599365234 -56.5811653137207 -0.5
vertex -50.4866828918457 -57.06497573852539 -1
vertex -49.79853820800781 -56.683353424072266 -0.5
endloop
endfacet
facet normal -0.0000979258462786757 -0.7071067777961574 0.7071067777961574
outer loop
vertex -47.35638427734375 -56.68368911743164 -0.5
vertex -44.95994186401367 -57.18402099609375 -1
vertex -44.95994186401367 -56.68402099609375 -0.5
endloop
endfacet
facet normal -0.00009719754607183078 -0.707107729602293 0.7071058260892267
outer loop
vertex -49.8442497253418 -57.183345794677734 -1
vertex -47.35638427734375 -56.68368911743164 -0.5
vertex -49.79853820800781 -56.683353424072266 -0.5
endloop
endfacet
facet normal -0.00009774961491851329 -0.7071063556200285 0.7071071999964181
outer loop
vertex -49.8442497253418 -57.183345794677734 -1
vertex -44.95994186401367 -57.18402099609375 -1
vertex -47.35638427734375 -56.68368911743164 -0.5
endloop
endfacet
facet normal -0.00009761039697481646 -0.7071067778179652 0.7071067778179652
outer loop
vertex 35.97222900390625 -57.195194244384766 -1
vertex 35.97222900390625 -56.695194244384766 -0.5
vertex -35.95994186401367 -57.185264587402344 -1
endloop
endfacet
facet normal -0.00009761039697481646 -0.7071067778179652 0.7071067778179652
outer loop
vertex -35.95994186401367 -56.685264587402344 -0.5
vertex -35.95994186401367 -57.185264587402344 -1
vertex 35.97222900390625 -56.695194244384766 -0.5
endloop
endfacet
facet normal -0.00009765038769362993 -0.7071056386157284 0.7071079170128451
outer loop
vertex 49.61288833618164 -56.697078704833984 -0.5
vertex 44.97222900390625 -56.69643783569336 -0.5
vertex 49.62884521484375 -57.19708251953125 -1
endloop
endfacet
facet normal -0.00009789518625965783 -0.7071067777982801 0.7071067777982801
outer loop
vertex 49.62884521484375 -57.19708251953125 -1
vertex 44.97222900390625 -56.69643783569336 -0.5
vertex 44.97222900390625 -57.19643783569336 -1
endloop
endfacet
facet normal 0.04518727178210168 -0.7056598463734245 0.7071084016507833
outer loop
vertex 49.83694076538086 -57.18375778198242 -1
vertex 49.780582427978516 -56.68634033203125 -0.5
vertex 49.61288833618164 -56.697078704833984 -0.5
endloop
endfacet
facet normal 0.045185097302054715 -0.7056604891517787 0.7071078991440246
outer loop
vertex 49.61288833618164 -56.697078704833984 -0.5
vertex 49.62884521484375 -57.19708251953125 -1
vertex 49.73262405395508 -57.19043731689453 -1
endloop
endfacet
facet normal 0.04518436743423945 -0.7056606007177111 0.7071078344455581
outer loop
vertex 49.61288833618164 -56.697078704833984 -0.5
vertex 49.73262405395508 -57.19043731689453 -1
vertex 49.83694076538086 -57.18375778198242 -1
endloop
endfacet
facet normal 0.2838238035288049 -0.5822235483624609 -0.7618791165812772
outer loop
vertex 50.349098205566406 -56.9228630065918 -15.627009391784668
vertex 50.14168930053711 -55.85098648071289 -16.52339744567871
vertex 50.96930694580078 -56.89508056640625 -15.417193412780762
endloop
endfacet
facet normal 0.28382810552606474 -0.5822211114754015 -0.7618793761914239
outer loop
vertex 50.14168930053711 -55.85098648071289 -16.52339744567871
vertex 51.56474685668945 -56.39221954345703 -15.57965087890625
vertex 51.62794494628906 -56.51847839355469 -15.45962142944336
endloop
endfacet
facet normal 0.28382431931254337 -0.5822208309772059 -0.7618810010382088
outer loop
vertex 50.39664077758789 -57.0844841003418 -15.48578929901123
vertex 50.349098205566406 -56.9228630065918 -15.627009391784668
vertex 50.96930694580078 -56.89508056640625 -15.417193412780762
endloop
endfacet
facet normal 0.28382744576668767 -0.5822220389153825 -0.7618789132340996
outer loop
vertex 50.14168930053711 -55.85098648071289 -16.52339744567871
vertex 51.00505447387695 -55.474117279052734 -16.489763259887695
vertex 51.56474685668945 -56.39221954345703 -15.57965087890625
endloop
endfacet
facet normal 0.2838328479734467 -0.5822150807883073 -0.7618822180061346
outer loop
vertex 51.56474685668945 -56.56956481933594 -15.44412612915039
vertex 50.14168930053711 -55.85098648071289 -16.52339744567871
vertex 51.62794494628906 -56.51847839355469 -15.45962142944336
endloop
endfacet
facet normal 0.2838280360356207 -0.5822207713018474 -0.7618796620364954
outer loop
vertex 50.96930694580078 -56.89508056640625 -15.417193412780762
vertex 50.14168930053711 -55.85098648071289 -16.52339744567871
vertex 51.56474685668945 -56.56956481933594 -15.44412612915039
endloop
endfacet
facet normal 0.49430885265066143 -0.45609158226500607 -0.7400265041052178
outer loop
vertex 51.56474685668945 -56.39221954345703 -15.57965087890625
vertex 52.06489181518555 -56.165279388427734 -15.385440826416016
vertex 51.62794494628906 -56.51847839355469 -15.45962142944336
endloop
endfacet
facet normal 0.492030448816721 -0.4429797824104717 -0.749449764702603
outer loop
vertex 52.494056701660156 -55.672786712646484 -15.394791603088379
vertex 52.494056701660156 -55.49544143676758 -15.499615669250488
vertex 52.561702728271484 -55.55888366699219 -15.417705535888672
endloop
endfacet
facet normal 0.49202162162820157 -0.4429866330526236 -0.7494515106309781
outer loop
vertex 51.00505447387695 -55.474117279052734 -16.489763259887695
vertex 51.647029876708984 -54.854618072509766 -16.43447494506836
vertex 52.494056701660156 -55.49544143676758 -15.499615669250488
endloop
endfacet
facet normal 0.492022953013302 -0.4429819380410817 -0.7494534116790964
outer loop
vertex 52.494056701660156 -55.672786712646484 -15.394791603088379
vertex 51.00505447387695 -55.474117279052734 -16.489763259887695
vertex 52.494056701660156 -55.49544143676758 -15.499615669250488
endloop
endfacet
facet normal 0.4920220323325982 -0.4429843411414523 -0.7494525957008709
outer loop
vertex 52.06489181518555 -56.165279388427734 -15.385440826416016
vertex 51.00505447387695 -55.474117279052734 -16.489763259887695
vertex 52.494056701660156 -55.672786712646484 -15.394791603088379
endloop
endfacet
facet normal 0.49202180578259364 -0.4429846420221509 -0.7494525665890687
outer loop
vertex 51.56474685668945 -56.39221954345703 -15.57965087890625
vertex 51.00505447387695 -55.474117279052734 -16.489763259887695
vertex 52.06489181518555 -56.165279388427734 -15.385440826416016
endloop
endfacet
facet normal 0.6619874114978469 -0.18470187562226273 -0.7264006361230684
outer loop
vertex 52.494056701660156 -55.49544143676758 -15.499615669250488
vertex 51.647029876708984 -54.854618072509766 -16.43447494506836
vertex 53.064964294433594 -54.48662185668945 -15.235845565795898
endloop
endfacet
facet normal 0.6728303333073916 -0.20159121993669166 -0.7118007604842107
outer loop
vertex 52.561702728271484 -55.55888366699219 -15.417705535888672
vertex 52.494056701660156 -55.49544143676758 -15.499615669250488
vertex 52.840576171875 -55.089317321777344 -15.287087440490723
endloop
endfacet
facet normal 0.6619916295069829 -0.1847055093119128 -0.7263958681686704
outer loop
vertex 52.840576171875 -55.089317321777344 -15.287087440490723
vertex 52.494056701660156 -55.49544143676758 -15.499615669250488
vertex 53.064964294433594 -54.48662185668945 -15.235845565795898
endloop
endfacet
facet normal 0.6619422685766384 -0.18469857334502765 -0.7264426130644629
outer loop
vertex 53.18338394165039 -53.66686248779297 -15.33636474609375
vertex 53.18333435058594 -53.84418869018555 -15.291324615478516
vertex 53.064964294433594 -54.48662185668945 -15.235845565795898
endloop
endfacet
facet normal 0.6619873643632186 -0.18470000411940043 -0.7264011549424552
outer loop
vertex 53.064964294433594 -54.48662185668945 -15.235845565795898
vertex 51.647029876708984 -54.854618072509766 -16.43447494506836
vertex 53.18338394165039 -53.66686248779297 -15.33636474609375
endloop
endfacet
facet normal 0.6619874384360712 -0.18470021096668046 -0.7264010348435034
outer loop
vertex 51.647029876708984 -54.854618072509766 -16.43447494506836
vertex 52.195335388183594 -53.39999771118164 -16.30465316772461
vertex 53.18338394165039 -53.66686248779297 -15.33636474609375
endloop
endfacet
facet normal 0.7071072157553616 0.06235702161704878 -0.7043514657340832
outer loop
vertex 53.18338394165039 -53.66686248779297 -15.33636474609375
vertex 52.195335388183594 -53.39999771118164 -16.30465316772461
vertex 53.1999626159668 1.8000234365463257 -10.409175872802734
endloop
endfacet
facet normal 0.7071832345006464 0.06234757580457842 -0.7042759776057226
outer loop
vertex 53.1999626159668 1.8000234365463257 -10.409175872802734
vertex 52.195335388183594 -53.39999771118164 -16.30465316772461
vertex 52.235084533691406 2.0018656253814697 -11.36016845703125
endloop
endfacet
facet normal 0.7071305725318825 0.061492575545152424 -0.7044040151387242
outer loop
vertex 53.1999626159668 1.8000234365463257 -10.409175872802734
vertex 52.235084533691406 2.0018656253814697 -11.36016845703125
vertex 53.20713424682617 1.9147616624832153 -10.391960144042969
endloop
endfacet
facet normal 0.6455450402763122 -0.2185616656338154 -0.731780294412214
outer loop
vertex 53.36946487426758 2.770045757293701 -10.348371505737305
vertex 52.510868072509766 3.2490670680999756 -11.248858451843262
vertex 53.47896194458008 3.0634102821350098 -10.339397430419922
endloop
endfacet
facet normal 0.6389676724266392 -0.2431408027191408 -0.729796453572347
outer loop
vertex 53.47896194458008 3.0634102821350098 -10.339397430419922
vertex 52.510868072509766 3.2490670680999756 -11.248858451843262
vertex 53.695533752441406 3.448646068572998 -10.278125762939453
endloop
endfacet
facet normal 0.6396248646584503 -0.23156695995914153 -0.7329780184739106
outer loop
vertex 52.510868072509766 3.2490670680999756 -11.248858451843262
vertex 52.82821273803711 3.932543992996216 -11.187859535217285
vertex 53.695533752441406 3.448646068572998 -10.278125762939453
endloop
endfacet
facet normal 0.6782901350484501 -0.14224019936140822 -0.7208954281874606
outer loop
vertex 52.29228973388672 2.5803961753845215 -11.3085355758667
vertex 52.46233367919922 3.138728380203247 -11.258706092834473
vertex 53.31660079956055 2.628415822982788 -10.354236602783203
endloop
endfacet
facet normal 0.7053977235441924 -0.006492244852720059 -0.7087819850810568
outer loop
vertex 52.235084533691406 2.0018656253814697 -11.36016845703125
vertex 52.29228973388672 2.5803961753845215 -11.3085355758667
vertex 53.22331237792969 2.1735785007476807 -10.3782320022583
endloop
endfacet
facet normal 0.7053981936566901 -0.006497923474236578 -0.7087814651755516
outer loop
vertex 53.20713424682617 1.9147616624832153 -10.391960144042969
vertex 52.235084533691406 2.0018656253814697 -11.36016845703125
vertex 53.22331237792969 2.1735785007476807 -10.3782320022583
endloop
endfacet
facet normal 0.705396527903273 -0.00649759023628836 -0.708783126028779
outer loop
vertex 53.22331237792969 2.1735785007476807 -10.3782320022583
vertex 52.29228973388672 2.5803961753845215 -11.3085355758667
vertex 53.250030517578125 2.3038392066955566 -10.352835655212402
endloop
endfacet
facet normal 0.6782910073739172 -0.14222824493171402 -0.7208969660494633
outer loop
vertex 53.250030517578125 2.3038392066955566 -10.352835655212402
vertex 52.29228973388672 2.5803961753845215 -11.3085355758667
vertex 53.31660079956055 2.628415822982788 -10.354236602783203
endloop
endfacet
facet normal 0.6782879359594757 -0.14224564388380903 -0.7208964230233874
outer loop
vertex 53.31660079956055 2.628415822982788 -10.354236602783203
vertex 52.46233367919922 3.138728380203247 -11.258706092834473
vertex 53.340335845947266 2.6920061111450195 -10.344451904296875
endloop
endfacet
facet normal 0.6251132712373344 -0.2701100769917647 -0.7323072745988953
outer loop
vertex 53.340335845947266 2.6920061111450195 -10.344451904296875
vertex 52.46233367919922 3.138728380203247 -11.258706092834473
vertex 53.36946487426758 2.770045757293701 -10.348371505737305
endloop
endfacet
facet normal 0.6455144173695051 -0.2186293357221927 -0.731787093716322
outer loop
vertex 52.510868072509766 3.2490670680999756 -11.248858451843262
vertex 53.36946487426758 2.770045757293701 -10.348371505737305
vertex 52.46233367919922 3.138728380203247 -11.258706092834473
endloop
endfacet
facet normal 0.36241391844456633 -0.5421302752200998 -0.7581232857572929
outer loop
vertex 55.13896179199219 4.606137752532959 -10.091500282287598
vertex 54.06707000732422 5.257396221160889 -11.069620132446289
vertex 54.64154052734375 5.598817348480225 -11.039148330688477
endloop
endfacet
facet normal 0.3519607323580637 -0.5539195533531585 -0.754517575203529
outer loop
vertex 54.71867370605469 4.408812522888184 -10.142688751220703
vertex 54.06707000732422 5.257396221160889 -11.069620132446289
vertex 55.13896179199219 4.606137752532959 -10.091500282287598
endloop
endfacet
facet normal 0.3796796128394231 -0.5337973936201887 -0.7555817190472511
outer loop
vertex 54.56214141845703 4.303124904632568 -10.14668083190918
vertex 54.06707000732422 5.257396221160889 -11.069620132446289
vertex 54.71867370605469 4.408812522888184 -10.142688751220703
endloop
endfacet
facet normal 0.6176768302124677 -0.28227083555959764 -0.734028956384668
outer loop
vertex 52.82821273803711 3.932543992996216 -11.187859535217285
vertex 53.055809020996094 4.336767196655273 -11.15178394317627
vertex 53.88570785522461 3.695714235305786 -10.206916809082031
endloop
endfacet
facet normal 0.4496653846616863 -0.48304323053483567 -0.7513123713020619
outer loop
vertex 54.14956283569336 3.9777159690856934 -10.1585054397583
vertex 53.42742156982422 4.787784576416016 -11.111531257629395
vertex 54.333866119384766 4.148997783660889 -10.158321380615234
endloop
endfacet
facet normal 0.5479183736501002 -0.3851793430871346 -0.7425781638828284
outer loop
vertex 53.055809020996094 4.336767196655273 -11.15178394317627
vertex 53.42742156982422 4.787784576416016 -11.111531257629395
vertex 54.14956283569336 3.9777159690856934 -10.1585054397583
endloop
endfacet
facet normal 0.44966601626190716 -0.48304265219490267 -0.7513123651183046
outer loop
vertex 53.42742156982422 4.787784576416016 -11.111531257629395
vertex 53.88022994995117 5.157924652099609 -11.078496932983398
vertex 54.445701599121094 4.224507808685303 -10.139934539794922
endloop
endfacet
facet normal 0.6225161426178336 -0.26715460512039924 -0.7355964037046243
outer loop
vertex 53.695533752441406 3.448646068572998 -10.278125762939453
vertex 52.82821273803711 3.932543992996216 -11.187859535217285
vertex 53.88570785522461 3.695714235305786 -10.206916809082031
endloop
endfacet
facet normal 0.3341258661012115 -0.5599381748114625 -0.7581748782378136
outer loop
vertex 54.445701599121094 4.224507808685303 -10.139934539794922
vertex 53.88022994995117 5.157924652099609 -11.078496932983398
vertex 54.06707000732422 5.257396221160889 -11.069620132446289
endloop
endfacet
facet normal 0.33412776687031664 -0.5599373033578634 -0.7581746841688789
outer loop
vertex 54.445701599121094 4.224507808685303 -10.139934539794922
vertex 54.06707000732422 5.257396221160889 -11.069620132446289
vertex 54.56214141845703 4.303124904632568 -10.14668083190918
endloop
endfacet
facet normal 0.5479128701830562 -0.3851872355400198 -0.7425781307477367
outer loop
vertex 53.88570785522461 3.695714235305786 -10.206916809082031
vertex 53.055809020996094 4.336767196655273 -11.15178394317627
vertex 53.99375915527344 3.8329174518585205 -10.198360443115234
endloop
endfacet
facet normal 0.5479209690048324 -0.3851739204622625 -0.7425790615958252
outer loop
vertex 53.99375915527344 3.8329174518585205 -10.198360443115234
vertex 53.055809020996094 4.336767196655273 -11.15178394317627
vertex 54.14956283569336 3.9777159690856934 -10.1585054397583
endloop
endfacet
facet normal 0.44966701799032716 -0.48304130318311495 -0.751312632897148
outer loop
vertex 54.333866119384766 4.148997783660889 -10.158321380615234
vertex 53.42742156982422 4.787784576416016 -11.111531257629395
vertex 54.445701599121094 4.224507808685303 -10.139934539794922
endloop
endfacet
facet normal 0.00510163670385989 -0.6414329313358198 -0.7671621522865159
outer loop
vertex 66.49005889892578 4.800023555755615 -9.94078254699707
vertex 66.9394302368164 4.995185375213623 -10.100971221923828
vertex 66.9394302368164 4.817841529846191 -9.952692031860352
endloop
endfacet
facet normal 0.005100233832160404 -0.6414310203003242 -0.7671637594486215
outer loop
vertex 66.49005889892578 4.800023555755615 -9.94078254699707
vertex 66.8185806274414 6.066392421722412 -10.997418403625488
vertex 66.9394302368164 4.995185375213623 -10.100971221923828
endloop
endfacet
facet normal 0.005101235217257926 -0.6414316688018322 -0.7671632105734443
outer loop
vertex 56.10777282714844 4.796048164367676 -10.006495475769043
vertex 56.09983825683594 5.989368438720703 -11.004293441772461
vertex 66.49005889892578 4.800023555755615 -9.94078254699707
endloop
endfacet
facet normal 0.005101332029485176 -0.641431184530238 -0.7671636148330165
outer loop
vertex 56.09983825683594 5.989368438720703 -11.004293441772461
vertex 66.8185806274414 6.066392421722412 -10.997418403625488
vertex 66.49005889892578 4.800023555755615 -9.94078254699707
endloop
endfacet
facet normal 0.20575541027206845 -0.6128995471699916 -0.76290160323766
outer loop
vertex 55.388893127441406 4.6790971755981445 -10.042961120605469
vertex 54.97789001464844 5.762889385223389 -11.024505615234375
vertex 55.58466720581055 4.7362470626831055 -10.036073684692383
endloop
endfacet
facet normal 0.3137626474712896 -0.5692543438041214 -0.7599358480239937
outer loop
vertex 55.13896179199219 4.606137752532959 -10.091500282287598
vertex 54.97789001464844 5.762889385223389 -11.024505615234375
vertex 55.388893127441406 4.6790971755981445 -10.042961120605469
endloop
endfacet
facet normal 0.3111608323775777 -0.5700177877019313 -0.7604332042313044
outer loop
vertex 55.13896179199219 4.606137752532959 -10.091500282287598
vertex 54.64154052734375 5.598817348480225 -11.039148330688477
vertex 54.97789001464844 5.762889385223389 -11.024505615234375
endloop
endfacet
facet normal 0.20575731285619453 -0.6128986345458028 -0.7629018232892674
outer loop
vertex 54.97789001464844 5.762889385223389 -11.024505615234375
vertex 55.5384407043457 5.932257652282715 -11.009389877319336
vertex 55.58466720581055 4.7362470626831055 -10.036073684692383
endloop
endfacet
facet normal 0.0719707906858479 -0.63914033819493 -0.7657152430114764
outer loop
vertex 55.5384407043457 5.932257652282715 -11.009389877319336
vertex 56.09983825683594 5.989368438720703 -11.004293441772461
vertex 56.045108795166016 4.796023845672607 -10.01335620880127
endloop
endfacet
facet normal 0.2057611880471076 -0.6128980296722647 -0.7629012640684892
outer loop
vertex 55.58466720581055 4.7362470626831055 -10.036073684692383
vertex 55.5384407043457 5.932257652282715 -11.009389877319336
vertex 55.75335693359375 4.758147716522217 -10.008171081542969
endloop
endfacet
facet normal 0.0694724206083826 -0.6399002395750031 -0.7653112217697228
outer loop
vertex 55.75335693359375 4.758147716522217 -10.008171081542969
vertex 55.5384407043457 5.932257652282715 -11.009389877319336
vertex 56.045108795166016 4.796023845672607 -10.01335620880127
endloop
endfacet
facet normal 0.0839730080271887 -0.6388656959160194 -0.7647216202675363
outer loop
vertex 56.045108795166016 4.796023845672607 -10.01335620880127
vertex 56.09983825683594 5.989368438720703 -11.004293441772461
vertex 56.10777282714844 4.796048164367676 -10.006495475769043
endloop
endfacet
facet normal 0.16560041163508835 -0.6218624338305628 -0.765417282961796
outer loop
vertex 66.9394302368164 4.995185375213623 -10.100971221923828
vertex 66.8185806274414 6.066392421722412 -10.997418403625488
vertex 67.86907958984375 4.967280864715576 -9.877167701721191
endloop
endfacet
facet normal 0.16559891395311868 -0.6218633975214556 -0.7654168240381313
outer loop
vertex 67.86907958984375 4.967280864715576 -9.877167701721191
vertex 66.8185806274414 6.066392421722412 -10.997418403625488
vertex 68.68656921386719 5.23704719543457 -9.919474601745605
endloop
endfacet
facet normal 0.16561267656213893 -0.6218464377580709 -0.7654276250629591
outer loop
vertex 68.68656921386719 5.23704719543457 -9.919474601745605
vertex 66.8185806274414 6.066392421722412 -10.997418403625488
vertex 68.73262786865234 5.260781288146973 -9.928791046142578
endloop
endfacet
facet normal 0.16559667914694506 -0.6218669410558314 -0.7654144285792936
outer loop
vertex 66.8185806274414 6.066392421722412 -10.997418403625488
vertex 68.68656921386719 5.41439151763916 -10.063557624816895
vertex 68.73262786865234 5.260781288146973 -9.928791046142578
endloop
endfacet
facet normal 0.163216745656526 -0.6328397025761852 -0.756884538605842
outer loop
vertex 66.9394302368164 4.817841529846191 -9.952692031860352
vertex 66.9394302368164 4.995185375213623 -10.100971221923828
vertex 67.86907958984375 4.967280864715576 -9.877167701721191
endloop
endfacet
facet normal 0.16559985633281754 -0.6218622789863592 -0.765417528905918
outer loop
vertex 66.8185806274414 6.066392421722412 -10.997418403625488
vertex 68.30146789550781 6.4221954345703125 -10.96566390991211
vertex 68.68656921386719 5.41439151763916 -10.063557624816895
endloop
endfacet
facet normal 0.3718006247229571 -0.5362280842316004 -0.757775518961207
outer loop
vertex 69.5218505859375 5.667433738708496 -9.832789421081543
vertex 70.21490478515625 6.355401992797852 -9.979574203491211
vertex 70.21490478515625 6.178057670593262 -9.854079246520996
endloop
endfacet
facet normal 0.3718028154697364 -0.5362275773986506 -0.7577748027256853
outer loop
vertex 70.21490478515625 6.355401992797852 -9.979574203491211
vertex 70.28524017333984 6.249332427978516 -9.87000560760498
vertex 70.21490478515625 6.178057670593262 -9.854079246520996
endloop
endfacet
facet normal 0.37272907483647433 -0.5463074921811351 -0.7500807694897296
outer loop
vertex 68.68656921386719 5.41439151763916 -10.063557624816895
vertex 69.5218505859375 5.667433738708496 -9.832789421081543
vertex 68.73262786865234 5.260781288146973 -9.928791046142578
endloop
endfacet
facet normal 0.371800988017758 -0.5362283691617874 -0.7577751390848796
outer loop
vertex 69.5218505859375 5.667433738708496 -9.832789421081543
vertex 68.30146789550781 6.4221954345703125 -10.96566390991211
vertex 70.21490478515625 6.355401992797852 -9.979574203491211
endloop
endfacet
facet normal 0.37180088071640605 -0.5362287055914272 -0.7577749536625287
outer loop
vertex 68.30146789550781 6.4221954345703125 -10.96566390991211
vertex 69.56124114990234 7.197848796844482 -10.896438598632812
vertex 70.21490478515625 6.355401992797852 -9.979574203491211
endloop
endfacet
facet normal 0.37180135512950446 -0.536227950205473 -0.7577752554301974
outer loop
vertex 68.68656921386719 5.41439151763916 -10.063557624816895
vertex 68.30146789550781 6.4221954345703125 -10.96566390991211
vertex 69.5218505859375 5.667433738708496 -9.832789421081543
endloop
endfacet
facet normal 0.5332485752541768 -0.38613473971456663 -0.752692447002728
outer loop
vertex 70.28524017333984 6.249332427978516 -9.87000560760498
vertex 71.37479400634766 7.54771089553833 -9.764180183410645
vertex 70.87491607666016 6.846871376037598 -9.758787155151367
endloop
endfacet
facet normal 0.5376657812374837 -0.39027310713886276 -0.7473970895919144
outer loop
vertex 70.28524017333984 6.249332427978516 -9.87000560760498
vertex 71.4375 7.673463821411133 -9.784735679626465
vertex 71.37479400634766 7.54771089553833 -9.764180183410645
endloop
endfacet
facet normal 0.5397877495375738 -0.39214033645304225 -0.7448859926026641
outer loop
vertex 71.4375 7.673463821411133 -9.784735679626465
vertex 70.28524017333984 6.249332427978516 -9.87000560760498
vertex 71.37479400634766 7.72505521774292 -9.857336044311523
endloop
endfacet
facet normal 0.5472961147932054 -0.3977569250041048 -0.7363806022319853
outer loop
vertex 70.21490478515625 6.355401992797852 -9.979574203491211
vertex 71.37479400634766 7.72505521774292 -9.857336044311523
vertex 70.28524017333984 6.249332427978516 -9.87000560760498
endloop
endfacet
facet normal 0.5405026919793005 -0.39125159665220677 -0.7448348998806569
outer loop
vertex 69.56124114990234 7.197848796844482 -10.896438598632812
vertex 70.5180892944336 8.327735900878906 -10.795598983764648
vertex 71.37479400634766 7.72505521774292 -9.857336044311523
endloop
endfacet
facet normal 0.5405027085927491 -0.39124930549307974 -0.7448360913349221
outer loop
vertex 70.21490478515625 6.355401992797852 -9.979574203491211
vertex 69.56124114990234 7.197848796844482 -10.896438598632812
vertex 71.37479400634766 7.72505521774292 -9.857336044311523
endloop
endfacet
facet normal 0.6553342958615552 -0.20167631734782837 -0.7279173192668641
outer loop
vertex 71.79408264160156 8.388620376586914 -9.663707733154297
vertex 70.5180892944336 8.327735900878906 -10.795598983764648
vertex 72.05121612548828 9.210166931152344 -9.659831047058105
endloop
endfacet
facet normal 0.6553392776970808 -0.20169874300246535 -0.7279066205075304
outer loop
vertex 72.05121612548828 9.210166931152344 -9.659831047058105
vertex 70.5180892944336 8.327735900878906 -10.795598983764648
vertex 72.07593536376953 9.377894401550293 -9.684052467346191
endloop
endfacet
facet normal 0.6553334457992086 -0.20167863811845574 -0.7279174415712405
outer loop
vertex 70.5180892944336 8.327735900878906 -10.795598983764648
vertex 71.06372833251953 9.668760299682617 -10.675915718078613
vertex 72.07593536376953 9.377894401550293 -9.684052467346191
endloop
endfacet
facet normal 0.6557658065415245 -0.2002196757531637 -0.7279308266670961
outer loop
vertex 72.07593536376953 9.377894401550293 -9.684052467346191
vertex 71.06372833251953 9.668760299682617 -10.675915718078613
vertex 72.05121612548828 9.387511253356934 -9.708966255187988
endloop
endfacet
facet normal 0.6553337342894919 -0.20168141712355483 -0.7279164118834142
outer loop
vertex 71.37479400634766 7.72505521774292 -9.857336044311523
vertex 70.5180892944336 8.327735900878906 -10.795598983764648
vertex 71.79408264160156 8.388620376586914 -9.663707733154297
endloop
endfacet
facet normal 0.6620988776248906 -0.20829927081521166 -0.7198864424516627
outer loop
vertex 71.4375 7.673463821411133 -9.784735679626465
vertex 71.37479400634766 7.72505521774292 -9.857336044311523
vertex 71.79408264160156 8.388620376586914 -9.663707733154297
endloop
endfacet
facet normal 0.7071039310741006 0.06054244434772273 -0.7045130538832879
outer loop
vertex 71.19364166259766 49.09117889404297 -7.157558917999268
vertex 72.15361785888672 49.1169548034668 -6.191837310791016
vertex 72.18214416503906 48.93948745727539 -6.178456783294678
endloop
endfacet
facet normal 0.7071024565239947 0.06054601598009538 -0.7045142269157312
outer loop
vertex 72.19996643066406 48.490116119384766 -6.199192523956299
vertex 71.06372833251953 9.668760299682617 -10.675915718078613
vertex 71.19364166259766 49.09117889404297 -7.157558917999268
endloop
endfacet
facet normal 0.7071036027649161 0.0605416050134711 -0.7045134555274787
outer loop
vertex 72.05121612548828 9.387511253356934 -9.708966255187988
vertex 71.06372833251953 9.668760299682617 -10.675915718078613
vertex 72.18819427490234 10.139772415161133 -9.506839752197266
endloop
endfacet
facet normal 0.7193440662019706 0.05507601038715743 -0.6924671454299105
outer loop
vertex 72.07593536376953 9.377894401550293 -9.684052467346191
vertex 72.05121612548828 9.387511253356934 -9.708966255187988
vertex 72.18819427490234 10.139772415161133 -9.506839752197266
endloop
endfacet
facet normal 0.707102507567688 0.06054600865098371 -0.7045141763143753
outer loop
vertex 72.18819427490234 10.139772415161133 -9.506839752197266
vertex 71.06372833251953 9.668760299682617 -10.675915718078613
vertex 72.19996643066406 48.490116119384766 -6.199192523956299
endloop
endfacet
facet normal 0.707104292128826 0.06055298126645944 -0.7045117859289053
outer loop
vertex 72.19996643066406 48.490116119384766 -6.199192523956299
vertex 71.19364166259766 49.09117889404297 -7.157558917999268
vertex 72.18214416503906 48.93948745727539 -6.178456783294678
endloop
endfacet
facet normal 0.6877402789961977 0.22656744779506702 -0.6896959476797453
outer loop
vertex 72.15361785888672 49.1169548034668 -6.191837310791016
vertex 71.19364166259766 49.09117889404297 -7.157558917999268
vertex 72.03270721435547 49.869140625 -6.065309524536133
endloop
endfacet
facet normal 0.6877362720306593 0.226570768805974 -0.6896988522942754
outer loop
vertex 71.19364166259766 49.09117889404297 -7.157558917999268
vertex 70.83841705322266 50.57164001464844 -7.025431156158447
vertex 71.68400573730469 50.83982467651367 -6.0941481590271
endloop
endfacet
facet normal 0.6877391644430787 0.22656933832561782 -0.6896964380231551
outer loop
vertex 72.03270721435547 49.869140625 -6.065309524536133
vertex 71.19364166259766 49.09117889404297 -7.157558917999268
vertex 71.762939453125 50.68663024902344 -6.065761566162109
endloop
endfacet
facet normal 0.6877456373421137 0.2265638462590872 -0.6896917876016639
outer loop
vertex 71.762939453125 50.68663024902344 -6.065761566162109
vertex 71.19364166259766 49.09117889404297 -7.157558917999268
vertex 71.68400573730469 50.83982467651367 -6.0941481590271
endloop
endfacet
facet normal 0.6027817125354725 0.43106195570698264 -0.6714460494893646
outer loop
vertex 70.83841705322266 50.57164001464844 -7.025431156158447
vertex 70.82192993164062 52.214962005615234 -5.985235214233398
vertex 71.33255004882812 51.52191162109375 -5.97176456451416
endloop
endfacet
facet normal 0.6027875301017936 0.4310596465656973 -0.6714423092540677
outer loop
vertex 70.83841705322266 50.57164001464844 -7.025431156158447
vertex 70.71855926513672 52.31697463989258 -6.012545108795166
vertex 70.82192993164062 52.214962005615234 -5.985235214233398
endloop
endfacet
facet normal 0.6027808478617925 0.4310618486524126 -0.6714468944655139
outer loop
vertex 70.83841705322266 50.57164001464844 -7.025431156158447
vertex 70.0619125366211 51.83279800415039 -6.912875652313232
vertex 70.71855926513672 52.31697463989258 -6.012545108795166
endloop
endfacet
facet normal 0.6027780942770615 0.4310651587542675 -0.671447241388236
outer loop
vertex 71.68400573730469 50.83982467651367 -6.0941481590271
vertex 70.83841705322266 50.57164001464844 -7.025431156158447
vertex 71.33255004882812 51.52191162109375 -5.97176456451416
endloop
endfacet
facet normal 0.4580239884713477 0.5994384160218064 -0.6564203008607111
outer loop
vertex 70.0619125366211 51.83279800415039 -6.912875652313232
vertex 68.93247985839844 52.78926086425781 -6.827513694763184
vertex 69.45227813720703 53.37485885620117 -5.930055141448975
endloop
endfacet
facet normal 0.4580242309951154 0.5994382182248721 -0.6564203122639669
outer loop
vertex 69.45227813720703 53.37485885620117 -5.930055141448975
vertex 68.93247985839844 52.78926086425781 -6.827513694763184
vertex 69.3617172241211 53.420013427734375 -5.952010154724121
endloop
endfacet
facet normal 0.4580259747316652 0.5994383540290023 -0.6564189715342699
outer loop
vertex 70.0619125366211 51.83279800415039 -6.912875652313232
vertex 69.45227813720703 53.37485885620117 -5.930055141448975
vertex 70.15311431884766 52.874977111816406 -5.897525787353516
endloop
endfacet
facet normal 0.4580243124478328 0.5994390290028119 -0.6564195150320076
outer loop
vertex 70.71855926513672 52.31697463989258 -6.012545108795166
vertex 70.0619125366211 51.83279800415039 -6.912875652313232
vertex 70.15311431884766 52.874977111816406 -5.897525787353516
endloop
endfacet
facet normal 0.267400154947816 0.7148628438278616 -0.6461178465637877
outer loop
vertex 68.93247985839844 52.78926086425781 -6.827513694763184
vertex 67.59468841552734 53.333580017089844 -6.778934478759766
vertex 67.7898178100586 54.05127716064453 -5.904120922088623
endloop
endfacet
facet normal 0.2674059281192122 0.7148609354720146 -0.6461175686690301
outer loop
vertex 67.7898178100586 54.05127716064453 -5.904120922088623
vertex 67.59468841552734 53.333580017089844 -6.778934478759766
vertex 67.75220489501953 54.056819915771484 -5.913555145263672
endloop
endfacet
facet normal 0.26739849917265074 0.7148622924151036 -0.6461191418950819
outer loop
vertex 68.61136627197266 53.79414367675781 -5.848611354827881
vertex 68.93247985839844 52.78926086425781 -6.827513694763184
vertex 67.7898178100586 54.05127716064453 -5.904120922088623
endloop
endfacet
facet normal 0.2673997988697359 0.7148622401209221 -0.6461186618677112
outer loop
vertex 69.3617172241211 53.420013427734375 -5.952010154724121
vertex 68.93247985839844 52.78926086425781 -6.827513694763184
vertex 68.61136627197266 53.79414367675781 -5.848611354827881
endloop
endfacet
facet normal 0.0016201660021789427 0.7671589845842535 -0.6414549613447406
outer loop
vertex 67.59468841552734 53.333580017089844 -6.778934478759766
vertex 41.3961067199707 53.81366729736328 -6.270937442779541
vertex 41.4530143737793 54.00126266479492 -6.046435832977295
endloop
endfacet
facet normal 0.0016203445306671748 0.7671633665803715 -0.6414497201345344
outer loop
vertex 67.75220489501953 54.056819915771484 -5.913555145263672
vertex 41.472198486328125 54.196044921875 -5.813429355621338
vertex 66.86021423339844 54.18825149536133 -5.758618354797363
endloop
endfacet
facet normal 0.0016205543370489668 0.7671655601936955 -0.6414470960697646
outer loop
vertex 67.59468841552734 53.333580017089844 -6.778934478759766
vertex 41.4530143737793 54.00126266479492 -6.046435832977295
vertex 41.472198486328125 54.196044921875 -5.813429355621338
endloop
endfacet
facet normal 0.0016201942648119032 0.7671649055374442 -0.641447879942142
outer loop
vertex 39.6407585144043 53.64078140258789 -6.482141494750977
vertex 27.854036331176758 53.424285888671875 -6.770839214324951
vertex 39.54834747314453 53.81366729736328 -6.275605201721191
endloop
endfacet
facet normal 0.0016203164537347088 0.7671648081178531 -0.6414479961462873
outer loop
vertex 39.4914436340332 54.00126266479492 -6.051390647888184
vertex 28.509870529174805 54.20002365112305 -5.841414451599121
vertex 39.472259521484375 54.196659088134766 -5.817747116088867
endloop
endfacet
facet normal 0.001620287339977633 0.7671637966507511 -0.641449205921514
outer loop
vertex 27.854036331176758 53.424285888671875 -6.770839214324951
vertex 27.73048973083496 54.14491271972656 -5.909292221069336
vertex 39.54834747314453 53.81366729736328 -6.275605201721191
endloop
endfacet
facet normal 0.0016204099923095832 0.7671648614171315 -0.6414479321646381
outer loop
vertex 67.59468841552734 53.333580017089844 -6.778934478759766
vertex 41.3036994934082 53.64078140258789 -6.477940559387207
vertex 41.3961067199707 53.81366729736328 -6.270937442779541
endloop
endfacet
facet normal 0.0016203386217373233 0.7671627669626455 -0.6414504372817655
outer loop
vertex 67.59468841552734 53.333580017089844 -6.778934478759766
vertex 41.472198486328125 54.196044921875 -5.813429355621338
vertex 67.75220489501953 54.056819915771484 -5.913555145263672
endloop
endfacet
facet normal 0.0016204584773508236 0.7671667719473744 -0.6414456470615173
outer loop
vertex 67.59468841552734 53.333580017089844 -6.778934478759766
vertex 41.17933654785156 53.4892463684082 -6.65949010848999
vertex 41.3036994934082 53.64078140258789 -6.477940559387207
endloop
endfacet
facet normal 0.0016204040273916178 0.7671619538551586 -0.6414514095766908
outer loop
vertex 41.063446044921875 53.39413833618164 -6.773530006408691
vertex 41.17933654785156 53.4892463684082 -6.65949010848999
vertex 67.59468841552734 53.333580017089844 -6.778934478759766
endloop
endfacet
facet normal 0.0016196639784106927 0.7671542219683233 -0.6414606585011847
outer loop
vertex 39.54834747314453 53.81366729736328 -6.275605201721191
vertex 27.73048973083496 54.14491271972656 -5.909292221069336
vertex 28.509870529174805 54.20002365112305 -5.841414451599121
endloop
endfacet
facet normal 0.0016201211238158358 0.7671664402172207 -0.6414460446615768
outer loop
vertex 39.76512145996094 53.4892463684082 -6.663062572479248
vertex 27.854036331176758 53.424285888671875 -6.770839214324951
vertex 39.6407585144043 53.64078140258789 -6.482141494750977
endloop
endfacet
facet normal 0.0016202834808128116 0.7671564644398322 -0.6414579750456129
outer loop
vertex 39.87771224975586 53.39684295654297 -6.773288726806641
vertex 27.854036331176758 53.424285888671875 -6.770839214324951
vertex 39.76512145996094 53.4892463684082 -6.663062572479248
endloop
endfacet
facet normal 0.0016201009125841853 0.7671595471064933 -0.641454288750487
outer loop
vertex 39.54834747314453 53.81366729736328 -6.275605201721191
vertex 28.509870529174805 54.20002365112305 -5.841414451599121
vertex 39.4914436340332 54.00126266479492 -6.051390647888184
endloop
endfacet
facet normal -0.21484755152511506 0.7293180506795096 -0.6495657861654225
outer loop
vertex 25.981632232666016 52.825069427490234 -6.824317932128906
vertex 25.729248046875 53.50206756591797 -5.980721950531006
vertex 27.854036331176758 53.424285888671875 -6.770839214324951
endloop
endfacet
facet normal -0.21144572453746038 0.7376358090024612 -0.6412363985708494
outer loop
vertex 27.854036331176758 53.424285888671875 -6.770839214324951
vertex 25.729248046875 53.50206756591797 -5.980721950531006
vertex 26.783878326416016 53.93516540527344 -5.830276012420654
endloop
endfacet
facet normal -0.21630063000377675 0.733404815188649 -0.6444621125543943
outer loop
vertex 27.854036331176758 53.424285888671875 -6.770839214324951
vertex 26.783878326416016 53.93516540527344 -5.830276012420654
vertex 27.73048973083496 54.14491271972656 -5.909292221069336
endloop
endfacet
facet normal 0.06883405297730756 0.7583776655781118 -0.6481706484429938
outer loop
vertex 23.850833892822266 52.78750991821289 -6.827670097351074
vertex 23.916860580444336 53.39537811279297 -6.109435558319092
vertex 24.774227142333984 52.69677734375 -6.83576774597168
endloop
endfacet
facet normal 0.05332017590669577 0.7598657875363743 -0.6478896077056682
outer loop
vertex 24.774227142333984 52.69677734375 -6.83576774597168
vertex 24.359920501708984 53.316856384277344 -6.142615795135498
vertex 24.84079360961914 53.309600830078125 -6.111550331115723
endloop
endfacet
facet normal 0.08863785455933586 0.7681092532707037 -0.6341541656246059
outer loop
vertex 24.774227142333984 52.69677734375 -6.83576774597168
vertex 23.916860580444336 53.39537811279297 -6.109435558319092
vertex 24.359920501708984 53.316856384277344 -6.142615795135498
endloop
endfacet
facet normal -0.20575331938177444 0.7383114589414055 -0.6423097081308946
outer loop
vertex 25.650531768798828 52.73958969116211 -6.831946849822998
vertex 25.498136520385742 53.43326187133789 -5.98577880859375
vertex 25.729248046875 53.50206756591797 -5.980721950531006
endloop
endfacet
facet normal 0.06947631060868091 0.765311064052144 -0.6399000058630891
outer loop
vertex 25.067577362060547 53.340274810791016 -6.050241947174072
vertex 25.067577362060547 52.68239974975586 -6.837050914764404
vertex 24.84079360961914 53.309600830078125 -6.111550331115723
endloop
endfacet
facet normal -0.0694697132173968 0.7653142472977473 -0.6398969150016078
outer loop
vertex 25.650531768798828 52.73958969116211 -6.831946849822998
vertex 25.067577362060547 53.340274810791016 -6.050241947174072
vertex 25.28424644470215 53.36957931518555 -6.0387163162231445
endloop
endfacet
facet normal -0.06948499722774475 0.7653098672908462 -0.6399004939734989
outer loop
vertex 25.28424644470215 53.36957931518555 -6.0387163162231445
vertex 25.498136520385742 53.43326187133789 -5.98577880859375
vertex 25.650531768798828 52.73958969116211 -6.831946849822998
endloop
endfacet
facet normal -0.17644152086122844 0.741236041335059 -0.6476399622800522
outer loop
vertex 25.981632232666016 52.825069427490234 -6.824317932128906
vertex 25.650531768798828 52.73958969116211 -6.831946849822998
vertex 25.729248046875 53.50206756591797 -5.980721950531006
endloop
endfacet
facet normal -0.06947713393803508 0.7653110200623099 -0.6398999690818424
outer loop
vertex 25.067577362060547 52.68239974975586 -6.837050914764404
vertex 25.067577362060547 53.340274810791016 -6.050241947174072
vertex 25.650531768798828 52.73958969116211 -6.831946849822998
endloop
endfacet
facet normal 0.0344833574973079 0.7613545844002143 -0.6474180217359492
outer loop
vertex 25.067577362060547 52.68239974975586 -6.837050914764404
vertex 24.774227142333984 52.69677734375 -6.83576774597168
vertex 24.84079360961914 53.309600830078125 -6.111550331115723
endloop
endfacet
facet normal 0.5917859496323644 0.4421972571747376 -0.673981435623311
outer loop
vertex 22.23687171936035 54.5395622253418 -5.913891792297363
vertex 21.583641052246094 54.215232849121094 -6.700249195098877
vertex 22.085277557373047 54.75156021118164 -5.907907009124756
endloop
endfacet
facet normal 0.6059230501020908 0.4259093375519853 -0.6719066107287591
outer loop
vertex 22.085277557373047 54.75156021118164 -5.907907009124756
vertex 21.583641052246094 54.215232849121094 -6.700249195098877
vertex 21.876718521118164 55.16638946533203 -5.833032131195068
endloop
endfacet
facet normal 0.627002080916705 0.4104747983933678 -0.6621018278256341
outer loop
vertex 21.876718521118164 55.16638946533203 -5.833032131195068
vertex 21.583641052246094 54.215232849121094 -6.700249195098877
vertex 21.78651237487793 55.447105407714844 -5.744424343109131
endloop
endfacet
facet normal 0.6032028111801168 0.4245581831980901 -0.6752012423447854
outer loop
vertex 21.05803680419922 55.08552551269531 -6.622577667236328
vertex 21.78651237487793 55.447105407714844 -5.744424343109131
vertex 21.583641052246094 54.215232849121094 -6.700249195098877
endloop
endfacet
facet normal 0.4496645695701302 0.6084557105829527 -0.6538986336828544
outer loop
vertex 22.484073638916016 53.27472686767578 -6.784187316894531
vertex 22.03126335144043 53.644866943359375 -6.751152992248535
vertex 22.591840744018555 54.13275146484375 -5.911683559417725
endloop
endfacet
facet normal 0.3341227233970702 0.6853528152509203 -0.647034407382917
outer loop
vertex 23.05282974243164 53.76504898071289 -5.971127033233643
vertex 22.484073638916016 53.27472686767578 -6.784187316894531
vertex 22.924421310424805 53.860687255859375 -5.936133861541748
endloop
endfacet
facet normal 0.5479195232754148 0.5105905416544521 -0.662632247016892
outer loop
vertex 22.03126335144043 53.644866943359375 -6.751152992248535
vertex 21.659650802612305 54.09588623046875 -6.710900783538818
vertex 22.3553466796875 54.373878479003906 -5.9214348793029785
endloop
endfacet
facet normal 0.6251183030623109 0.3955104214775528 -0.6729031235468784
outer loop
vertex 22.298816680908203 54.45293426513672 -5.907262802124023
vertex 21.659650802612305 54.09588623046875 -6.710900783538818
vertex 22.23687171936035 54.5395622253418 -5.913891792297363
endloop
endfacet
facet normal 0.5479215668685653 0.510587432399026 -0.6626329530263841
outer loop
vertex 22.3553466796875 54.373878479003906 -5.9214348793029785
vertex 21.659650802612305 54.09588623046875 -6.710900783538818
vertex 22.298816680908203 54.45293426513672 -5.907262802124023
endloop
endfacet
facet normal 0.594066600648537 0.43853716081498273 -0.6743663934229118
outer loop
vertex 21.659650802612305 54.09588623046875 -6.710900783538818
vertex 21.583641052246094 54.215232849121094 -6.700249195098877
vertex 22.23687171936035 54.5395622253418 -5.913891792297363
endloop
endfacet
facet normal 0.5479171175977903 0.5105923176048449 -0.6626328677678481
outer loop
vertex 22.591840744018555 54.13275146484375 -5.911683559417725
vertex 22.03126335144043 53.644866943359375 -6.751152992248535
vertex 22.3553466796875 54.373878479003906 -5.9214348793029785
endloop
endfacet
facet normal 0.20575515413205048 0.7383111914124508 -0.6423094279108968
outer loop
vertex 23.46353530883789 53.54848098754883 -6.029646396636963
vertex 23.000680923461914 52.99968719482422 -6.808733940124512
vertex 23.29436683654785 53.6376838684082 -5.981301784515381
endloop
endfacet
facet normal 0.2057565439341399 0.7383100373414232 -0.6423103092658442
outer loop
vertex 23.70111083984375 53.467018127441406 -6.04718017578125
vertex 23.56123161315918 52.830318450927734 -6.823849678039551
vertex 23.46353530883789 53.54848098754883 -6.029646396636963
endloop
endfacet
facet normal 0.06492528034573013 0.7587558384590695 -0.6481313798731726
outer loop
vertex 23.916860580444336 53.39537811279297 -6.109435558319092
vertex 23.850833892822266 52.78750991821289 -6.827670097351074
vertex 23.70111083984375 53.467018127441406 -6.04718017578125
endloop
endfacet
facet normal 0.10386449454470897 0.7599149917051569 -0.6416707661680742
outer loop
vertex 23.850833892822266 52.78750991821289 -6.827670097351074
vertex 23.56123161315918 52.830318450927734 -6.823849678039551
vertex 23.70111083984375 53.467018127441406 -6.04718017578125
endloop
endfacet
facet normal 0.20575772361159722 0.7383099239942742 -0.6423100616569404
outer loop
vertex 23.000680923461914 52.99968719482422 -6.808733940124512
vertex 23.46353530883789 53.54848098754883 -6.029646396636963
vertex 23.56123161315918 52.830318450927734 -6.823849678039551
endloop
endfacet
facet normal 0.33413166016361245 0.6853462781674975 -0.6470367166384511
outer loop
vertex 22.484073638916016 53.27472686767578 -6.784187316894531
vertex 23.05282974243164 53.76504898071289 -5.971127033233643
vertex 23.000680923461914 52.99968719482422 -6.808733940124512
endloop
endfacet
facet normal 0.4496617392295336 0.6084569101762395 -0.6538994637800636
outer loop
vertex 22.68045997619629 54.042396545410156 -5.934819221496582
vertex 22.484073638916016 53.27472686767578 -6.784187316894531
vertex 22.591840744018555 54.13275146484375 -5.911683559417725
endloop
endfacet
facet normal 0.3341337475083099 0.6853456659534309 -0.6470362871855805
outer loop
vertex 23.000680923461914 52.99968719482422 -6.808733940124512
vertex 23.05282974243164 53.76504898071289 -5.971127033233643
vertex 23.29436683654785 53.6376838684082 -5.981301784515381
endloop
endfacet
facet normal 0.44966936584807404 0.6084530896944157 -0.6538977741658937
outer loop
vertex 22.484073638916016 53.27472686767578 -6.784187316894531
vertex 22.68045997619629 54.042396545410156 -5.934819221496582
vertex 22.924421310424805 53.860687255859375 -5.936133861541748
endloop
endfacet
facet normal 0.6908917137494005 0.21279206891466132 -0.6909328297884205
outer loop
vertex 20.956989288330078 59.163753509521484 -5.305539608001709
vertex 20.698949813842773 55.98613357543945 -6.542200565338135
vertex 20.902862548828125 59.3303337097168 -5.3083600997924805
endloop
endfacet
facet normal 0.6908997573919047 0.21278869040987727 -0.6909258270389498
outer loop
vertex 21.616445541381836 56.41691589355469 -5.492068767547607
vertex 20.698949813842773 55.98613357543945 -6.542200565338135
vertex 20.956989288330078 59.163753509521484 -5.305539608001709
endloop
endfacet
facet normal 0.6908998387369975 0.2127889323330908 -0.6909256711902765
outer loop
vertex 20.698949813842773 55.98613357543945 -6.542200565338135
vertex 20.009517669677734 59.13800811767578 -6.260903358459473
vertex 20.902862548828125 59.3303337097168 -5.3083600997924805
endloop
endfacet
facet normal 0.6881443602329405 0.21991797015039855 -0.6914430026289409
outer loop
vertex 21.66165542602539 56.107749938964844 -5.545406818389893
vertex 20.698949813842773 55.98613357543945 -6.542200565338135
vertex 21.616445541381836 56.41691589355469 -5.492068767547607
endloop
endfacet
facet normal 0.6251177339570291 0.395510414114622 -0.6729036565655659
outer loop
vertex 21.734668731689453 55.60843276977539 -5.697761058807373
vertex 20.8579158782959 55.48073959350586 -6.587305545806885
vertex 21.7137508392334 55.751487731933594 -5.633110523223877
endloop
endfacet
facet normal 0.6749917474223652 0.27346991339073123 -0.6852739214224979
outer loop
vertex 20.698949813842773 55.98613357543945 -6.542200565338135
vertex 21.66165542602539 56.107749938964844 -5.545406818389893
vertex 20.8579158782959 55.48073959350586 -6.587305545806885
endloop
endfacet
facet normal 0.6293938099274935 0.3792343426884195 -0.6782659842205244
outer loop
vertex 21.78651237487793 55.447105407714844 -5.744424343109131
vertex 21.05803680419922 55.08552551269531 -6.622577667236328
vertex 20.8579158782959 55.48073959350586 -6.587305545806885
endloop
endfacet
facet normal 0.6251145038912206 0.395518870432179 -0.6729016868435437
outer loop
vertex 21.78651237487793 55.447105407714844 -5.744424343109131
vertex 20.8579158782959 55.48073959350586 -6.587305545806885
vertex 21.734668731689453 55.60843276977539 -5.697761058807373
endloop
endfacet
facet normal 0.6782904435509656 0.2676477160041108 -0.68431482104746
outer loop
vertex 21.7137508392334 55.751487731933594 -5.633110523223877
vertex 20.8579158782959 55.48073959350586 -6.587305545806885
vertex 21.66165542602539 56.107749938964844 -5.545406818389893
endloop
endfacet
facet normal 0.6552719178974041 0.327550304426005 -0.6806831213461144
outer loop
vertex 20.902862548828125 59.3303337097168 -5.3083600997924805
vertex 20.009517669677734 59.13800811767578 -6.260903358459473
vertex 20.884140014648438 59.38795471191406 -5.298655986785889
endloop
endfacet
facet normal 0.6552712564961404 0.3275446493257132 -0.6806864793045804
outer loop
vertex 19.803102493286133 61.9978141784668 -5.083479881286621
vertex 20.009517669677734 59.13800811767578 -6.260903358459473
vertex 19.727628707885742 62.145938873291016 -5.084858417510986
endloop
endfacet
facet normal 0.655274504633402 0.3275437705003435 -0.680683775319985
outer loop
vertex 20.009517669677734 59.13800811767578 -6.260903358459473
vertex 19.803102493286133 61.9978141784668 -5.083479881286621
vertex 20.884140014648438 59.38795471191406 -5.298655986785889
endloop
endfacet
facet normal 0.6552739926666826 0.32754399836567083 -0.6806841585267678
outer loop
vertex 20.009517669677734 59.13800811767578 -6.260903358459473
vertex 18.916568756103516 61.8223991394043 -6.021327972412109
vertex 19.727628707885742 62.145938873291016 -5.084858417510986
endloop
endfacet
facet normal 0.6057712140844893 0.426162547268287 -0.6718829656215498
outer loop
vertex 19.696077346801758 62.207862854003906 -5.074028968811035
vertex 18.916568756103516 61.8223991394043 -6.021327972412109
vertex 18.220077514648438 64.6164779663086 -4.8770551681518555
endloop
endfacet
facet normal 0.6057760247647882 0.42615457948096774 -0.6718836820518641
outer loop
vertex 19.727628707885742 62.145938873291016 -5.084858417510986
vertex 18.916568756103516 61.8223991394043 -6.021327972412109
vertex 19.696077346801758 62.207862854003906 -5.074028968811035
endloop
endfacet
facet normal 0.605765257896858 0.4261715667288479 -0.6718826147751051
outer loop
vertex 17.413625717163086 64.30858612060547 -5.799441337585449
vertex 18.130022048950195 64.74042510986328 -4.879629611968994
vertex 18.220077514648438 64.6164779663086 -4.8770551681518555
endloop
endfacet
facet normal 0.6057701176929889 0.4261626516742166 -0.6718838879064021
outer loop
vertex 18.916568756103516 61.8223991394043 -6.021327972412109
vertex 17.413625717163086 64.30858612060547 -5.799441337585449
vertex 18.220077514648438 64.6164779663086 -4.8770551681518555
endloop
endfacet
facet normal 0.5413355453835825 0.5159814343870459 -0.6638666934499318
outer loop
vertex 16.246891021728516 66.95526123046875 -4.693800449371338
vertex 15.540435791015625 66.52884674072266 -5.601288795471191
vertex 16.150856018066406 67.0512924194336 -4.6974711418151855
endloop
endfacet
facet normal 0.5413433840477957 0.5159700203310829 -0.6638691728550308
outer loop
vertex 18.081512451171875 64.80719757080078 -4.867292881011963
vertex 17.413625717163086 64.30858612060547 -5.799441337585449
vertex 16.246891021728516 66.95526123046875 -4.693800449371338
endloop
endfacet
facet normal 0.5413611171990136 0.5159493159502389 -0.6638708038131489
outer loop
vertex 17.413625717163086 64.30858612060547 -5.799441337585449
vertex 18.081512451171875 64.80719757080078 -4.867292881011963
vertex 18.130022048950195 64.74042510986328 -4.879629611968994
endloop
endfacet
facet normal 0.5413444150115979 0.5159700983011924 -0.663868271568094
outer loop
vertex 17.413625717163086 64.30858612060547 -5.799441337585449
vertex 15.540435791015625 66.52884674072266 -5.601288795471191
vertex 16.246891021728516 66.95526123046875 -4.693800449371338
endloop
endfacet
facet normal 0.4635260914573778 0.5947313129752445 -0.6568395754710494
outer loop
vertex 13.932134628295898 68.95657348632812 -4.538043975830078
vertex 13.34320068359375 68.42855072021484 -5.431744575500488
vertex 13.839581489562988 69.02381896972656 -4.542470932006836
endloop
endfacet
facet normal 0.463519582233717 0.5947372496766885 -0.6568387935657338
outer loop
vertex 15.540435791015625 66.52884674072266 -5.601288795471191
vertex 13.34320068359375 68.42855072021484 -5.431744575500488
vertex 13.932134628295898 68.95657348632812 -4.538043975830078
endloop
endfacet
facet normal 0.463519204676635 0.5947371541318321 -0.656839146512378
outer loop
vertex 15.540435791015625 66.52884674072266 -5.601288795471191
vertex 13.932134628295898 68.95657348632812 -4.538043975830078
vertex 16.080198287963867 67.12195587158203 -4.683355808258057
endloop
endfacet
facet normal 0.4635457790114811 0.5947149960995962 -0.6568404556472571
outer loop
vertex 16.150856018066406 67.0512924194336 -4.6974711418151855
vertex 15.540435791015625 66.52884674072266 -5.601288795471191
vertex 16.080198287963867 67.12195587158203 -4.683355808258057
endloop
endfacet
facet normal 0.37416728624278345 0.6604809446846234 -0.6509713999971262
outer loop
vertex 13.34320068359375 68.42855072021484 -5.431744575500488
vertex 11.33280086517334 70.57113647460938 -4.413403034210205
vertex 13.741415977478027 69.09513854980469 -4.52653169631958
endloop
endfacet
facet normal 0.37420147305199625 0.6604599425700504 -0.6509730576806401
outer loop
vertex 11.253077507019043 70.61176300048828 -4.4180121421813965
vertex 11.33280086517334 70.57113647460938 -4.413403034210205
vertex 10.876070022583008 69.96099853515625 -5.294977188110352
endloop
endfacet
facet normal 0.3741595112382196 0.6604854502382984 -0.6509712975035756
outer loop
vertex 13.34320068359375 68.42855072021484 -5.431744575500488
vertex 13.741415977478027 69.09513854980469 -4.52653169631958
vertex 13.839581489562988 69.02381896972656 -4.542470932006836
endloop
endfacet
facet normal 0.3741681031680708 0.660481311262141 -0.65097055850864
outer loop
vertex 13.34320068359375 68.42855072021484 -5.431744575500488
vertex 10.876070022583008 69.96099853515625 -5.294977188110352
vertex 11.33280086517334 70.57113647460938 -4.413403034210205
endloop
endfacet
facet normal 0.2754679412170643 0.711522520539643 -0.6464155908752088
outer loop
vertex 10.876070022583008 69.96099853515625 -5.294977188110352
vertex 8.512895584106445 71.75920104980469 -4.322719097137451
vertex 11.122754096984863 70.67816162109375 -4.400457859039307
endloop
endfacet
facet normal 0.2754683463563173 0.7115228332930158 -0.6464150739721307
outer loop
vertex 10.876070022583008 69.96099853515625 -5.294977188110352
vertex 8.199803352355957 71.08854675292969 -5.194345951080322
vertex 8.454193115234375 71.77827453613281 -4.326740264892578
endloop
endfacet
facet normal 0.27546620441663233 0.7115213405139748 -0.646417629878309
outer loop
vertex 10.876070022583008 69.96099853515625 -5.294977188110352
vertex 8.454193115234375 71.77827453613281 -4.326740264892578
vertex 8.512895584106445 71.75920104980469 -4.322719097137451
endloop
endfacet
facet normal 0.2754474201964512 0.7115300916903501 -0.6464160017560222
outer loop
vertex 11.253077507019043 70.61176300048828 -4.4180121421813965
vertex 10.876070022583008 69.96099853515625 -5.294977188110352
vertex 11.122754096984863 70.67816162109375 -4.400457859039307
endloop
endfacet
facet normal 0.16985921986741212 0.7465441527364649 -0.6432881729373144
outer loop
vertex 8.199803352355957 71.08854675292969 -5.194345951080322
vertex 5.541853904724121 72.49150848388672 -4.2680182456970215
vertex 8.288692474365234 71.83204650878906 -4.3080339431762695
endloop
endfacet
facet normal 0.1698465216550054 0.7465464666163089 -0.6432888404631314
outer loop
vertex 8.199803352355957 71.08854675292969 -5.194345951080322
vertex 8.288692474365234 71.83204650878906 -4.3080339431762695
vertex 8.454193115234375 71.77827453613281 -4.326740264892578
endloop
endfacet
facet normal 0.16985728584175502 0.746542269143746 -0.6432908695358414
outer loop
vertex 5.380266189575195 71.78350830078125 -5.132322311401367
vertex 5.541853904724121 72.49150848388672 -4.2680182456970215
vertex 8.199803352355957 71.08854675292969 -5.194345951080322
endloop
endfacet
facet normal 0.059973916875765435 0.7646263763281422 -0.6416772038321706
outer loop
vertex 2.486818313598633 72.0288314819336 -5.1104278564453125
vertex 2.492833137512207 72.7500228881836 -4.250489711761475
vertex 5.380266189575195 71.78350830078125 -5.132322311401367
endloop
endfacet
facet normal 0.07530594612923397 0.7644433314951505 -0.6402776018339048
outer loop
vertex 5.541853904724121 72.49150848388672 -4.2680182456970215
vertex 5.380266189575195 71.78350830078125 -5.132322311401367
vertex 5.30901575088501 72.52838134765625 -4.25137996673584
endloop
endfacet
facet normal 0.05997559642719454 0.7646287116898938 -0.6416742640099069
outer loop
vertex 5.380266189575195 71.78350830078125 -5.132322311401367
vertex 2.492833137512207 72.7500228881836 -4.250489711761475
vertex 5.30901575088501 72.52838134765625 -4.25137996673584
endloop
endfacet
facet normal -0.05257376171555754 0.7651032474881522 -0.6417577582407236
outer loop
vertex 2.486818313598633 72.0288314819336 -5.1104278564453125
vertex -0.5590901374816895 72.52838134765625 -4.265339374542236
vertex 2.2570924758911133 72.7500228881836 -4.231804370880127
endloop
endfacet
facet normal -0.05156964094731423 0.7671739707152635 -0.6393627067553603
outer loop
vertex -0.40938037633895874 71.8185043334961 -5.129199028015137
vertex -0.5590901374816895 72.52838134765625 -4.265339374542236
vertex 2.486818313598633 72.0288314819336 -5.1104278564453125
endloop
endfacet
facet normal -0.05085051314504399 0.7653960011366292 -0.6415474937656159
outer loop
vertex 2.492833137512207 72.7500228881836 -4.250489711761475
vertex 2.486818313598633 72.0288314819336 -5.1104278564453125
vertex 2.2570924758911133 72.7500228881836 -4.231804370880127
endloop
endfacet
facet normal -0.1615186762605632 0.7485445122008997 -0.6431118335662567
outer loop
vertex -3.23710298538208 71.15767669677734 -5.188176155090332
vertex -3.480642795562744 71.84600067138672 -4.325841903686523
vertex -0.40938037633895874 71.8185043334961 -5.129199028015137
endloop
endfacet
facet normal -0.16151891554322323 0.7485436985560384 -0.6431127205037913
outer loop
vertex -0.40938037633895874 71.8185043334961 -5.129199028015137
vertex -3.480642795562744 71.84600067138672 -4.325841903686523
vertex -0.7919284701347351 72.49150848388672 -4.249785900115967
endloop
endfacet
facet normal -0.16150162889815706 0.7485498466479986 -0.6431099058065421
outer loop
vertex -0.40938037633895874 71.8185043334961 -5.129199028015137
vertex -0.7919284701347351 72.49150848388672 -4.249785900115967
vertex -0.5590901374816895 72.52838134765625 -4.265339374542236
endloop
endfacet
facet normal -0.26755162071255345 0.7148003099939255 -0.6461243278864169
outer loop
vertex -3.23710298538208 71.15767669677734 -5.188176155090332
vertex -6.291589260101318 70.7118148803711 -4.416605472564697
vertex -3.762969970703125 71.75920104980469 -4.304961681365967
endloop
endfacet
facet normal -0.2675461069387384 0.7148034241303817 -0.6461231659005943
outer loop
vertex -3.23710298538208 71.15767669677734 -5.188176155090332
vertex -3.762969970703125 71.75920104980469 -4.304961681365967
vertex -3.5387673377990723 71.83204650878906 -4.317210674285889
endloop
endfacet
facet normal -0.267551234201294 0.7148013508406619 -0.6461233364565384
outer loop
vertex -3.480642795562744 71.84600067138672 -4.325841903686523
vertex -3.23710298538208 71.15767669677734 -5.188176155090332
vertex -3.5387673377990723 71.83204650878906 -4.317210674285889
endloop
endfacet
facet normal -0.26755151767428964 0.7148011626619939 -0.6461234272546121
outer loop
vertex -3.23710298538208 71.15767669677734 -5.188176155090332
vertex -5.926790237426758 70.06257629394531 -5.285911560058594
vertex -6.291589260101318 70.7118148803711 -4.416605472564697
endloop
endfacet
facet normal -0.3668777997654165 0.6649490838004309 -0.6505715917500967
outer loop
vertex -6.5828752517700195 70.57113647460938 -4.396125316619873
vertex -6.372828960418701 70.67816162109375 -4.405186653137207
vertex -5.926790237426758 70.06257629394531 -5.285911560058594
endloop
endfacet
facet normal -0.36689181985802394 0.664940364144868 -0.6505725975263312
outer loop
vertex -6.291589260101318 70.7118148803711 -4.416605472564697
vertex -5.926790237426758 70.06257629394531 -5.285911560058594
vertex -6.372828960418701 70.67816162109375 -4.405186653137207
endloop
endfacet
facet normal -0.3668751044007663 0.6649512762873836 -0.6505708708009501
outer loop
vertex -5.926790237426758 70.06257629394531 -5.285911560058594
vertex -8.412248611450195 68.56007385253906 -5.420006275177002
vertex -8.89484691619873 69.15435791015625 -4.540435314178467
endloop
endfacet
facet normal -0.3668751047502712 0.6649512843842568 -0.6505708623280058
outer loop
vertex -5.926790237426758 70.06257629394531 -5.285911560058594
vertex -8.89484691619873 69.15435791015625 -4.540435314178467
vertex -6.5828752517700195 70.57113647460938 -4.396125316619873
endloop
endfacet
facet normal -0.4570266662461172 0.6002840152815513 -0.6563426904730627
outer loop
vertex -11.228185653686523 67.20914459228516 -4.694749355316162
vertex -8.412248611450195 68.56007385253906 -5.420006275177002
vertex -10.637678146362305 66.68252563476562 -5.587573528289795
endloop
endfacet
facet normal -0.45702580901198603 0.6002834168885284 -0.6563438346671452
outer loop
vertex -8.412248611450195 68.56007385253906 -5.420006275177002
vertex -9.182209014892578 68.95657348632812 -4.521233558654785
vertex -8.991490364074707 69.09513854980469 -4.5273051261901855
endloop
endfacet
facet normal -0.45702640175800807 0.6002827378991172 -0.6563440429199214
outer loop
vertex -8.412248611450195 68.56007385253906 -5.420006275177002
vertex -11.228185653686523 67.20914459228516 -4.694749355316162
vertex -9.182209014892578 68.95657348632812 -4.521233558654785
endloop
endfacet
facet normal -0.4570107003976063 0.6002968409630954 -0.6563420773132081
outer loop
vertex -8.89484691619873 69.15435791015625 -4.540435314178467
vertex -8.412248611450195 68.56007385253906 -5.420006275177002
vertex -8.991490364074707 69.09513854980469 -4.5273051261901855
endloop
endfacet
facet normal -0.48392790997676066 0.5732356405883767 -0.6612221096611619
outer loop
vertex -13.336297035217285 64.80168151855469 -4.936862945556641
vertex -12.792763710021973 64.2606201171875 -5.803722381591797
vertex -13.408588409423828 64.7319107055664 -4.944441795349121
endloop
endfacet
facet normal -0.5291758581377111 0.5300139548956316 -0.6626146080340429
outer loop
vertex -10.637678146362305 66.68252563476562 -5.587573528289795
vertex -13.336297035217285 64.80168151855469 -4.936862945556641
vertex -11.496966361999512 66.95526123046875 -4.683174133300781
endloop
endfacet
facet normal -0.5291755979177821 0.530013339273926 -0.6626153082747637
outer loop
vertex -10.637678146362305 66.68252563476562 -5.587573528289795
vertex -12.792763710021973 64.2606201171875 -5.803722381591797
vertex -13.336297035217285 64.80168151855469 -4.936862945556641
endloop
endfacet
facet normal -0.5291771489104101 0.5300119055679188 -0.6626152164169741
outer loop
vertex -10.637678146362305 66.68252563476562 -5.587573528289795
vertex -11.496966361999512 66.95526123046875 -4.683174133300781
vertex -11.330272674560547 67.12195587158203 -4.6829633712768555
endloop
endfacet
facet normal -0.5291699378481343 0.5300206791949075 -0.6626139573715382
outer loop
vertex -11.228185653686523 67.20914459228516 -4.694749355316162
vertex -10.637678146362305 66.68252563476562 -5.587573528289795
vertex -11.330272674560547 67.12195587158203 -4.6829633712768555
endloop
endfacet
facet normal -0.33089242874146974 0.6820413407676572 -0.6521731442534475
outer loop
vertex -13.944989204406738 64.27035522460938 -5.007724761962891
vertex -13.549123764038086 63.64908218383789 -5.858300685882568
vertex -14.018153190612793 64.22095489501953 -5.022266387939453
endloop
endfacet
facet normal -0.3479996590165916 0.6712923305839794 -0.6544179430787831
outer loop
vertex -13.626069068908691 63.60539245605469 -5.862199783325195
vertex -14.018153190612793 64.22095489501953 -5.022266387939453
vertex -13.549123764038086 63.64908218383789 -5.858300685882568
endloop
endfacet
facet normal -0.5479179026881532 0.5105906729085059 -0.662633485912578
outer loop
vertex -13.408588409423828 64.7319107055664 -4.944441795349121
vertex -12.916055679321289 64.13018798828125 -5.815362930297852
vertex -13.502875328063965 64.64091491699219 -4.936594486236572
endloop
endfacet
facet normal -0.4496668685420372 0.608452718651983 -0.6538998367491836
outer loop
vertex -13.75141716003418 64.40104675292969 -4.988876819610596
vertex -13.502875328063965 64.64091491699219 -4.936594486236572
vertex -12.916055679321289 64.13018798828125 -5.815362930297852
endloop
endfacet
facet normal -0.4496469812346693 0.6084687730463945 -0.6538985735524773
outer loop
vertex -13.368865013122559 63.76005172729492 -5.8483967781066895
vertex -13.817197799682617 64.35663604736328 -4.984968662261963
vertex -13.75141716003418 64.40104675292969 -4.988876819610596
endloop
endfacet
facet normal -0.5121368069968208 0.543459423834696 -0.665107318832353
outer loop
vertex -12.792763710021973 64.2606201171875 -5.803722381591797
vertex -12.916055679321289 64.13018798828125 -5.815362930297852
vertex -13.408588409423828 64.7319107055664 -4.944441795349121
endloop
endfacet
facet normal -0.44966298822846723 0.6084579564568016 -0.6538976313169045
outer loop
vertex -12.916055679321289 64.13018798828125 -5.815362930297852
vertex -13.368865013122559 63.76005172729492 -5.8483967781066895
vertex -13.75141716003418 64.40104675292969 -4.988876819610596
endloop
endfacet
facet normal -0.3341377935463275 0.6853429910600485 -0.6470370310336635
outer loop
vertex -13.436251640319824 63.72417449951172 -5.851598739624023
vertex -13.879786491394043 64.31437683105469 -4.997408390045166
vertex -13.368865013122559 63.76005172729492 -5.8483967781066895
endloop
endfacet
facet normal -0.33413612419206407 0.6853440809334546 -0.6470367387091587
outer loop
vertex -13.879786491394043 64.31437683105469 -4.997408390045166
vertex -13.817197799682617 64.35663604736328 -4.984968662261963
vertex -13.368865013122559 63.76005172729492 -5.8483967781066895
endloop
endfacet
facet normal -0.014700661954538886 0.7699802766073648 -0.6378983180521363
outer loop
vertex -15.043582916259766 63.22087860107422 -5.896516799926758
vertex -23.783594131469727 63.750064849853516 -5.05634069442749
vertex -15.46265983581543 63.754024505615234 -5.243320941925049
endloop
endfacet
facet normal -0.015238590815269985 0.7669173218759772 -0.6415649669024514
outer loop
vertex -15.043582916259766 63.22087860107422 -5.896516799926758
vertex -23.448726654052734 63.0403938293457 -5.912624835968018
vertex -23.783594131469727 63.750064849853516 -5.05634069442749
endloop
endfacet
facet normal -0.022408349624195897 0.7674196614584543 -0.6407534073839257
outer loop
vertex -15.057085037231445 63.80667495727539 -5.194446086883545
vertex -15.043582916259766 63.22087860107422 -5.896516799926758
vertex -15.46265983581543 63.754024505615234 -5.243320941925049
endloop
endfacet
facet normal -0.06947851714432715 0.7653099257653705 -0.6399011276599132
outer loop
vertex -14.522969245910645 63.27195358276367 -5.891958713531494
vertex -15.043582916259766 63.22087860107422 -5.896516799926758
vertex -15.002218246459961 63.81380081176758 -5.1918840408325195
endloop
endfacet
facet normal -0.20575778771858427 0.7383111655391938 -0.642308614011451
outer loop
vertex -13.962417602539062 63.441322326660156 -5.876842975616455
vertex -14.522969245910645 63.27195358276367 -5.891958713531494
vertex -14.556513786315918 63.94390869140625 -5.108824253082275
endloop
endfacet
facet normal -0.31033546708984716 0.6941629275307196 -0.6494842014307255
outer loop
vertex -13.626069068908691 63.60539245605469 -5.862199783325195
vertex -13.962417602539062 63.441322326660156 -5.876842975616455
vertex -14.136224746704102 64.1412353515625 -5.04573392868042
endloop
endfacet
facet normal -0.3927462583203462 0.6485353512544153 -0.6520370194618401
outer loop
vertex -13.549123764038086 63.64908218383789 -5.858300685882568
vertex -13.879786491394043 64.31437683105469 -4.997408390045166
vertex -13.436251640319824 63.72417449951172 -5.851598739624023
endloop
endfacet
facet normal -0.06951440007025107 0.7653090469166416 -0.6398982816748414
outer loop
vertex -15.002218246459961 63.81380081176758 -5.1918840408325195
vertex -15.043582916259766 63.22087860107422 -5.896516799926758
vertex -15.057085037231445 63.80667495727539 -5.194446086883545
endloop
endfacet
facet normal -0.06947107344736045 0.7653129227085099 -0.6398983515289205
outer loop
vertex -15.002218246459961 63.81380081176758 -5.1918840408325195
vertex -14.663719177246094 63.91261291503906 -5.11045503616333
vertex -14.522969245910645 63.27195358276367 -5.891958713531494
endloop
endfacet
facet normal -0.2057596605364448 0.7383108267278897 -0.6423084035199191
outer loop
vertex -14.556513786315918 63.94390869140625 -5.108824253082275
vertex -14.522969245910645 63.27195358276367 -5.891958713531494
vertex -14.663719177246094 63.91261291503906 -5.11045503616333
endloop
endfacet
facet normal -0.2057524733706516 0.7383143882158234 -0.6423066120283627
outer loop
vertex -13.962417602539062 63.441322326660156 -5.876842975616455
vertex -14.556513786315918 63.94390869140625 -5.108824253082275
vertex -14.258237838745117 64.08394622802734 -5.043402671813965
endloop
endfacet
facet normal -0.33415169379492005 0.685339147656236 -0.6470339235494609
outer loop
vertex -14.136224746704102 64.1412353515625 -5.04573392868042
vertex -13.962417602539062 63.441322326660156 -5.876842975616455
vertex -14.258237838745117 64.08394622802734 -5.043402671813965
endloop
endfacet
facet normal -0.33011346364845073 0.6812655337317077 -0.6533776654181519
outer loop
vertex -14.018153190612793 64.22095489501953 -5.022266387939453
vertex -13.626069068908691 63.60539245605469 -5.862199783325195
vertex -14.136224746704102 64.1412353515625 -5.04573392868042
endloop
endfacet
facet normal -0.3499385809947191 0.6714044106693436 -0.65326802069683
outer loop
vertex -13.879786491394043 64.31437683105469 -4.997408390045166
vertex -13.549123764038086 63.64908218383789 -5.858300685882568
vertex -13.944989204406738 64.27035522460938 -5.007724761962891
endloop
endfacet
facet normal -0.5009991926997884 0.5598841061846824 -0.6599466619022628
outer loop
vertex -23.448726654052734 63.0403938293457 -5.912624835968018
vertex -23.867677688598633 63.750022888183594 -4.992544174194336
vertex -23.783594131469727 63.750064849853516 -5.05634069442749
endloop
endfacet
facet normal -0.500990693675634 0.5598885178291072 -0.6599493711289774
outer loop
vertex -24.638750076293945 61.85036849975586 -6.018831253051758
vertex -25.490520477294922 62.12718200683594 -5.137379169464111
vertex -23.448726654052734 63.0403938293457 -5.912624835968018
endloop
endfacet
facet normal -0.5009908712597805 0.5598903459706512 -0.6599476853533397
outer loop
vertex -23.448726654052734 63.0403938293457 -5.912624835968018
vertex -25.490520477294922 62.12718200683594 -5.137379169464111
vertex -23.867677688598633 63.750022888183594 -4.992544174194336
endloop
endfacet
facet normal -0.7070990507861837 0.06602808388925237 -0.7040250169668631
outer loop
vertex -25.625038146972656 57.44013977050781 -5.441856861114502
vertex -24.638750076293945 61.85036849975586 -6.018831253051758
vertex -24.65831184387207 57.52174377441406 -6.405150890350342
endloop
endfacet
facet normal -0.7070994071556973 0.0660282119843163 -0.704024647027514
outer loop
vertex -24.638750076293945 61.85036849975586 -6.018831253051758
vertex -25.625038146972656 57.44013977050781 -5.441856861114502
vertex -25.625038146972656 61.9926643371582 -5.014890193939209
endloop
endfacet
facet normal -0.7070992948220362 0.0660291595820559 -0.7040246709789838
outer loop
vertex -25.490520477294922 62.12718200683594 -5.137379169464111
vertex -24.638750076293945 61.85036849975586 -6.018831253051758
vertex -25.625038146972656 61.9926643371582 -5.014890193939209
endloop
endfacet
facet normal -0.6417957474219511 0.35849601428443184 -0.6779224338619245
outer loop
vertex -25.253286361694336 55.598758697509766 -6.576773166656494
vertex -25.904035568237305 55.93663787841797 -5.782026767730713
vertex -24.934274673461914 56.285823822021484 -6.515453815460205
endloop
endfacet
facet normal -0.6417977872896147 0.35849104608079063 -0.6779231299417767
outer loop
vertex -25.702152252197266 56.564334869384766 -5.641216278076172
vertex -24.934274673461914 56.285823822021484 -6.515453815460205
vertex -25.741676330566406 56.37163162231445 -5.7057013511657715
endloop
endfacet
facet normal -0.6165214188272611 0.4032290163334224 -0.676245296112292
outer loop
vertex -25.904035568237305 55.93663787841797 -5.782026767730713
vertex -25.253286361694336 55.598758697509766 -6.576773166656494
vertex -25.951305389404297 55.85255432128906 -5.789068698883057
endloop
endfacet
facet normal -0.6417957154499577 0.3584973904086979 -0.6779217364122724
outer loop
vertex -24.934274673461914 56.285823822021484 -6.515453815460205
vertex -25.904035568237305 55.93663787841797 -5.782026767730713
vertex -25.741676330566406 56.37163162231445 -5.7057013511657715
endloop
endfacet
facet normal -0.6782894513015005 0.2676499814677579 -0.6843149184939769
outer loop
vertex -25.648386001586914 56.82646942138672 -5.581374645233154
vertex -25.634212493896484 57.053226470947266 -5.5067338943481445
vertex -24.7156982421875 56.95449447631836 -6.455776691436768
endloop
endfacet
facet normal -0.6782906710179036 0.2676397239604578 -0.6843177213608106
outer loop
vertex -24.7156982421875 56.95449447631836 -6.455776691436768
vertex -25.684795379638672 56.648948669433594 -5.614715099334717
vertex -25.648386001586914 56.82646942138672 -5.581374645233154
endloop
endfacet
facet normal -0.6477322881154824 0.3455352351007907 -0.6790053639232335
outer loop
vertex -25.684795379638672 56.648948669433594 -5.614715099334717
vertex -24.885740280151367 56.39616394042969 -6.505606174468994
vertex -25.702152252197266 56.564334869384766 -5.641216278076172
endloop
endfacet
facet normal -0.7053984980294901 0.13190345846810095 -0.6964297786725475
outer loop
vertex -25.625038146972656 57.20002365112305 -5.488223075866699
vertex -24.7156982421875 56.95449447631836 -6.455776691436768
vertex -25.634212493896484 57.053226470947266 -5.5067338943481445
endloop
endfacet
facet normal -0.7051115602507059 0.13444234358966323 -0.6962348338390819
outer loop
vertex -25.625038146972656 57.20002365112305 -5.488223075866699
vertex -25.625038146972656 57.44013977050781 -5.441856861114502
vertex -24.65831184387207 57.52174377441406 -6.405150890350342
endloop
endfacet
facet normal -0.7050382624949568 0.1334864925550918 -0.6964929322853403
outer loop
vertex -24.65831184387207 57.52174377441406 -6.405150890350342
vertex -24.7156982421875 56.95449447631836 -6.455776691436768
vertex -25.625038146972656 57.20002365112305 -5.488223075866699
endloop
endfacet
facet normal -0.6477394332660984 0.34551595134656476 -0.6790083607417454
outer loop
vertex -24.885740280151367 56.39616394042969 -6.505606174468994
vertex -24.934274673461914 56.285823822021484 -6.515453815460205
vertex -25.702152252197266 56.564334869384766 -5.641216278076172
endloop
endfacet
facet normal -0.6782905433907315 0.2676495547377721 -0.6843140029221809
outer loop
vertex -24.7156982421875 56.95449447631836 -6.455776691436768
vertex -24.885740280151367 56.39616394042969 -6.505606174468994
vertex -25.684795379638672 56.648948669433594 -5.614715099334717
endloop
endfacet
facet normal -0.3692950853527387 0.6681486822745889 -0.6459090325340278
outer loop
vertex -26.829893112182617 54.80314254760742 -5.960024356842041
vertex -27.061870574951172 53.935176849365234 -6.72524356842041
vertex -27.143747329711914 54.59123611450195 -5.999782562255859
endloop
endfacet
facet normal -0.3475843236688776 0.6706355424224485 -0.655311458147496
outer loop
vertex -26.485563278198242 54.26240921020508 -6.696038722991943
vertex -27.061870574951172 53.935176849365234 -6.72524356842041
vertex -26.829893112182617 54.80314254760742 -5.960024356842041
endloop
endfacet
facet normal -0.32584693292573325 0.6826266564437825 -0.6540983291641056
outer loop
vertex -27.061870574951172 53.935176849365234 -6.72524356842041
vertex -27.402320861816406 54.46983337402344 -5.997668743133545
vertex -27.143747329711914 54.59123611450195 -5.999782562255859
endloop
endfacet
facet normal -0.6160348512518945 0.40704565560734124 -0.6743996562085763
outer loop
vertex -25.480884552001953 55.19453430175781 -6.61284875869751
vertex -26.13157081604004 55.53190612792969 -5.81484842300415
vertex -25.253286361694336 55.598758697509766 -6.576773166656494
endloop
endfacet
facet normal -0.5479204517449925 0.510589025277705 -0.6626326477208369
outer loop
vertex -25.852495193481445 54.74351501464844 -6.653100967407227
vertex -26.386457443237305 55.20823669433594 -5.85348653793335
vertex -25.480884552001953 55.19453430175781 -6.61284875869751
endloop
endfacet
facet normal -0.44966448149033567 0.6084556160841279 -0.6538987821839951
outer loop
vertex -26.30530548095703 54.373374938964844 -6.686135292053223
vertex -26.703203201293945 54.90284729003906 -5.919837951660156
vertex -25.852495193481445 54.74351501464844 -6.653100967407227
endloop
endfacet
facet normal -0.32954041981507176 0.6806953081774361 -0.6542606584025448
outer loop
vertex -26.758939743041992 54.85104751586914 -5.945921897888184
vertex -26.485563278198242 54.26240921020508 -6.696038722991943
vertex -26.829893112182617 54.80314254760742 -5.960024356842041
endloop
endfacet
facet normal -0.6174088070609786 0.401488922631609 -0.6764709971370901
outer loop
vertex -25.951305389404297 55.85255432128906 -5.789068698883057
vertex -25.253286361694336 55.598758697509766 -6.576773166656494
vertex -26.13157081604004 55.53190612792969 -5.81484842300415
endloop
endfacet
facet normal -0.3705848499145625 0.6602922564561255 -0.6532082402097199
outer loop
vertex -26.30530548095703 54.373374938964844 -6.686135292053223
vertex -26.485563278198242 54.26240921020508 -6.696038722991943
vertex -26.758939743041992 54.85104751586914 -5.945921897888184
endloop
endfacet
facet normal -0.5479218597608493 0.5105854196048554 -0.662634261778808
outer loop
vertex -25.480884552001953 55.19453430175781 -6.61284875869751
vertex -26.386457443237305 55.20823669433594 -5.85348653793335
vertex -26.13157081604004 55.53190612792969 -5.81484842300415
endloop
endfacet
facet normal -0.449639070121931 0.6084788368154964 -0.6538946488292634
outer loop
vertex -26.386457443237305 55.20823669433594 -5.85348653793335
vertex -25.852495193481445 54.74351501464844 -6.653100967407227
vertex -26.418832778930664 55.16712951660156 -5.869476318359375
endloop
endfacet
facet normal -0.4496662343401925 0.6084527941670422 -0.653900202603295
outer loop
vertex -26.703203201293945 54.90284729003906 -5.919837951660156
vertex -26.418832778930664 55.16712951660156 -5.869476318359375
vertex -25.852495193481445 54.74351501464844 -6.653100967407227
endloop
endfacet
facet normal -0.3341338001264611 0.6853452981895974 -0.6470366495512151
outer loop
vertex -26.703203201293945 54.90284729003906 -5.919837951660156
vertex -26.30530548095703 54.373374938964844 -6.686135292053223
vertex -26.758939743041992 54.85104751586914 -5.945921897888184
endloop
endfacet
facet normal -0.0014890986962858923 0.7671422306072372 -0.6414753156622827
outer loop
vertex -41.291412353515625 53.64719009399414 -6.607766151428223
vertex -66.91608428955078 54.18313217163086 -5.907347202301025
vertex -66.49012756347656 54.20002365112305 -5.8881354331970215
endloop
endfacet
facet normal -0.001526998660189817 0.7671666750458428 -0.641445992250476
outer loop
vertex -28.535436630249023 53.545166015625 -6.760051250457764
vertex -39.62847137451172 53.64719009399414 -6.611623287200928
vertex -39.53606033325195 53.8200798034668 -6.4050679206848145
endloop
endfacet
facet normal -0.0014880342816519093 0.767168536339053 -0.6414438577189526
outer loop
vertex -41.185420989990234 53.518043518066406 -6.762471675872803
vertex -66.82113647460938 53.46430969238281 -6.767267227172852
vertex -41.291412353515625 53.64719009399414 -6.607766151428223
endloop
endfacet
facet normal -0.0014881721065601917 0.767158750595302 -0.6414555609929937
outer loop
vertex -41.291412353515625 53.64719009399414 -6.607766151428223
vertex -66.49012756347656 54.20002365112305 -5.8881354331970215
vertex -41.383819580078125 53.8200798034668 -6.400781631469727
endloop
endfacet
facet normal -0.0015177393837294733 0.767230150377525 -0.641370090368146
outer loop
vertex -28.535436630249023 53.545166015625 -6.760051250457764
vertex -39.4599494934082 54.20286560058594 -5.94743537902832
vertex -28.53696632385254 54.20401382446289 -5.971909999847412
endloop
endfacet
facet normal -0.0015271443377801374 0.7671670935266713 -0.641445491402045
outer loop
vertex -28.535436630249023 53.545166015625 -6.760051250457764
vertex -39.479156494140625 54.00767135620117 -6.180841445922852
vertex -39.4599494934082 54.20286560058594 -5.94743537902832
endloop
endfacet
facet normal -0.0014879601542553446 0.7671634715400237 -0.6414499153552353
outer loop
vertex -66.82113647460938 53.46430969238281 -6.767267227172852
vertex -66.91608428955078 54.18313217163086 -5.907347202301025
vertex -41.291412353515625 53.64719009399414 -6.607766151428223
endloop
endfacet
facet normal -0.0028626652371986994 0.7113082398486097 -0.702874379296338
outer loop
vertex -28.535436630249023 53.545166015625 -6.760051250457764
vertex -39.75283432006836 53.49565505981445 -6.764470100402832
vertex -39.62847137451172 53.64719009399414 -6.611623287200928
endloop
endfacet
facet normal -0.0014878866173042632 0.7671659686232032 -0.6414469290438893
outer loop
vertex -41.383819580078125 53.8200798034668 -6.400781631469727
vertex -66.49012756347656 54.20002365112305 -5.8881354331970215
vertex -41.44072723388672 54.00767135620117 -6.176291465759277
endloop
endfacet
facet normal -0.001487917912183198 0.7671645087309654 -0.6414486749880015
outer loop
vertex -41.44072723388672 54.00767135620117 -6.176291465759277
vertex -66.49012756347656 54.20002365112305 -5.8881354331970215
vertex -41.459930419921875 54.20265579223633 -5.943048000335693
endloop
endfacet
facet normal -0.001526711051831839 0.767171198599398 -0.6414405827455316
outer loop
vertex -28.535436630249023 53.545166015625 -6.760051250457764
vertex -39.53606033325195 53.8200798034668 -6.4050679206848145
vertex -39.479156494140625 54.00767135620117 -6.180841445922852
endloop
endfacet
facet normal -0.3341259906129468 0.6853487102437015 -0.6470370683076911
outer loop
vertex -27.398218154907227 53.7711067199707 -6.739886283874512
vertex -27.67059326171875 54.3628044128418 -5.972500801086426
vertex -27.564037322998047 54.3939094543457 -5.994578838348389
endloop
endfacet
facet normal -0.20575566231325554 0.7383105511774402 -0.642310001047857
outer loop
vertex -28.009740829467773 54.26380157470703 -5.977659225463867
vertex -27.67059326171875 54.3628044128418 -5.972500801086426
vertex -27.398218154907227 53.7711067199707 -6.739886283874512
endloop
endfacet
facet normal -0.2057810719804179 0.7383048391934857 -0.6423084265662963
outer loop
vertex -28.009740829467773 54.26380157470703 -5.977659225463867
vertex -27.958768844604492 53.60173797607422 -6.755002021789551
vertex -28.101600646972656 54.25187301635742 -5.961940765380859
endloop
endfacet
facet normal -0.06947952097733828 0.7653120107881973 -0.6398985250085251
outer loop
vertex -28.470182418823242 54.20402145385742 -5.979152202606201
vertex -28.535436630249023 53.545166015625 -6.760051250457764
vertex -28.53696632385254 54.20401382446289 -5.971909999847412
endloop
endfacet
facet normal -0.30896169352017067 0.6916407955103037 -0.6528213246540147
outer loop
vertex -27.061870574951172 53.935176849365234 -6.72524356842041
vertex -27.398218154907227 53.7711067199707 -6.739886283874512
vertex -27.402320861816406 54.46983337402344 -5.997668743133545
endloop
endfacet
facet normal -0.2057575399416896 0.7383093774326029 -0.6423107487441154
outer loop
vertex -27.398218154907227 53.7711067199707 -6.739886283874512
vertex -27.958768844604492 53.60173797607422 -6.755002021789551
vertex -28.009740829467773 54.26380157470703 -5.977659225463867
endloop
endfacet
facet normal -0.06947536993949036 0.7653120616921312 -0.6398989148297649
outer loop
vertex -27.958768844604492 53.60173797607422 -6.755002021789551
vertex -28.535436630249023 53.545166015625 -6.760051250457764
vertex -28.470182418823242 54.20402145385742 -5.979152202606201
endloop
endfacet
facet normal -0.06947649614603908 0.765311623299038 -0.6398993168668498
outer loop
vertex -28.470182418823242 54.20402145385742 -5.979152202606201
vertex -28.101600646972656 54.25187301635742 -5.961940765380859
vertex -27.958768844604492 53.60173797607422 -6.755002021789551
endloop
endfacet
facet normal -0.33412583704818954 0.6853487701249842 -0.6470370841806661
outer loop
vertex -27.402320861816406 54.46983337402344 -5.997668743133545
vertex -27.398218154907227 53.7711067199707 -6.739886283874512
vertex -27.564037322998047 54.3939094543457 -5.994578838348389
endloop
endfacet
facet normal -0.16559717256888837 0.7475795302787093 -0.6431970322890601
outer loop
vertex -66.82113647460938 53.46430969238281 -6.767267227172852
vertex -68.6150894165039 53.78661346435547 -5.930787563323975
vertex -67.86915588378906 54.03276443481445 -5.836737155914307
endloop
endfacet
facet normal -0.16559861922223856 0.7475772848464013 -0.6431992696617205
outer loop
vertex -66.82113647460938 53.46430969238281 -6.767267227172852
vertex -68.30154418945312 53.10910415649414 -6.798968315124512
vertex -68.6150894165039 53.78661346435547 -5.930787563323975
endloop
endfacet
facet normal -0.16559917645843286 0.7475779665187048 -0.6431983339002421
outer loop
vertex -66.82113647460938 53.46430969238281 -6.767267227172852
vertex -67.86915588378906 54.03276443481445 -5.836737155914307
vertex -66.91608428955078 54.18313217163086 -5.907347202301025
endloop
endfacet
facet normal -0.3718029196109673 0.6619414372956983 -0.6508426250328614
outer loop
vertex -68.6866455078125 53.76300048828125 -5.913926601409912
vertex -68.30154418945312 53.10910415649414 -6.798968315124512
vertex -69.52192687988281 53.332611083984375 -5.8744893074035645
endloop
endfacet
facet normal -0.3718006299155685 0.6619443976831296 -0.6508409221693924
outer loop
vertex -69.52192687988281 53.332611083984375 -5.8744893074035645
vertex -69.56131744384766 52.33345031738281 -6.868193626403809
vertex -70.113525390625 52.89673614501953 -5.979842662811279
endloop
endfacet
facet normal -0.3717967514997631 0.6619449725307373 -0.6508425530921477
outer loop
vertex -68.6150894165039 53.78661346435547 -5.930787563323975
vertex -68.30154418945312 53.10910415649414 -6.798968315124512
vertex -68.6866455078125 53.76300048828125 -5.913926601409912
endloop
endfacet
facet normal -0.37180101697457885 0.6619442959457127 -0.6508408045302658
outer loop
vertex -68.30154418945312 53.10910415649414 -6.798968315124512
vertex -69.56131744384766 52.33345031738281 -6.868193626403809
vertex -69.52192687988281 53.332611083984375 -5.8744893074035645
endloop
endfacet
facet normal -0.5404999990522836 0.5169709121446899 -0.6637776939765063
outer loop
vertex -70.21497344970703 52.82198715209961 -5.955447673797607
vertex -69.56131744384766 52.33345031738281 -6.868193626403809
vertex -70.87499237060547 52.153175354003906 -5.938899993896484
endloop
endfacet
facet normal -0.5405173354035168 0.5169507210959365 -0.6637793022433537
outer loop
vertex -69.56131744384766 52.33345031738281 -6.868193626403809
vertex -70.21497344970703 52.82198715209961 -5.955447673797607
vertex -70.113525390625 52.89673614501953 -5.979842662811279
endloop
endfacet
facet normal -0.5405012790492534 0.5169660360456465 -0.663780449336505
outer loop
vertex -69.56131744384766 52.33345031738281 -6.868193626403809
vertex -70.5181655883789 51.20356369018555 -6.969033241271973
vertex -70.87499237060547 52.153175354003906 -5.938899993896484
endloop
endfacet
facet normal -0.5405004424668682 0.5169666069975707 -0.6637806858763962
outer loop
vertex -70.87499237060547 52.153175354003906 -5.938899993896484
vertex -70.5181655883789 51.20356369018555 -6.969033241271973
vertex -71.28108978271484 51.583824157714844 -6.051647663116455
endloop
endfacet
facet normal -0.6553336139344699 0.3273916462241771 -0.6807000546718142
outer loop
vertex -70.5181655883789 51.20356369018555 -6.969033241271973
vertex -71.99729919433594 49.9623908996582 -6.1419782638549805
vertex -71.79415893554688 50.611427307128906 -6.025385856628418
endloop
endfacet
facet normal -0.6553339151121793 0.3273964043317191 -0.6806974762215624
outer loop
vertex -71.79415893554688 50.611427307128906 -6.025385856628418
vertex -71.37487030029297 51.452335357666016 -6.024598121643066
vertex -70.5181655883789 51.20356369018555 -6.969033241271973
endloop
endfacet
facet normal -0.6553434043073805 0.32737256726832814 -0.6806998050763325
outer loop
vertex -70.5181655883789 51.20356369018555 -6.969033241271973
vertex -71.37487030029297 51.452335357666016 -6.024598121643066
vertex -71.28108978271484 51.583824157714844 -6.051647663116455
endloop
endfacet
facet normal -0.6553347183326433 0.327394625774488 -0.6806975583633732
outer loop
vertex -70.5181655883789 51.20356369018555 -6.969033241271973
vertex -71.06343078613281 49.86345672607422 -7.088634967803955
vertex -71.99729919433594 49.9623908996582 -6.1419782638549805
endloop
endfacet
facet normal -0.7071068778979628 0.06380547581388232 -0.704222070433439
outer loop
vertex -71.06343078613281 49.86345672607422 -7.088634967803955
vertex -72.18826293945312 48.86027526855469 -6.0500874519348145
vertex -72.0512924194336 49.789878845214844 -6.103393077850342
endloop
endfacet
facet normal -0.7071075824571441 0.06380715577775842 -0.704221210773409
outer loop
vertex -71.06343078613281 49.86345672607422 -7.088634967803955
vertex -72.20003509521484 -46.49007034301758 -14.67764663696289
vertex -72.18826293945312 48.86027526855469 -6.0500874519348145
endloop
endfacet
facet normal -0.7071069633902581 0.06380719713880899 -0.7042218286295147
outer loop
vertex -71.06343078613281 49.86345672607422 -7.088634967803955
vertex -71.19393920898438 -46.558937072753906 -15.694104194641113
vertex -72.20003509521484 -46.49007034301758 -14.67764663696289
endloop
endfacet
facet normal -0.7071062112616724 0.06381666684551333 -0.7042217257568044
outer loop
vertex -71.19393920898438 -46.558937072753906 -15.694104194641113
vertex -72.18222045898438 -46.7620964050293 -14.720185279846191
vertex -72.20003509521484 -46.49007034301758 -14.67764663696289
endloop
endfacet
facet normal -0.7071069140006246 0.06380092524917251 -0.7042224464683462
outer loop
vertex -71.99729919433594 49.9623908996582 -6.1419782638549805
vertex -71.06343078613281 49.86345672607422 -7.088634967803955
vertex -72.0512924194336 49.789878845214844 -6.103393077850342
endloop
endfacet
facet normal -0.6877676889645594 -0.10086608697772786 -0.7188891698406301
outer loop
vertex -72.03277587890625 -47.86909484863281 -14.70784854888916
vertex -71.76301574707031 -48.509239196777344 -14.876112937927246
vertex -71.81446838378906 -48.53064727783203 -14.823884010314941
endloop
endfacet
facet normal -0.6877438037687496 -0.10084939995743628 -0.7189143613156693
outer loop
vertex -71.76301574707031 -48.509239196777344 -14.876112937927246
vertex -72.03277587890625 -47.86909484863281 -14.70784854888916
vertex -71.19393920898438 -46.558937072753906 -15.694104194641113
endloop
endfacet
facet normal -0.6877389183235515 -0.10085196534496492 -0.7189186750316126
outer loop
vertex -71.19393920898438 -46.558937072753906 -15.694104194641113
vertex -72.18222045898438 -46.9394416809082 -14.695306777954102
vertex -72.18222045898438 -46.7620964050293 -14.720185279846191
endloop
endfacet
facet normal -0.6877375416598247 -0.10085710516090977 -0.7189192709409465
outer loop
vertex -71.19393920898438 -46.558937072753906 -15.694104194641113
vertex -72.03277587890625 -47.86909484863281 -14.70784854888916
vertex -72.18222045898438 -46.9394416809082 -14.695306777954102
endloop
endfacet
facet normal -0.6877381271450986 -0.10085311536038771 -0.7189192705673263
outer loop
vertex -70.83849334716797 -48.040340423583984 -15.826315879821777
vertex -71.76301574707031 -48.509239196777344 -14.876112937927246
vertex -71.19393920898438 -46.558937072753906 -15.694104194641113
endloop
endfacet
facet normal -0.6027944570925454 -0.3053432534449768 -0.7371596435468644
outer loop
vertex -70.82200622558594 -50.03757095336914 -15.012513160705566
vertex -70.90291595458984 -50.10509490966797 -14.918381690979004
vertex -70.83849334716797 -48.040340423583984 -15.826315879821777
endloop
endfacet
facet normal -0.6027802805245734 -0.3053478593312542 -0.7371693280465058
outer loop
vertex -71.76301574707031 -48.686580657958984 -14.802654266357422
vertex -70.83849334716797 -48.040340423583984 -15.826315879821777
vertex -71.33262634277344 -49.52186584472656 -14.808592796325684
endloop
endfacet
facet normal -0.6027779960072428 -0.3053516194667638 -0.7371696385626018
outer loop
vertex -70.83849334716797 -48.040340423583984 -15.826315879821777
vertex -71.76301574707031 -48.686580657958984 -14.802654266357422
vertex -71.76301574707031 -48.509239196777344 -14.876112937927246
endloop
endfacet
facet normal -0.6027800611755078 -0.3053480122027489 -0.7371694440853346
outer loop
vertex -71.33262634277344 -49.52186584472656 -14.808592796325684
vertex -70.83849334716797 -48.040340423583984 -15.826315879821777
vertex -70.90291595458984 -50.10509490966797 -14.918381690979004
endloop
endfacet
facet normal -0.6143392450034263 -0.3019583327520497 -0.7289776795830053
outer loop
vertex -71.76301574707031 -48.509239196777344 -14.876112937927246
vertex -71.76301574707031 -48.686580657958984 -14.802654266357422
vertex -71.81446838378906 -48.53064727783203 -14.823884010314941
endloop
endfacet
facet normal -0.6027818888445946 -0.3053467475704966 -0.7371684734367459
outer loop
vertex -70.83849334716797 -48.040340423583984 -15.826315879821777
vertex -70.0619888305664 -49.30149841308594 -15.938871383666992
vertex -70.82200622558594 -50.03757095336914 -15.012513160705566
endloop
endfacet
facet normal -0.45802410757363504 -0.4737245791356002 -0.7521960781632497
outer loop
vertex -70.0619888305664 -49.30149841308594 -15.938871383666992
vertex -70.15319061279297 -50.87492752075195 -14.892409324645996
vertex -70.82200622558594 -50.21491622924805 -14.900824546813965
endloop
endfacet
facet normal -0.45803120477523096 -0.47371827471848416 -0.7521957269553539
outer loop
vertex -70.82200622558594 -50.03757095336914 -15.012513160705566
vertex -70.0619888305664 -49.30149841308594 -15.938871383666992
vertex -70.82200622558594 -50.21491622924805 -14.900824546813965
endloop
endfacet
facet normal -0.4580251966358204 -0.4737247389395358 -0.7521953143721295
outer loop
vertex -70.0619888305664 -49.30149841308594 -15.938871383666992
vertex -68.93255615234375 -50.25796127319336 -16.024232864379883
vertex -69.45234680175781 -51.19746780395508 -15.116031646728516
endloop
endfacet
facet normal -0.4580233389794519 -0.4737248299108428 -0.7521963882365144
outer loop
vertex -70.15319061279297 -50.87492752075195 -14.892409324645996
vertex -70.0619888305664 -49.30149841308594 -15.938871383666992
vertex -69.53137969970703 -51.31843948364258 -14.991720199584961
endloop
endfacet
facet normal -0.4580261255830761 -0.47372478072720436 -0.7521947224012666
outer loop
vertex -69.45234680175781 -51.19746780395508 -15.116031646728516
vertex -69.53137969970703 -51.31843948364258 -14.991720199584961
vertex -70.0619888305664 -49.30149841308594 -15.938871383666992
endloop
endfacet
facet normal -0.47495209069400884 -0.46896238753269825 -0.7446440697575061
outer loop
vertex -70.82200622558594 -50.03757095336914 -15.012513160705566
vertex -70.82200622558594 -50.21491622924805 -14.900824546813965
vertex -70.90291595458984 -50.10509490966797 -14.918381690979004
endloop
endfacet
facet normal -0.2950624670233317 -0.5841880467516924 -0.7560836372958667
outer loop
vertex -69.53137969970703 -51.31843948364258 -14.991720199584961
vertex -69.45234680175781 -51.19746780395508 -15.116031646728516
vertex -69.45234680175781 -51.374813079833984 -14.979005813598633
endloop
endfacet
facet normal -0.2674091157480778 -0.5891435932554586 -0.7624973385795374
outer loop
vertex -69.45234680175781 -51.19746780395508 -15.116031646728516
vertex -68.93255615234375 -50.25796127319336 -16.024232864379883
vertex -69.45234680175781 -51.374813079833984 -14.979005813598633
endloop
endfacet
facet normal -0.2674008747040849 -0.5891478554945847 -0.7624969354519545
outer loop
vertex -68.93255615234375 -50.25796127319336 -16.024232864379883
vertex -67.58959197998047 -50.804386138916016 -16.072999954223633
vertex -67.7898941040039 -51.87388610839844 -15.176400184631348
endloop
endfacet
facet normal -0.2673925896758523 -0.5891447715419215 -0.7625022237025008
outer loop
vertex -67.7898941040039 -51.87388610839844 -15.176400184631348
vertex -67.83529663085938 -52.03702163696289 -15.034432411193848
vertex -68.93255615234375 -50.25796127319336 -16.024232864379883
endloop
endfacet
facet normal -0.26739956507404716 -0.5891468285256095 -0.7624981882184549
outer loop
vertex -68.93255615234375 -50.25796127319336 -16.024232864379883
vertex -67.83529663085938 -52.03702163696289 -15.034432411193848
vertex -68.61144256591797 -51.794097900390625 -14.949942588806152
endloop
endfacet
facet normal -0.2674022271902227 -0.589146765938236 -0.7624973029973457
outer loop
vertex -69.45234680175781 -51.374813079833984 -14.979005813598633
vertex -68.93255615234375 -50.25796127319336 -16.024232864379883
vertex -68.61144256591797 -51.794097900390625 -14.949942588806152
endloop
endfacet
facet normal -0.009475025129523225 -0.6414328827323192 -0.7671206429555273
outer loop
vertex -66.86029052734375 -52.18820571899414 -14.924918174743652
vertex -67.58959197998047 -50.804386138916016 -16.072999954223633
vertex -56.12429428100586 -52.2088623046875 -15.040250778198242
endloop
endfacet
facet normal -0.09384222625099478 -0.6385834441236122 -0.7638094143590288
outer loop
vertex -67.7898941040039 -52.051231384277344 -15.028130531311035
vertex -67.83529663085938 -52.03702163696289 -15.034432411193848
vertex -67.7898941040039 -51.87388610839844 -15.176400184631348
endloop
endfacet
facet normal -0.009331341229866936 -0.6413890353209601 -0.7671590652797501
outer loop
vertex -67.7898941040039 -51.87388610839844 -15.176400184631348
vertex -67.58959197998047 -50.804386138916016 -16.072999954223633
vertex -66.86029052734375 -52.18820571899414 -14.924918174743652
endloop
endfacet
facet normal -0.009329643161524613 -0.6413860360451012 -0.7671615934891621
outer loop
vertex -67.7898941040039 -52.051231384277344 -15.028130531311035
vertex -67.7898941040039 -51.87388610839844 -15.176400184631348
vertex -66.86029052734375 -52.18820571899414 -14.924918174743652
endloop
endfacet
facet normal -0.00955776836249252 -0.6418506115051121 -0.7667701360736752
outer loop
vertex -56.12429428100586 -52.2088623046875 -15.040250778198242
vertex -67.58959197998047 -50.804386138916016 -16.072999954223633
vertex -56.10909652709961 -50.95886993408203 -16.086788177490234
endloop
endfacet
facet normal -0.26973244733926977 -0.5881938370439406 -0.762412235549702
outer loop
vertex -54.318050384521484 -51.463905334472656 -16.131860733032227
vertex -54.838993072509766 -52.425228118896484 -15.20590591430664
vertex -55.00861740112305 -51.18006134033203 -16.106529235839844
endloop
endfacet
facet normal -0.2697258078280971 -0.5881971991378907 -0.7624119906702813
outer loop
vertex -54.838993072509766 -52.425228118896484 -15.20590591430664
vertex -54.318050384521484 -51.463905334472656 -16.131860733032227
vertex -54.70652770996094 -52.492088317871094 -15.201187133789062
endloop
endfacet
facet normal -0.26973713033856495 -0.5881928009844436 -0.7624113780543879
outer loop
vertex -55.416961669921875 -52.26083755493164 -15.128251075744629
vertex -55.00861740112305 -51.18006134033203 -16.106529235839844
vertex -55.28080749511719 -52.282474517822266 -15.15972900390625
endloop
endfacet
facet normal -0.2697344722498485 -0.5881936815144122 -0.7624116391468704
outer loop
vertex -55.00861740112305 -51.18006134033203 -16.106529235839844
vertex -54.838993072509766 -52.425228118896484 -15.20590591430664
vertex -55.28080749511719 -52.282474517822266 -15.15972900390625
endloop
endfacet
facet normal -0.0694737008348772 -0.6399004430681691 -0.7653109354069539
outer loop
vertex -56.10909652709961 -50.95886993408203 -16.086788177490234
vertex -55.78468322753906 -52.20951461791992 -15.070534706115723
vertex -56.12429428100586 -52.2088623046875 -15.040250778198242
endloop
endfacet
facet normal -0.20576529637915425 -0.6128976612322877 -0.7629004520001221
outer loop
vertex -55.78468322753906 -52.20951461791992 -15.070534706115723
vertex -55.56551742553711 -51.0121955871582 -16.0915470123291
vertex -55.73936080932617 -52.20960235595703 -15.082688331604004
endloop
endfacet
facet normal -0.20524214418168246 -0.6130137559807288 -0.7629480960262662
outer loop
vertex -55.56551742553711 -51.0121955871582 -16.0915470123291
vertex -55.416961669921875 -52.26083755493164 -15.128251075744629
vertex -55.73936080932617 -52.20960235595703 -15.082688331604004
endloop
endfacet
facet normal -0.0694748993907183 -0.639900575547483 -0.7653107158328893
outer loop
vertex -56.10909652709961 -50.95886993408203 -16.086788177490234
vertex -55.56551742553711 -51.0121955871582 -16.0915470123291
vertex -55.78468322753906 -52.20951461791992 -15.070534706115723
endloop
endfacet
facet normal -0.20530416791989575 -0.613010363721504 -0.7629341338574049
outer loop
vertex -55.56551742553711 -51.0121955871582 -16.0915470123291
vertex -55.00861740112305 -51.18006134033203 -16.106529235839844
vertex -55.416961669921875 -52.26083755493164 -15.128251075744629
endloop
endfacet
facet normal -0.6186956958491222 -0.2781546732684882 -0.7347418687380426
outer loop
vertex -51.767642974853516 -54.71038055419922 -16.421600341796875
vertex -52.56962585449219 -55.38741683959961 -15.489974975585938
vertex -52.8951416015625 -54.96931838989258 -15.374153137207031
endloop
endfacet
facet normal -0.6186997205548278 -0.2781592227115055 -0.7347367573532094
outer loop
vertex -52.8951416015625 -54.96931838989258 -15.374153137207031
vertex -52.56962585449219 -55.38741683959961 -15.489974975585938
vertex -52.63853073120117 -55.438716888427734 -15.412530899047852
endloop
endfacet
facet normal -0.6256123473607044 -0.27995112242183234 -0.7281734407986777
outer loop
vertex -53.22361373901367 -54.014617919921875 -15.458986282348633
vertex -52.855709075927734 -52.78086471557617 -16.24939727783203
vertex -52.8951416015625 -54.96931838989258 -15.374153137207031
endloop
endfacet
facet normal -0.6237988451678668 -0.28118384478589686 -0.7292534855581126
outer loop
vertex -52.855709075927734 -52.78086471557617 -16.24939727783203
vertex -53.22361373901367 -54.014617919921875 -15.458986282348633
vertex -53.43952560424805 -53.60356903076172 -15.432787895202637
endloop
endfacet
facet normal -0.6108823080405953 -0.29554700809291123 -0.7344894633215128
outer loop
vertex -53.66014862060547 -53.306373596191406 -15.368880271911621
vertex -52.855709075927734 -52.78086471557617 -16.24939727783203
vertex -53.43952560424805 -53.60356903076172 -15.432787895202637
endloop
endfacet
facet normal -0.6172566462081012 -0.28254298685144186 -0.7342776677068376
outer loop
vertex -51.767642974853516 -54.71038055419922 -16.421600341796875
vertex -52.8951416015625 -54.96931838989258 -15.374153137207031
vertex -52.855709075927734 -52.78086471557617 -16.24939727783203
endloop
endfacet
facet normal -0.3336340152702361 -0.560221892322182 -0.7581818879514424
outer loop
vertex -54.70652770996094 -52.492088317871094 -15.201187133789062
vertex -54.318050384521484 -51.463905334472656 -16.131860733032227
vertex -54.424495697021484 -52.63444519042969 -15.22010612487793
endloop
endfacet
facet normal -0.45095063981100564 -0.4820998206795952 -0.7511479770023659
outer loop
vertex -54.365169525146484 -52.67700958251953 -15.214815139770508
vertex -53.79779052734375 -51.740447998046875 -16.15654182434082
vertex -54.047245025634766 -52.90511703491211 -15.25927734375
endloop
endfacet
facet normal -0.4494644970715338 -0.48277176561118695 -0.7516070038263949
outer loop
vertex -53.79779052734375 -51.740447998046875 -16.15654182434082
vertex -53.3449821472168 -52.11058807373047 -16.1895751953125
vertex -54.047245025634766 -52.90511703491211 -15.25927734375
endloop
endfacet
facet normal -0.6251254066112767 -0.27008544922712663 -0.7323059989682368
outer loop
vertex -53.770538330078125 -53.177371978759766 -15.32222843170166
vertex -52.97336959838867 -52.56160354614258 -16.229827880859375
vertex -53.71628189086914 -53.23075866699219 -15.348854064941406
endloop
endfacet
facet normal -0.5479190585840259 -0.38517859275425237 -0.7425780476988588
outer loop
vertex -54.047245025634766 -52.90511703491211 -15.25927734375
vertex -53.3449821472168 -52.11058807373047 -16.1895751953125
vertex -53.770538330078125 -53.177371978759766 -15.32222843170166
endloop
endfacet
facet normal -0.6251126303286992 -0.27010881465158 -0.7323082873019078
outer loop
vertex -53.71628189086914 -53.23075866699219 -15.348854064941406
vertex -52.855709075927734 -52.78086471557617 -16.24939727783203
vertex -53.66014862060547 -53.306373596191406 -15.368880271911621
endloop
endfacet
facet normal -0.6251197944423418 -0.27009388909138077 -0.732307676917194
outer loop
vertex -52.97336959838867 -52.56160354614258 -16.229827880859375
vertex -52.855709075927734 -52.78086471557617 -16.24939727783203
vertex -53.71628189086914 -53.23075866699219 -15.348854064941406
endloop
endfacet
facet normal -0.5479171647902453 -0.3851799232283327 -0.7425787549277416
outer loop
vertex -52.97336959838867 -52.56160354614258 -16.229827880859375
vertex -53.770538330078125 -53.177371978759766 -15.32222843170166
vertex -53.3449821472168 -52.11058807373047 -16.1895751953125
endloop
endfacet
facet normal -0.3337363433028084 -0.5601937208916149 -0.7581576671329503
outer loop
vertex -54.318050384521484 -51.463905334472656 -16.131860733032227
vertex -53.79779052734375 -51.740447998046875 -16.15654182434082
vertex -54.424495697021484 -52.63444519042969 -15.22010612487793
endloop
endfacet
facet normal -0.3341206168349303 -0.5599419050573072 -0.7581744366348943
outer loop
vertex -54.424495697021484 -52.63444519042969 -15.22010612487793
vertex -53.79779052734375 -51.740447998046875 -16.15654182434082
vertex -54.365169525146484 -52.67700958251953 -15.214815139770508
endloop
endfacet
facet normal -0.509798891118449 -0.4252076002207281 -0.7478660223121045
outer loop
vertex -51.767642974853516 -54.71038055419922 -16.421600341796875
vertex -52.165340423583984 -56.06490707397461 -15.380370140075684
vertex -52.56962585449219 -55.38741683959961 -15.489974975585938
endloop
endfacet
facet normal -0.5201781935104366 -0.4221265615236187 -0.7424444848286403
outer loop
vertex -52.63853073120117 -55.438716888427734 -15.412530899047852
vertex -52.56962585449219 -55.38741683959961 -15.489974975585938
vertex -52.56962585449219 -55.564762115478516 -15.389142990112305
endloop
endfacet
facet normal -0.5098003727347264 -0.425208260253892 -0.7478646370643504
outer loop
vertex -52.56962585449219 -55.38741683959961 -15.489974975585938
vertex -52.165340423583984 -56.06490707397461 -15.380370140075684
vertex -52.56962585449219 -55.564762115478516 -15.389142990112305
endloop
endfacet
facet normal -0.5097964758052719 -0.42520826384739496 -0.7478672914444173
outer loop
vertex -51.767642974853516 -54.71038055419922 -16.421600341796875
vertex -51.11479187011719 -55.38690948486328 -16.481979370117188
vertex -51.672847747802734 -56.31672668457031 -15.57291316986084
endloop
endfacet
facet normal -0.5097990991436392 -0.425207656351274 -0.7478658485935769
outer loop
vertex -51.672847747802734 -56.31672668457031 -15.57291316986084
vertex -51.75325012207031 -56.424007415771484 -15.457109451293945
vertex -51.767642974853516 -54.71038055419922 -16.421600341796875
endloop
endfacet
facet normal -0.5097984861673948 -0.4252078306167744 -0.7478661673612527
outer loop
vertex -52.165340423583984 -56.06490707397461 -15.380370140075684
vertex -51.767642974853516 -54.71038055419922 -16.421600341796875
vertex -51.75325012207031 -56.424007415771484 -15.457109451293945
endloop
endfacet
facet normal -0.2502735716101864 -0.5958574221865172 -0.7630970264512369
outer loop
vertex -51.089378356933594 -56.84059143066406 -15.355219841003418
vertex -51.11479187011719 -55.38690948486328 -16.481979370117188
vertex -50.4866828918457 -57.06497573852539 -15.377677917480469
endloop
endfacet
facet normal -0.2502764181836583 -0.5958571797861888 -0.763096282128545
outer loop
vertex -51.11479187011719 -55.38690948486328 -16.481979370117188
vertex -49.6639289855957 -55.93380355834961 -16.53078842163086
vertex -49.8442497253418 -57.006004333496094 -15.634428977966309
endloop
endfacet
facet normal -0.25027454309019415 -0.5958572789182025 -0.763096819703234
outer loop
vertex -51.672847747802734 -56.31672668457031 -15.57291316986084
vertex -51.11479187011719 -55.38690948486328 -16.481979370117188
vertex -51.089378356933594 -56.84059143066406 -15.355219841003418
endloop
endfacet
facet normal -0.2502815000314348 -0.5958593912187018 -0.7630928886043251
outer loop
vertex -51.11479187011719 -55.38690948486328 -16.481979370117188
vertex -49.8442497253418 -57.006004333496094 -15.634428977966309
vertex -49.88752365112305 -57.17537307739258 -15.487984657287598
endloop
endfacet
facet normal -0.2502768835092586 -0.5958577688808505 -0.7630956695233095
outer loop
vertex -51.11479187011719 -55.38690948486328 -16.481979370117188
vertex -49.88752365112305 -57.17537307739258 -15.487984657287598
vertex -50.4866828918457 -57.06497573852539 -15.377677917480469
endloop
endfacet
facet normal -0.29961382951916704 -0.5871676982511906 -0.7519744990963845
outer loop
vertex -51.75325012207031 -56.424007415771484 -15.457109451293945
vertex -51.672847747802734 -56.31672668457031 -15.57291316986084
vertex -51.672847747802734 -56.49407196044922 -15.434435844421387
endloop
endfacet
facet normal -0.2502711582151684 -0.5958547808175566 -0.7630998804498004
outer loop
vertex -51.672847747802734 -56.49407196044922 -15.434435844421387
vertex -51.672847747802734 -56.31672668457031 -15.57291316986084
vertex -51.089378356933594 -56.84059143066406 -15.355219841003418
endloop
endfacet
facet normal 0.09771195594941891 -0.638378448832857 -0.7634954680483008
outer loop
vertex 50.349098205566406 -57.1002082824707 -15.478726387023926
vertex 50.349098205566406 -56.9228630065918 -15.627009391784668
vertex 50.39664077758789 -57.0844841003418 -15.48578929901123
endloop
endfacet
facet normal -0.0852891052101718 -0.6391163387999322 -0.7643664526988468
outer loop
vertex -49.88752365112305 -57.17537307739258 -15.487984657287598
vertex -49.8442497253418 -57.006004333496094 -15.634428977966309
vertex -49.8442497253418 -57.183345794677734 -15.486146926879883
endloop
endfacet
facet normal 0.0005890753208808736 -0.6414489160306835 -0.7671655239342597
outer loop
vertex -49.6639289855957 -55.93380355834961 -16.53078842163086
vertex 50.14168930053711 -55.85098648071289 -16.52339744567871
vertex 49.62884521484375 -57.19708251953125 -15.398282051086426
endloop
endfacet
facet normal 0.0005920898135412581 -0.6414495909162007 -0.7671649573221468
outer loop
vertex 49.62884521484375 -57.19708251953125 -15.398282051086426
vertex 50.14168930053711 -55.85098648071289 -16.52339744567871
vertex 49.83694076538086 -57.18375778198242 -15.409262657165527
endloop
endfacet
facet normal 0.0006072327941414934 -0.6414478273952269 -0.7671664200147691
outer loop
vertex 50.349098205566406 -57.1002082824707 -15.478726387023926
vertex 50.14168930053711 -55.85098648071289 -16.52339744567871
vertex 50.349098205566406 -56.9228630065918 -15.627009391784668
endloop
endfacet
facet normal 0.0005908927396483487 -0.6414494302603739 -0.7671650925742202
outer loop
vertex 49.83694076538086 -57.18375778198242 -15.409262657165527
vertex 50.14168930053711 -55.85098648071289 -16.52339744567871
vertex 50.349098205566406 -57.1002082824707 -15.478726387023926
endloop
endfacet
facet normal 0.0005890547002554875 -0.6414535269045882 -0.7671616686437253
outer loop
vertex -49.8442497253418 -57.183345794677734 -15.486146926879883
vertex -49.8442497253418 -57.006004333496094 -15.634428977966309
vertex 49.62884521484375 -57.19708251953125 -15.398282051086426
endloop
endfacet
facet normal 0.0005890721539777798 -0.6414490583043954 -0.7671654049775718
outer loop
vertex -49.8442497253418 -57.006004333496094 -15.634428977966309
vertex -49.6639289855957 -55.93380355834961 -16.53078842163086
vertex 49.62884521484375 -57.19708251953125 -15.398282051086426
endloop
endfacet
facet normal -0.8314695010489662 0 -0.5555703995223135
outer loop
vertex 26.66062355041504 -55.69997787475586 -3.8893399238586426
vertex 26.985782623291016 -55.69997787475586 -4.375974655151367
vertex 26.985782623291016 -57.19395446777344 -4.375974655151367
endloop
endfacet
facet normal 0 -1 0
outer loop
vertex 13.599963188171387 -55.69997787475586 -3.450000047683716
vertex 15.467279434204102 -55.69997787475586 -5.776120662689209
vertex 15.849963188171387 -55.69997787475586 -5.699999809265137
endloop
endfacet
facet normal 0 -1 0
outer loop
vertex 13.599963188171387 -55.69997787475586 -3.450000047683716
vertex 15.849963188171387 -55.69997787475586 -5.699999809265137
vertex 25.59996223449707 -55.69997787475586 -3.450000047683716
endloop
endfacet
facet normal 0 -1 0
outer loop
vertex 24.34996223449707 -55.69997787475586 -8.199999809265137
vertex 25.59996223449707 -55.69997787475586 -11.449999809265137
vertex 24.34996223449707 -55.69997787475586 -6.699999809265137
endloop
endfacet
facet normal 0 0 -1
outer loop
vertex 25.59996223449707 -57.193763732910156 -3.450000047683716
vertex 13.599963188171387 -57.19210433959961 -3.450000047683716
vertex 13.599963188171387 -55.69997787475586 -3.450000047683716
endloop
endfacet
facet normal 0.1950900960897925 0 -0.9807853253427457
outer loop
vertex 13.599963188171387 -57.19210433959961 -3.450000047683716
vertex 13.025938034057617 -55.69997787475586 -3.564180612564087
vertex 13.599963188171387 -55.69997787475586 -3.450000047683716
endloop
endfacet
facet normal 0.5555703047945764 0 -0.8314695643440363
outer loop
vertex 13.025938034057617 -57.1920280456543 -3.564180612564087
vertex 12.539302825927734 -55.69997787475586 -3.8893399238586426
vertex 13.025938034057617 -55.69997787475586 -3.564180612564087
endloop
endfacet
facet normal 0 -1 0
outer loop
vertex 24.273841857910156 -55.69997787475586 -8.582683563232422
vertex 25.59996223449707 -55.69997787475586 -11.449999809265137
vertex 24.34996223449707 -55.69997787475586 -8.199999809265137
endloop
endfacet
facet normal 0.1950900960897925 0 -0.9807853253427458
outer loop
vertex 13.599963188171387 -57.19210433959961 -3.450000047683716
vertex 13.025938034057617 -57.1920280456543 -3.564180612564087
vertex 13.025938034057617 -55.69997787475586 -3.564180612564087
endloop
endfacet
facet normal 0.5555703047945764 0 -0.8314695643440363
outer loop
vertex 13.025938034057617 -57.1920280456543 -3.564180612564087
vertex 12.539302825927734 -57.191959381103516 -3.8893399238586426
vertex 12.539302825927734 -55.69997787475586 -3.8893399238586426
endloop
endfacet
facet normal 0 -1 0
outer loop
vertex 24.057069778442383 -55.69997787475586 -8.907106399536133
vertex 25.59996223449707 -55.69997787475586 -11.449999809265137
vertex 24.273841857910156 -55.69997787475586 -8.582683563232422
endloop
endfacet
facet normal 0.8314695010489663 0 -0.5555703995223136
outer loop
vertex 12.539302825927734 -57.191959381103516 -3.8893399238586426
vertex 12.214143753051758 -55.69997787475586 -4.375974655151367
vertex 12.539302825927734 -55.69997787475586 -3.8893399238586426
endloop
endfacet
facet normal 0 -1 0
outer loop
vertex 23.732646942138672 -55.69997787475586 -9.123879432678223
vertex 25.59996223449707 -55.69997787475586 -11.449999809265137
vertex 24.057069778442383 -55.69997787475586 -8.907106399536133
endloop
endfacet
facet normal 0 -1 0
outer loop
vertex 23.34996223449707 -55.69997787475586 -9.199999809265137
vertex 25.59996223449707 -55.69997787475586 -11.449999809265137
vertex 23.732646942138672 -55.69997787475586 -9.123879432678223
endloop
endfacet
facet normal -0.9807856371245008 0 0.19508852864862958
outer loop
vertex 26.985782623291016 -55.69997787475586 -10.524024963378906
vertex 26.985782623291016 -57.19395446777344 -10.524024963378906
vertex 27.09996223449707 -55.69997787475586 -9.949999809265137
endloop
endfacet
facet normal -0.9807856371245008 0 0.19508852864862958
outer loop
vertex 27.09996223449707 -55.69997787475586 -9.949999809265137
vertex 26.985782623291016 -57.19395446777344 -10.524024963378906
vertex 27.09996223449707 -57.1939697265625 -9.949999809265137
endloop
endfacet
facet normal -0.8314697525217963 0 0.5555700231666056
outer loop
vertex 26.66062355041504 -55.69997787475586 -11.010660171508789
vertex 26.66062355041504 -57.19390869140625 -11.010660171508789
vertex 26.985782623291016 -55.69997787475586 -10.524024963378906
endloop
endfacet
facet normal -0.8314697525217963 0 0.5555700231666056
outer loop
vertex 26.985782623291016 -55.69997787475586 -10.524024963378906
vertex 26.66062355041504 -57.19390869140625 -11.010660171508789
vertex 26.985782623291016 -57.19395446777344 -10.524024963378906
endloop
endfacet
facet normal -0.5555700231666056 0 0.8314697525217963
outer loop
vertex 26.173988342285156 -55.69997787475586 -11.335819244384766
vertex 26.173988342285156 -57.193843841552734 -11.335819244384766
vertex 26.66062355041504 -55.69997787475586 -11.010660171508789
endloop
endfacet
facet normal -0.19508978430737248 0 0.9807853873599988
outer loop
vertex 25.59996223449707 -55.69997787475586 -11.449999809265137
vertex 25.59996223449707 -57.193763732910156 -11.449999809265137
vertex 26.173988342285156 -55.69997787475586 -11.335819244384766
endloop
endfacet
facet normal -0.5555700231666056 0 0.8314697525217963
outer loop
vertex 26.173988342285156 -57.193843841552734 -11.335819244384766
vertex 26.66062355041504 -57.19390869140625 -11.010660171508789
vertex 26.66062355041504 -55.69997787475586 -11.010660171508789
endloop
endfacet
facet normal -0.1950897843073725 0 0.9807853873599989
outer loop
vertex 25.59996223449707 -57.193763732910156 -11.449999809265137
vertex 26.173988342285156 -57.193843841552734 -11.335819244384766
vertex 26.173988342285156 -55.69997787475586 -11.335819244384766
endloop
endfacet
facet normal 0 -1 0
outer loop
vertex 23.34996223449707 -55.69997787475586 -9.199999809265137
vertex 13.599963188171387 -55.69997787475586 -11.449999809265137
vertex 25.59996223449707 -55.69997787475586 -11.449999809265137
endloop
endfacet
facet normal 0 0 1
outer loop
vertex 25.59996223449707 -55.69997787475586 -11.449999809265137
vertex 13.599963188171387 -57.19210433959961 -11.449999809265137
vertex 25.59996223449707 -57.193763732910156 -11.449999809265137
endloop
endfacet
facet normal 0.8314695010489663 0 -0.5555703995223136
outer loop
vertex 12.539302825927734 -57.191959381103516 -3.8893399238586426
vertex 12.214143753051758 -57.19191360473633 -4.375974655151367
vertex 12.214143753051758 -55.69997787475586 -4.375974655151367
endloop
endfacet
facet normal -0.9807856371245008 0 -0.19508852864862958
outer loop
vertex 27.09996223449707 -55.69997787475586 -4.949999809265137
vertex 27.09996223449707 -57.1939697265625 -4.949999809265137
vertex 26.985782623291016 -55.69997787475586 -4.375974655151367
endloop
endfacet
facet normal -0.5555703047945763 0 -0.8314695643440363
outer loop
vertex 26.66062355041504 -57.19390869140625 -3.8893399238586426
vertex 26.173988342285156 -57.193843841552734 -3.564180612564087
vertex 26.173988342285156 -55.69997787475586 -3.564180612564087
endloop
endfacet
facet normal 0 -1 0
outer loop
vertex 25.59996223449707 -55.69997787475586 -3.450000047683716
vertex 23.34996223449707 -55.69997787475586 -5.699999809265137
vertex 23.732646942138672 -55.69997787475586 -5.776120662689209
endloop
endfacet
facet normal -0.9807856371245008 0 -0.19508852864862958
outer loop
vertex 26.985782623291016 -55.69997787475586 -4.375974655151367
vertex 27.09996223449707 -57.1939697265625 -4.949999809265137
vertex 26.985782623291016 -57.19395446777344 -4.375974655151367
endloop
endfacet
facet normal 0 -1 0
outer loop
vertex 24.057069778442383 -55.69997787475586 -5.992893218994141
vertex 24.273841857910156 -55.69997787475586 -6.31731653213501
vertex 25.59996223449707 -55.69997787475586 -3.450000047683716
endloop
endfacet
facet normal 0 -1 0
outer loop
vertex 13.599963188171387 -55.69997787475586 -11.449999809265137
vertex 14.9260835647583 -55.69997787475586 -8.582683563232422
vertex 14.849963188171387 -55.69997787475586 -8.199999809265137
endloop
endfacet
facet normal 0 -1 0
outer loop
vertex 12.539302825927734 -55.69997787475586 -11.010660171508789
vertex 13.025938034057617 -55.69997787475586 -11.335819244384766
vertex 12.539302825927734 -55.69997787475586 -3.8893399238586426
endloop
endfacet
facet normal 0 -1 0
outer loop
vertex 12.214143753051758 -55.69997787475586 -10.524024963378906
vertex 12.539302825927734 -55.69997787475586 -11.010660171508789
vertex 12.214143753051758 -55.69997787475586 -4.375974655151367
endloop
endfacet
facet normal 0 -1 0
outer loop
vertex 25.59996223449707 -55.69997787475586 -11.449999809265137
vertex 26.173988342285156 -55.69997787475586 -11.335819244384766
vertex 25.59996223449707 -55.69997787475586 -3.450000047683716
endloop
endfacet
facet normal 0 -1 0
outer loop
vertex 13.025938034057617 -55.69997787475586 -11.335819244384766
vertex 13.599963188171387 -55.69997787475586 -11.449999809265137
vertex 13.025938034057617 -55.69997787475586 -3.564180612564087
endloop
endfacet
facet normal 0 -1 0
outer loop
vertex 15.849963188171387 -55.69997787475586 -9.199999809265137
vertex 13.599963188171387 -55.69997787475586 -11.449999809265137
vertex 23.34996223449707 -55.69997787475586 -9.199999809265137
endloop
endfacet
facet normal 0 -1 0
outer loop
vertex 26.173988342285156 -55.69997787475586 -11.335819244384766
vertex 26.66062355041504 -55.69997787475586 -11.010660171508789
vertex 26.173988342285156 -55.69997787475586 -3.564180612564087
endloop
endfacet
facet normal 0 -1 0
outer loop
vertex 13.599963188171387 -55.69997787475586 -11.449999809265137
vertex 15.142855644226074 -55.69997787475586 -8.907106399536133
vertex 14.9260835647583 -55.69997787475586 -8.582683563232422
endloop
endfacet
facet normal 0 -1 0
outer loop
vertex 13.599963188171387 -55.69997787475586 -11.449999809265137
vertex 15.467279434204102 -55.69997787475586 -9.123879432678223
vertex 15.142855644226074 -55.69997787475586 -8.907106399536133
endloop
endfacet
facet normal 0 -1 0
outer loop
vertex 13.599963188171387 -55.69997787475586 -11.449999809265137
vertex 15.849963188171387 -55.69997787475586 -9.199999809265137
vertex 15.467279434204102 -55.69997787475586 -9.123879432678223
endloop
endfacet
facet normal 0.9807853253427458 0 0.19509009608979253
outer loop
vertex 12.099963188171387 -57.191898345947266 -9.949999809265137
vertex 12.214143753051758 -55.69997787475586 -10.524024963378906
vertex 12.099963188171387 -55.69997787475586 -9.949999809265137
endloop
endfacet
facet normal 0.9807853253427457 0 0.1950900960897925
outer loop
vertex 12.099963188171387 -57.191898345947266 -9.949999809265137
vertex 12.214143753051758 -57.19191360473633 -10.524024963378906
vertex 12.214143753051758 -55.69997787475586 -10.524024963378906
endloop
endfacet
facet normal 0 0 1
outer loop
vertex 13.599963188171387 -55.69997787475586 -11.449999809265137
vertex 13.599963188171387 -57.19210433959961 -11.449999809265137
vertex 25.59996223449707 -55.69997787475586 -11.449999809265137
endloop
endfacet
facet normal 0.8314697525217963 0 0.5555700231666058
outer loop
vertex 12.214143753051758 -57.19191360473633 -10.524024963378906
vertex 12.539302825927734 -55.69997787475586 -11.010660171508789
vertex 12.214143753051758 -55.69997787475586 -10.524024963378906
endloop
endfacet
facet normal 0.8314697525217963 0 0.5555700231666056
outer loop
vertex 12.214143753051758 -57.19191360473633 -10.524024963378906
vertex 12.539302825927734 -57.191959381103516 -11.010660171508789
vertex 12.539302825927734 -55.69997787475586 -11.010660171508789
endloop
endfacet
facet normal 0.5555700231666056 0 0.8314697525217963
outer loop
vertex 12.539302825927734 -55.69997787475586 -11.010660171508789
vertex 12.539302825927734 -57.191959381103516 -11.010660171508789
vertex 13.025938034057617 -55.69997787475586 -11.335819244384766
endloop
endfacet
facet normal 0.1950900960897925 0 0.9807853253427458
outer loop
vertex 13.025938034057617 -57.1920280456543 -11.335819244384766
vertex 13.599963188171387 -55.69997787475586 -11.449999809265137
vertex 13.025938034057617 -55.69997787475586 -11.335819244384766
endloop
endfacet
facet normal 0.5555700231666056 0 0.8314697525217963
outer loop
vertex 12.539302825927734 -57.191959381103516 -11.010660171508789
vertex 13.025938034057617 -57.1920280456543 -11.335819244384766
vertex 13.025938034057617 -55.69997787475586 -11.335819244384766
endloop
endfacet
facet normal 0.1950900960897925 0 0.9807853253427457
outer loop
vertex 13.025938034057617 -57.1920280456543 -11.335819244384766
vertex 13.599963188171387 -57.19210433959961 -11.449999809265137
vertex 13.599963188171387 -55.69997787475586 -11.449999809265137
endloop
endfacet
facet normal 0 -1 0
outer loop
vertex 23.732646942138672 -55.69997787475586 -5.776120662689209
vertex 24.057069778442383 -55.69997787475586 -5.992893218994141
vertex 25.59996223449707 -55.69997787475586 -3.450000047683716
endloop
endfacet
facet normal 1 0 0
outer loop
vertex 12.099963188171387 -57.191898345947266 -4.949999809265137
vertex 12.099963188171387 -57.191898345947266 -9.949999809265137
vertex 12.099963188171387 -55.69997787475586 -9.949999809265137
endloop
endfacet
facet normal 0 -1 0
outer loop
vertex 12.099963188171387 -55.69997787475586 -9.949999809265137
vertex 12.214143753051758 -55.69997787475586 -10.524024963378906
vertex 12.099963188171387 -55.69997787475586 -4.949999809265137
endloop
endfacet
facet normal 0 -1 0
outer loop
vertex 24.34996223449707 -55.69997787475586 -6.699999809265137
vertex 25.59996223449707 -55.69997787475586 -3.450000047683716
vertex 24.273841857910156 -55.69997787475586 -6.31731653213501
endloop
endfacet
facet normal 0 -1 0
outer loop
vertex 15.849963188171387 -55.69997787475586 -5.699999809265137
vertex 23.34996223449707 -55.69997787475586 -5.699999809265137
vertex 25.59996223449707 -55.69997787475586 -3.450000047683716
endloop
endfacet
facet normal 0 -1 0
outer loop
vertex 13.599963188171387 -55.69997787475586 -11.449999809265137
vertex 14.849963188171387 -55.69997787475586 -8.199999809265137
vertex 13.599963188171387 -55.69997787475586 -3.450000047683716
endloop
endfacet
facet normal 0 -1 0
outer loop
vertex 25.59996223449707 -55.69997787475586 -3.450000047683716
vertex 26.173988342285156 -55.69997787475586 -11.335819244384766
vertex 26.173988342285156 -55.69997787475586 -3.564180612564087
endloop
endfacet
facet normal 1 0 0
outer loop
vertex 12.099963188171387 -57.191898345947266 -4.949999809265137
vertex 12.099963188171387 -55.69997787475586 -9.949999809265137
vertex 12.099963188171387 -55.69997787475586 -4.949999809265137
endloop
endfacet
facet normal 0 -1 0
outer loop
vertex 12.099963188171387 -55.69997787475586 -4.949999809265137
vertex 12.214143753051758 -55.69997787475586 -10.524024963378906
vertex 12.214143753051758 -55.69997787475586 -4.375974655151367
endloop
endfacet
facet normal 0 -1 0
outer loop
vertex 26.173988342285156 -55.69997787475586 -3.564180612564087
vertex 26.66062355041504 -55.69997787475586 -11.010660171508789
vertex 26.66062355041504 -55.69997787475586 -3.8893399238586426
endloop
endfacet
facet normal 0 -1 0
outer loop
vertex 26.66062355041504 -55.69997787475586 -3.8893399238586426
vertex 26.985782623291016 -55.69997787475586 -10.524024963378906
vertex 26.985782623291016 -55.69997787475586 -4.375974655151367
endloop
endfacet
facet normal 0 -1 0
outer loop
vertex 12.214143753051758 -55.69997787475586 -4.375974655151367
vertex 12.539302825927734 -55.69997787475586 -11.010660171508789
vertex 12.539302825927734 -55.69997787475586 -3.8893399238586426
endloop
endfacet
facet normal 0 -1 0
outer loop
vertex 12.539302825927734 -55.69997787475586 -3.8893399238586426
vertex 13.025938034057617 -55.69997787475586 -11.335819244384766
vertex 13.025938034057617 -55.69997787475586 -3.564180612564087
endloop
endfacet
facet normal 0 -1 0
outer loop
vertex 13.025938034057617 -55.69997787475586 -3.564180612564087
vertex 13.599963188171387 -55.69997787475586 -11.449999809265137
vertex 13.599963188171387 -55.69997787475586 -3.450000047683716
endloop
endfacet
facet normal 0 -1 0
outer loop
vertex 26.985782623291016 -55.69997787475586 -4.375974655151367
vertex 27.09996223449707 -55.69997787475586 -9.949999809265137
vertex 27.09996223449707 -55.69997787475586 -4.949999809265137
endloop
endfacet
facet normal 0 -1 0
outer loop
vertex 13.599963188171387 -55.69997787475586 -3.450000047683716
vertex 14.849963188171387 -55.69997787475586 -8.199999809265137
vertex 14.849963188171387 -55.69997787475586 -6.699999809265137
endloop
endfacet
facet normal -1 0 0
outer loop
vertex 27.09996223449707 -55.69997787475586 -4.949999809265137
vertex 27.09996223449707 -57.1939697265625 -9.949999809265137
vertex 27.09996223449707 -57.1939697265625 -4.949999809265137
endloop
endfacet
facet normal -1 0 0
outer loop
vertex 27.09996223449707 -55.69997787475586 -9.949999809265137
vertex 27.09996223449707 -57.1939697265625 -9.949999809265137
vertex 27.09996223449707 -55.69997787475586 -4.949999809265137
endloop
endfacet
facet normal -0.19508978430737248 0 -0.9807853873599988
outer loop
vertex 25.59996223449707 -57.193763732910156 -3.450000047683716
vertex 25.59996223449707 -55.69997787475586 -3.450000047683716
vertex 26.173988342285156 -57.193843841552734 -3.564180612564087
endloop
endfacet
facet normal 0 -1 0
outer loop
vertex 24.34996223449707 -55.69997787475586 -6.699999809265137
vertex 25.59996223449707 -55.69997787475586 -11.449999809265137
vertex 25.59996223449707 -55.69997787475586 -3.450000047683716
endloop
endfacet
facet normal 0 -1 0
outer loop
vertex 26.985782623291016 -55.69997787475586 -10.524024963378906
vertex 27.09996223449707 -55.69997787475586 -9.949999809265137
vertex 26.985782623291016 -55.69997787475586 -4.375974655151367
endloop
endfacet
facet normal 0 -1 0
outer loop
vertex 26.66062355041504 -55.69997787475586 -11.010660171508789
vertex 26.985782623291016 -55.69997787475586 -10.524024963378906
vertex 26.66062355041504 -55.69997787475586 -3.8893399238586426
endloop
endfacet
facet normal -0.5555703047945764 0 -0.8314695643440363
outer loop
vertex 26.173988342285156 -55.69997787475586 -3.564180612564087
vertex 26.66062355041504 -55.69997787475586 -3.8893399238586426
vertex 26.66062355041504 -57.19390869140625 -3.8893399238586426
endloop
endfacet
facet normal 0.9807853253427458 0 -0.19509009608979253
outer loop
vertex 12.214143753051758 -57.19191360473633 -4.375974655151367
vertex 12.099963188171387 -57.191898345947266 -4.949999809265137
vertex 12.099963188171387 -55.69997787475586 -4.949999809265137
endloop
endfacet
facet normal 0.9807853253427457 0 -0.1950900960897925
outer loop
vertex 12.214143753051758 -57.19191360473633 -4.375974655151367
vertex 12.099963188171387 -55.69997787475586 -4.949999809265137
vertex 12.214143753051758 -55.69997787475586 -4.375974655151367
endloop
endfacet
facet normal 0 0 -1
outer loop
vertex 25.59996223449707 -57.193763732910156 -3.450000047683716
vertex 13.599963188171387 -55.69997787475586 -3.450000047683716
vertex 25.59996223449707 -55.69997787475586 -3.450000047683716
endloop
endfacet
facet normal -0.1950897843073725 0 -0.9807853873599989
outer loop
vertex 26.173988342285156 -55.69997787475586 -3.564180612564087
vertex 26.173988342285156 -57.193843841552734 -3.564180612564087
vertex 25.59996223449707 -55.69997787475586 -3.450000047683716
endloop
endfacet
facet normal 0 -1 0
outer loop
vertex 13.599963188171387 -55.69997787475586 -3.450000047683716
vertex 14.849963188171387 -55.69997787475586 -6.699999809265137
vertex 14.9260835647583 -55.69997787475586 -6.31731653213501
endloop
endfacet
facet normal 0 -1 0
outer loop
vertex 13.599963188171387 -55.69997787475586 -3.450000047683716
vertex 14.9260835647583 -55.69997787475586 -6.31731653213501
vertex 15.142855644226074 -55.69997787475586 -5.992893218994141
endloop
endfacet
facet normal 0 -1 0
outer loop
vertex 13.599963188171387 -55.69997787475586 -3.450000047683716
vertex 15.142855644226074 -55.69997787475586 -5.992893218994141
vertex 15.467279434204102 -55.69997787475586 -5.776120662689209
endloop
endfacet
facet normal -0.8314695010489662 0 -0.5555703995223135
outer loop
vertex 26.66062355041504 -55.69997787475586 -3.8893399238586426
vertex 26.985782623291016 -57.19395446777344 -4.375974655151367
vertex 26.66062355041504 -57.19390869140625 -3.8893399238586426
endloop
endfacet
facet normal -0.9807853563514094 0 0.1950899401984604
outer loop
vertex 24.273841857910156 -54.499977111816406 -8.582683563232422
vertex 24.273841857910156 -55.69997787475586 -8.582683563232422
vertex 24.34996223449707 -54.499977111816406 -8.199999809265137
endloop
endfacet
facet normal 0.19509111577748656 0 -0.9807851225139456
outer loop
vertex 15.849963188171387 -55.69997787475586 -5.699999809265137
vertex 15.467279434204102 -54.499977111816406 -5.776120662689209
vertex 15.849963188171387 -54.499977111816406 -5.699999809265137
endloop
endfacet
facet normal -0.9807853563514094 0 0.1950899401984604
outer loop
vertex 24.34996223449707 -54.499977111816406 -8.199999809265137
vertex 24.273841857910156 -55.69997787475586 -8.582683563232422
vertex 24.34996223449707 -55.69997787475586 -8.199999809265137
endloop
endfacet
facet normal 0.19509111577748656 0 -0.9807851225139456
outer loop
vertex 15.467279434204102 -55.69997787475586 -5.776120662689209
vertex 15.467279434204102 -54.499977111816406 -5.776120662689209
vertex 15.849963188171387 -55.69997787475586 -5.699999809265137
endloop
endfacet
facet normal 0.5555693651831525 0 -0.8314701921716671
outer loop
vertex 15.467279434204102 -55.69997787475586 -5.776120662689209
vertex 15.142855644226074 -54.499977111816406 -5.992893218994141
vertex 15.467279434204102 -54.499977111816406 -5.776120662689209
endloop
endfacet
facet normal -1 0 0
outer loop
vertex 24.34996223449707 -54.499977111816406 -8.199999809265137
vertex 24.34996223449707 -55.69997787475586 -8.199999809265137
vertex 24.34996223449707 -54.499977111816406 -6.699999809265137
endloop
endfacet
facet normal -1 0 0
outer loop
vertex 24.34996223449707 -54.499977111816406 -6.699999809265137
vertex 24.34996223449707 -55.69997787475586 -8.199999809265137
vertex 24.34996223449707 -55.69997787475586 -6.699999809265137
endloop
endfacet
facet normal 0.5555693651831525 0 -0.8314701921716671
outer loop
vertex 15.142855644226074 -55.69997787475586 -5.992893218994141
vertex 15.142855644226074 -54.499977111816406 -5.992893218994141
vertex 15.467279434204102 -55.69997787475586 -5.776120662689209
endloop
endfacet
facet normal -0.9807853098383859 0 -0.19509017403555012
outer loop
vertex 24.34996223449707 -54.499977111816406 -6.699999809265137
vertex 24.34996223449707 -55.69997787475586 -6.699999809265137
vertex 24.273841857910156 -54.499977111816406 -6.31731653213501
endloop
endfacet
facet normal 0.831470379496779 0 -0.5555690848305744
outer loop
vertex 15.142855644226074 -55.69997787475586 -5.992893218994141
vertex 14.9260835647583 -54.499977111816406 -6.31731653213501
vertex 15.142855644226074 -54.499977111816406 -5.992893218994141
endloop
endfacet
facet normal 0.831470379496779 0 -0.5555690848305744
outer loop
vertex 14.9260835647583 -55.69997787475586 -6.31731653213501
vertex 14.9260835647583 -54.499977111816406 -6.31731653213501
vertex 15.142855644226074 -55.69997787475586 -5.992893218994141
endloop
endfacet
facet normal 0 0 -1
outer loop
vertex 15.849963188171387 -55.69997787475586 -5.699999809265137
vertex 15.849963188171387 -54.499977111816406 -5.699999809265137
vertex 23.34996223449707 -55.69997787475586 -5.699999809265137
endloop
endfacet
facet normal 0 0 -1
outer loop
vertex 23.34996223449707 -55.69997787475586 -5.699999809265137
vertex 15.849963188171387 -54.499977111816406 -5.699999809265137
vertex 23.34996223449707 -54.499977111816406 -5.699999809265137
endloop
endfacet
facet normal -0.9807853098383859 0 -0.19509017403555012
outer loop
vertex 24.273841857910156 -54.499977111816406 -6.31731653213501
vertex 24.34996223449707 -55.69997787475586 -6.699999809265137
vertex 24.273841857910156 -55.69997787475586 -6.31731653213501
endloop
endfacet
facet normal -0.831470379496779 0 -0.5555690848305744
outer loop
vertex 24.273841857910156 -54.499977111816406 -6.31731653213501
vertex 24.273841857910156 -55.69997787475586 -6.31731653213501
vertex 24.057069778442383 -54.499977111816406 -5.992893218994141
endloop
endfacet
facet normal -0.831470379496779 0 -0.5555690848305744
outer loop
vertex 24.057069778442383 -54.499977111816406 -5.992893218994141
vertex 24.273841857910156 -55.69997787475586 -6.31731653213501
vertex 24.057069778442383 -55.69997787475586 -5.992893218994141
endloop
endfacet
facet normal 0.9807853098383859 0 -0.19509017403555012
outer loop
vertex 14.9260835647583 -55.69997787475586 -6.31731653213501
vertex 14.849963188171387 -54.499977111816406 -6.699999809265137
vertex 14.9260835647583 -54.499977111816406 -6.31731653213501
endloop
endfacet
facet normal 0.9807853098383859 0 -0.19509017403555012
outer loop
vertex 14.849963188171387 -55.69997787475586 -6.699999809265137
vertex 14.849963188171387 -54.499977111816406 -6.699999809265137
vertex 14.9260835647583 -55.69997787475586 -6.31731653213501
endloop
endfacet
facet normal 1 0 0
outer loop
vertex 14.849963188171387 -55.69997787475586 -6.699999809265137
vertex 14.849963188171387 -54.499977111816406 -8.199999809265137
vertex 14.849963188171387 -54.499977111816406 -6.699999809265137
endloop
endfacet
facet normal 1 0 0
outer loop
vertex 14.849963188171387 -55.69997787475586 -8.199999809265137
vertex 14.849963188171387 -54.499977111816406 -8.199999809265137
vertex 14.849963188171387 -55.69997787475586 -6.699999809265137
endloop
endfacet
facet normal -0.5555704942502147 0 -0.831469437753771
outer loop
vertex 24.057069778442383 -54.499977111816406 -5.992893218994141
vertex 24.057069778442383 -55.69997787475586 -5.992893218994141
vertex 23.732646942138672 -54.499977111816406 -5.776120662689209
endloop
endfacet
facet normal -0.5555704942502147 0 -0.831469437753771
outer loop
vertex 23.732646942138672 -55.69997787475586 -5.776120662689209
vertex 23.732646942138672 -54.499977111816406 -5.776120662689209
vertex 24.057069778442383 -55.69997787475586 -5.992893218994141
endloop
endfacet
facet normal -0.19509064810236038 0 -0.9807852155405896
outer loop
vertex 23.34996223449707 -55.69997787475586 -5.699999809265137
vertex 23.34996223449707 -54.499977111816406 -5.699999809265137
vertex 23.732646942138672 -55.69997787475586 -5.776120662689209
endloop
endfacet
facet normal -0.19509064810236038 0 -0.9807852155405896
outer loop
vertex 23.732646942138672 -55.69997787475586 -5.776120662689209
vertex 23.34996223449707 -54.499977111816406 -5.699999809265137
vertex 23.732646942138672 -54.499977111816406 -5.776120662689209
endloop
endfacet
facet normal 0.9807853563514094 0 0.1950899401984604
outer loop
vertex 14.849963188171387 -55.69997787475586 -8.199999809265137
vertex 14.9260835647583 -54.499977111816406 -8.582683563232422
vertex 14.849963188171387 -54.499977111816406 -8.199999809265137
endloop
endfacet
facet normal 0.9807853563514094 0 0.1950899401984604
outer loop
vertex 14.9260835647583 -55.69997787475586 -8.582683563232422
vertex 14.9260835647583 -54.499977111816406 -8.582683563232422
vertex 14.849963188171387 -55.69997787475586 -8.199999809265137
endloop
endfacet
facet normal 0.1950899401984604 0 0.9807853563514094
outer loop
vertex 15.849963188171387 -55.69997787475586 -9.199999809265137
vertex 15.849963188171387 -54.499977111816406 -9.199999809265137
vertex 15.467279434204102 -55.69997787475586 -9.123879432678223
endloop
endfacet
facet normal 0.1950899401984604 0 0.9807853563514094
outer loop
vertex 15.467279434204102 -54.499977111816406 -9.123879432678223
vertex 15.467279434204102 -55.69997787475586 -9.123879432678223
vertex 15.849963188171387 -54.499977111816406 -9.199999809265137
endloop
endfacet
facet normal 0.5555702100670031 0 0.8314696276389812
outer loop
vertex 15.142855644226074 -55.69997787475586 -8.907106399536133
vertex 15.467279434204102 -55.69997787475586 -9.123879432678223
vertex 15.467279434204102 -54.499977111816406 -9.123879432678223
endloop
endfacet
facet normal 0.5555702100670031 0 0.8314696276389812
outer loop
vertex 15.142855644226074 -55.69997787475586 -8.907106399536133
vertex 15.467279434204102 -54.499977111816406 -9.123879432678223
vertex 15.142855644226074 -54.499977111816406 -8.907106399536133
endloop
endfacet
facet normal 0.8314700022881474 0 0.5555696493644593
outer loop
vertex 14.9260835647583 -55.69997787475586 -8.582683563232422
vertex 15.142855644226074 -55.69997787475586 -8.907106399536133
vertex 15.142855644226074 -54.499977111816406 -8.907106399536133
endloop
endfacet
facet normal 0.8314700022881474 0 0.5555696493644593
outer loop
vertex 14.9260835647583 -55.69997787475586 -8.582683563232422
vertex 15.142855644226074 -54.499977111816406 -8.907106399536133
vertex 14.9260835647583 -54.499977111816406 -8.582683563232422
endloop
endfacet
facet normal -0.8314700022881474 0 0.5555696493644593
outer loop
vertex 24.273841857910156 -54.499977111816406 -8.582683563232422
vertex 24.057069778442383 -55.69997787475586 -8.907106399536133
vertex 24.273841857910156 -55.69997787475586 -8.582683563232422
endloop
endfacet
facet normal 0 0 1
outer loop
vertex 23.34996223449707 -54.499977111816406 -9.199999809265137
vertex 15.849963188171387 -54.499977111816406 -9.199999809265137
vertex 15.849963188171387 -55.69997787475586 -9.199999809265137
endloop
endfacet
facet normal 0 0 1
outer loop
vertex 23.34996223449707 -54.499977111816406 -9.199999809265137
vertex 15.849963188171387 -55.69997787475586 -9.199999809265137
vertex 23.34996223449707 -55.69997787475586 -9.199999809265137
endloop
endfacet
facet normal -0.1950894725259293 0 0.9807854493769546
outer loop
vertex 23.732646942138672 -54.499977111816406 -9.123879432678223
vertex 23.34996223449707 -55.69997787475586 -9.199999809265137
vertex 23.732646942138672 -55.69997787475586 -9.123879432678223
endloop
endfacet
facet normal -0.1950894725259293 0 0.9807854493769546
outer loop
vertex 23.34996223449707 -54.499977111816406 -9.199999809265137
vertex 23.34996223449707 -55.69997787475586 -9.199999809265137
vertex 23.732646942138672 -54.499977111816406 -9.123879432678223
endloop
endfacet
facet normal -0.5555713391342493 0 0.8314688732193027
outer loop
vertex 23.732646942138672 -54.499977111816406 -9.123879432678223
vertex 23.732646942138672 -55.69997787475586 -9.123879432678223
vertex 24.057069778442383 -54.499977111816406 -8.907106399536133
endloop
endfacet
facet normal -0.5555713391342493 0 0.8314688732193027
outer loop
vertex 24.057069778442383 -54.499977111816406 -8.907106399536133
vertex 23.732646942138672 -55.69997787475586 -9.123879432678223
vertex 24.057069778442383 -55.69997787475586 -8.907106399536133
endloop
endfacet
facet normal -0.8314700022881474 0 0.5555696493644593
outer loop
vertex 24.057069778442383 -54.499977111816406 -8.907106399536133
vertex 24.057069778442383 -55.69997787475586 -8.907106399536133
vertex 24.273841857910156 -54.499977111816406 -8.582683563232422
endloop
endfacet
facet normal 0.2588187189266581 -0.9659259136875683 0
outer loop
vertex 41.86141586303711 -58.57843780517578 -0.5
vertex 41.86141586303711 -58.57843780517578 -1.5
vertex 43.20838928222656 -58.2175178527832 -0.5
endloop
endfacet
facet normal 0.0871572759617764 -0.9961945639517026 0
outer loop
vertex 40.872230529785156 -58.664981842041016 -0.5
vertex 40.872230529785156 -58.664981842041016 -1.5
vertex 41.86141586303711 -58.57843780517578 -0.5
endloop
endfacet
facet normal 1 0 0
outer loop
vertex 44.97222900390625 -57.19643783569336 -1
vertex 44.97222900390625 -56.69643783569336 -0.5
vertex 44.97222900390625 -57.278076171875 -0.5
endloop
endfacet
facet normal 0.5735781035076711 -0.8191508769308272 0
outer loop
vertex 44.47222900390625 -57.62818145751953 -0.5
vertex 44.47222900390625 -57.62818145751953 -1.5
vertex 44.97222900390625 -57.278076171875 -0.5
endloop
endfacet
facet normal 1 0 0
outer loop
vertex 44.97222900390625 -57.278076171875 -0.5
vertex 44.97222900390625 -57.278076171875 -1.5
vertex 44.97222900390625 -57.19643783569336 -1
endloop
endfacet
facet normal -1 0 0
outer loop
vertex 35.97222900390625 -57.195194244384766 -1
vertex 35.97222900390625 -57.195194244384766 -1.5081205368041992
vertex 35.97222900390625 -57.278076171875 -1.5
endloop
endfacet
facet normal -1 0 0
outer loop
vertex 35.97222900390625 -57.195194244384766 -1
vertex 35.97222900390625 -57.278076171875 -1.5
vertex 35.97222900390625 -57.278076171875 -0.5
endloop
endfacet
facet normal -1 0 0
outer loop
vertex 35.97222900390625 -56.695194244384766 -0.5
vertex 35.97222900390625 -57.195194244384766 -1
vertex 35.97222900390625 -57.278076171875 -0.5
endloop
endfacet
facet normal -0.050191578103177176 -0.10763650541589753 -0.992922548937915
outer loop
vertex 36.47222900390625 -57.62818145751953 -1.5
vertex 37.42148971557617 -57.195396423339844 -1.5949000120162964
vertex 37.73606872558594 -58.2175178527832 -1.5
endloop
endfacet
facet normal -0.06811997193444554 -0.09728375995826108 -0.9929227258311866
outer loop
vertex 35.97222900390625 -57.278076171875 -1.5
vertex 35.97222900390625 -57.195194244384766 -1.5081205368041992
vertex 36.72215270996094 -57.19529724121094 -1.5595593452453613
endloop
endfacet
facet normal -0.06811984908367871 -0.09728480528117779 -0.9929226318410816
outer loop
vertex 36.72215270996094 -57.19529724121094 -1.5595593452453613
vertex 36.47222900390625 -57.62818145751953 -1.5
vertex 35.97222900390625 -57.278076171875 -1.5
endloop
endfacet
facet normal -0.050192144570183006 -0.10763528565543512 -0.992922652529047
outer loop
vertex 36.72215270996094 -57.19529724121094 -1.5595593452453613
vertex 37.42148971557617 -57.195396423339844 -1.5949000120162964
vertex 36.47222900390625 -57.62818145751953 -1.5
endloop
endfacet
facet normal -0.03073814151130625 -0.11471646080119803 -0.9929226053815463
outer loop
vertex 37.73606872558594 -58.2175178527832 -1.5
vertex 38.00846862792969 -57.4691047668457 -1.5949000120162964
vertex 39.08304214477539 -58.57843780517578 -1.5
endloop
endfacet
facet normal -0.05019080891307688 -0.10763627461473539 -0.9929226128393452
outer loop
vertex 37.42148971557617 -57.195396423339844 -1.5949000120162964
vertex 38.00846862792969 -57.4691047668457 -1.5949000120162964
vertex 37.73606872558594 -58.2175178527832 -1.5
endloop
endfacet
facet normal -0.044929829455911056 -0.09635388563043584 -0.9943325596343406
outer loop
vertex 38.00846862792969 -57.4691047668457 -1.5949000120162964
vertex 37.42148971557617 -57.195396423339844 -1.5949000120162964
vertex 38.108055114746094 -57.195491790771484 -1.6259138584136963
endloop
endfacet
facet normal -0.03073824108335615 -0.1147165560482067 -0.9929225912947798
outer loop
vertex 39.221343994140625 -57.79409408569336 -1.5949000120162964
vertex 39.08304214477539 -58.57843780517578 -1.5
vertex 38.00846862792969 -57.4691047668457 -1.5949000120162964
endloop
endfacet
facet normal -0.010351088366339644 -0.11831138419302538 -0.9929225908095567
outer loop
vertex 39.08304214477539 -58.57843780517578 -1.5
vertex 39.221343994140625 -57.79409408569336 -1.5949000120162964
vertex 40.072227478027344 -58.664981842041016 -1.5
endloop
endfacet
facet normal -0.027515690145235926 -0.10269208175732204 -0.9943325515843172
outer loop
vertex 38.00846862792969 -57.4691047668457 -1.5949000120162964
vertex 38.108055114746094 -57.195491790771484 -1.6259138584136963
vertex 39.326866149902344 -57.19565963745117 -1.6596240997314453
endloop
endfacet
facet normal -0.027515955018912873 -0.10269083346659753 -0.9943326731739899
outer loop
vertex 39.221343994140625 -57.79409408569336 -1.5949000120162964
vertex 38.00846862792969 -57.4691047668457 -1.5949000120162964
vertex 39.326866149902344 -57.19565963745117 -1.6596240997314453
endloop
endfacet
facet normal -0.010351063877468076 -0.11831136060080781 -0.9929225938759729
outer loop
vertex 39.221343994140625 -57.79409408569336 -1.5949000120162964
vertex 40.072227478027344 -57.86853790283203 -1.5949000120162964
vertex 40.072227478027344 -58.664981842041016 -1.5
endloop
endfacet
facet normal -0.00926595860794583 -0.10590886118934541 -0.9943326682416965
outer loop
vertex 39.221343994140625 -57.79409408569336 -1.5949000120162964
vertex 39.326866149902344 -57.19565963745117 -1.6596240997314453
vertex 40.072227478027344 -57.195762634277344 -1.6665589809417725
endloop
endfacet
facet normal -0.00926596776951826 -0.10590884831473871 -0.9943326695276284
outer loop
vertex 40.072227478027344 -57.86853790283203 -1.5949000120162964
vertex 39.221343994140625 -57.79409408569336 -1.5949000120162964
vertex 40.072227478027344 -57.195762634277344 -1.6665589809417725
endloop
endfacet
facet normal 0.01035108629984877 -0.1183113605733453 -0.9929225936454951
outer loop
vertex 40.872230529785156 -57.86853790283203 -1.5949000120162964
vertex 41.86141586303711 -58.57843780517578 -1.5
vertex 40.872230529785156 -58.664981842041016 -1.5
endloop
endfacet
facet normal 0.010351066279839425 -0.11831138805961072 -0.9929225905790836
outer loop
vertex 40.872230529785156 -57.86853790283203 -1.5949000120162964
vertex 41.723114013671875 -57.79409408569336 -1.5949000120162964
vertex 41.86141586303711 -58.57843780517578 -1.5
endloop
endfacet
facet normal 0.009265874776081214 -0.10590894841981567 -0.9943326597317633
outer loop
vertex 40.872230529785156 -57.19587326049805 -1.666547179222107
vertex 41.61764907836914 -57.19597625732422 -1.6595898866653442
vertex 41.723114013671875 -57.79409408569336 -1.5949000120162964
endloop
endfacet
facet normal 0.009265965385397685 -0.10590882106453986 -0.9943326724523317
outer loop
vertex 41.723114013671875 -57.79409408569336 -1.5949000120162964
vertex 40.872230529785156 -57.86853790283203 -1.5949000120162964
vertex 40.872230529785156 -57.19587326049805 -1.666547179222107
endloop
endfacet
facet normal 0.030738170396299697 -0.11471656860160676 -0.9929225920327128
outer loop
vertex 41.86141586303711 -58.57843780517578 -1.5
vertex 41.723114013671875 -57.79409408569336 -1.5949000120162964
vertex 43.20838928222656 -58.2175178527832 -1.5
endloop
endfacet
facet normal 0.030738209004710124 -0.11471643632919659 -0.9929226061194862
outer loop
vertex 41.723114013671875 -57.79409408569336 -1.5949000120162964
vertex 42.93598937988281 -57.4691047668457 -1.5949000120162964
vertex 43.20838928222656 -58.2175178527832 -1.5
endloop
endfacet
facet normal 0.02751584421978116 -0.10269096764102585 -0.9943326623830792
outer loop
vertex 41.723114013671875 -57.79409408569336 -1.5949000120162964
vertex 41.61764907836914 -57.19597625732422 -1.6595898866653442
vertex 42.836639404296875 -57.196144104003906 -1.6258398294448853
endloop
endfacet
facet normal 0.027516135364769084 -0.10269150652578352 -0.9943325986721206
outer loop
vertex 42.93598937988281 -57.4691047668457 -1.5949000120162964
vertex 41.723114013671875 -57.79409408569336 -1.5949000120162964
vertex 42.836639404296875 -57.196144104003906 -1.6258398294448853
endloop
endfacet
facet normal 0.050191374176117014 -0.10763606809161036 -0.992922606653757
outer loop
vertex 43.20838928222656 -58.2175178527832 -1.5
vertex 42.93598937988281 -57.4691047668457 -1.5949000120162964
vertex 44.47222900390625 -57.62818145751953 -1.5
endloop
endfacet
facet normal 0.044930192457413455 -0.09635328169289911 -0.9943326017549403
outer loop
vertex 42.93598937988281 -57.4691047668457 -1.5949000120162964
vertex 42.836639404296875 -57.196144104003906 -1.6258398294448853
vertex 43.52116012573242 -57.19623565673828 -1.5949000120162964
endloop
endfacet
facet normal 0.05019138534098921 -0.10763596650294842 -0.9929226171019213
outer loop
vertex 43.52116012573242 -57.19623565673828 -1.5949000120162964
vertex 44.47222900390625 -57.62818145751953 -1.5
vertex 42.93598937988281 -57.4691047668457 -1.5949000120162964
endloop
endfacet
facet normal 0.05019111362993797 -0.10763655379331041 -0.9929225671723282
outer loop
vertex 44.47222900390625 -57.62818145751953 -1.5
vertex 43.52116012573242 -57.19623565673828 -1.5949000120162964
vertex 44.222904205322266 -57.19633483886719 -1.5594168901443481
endloop
endfacet
facet normal 0.068120176842731 -0.09728528515186416 -0.992922562337988
outer loop
vertex 44.47222900390625 -57.62818145751953 -1.5
vertex 44.222904205322266 -57.19633483886719 -1.5594168901443481
vertex 44.97222900390625 -57.19643783569336 -1.5079988241195679
endloop
endfacet
facet normal 0.06812021994317713 -0.097285334921137 -0.9929225545047183
outer loop
vertex 44.47222900390625 -57.62818145751953 -1.5
vertex 44.97222900390625 -57.19643783569336 -1.5079988241195679
vertex 44.97222900390625 -57.278076171875 -1.5
endloop
endfacet
facet normal -0.5735781035076711 -0.8191508769308272 0
outer loop
vertex 36.47222900390625 -57.62818145751953 -1.5
vertex 36.47222900390625 -57.62818145751953 -0.5
vertex 35.97222900390625 -57.278076171875 -1.5
endloop
endfacet
facet normal -0.42261723351328206 -0.906308266506259 0
outer loop
vertex 37.73606872558594 -58.2175178527832 -1.5
vertex 37.73606872558594 -58.2175178527832 -0.5
vertex 36.47222900390625 -57.62818145751953 -1.5
endloop
endfacet
facet normal -0.2588187189266581 -0.9659259136875683 0
outer loop
vertex 37.73606872558594 -58.2175178527832 -1.5
vertex 39.08304214477539 -58.57843780517578 -1.5
vertex 39.08304214477539 -58.57843780517578 -0.5
endloop
endfacet
facet normal -0.0871572759617764 -0.9961945639517026 0
outer loop
vertex 39.08304214477539 -58.57843780517578 -1.5
vertex 40.072227478027344 -58.664981842041016 -1.5
vertex 40.072227478027344 -58.664981842041016 -0.5
endloop
endfacet
facet normal -0.42261723351328206 -0.906308266506259 0
outer loop
vertex 36.47222900390625 -57.62818145751953 -0.5
vertex 36.47222900390625 -57.62818145751953 -1.5
vertex 37.73606872558594 -58.2175178527832 -0.5
endloop
endfacet
facet normal -0.5735781035076711 -0.8191508769308272 0
outer loop
vertex 35.97222900390625 -57.278076171875 -0.5
vertex 35.97222900390625 -57.278076171875 -1.5
vertex 36.47222900390625 -57.62818145751953 -0.5
endloop
endfacet
facet normal -0.2588187189266581 -0.9659259136875683 0
outer loop
vertex 37.73606872558594 -58.2175178527832 -0.5
vertex 37.73606872558594 -58.2175178527832 -1.5
vertex 39.08304214477539 -58.57843780517578 -0.5
endloop
endfacet
facet normal -0.0871572759617764 -0.9961945639517026 0
outer loop
vertex 39.08304214477539 -58.57843780517578 -0.5
vertex 39.08304214477539 -58.57843780517578 -1.5
vertex 40.072227478027344 -58.664981842041016 -0.5
endloop
endfacet
facet normal 0.0871572759617764 -0.9961945639517026 0
outer loop
vertex 41.86141586303711 -58.57843780517578 -1.5
vertex 41.86141586303711 -58.57843780517578 -0.5
vertex 40.872230529785156 -58.664981842041016 -1.5
endloop
endfacet
facet normal 0.2588187189266581 -0.9659259136875683 0
outer loop
vertex 41.86141586303711 -58.57843780517578 -1.5
vertex 43.20838928222656 -58.2175178527832 -1.5
vertex 43.20838928222656 -58.2175178527832 -0.5
endloop
endfacet
facet normal 1 0 0
outer loop
vertex 44.97222900390625 -57.278076171875 -1.5
vertex 44.97222900390625 -57.19643783569336 -1.5079988241195679
vertex 44.97222900390625 -57.19643783569336 -1
endloop
endfacet
facet normal 0.42261723351328206 -0.906308266506259 0
outer loop
vertex 43.20838928222656 -58.2175178527832 -1.5
vertex 44.47222900390625 -57.62818145751953 -1.5
vertex 44.47222900390625 -57.62818145751953 -0.5
endloop
endfacet
facet normal 0.5735781035076711 -0.8191508769308272 0
outer loop
vertex 44.47222900390625 -57.62818145751953 -1.5
vertex 44.97222900390625 -57.278076171875 -1.5
vertex 44.97222900390625 -57.278076171875 -0.5
endloop
endfacet
facet normal 0.42261723351328206 -0.906308266506259 0
outer loop
vertex 43.20838928222656 -58.2175178527832 -0.5
vertex 43.20838928222656 -58.2175178527832 -1.5
vertex 44.47222900390625 -57.62818145751953 -0.5
endloop
endfacet
facet normal -1 0 0
outer loop
vertex -44.95994186401367 -57.18402099609375 -1.5092153549194336
vertex -44.95994186401367 -57.278076171875 -1.5
vertex -44.95994186401367 -57.278076171875 -0.5
endloop
endfacet
facet normal -0.5735781035076711 -0.8191508769308272 0
outer loop
vertex -44.45994186401367 -57.62818145751953 -1.5
vertex -44.45994186401367 -57.62818145751953 -0.5
vertex -44.95994186401367 -57.278076171875 -1.5
endloop
endfacet
facet normal 1 0 0
outer loop
vertex -35.95994186401367 -57.278076171875 -0.5
vertex -35.95994186401367 -57.278076171875 -1.5
vertex -35.95994186401367 -57.185264587402344 -1
endloop
endfacet
facet normal 1 0 0
outer loop
vertex -35.95994186401367 -57.278076171875 -1.5
vertex -35.95994186401367 -57.185264587402344 -1.5090936422348022
vertex -35.95994186401367 -57.185264587402344 -1
endloop
endfacet
facet normal -0.06811990601580196 -0.09728475223033657 -0.9929226331330554
outer loop
vertex -44.95994186401367 -57.18402099609375 -1.5092153549194336
vertex -44.20356750488281 -57.18412399291992 -1.5610966682434082
vertex -44.95994186401367 -57.278076171875 -1.5
endloop
endfacet
facet normal -0.06811989115071783 -0.09728486535887562 -0.9929226230687465
outer loop
vertex -44.95994186401367 -57.278076171875 -1.5
vertex -44.20356750488281 -57.18412399291992 -1.5610966682434082
vertex -44.45994186401367 -57.62818145751953 -1.5
endloop
endfacet
facet normal -0.05019201119296984 -0.10763543998242281 -0.9929226425418018
outer loop
vertex -44.20356750488281 -57.18412399291992 -1.5610966682434082
vertex -43.53464889526367 -57.18421936035156 -1.5949000120162964
vertex -44.45994186401367 -57.62818145751953 -1.5
endloop
endfacet
facet normal -0.05019153548229537 -0.10763641401485081 -0.9929225610005814
outer loop
vertex -44.45994186401367 -57.62818145751953 -1.5
vertex -43.53464889526367 -57.18421936035156 -1.5949000120162964
vertex -43.196102142333984 -58.2175178527832 -1.5
endloop
endfacet
facet normal -0.044929456389264405 -0.09635278072707959 -0.9943326835595441
outer loop
vertex -42.923702239990234 -57.4691047668457 -1.5949000120162964
vertex -43.53464889526367 -57.18421936035156 -1.5949000120162964
vertex -42.82004928588867 -57.1843147277832 -1.6271803379058838
endloop
endfacet
facet normal -0.05019094459408728 -0.10763622504265666 -0.9929226113546411
outer loop
vertex -43.53464889526367 -57.18421936035156 -1.5949000120162964
vertex -42.923702239990234 -57.4691047668457 -1.5949000120162964
vertex -43.196102142333984 -58.2175178527832 -1.5
endloop
endfacet
facet normal -0.030738062168052558 -0.11471648956975991 -0.9929226045140398
outer loop
vertex -43.196102142333984 -58.2175178527832 -1.5
vertex -42.923702239990234 -57.4691047668457 -1.5949000120162964
vertex -41.849124908447266 -58.57843780517578 -1.5
endloop
endfacet
facet normal -0.030738278794330765 -0.11471669678733101 -0.9929225738671498
outer loop
vertex -41.7108268737793 -57.79409408569336 -1.5949000120162964
vertex -41.849124908447266 -58.57843780517578 -1.5
vertex -42.923702239990234 -57.4691047668457 -1.5949000120162964
endloop
endfacet
facet normal -0.027515794775251495 -0.10269070501017373 -0.9943326908748398
outer loop
vertex -42.923702239990234 -57.4691047668457 -1.5949000120162964
vertex -42.82004928588867 -57.1843147277832 -1.6271803379058838
vertex -41.603336334228516 -57.18448257446289 -1.6608326435089111
endloop
endfacet
facet normal -0.027515851563786598 -0.10269044736721859 -0.994332715911651
outer loop
vertex -41.7108268737793 -57.79409408569336 -1.5949000120162964
vertex -42.923702239990234 -57.4691047668457 -1.5949000120162964
vertex -41.603336334228516 -57.18448257446289 -1.6608326435089111
endloop
endfacet
facet normal -0.01035109264277009 -0.11831143307198261 -0.9929225849408173
outer loop
vertex -41.849124908447266 -58.57843780517578 -1.5
vertex -41.7108268737793 -57.79409408569336 -1.5949000120162964
vertex -40.85993957519531 -58.664981842041016 -1.5
endloop
endfacet
facet normal -0.010351017476558772 -0.11831136065763857 -0.9929225943529225
outer loop
vertex -41.7108268737793 -57.79409408569336 -1.5949000120162964
vertex -40.85993957519531 -57.86853790283203 -1.5949000120162964
vertex -40.85993957519531 -58.664981842041016 -1.5
endloop
endfacet
facet normal -0.009265890981727677 -0.10590839558817272 -0.9943327184641235
outer loop
vertex -41.7108268737793 -57.79409408569336 -1.5949000120162964
vertex -41.603336334228516 -57.18448257446289 -1.6608326435089111
vertex -40.85993957519531 -57.18458557128906 -1.6677491664886475
endloop
endfacet
facet normal 0.5735781035076711 -0.8191508769308272 0
outer loop
vertex -36.45994186401367 -57.62818145751953 -0.5
vertex -36.45994186401367 -57.62818145751953 -1.5
vertex -35.95994186401367 -57.278076171875 -0.5
endloop
endfacet
facet normal 0.42261723351328206 -0.906308266506259 0
outer loop
vertex -37.72378158569336 -58.2175178527832 -0.5
vertex -37.72378158569336 -58.2175178527832 -1.5
vertex -36.45994186401367 -57.62818145751953 -0.5
endloop
endfacet
facet normal -0.009265887089271044 -0.10590840095810161 -0.994332717928434
outer loop
vertex -40.85993957519531 -57.86853790283203 -1.5949000120162964
vertex -41.7108268737793 -57.79409408569336 -1.5949000120162964
vertex -40.85993957519531 -57.18458557128906 -1.6677491664886475
endloop
endfacet
facet normal 0.01035108629984877 -0.1183113605733453 -0.9929225936454951
outer loop
vertex -40.059940338134766 -57.86853790283203 -1.5949000120162964
vertex -39.07075500488281 -58.57843780517578 -1.5
vertex -40.059940338134766 -58.664981842041016 -1.5
endloop
endfacet
facet normal 0.00926569494192637 -0.10590869323774522 -0.9943326885876358
outer loop
vertex -39.20905685424805 -57.79409408569336 -1.5949000120162964
vertex -40.059940338134766 -57.184696197509766 -1.667737364768982
vertex -39.316490173339844 -57.18479919433594 -1.6607985496520996
endloop
endfacet
facet normal 0.2588187189266581 -0.9659259136875683 0
outer loop
vertex -39.07075500488281 -58.57843780517578 -0.5
vertex -39.07075500488281 -58.57843780517578 -1.5
vertex -37.72378158569336 -58.2175178527832 -0.5
endloop
endfacet
facet normal 0.0871572759617764 -0.9961945639517026 0
outer loop
vertex -40.059940338134766 -58.664981842041016 -0.5
vertex -40.059940338134766 -58.664981842041016 -1.5
vertex -39.07075500488281 -58.57843780517578 -0.5
endloop
endfacet
facet normal 0.009265926275222562 -0.10590837404014827 -0.9943327204303568
outer loop
vertex -40.059940338134766 -57.86853790283203 -1.5949000120162964
vertex -40.059940338134766 -57.184696197509766 -1.667737364768982
vertex -39.20905685424805 -57.79409408569336 -1.5949000120162964
endloop
endfacet
facet normal 0.5735781035076711 -0.8191508769308272 0
outer loop
vertex -36.45994186401367 -57.62818145751953 -1.5
vertex -35.95994186401367 -57.278076171875 -1.5
vertex -35.95994186401367 -57.278076171875 -0.5
endloop
endfacet
facet normal 0.42261723351328206 -0.906308266506259 0
outer loop
vertex -37.72378158569336 -58.2175178527832 -1.5
vertex -36.45994186401367 -57.62818145751953 -1.5
vertex -36.45994186401367 -57.62818145751953 -0.5
endloop
endfacet
facet normal 0.2588187189266581 -0.9659259136875683 0
outer loop
vertex -39.07075500488281 -58.57843780517578 -1.5
vertex -37.72378158569336 -58.2175178527832 -1.5
vertex -37.72378158569336 -58.2175178527832 -0.5
endloop
endfacet
facet normal 0.0871572759617764 -0.9961945639517026 0
outer loop
vertex -39.07075500488281 -58.57843780517578 -1.5
vertex -39.07075500488281 -58.57843780517578 -0.5
vertex -40.059940338134766 -58.664981842041016 -1.5
endloop
endfacet
facet normal 0.010351066279839425 -0.11831138805961072 -0.9929225905790836
outer loop
vertex -40.059940338134766 -57.86853790283203 -1.5949000120162964
vertex -39.20905685424805 -57.79409408569336 -1.5949000120162964
vertex -39.07075500488281 -58.57843780517578 -1.5
endloop
endfacet
facet normal 0.030738170396299697 -0.11471656860160676 -0.9929225920327128
outer loop
vertex -39.07075500488281 -58.57843780517578 -1.5
vertex -39.20905685424805 -57.79409408569336 -1.5949000120162964
vertex -37.72378158569336 -58.2175178527832 -1.5
endloop
endfacet
facet normal 0.02751594605129247 -0.10269073521859527 -0.9943326835688178
outer loop
vertex -39.20905685424805 -57.79409408569336 -1.5949000120162964
vertex -39.316490173339844 -57.18479919433594 -1.6607985496520996
vertex -38.0995979309082 -57.184967041015625 -1.6271064281463623
endloop
endfacet
facet normal 0.027515744304419703 -0.10269037004772566 -0.9943327268650242
outer loop
vertex -38.0995979309082 -57.184967041015625 -1.6271064281463623
vertex -37.996177673339844 -57.4691047668457 -1.5949000120162964
vertex -39.20905685424805 -57.79409408569336 -1.5949000120162964
endloop
endfacet
facet normal 0.030738158599630198 -0.1147166090169944 -0.9929225877285429
outer loop
vertex -39.20905685424805 -57.79409408569336 -1.5949000120162964
vertex -37.996177673339844 -57.4691047668457 -1.5949000120162964
vertex -37.72378158569336 -58.2175178527832 -1.5
endloop
endfacet
facet normal 0.05019147472291525 -0.10763628371555369 -0.9929225781968319
outer loop
vertex -37.72378158569336 -58.2175178527832 -1.5
vertex -37.996177673339844 -57.4691047668457 -1.5949000120162964
vertex -36.45994186401367 -57.62818145751953 -1.5
endloop
endfacet
facet normal -0.0871572759617764 -0.9961945639517026 0
outer loop
vertex -41.849124908447266 -58.57843780517578 -0.5
vertex -41.849124908447266 -58.57843780517578 -1.5
vertex -40.85993957519531 -58.664981842041016 -0.5
endloop
endfacet
facet normal -0.25881803504136525 -0.9659260969335732 0
outer loop
vertex -43.196102142333984 -58.2175178527832 -0.5
vertex -43.196102142333984 -58.2175178527832 -1.5
vertex -41.849124908447266 -58.57843780517578 -0.5
endloop
endfacet
facet normal 0.04492966151053181 -0.09635206611260824 -0.9943327435382889
outer loop
vertex -37.996177673339844 -57.4691047668457 -1.5949000120162964
vertex -38.0995979309082 -57.184967041015625 -1.6271064281463623
vertex -37.387054443359375 -57.18506622314453 -1.5949000120162964
endloop
endfacet
facet normal 0.05019156183033827 -0.10763625901428645 -0.9929225764713182
outer loop
vertex -37.996177673339844 -57.4691047668457 -1.5949000120162964
vertex -37.387054443359375 -57.18506622314453 -1.5949000120162964
vertex -36.71571731567383 -57.185157775878906 -1.5609544515609741
endloop
endfacet
facet normal 0.05019150567293925 -0.10763600210341513 -0.9929226071600329
outer loop
vertex -37.996177673339844 -57.4691047668457 -1.5949000120162964
vertex -36.71571731567383 -57.185157775878906 -1.5609544515609741
vertex -36.45994186401367 -57.62818145751953 -1.5
endloop
endfacet
facet normal -1 0 0
outer loop
vertex -44.95994186401367 -56.68402099609375 -0.5
vertex -44.95994186401367 -57.18402099609375 -1
vertex -44.95994186401367 -57.278076171875 -0.5
endloop
endfacet
facet normal -0.5735781035076711 -0.8191508769308272 0
outer loop
vertex -44.95994186401367 -57.278076171875 -0.5
vertex -44.95994186401367 -57.278076171875 -1.5
vertex -44.45994186401367 -57.62818145751953 -0.5
endloop
endfacet
facet normal -0.42261723351328206 -0.906308266506259 0
outer loop
vertex -44.45994186401367 -57.62818145751953 -0.5
vertex -44.45994186401367 -57.62818145751953 -1.5
vertex -43.196102142333984 -58.2175178527832 -0.5
endloop
endfacet
facet normal 0.06811993921139856 -0.09728519118055384 -0.9929225878480147
outer loop
vertex -36.45994186401367 -57.62818145751953 -1.5
vertex -36.71571731567383 -57.185157775878906 -1.5609544515609741
vertex -35.95994186401367 -57.185264587402344 -1.5090936422348022
endloop
endfacet
facet normal -0.0871572759617764 -0.9961945639517026 0
outer loop
vertex -41.849124908447266 -58.57843780517578 -1.5
vertex -40.85993957519531 -58.664981842041016 -1.5
vertex -40.85993957519531 -58.664981842041016 -0.5
endloop
endfacet
facet normal -0.25881803504136525 -0.9659260969335732 0
outer loop
vertex -43.196102142333984 -58.2175178527832 -1.5
vertex -41.849124908447266 -58.57843780517578 -1.5
vertex -41.849124908447266 -58.57843780517578 -0.5
endloop
endfacet
facet normal 0.06812078818941711 -0.09728614645735666 -0.99292243600592
outer loop
vertex -36.45994186401367 -57.62818145751953 -1.5
vertex -35.95994186401367 -57.185264587402344 -1.5090936422348022
vertex -35.95994186401367 -57.278076171875 -1.5
endloop
endfacet
facet normal -0.42261723351328206 -0.906308266506259 0
outer loop
vertex -43.196102142333984 -58.2175178527832 -1.5
vertex -43.196102142333984 -58.2175178527832 -0.5
vertex -44.45994186401367 -57.62818145751953 -1.5
endloop
endfacet
facet normal -1 0 0
outer loop
vertex -44.95994186401367 -57.18402099609375 -1
vertex -44.95994186401367 -57.18402099609375 -1.5092153549194336
vertex -44.95994186401367 -57.278076171875 -0.5
endloop
endfacet
facet normal 1 0 0
outer loop
vertex -35.95994186401367 -57.185264587402344 -1
vertex -35.95994186401367 -56.685264587402344 -0.5
vertex -35.95994186401367 -57.278076171875 -0.5
endloop
endfacet
facet normal -1 0 0
outer loop
vertex 40.872230529785156 -55.999977111816406 -0.5
vertex 40.872230529785156 -58.664981842041016 -1.5
vertex 40.872230529785156 -58.664981842041016 -0.5
endloop
endfacet
facet normal -0.831469252991977 0.5555707707654927 0
outer loop
vertex 46.325782775878906 -55.85353088378906 -4
vertex 46.325782775878906 -55.85353088378906 -0.5
vertex 46.43416976928711 -55.69131851196289 -0.5
endloop
endfacet
facet normal 0 0 -1
outer loop
vertex 46.47222900390625 -57.1966438293457 -4
vertex 40.872230529785156 -55.999977111816406 -4
vertex 46.163570404052734 -55.961917877197266 -4
endloop
endfacet
facet normal 1 0 0
outer loop
vertex 34.47222900390625 -57.19498825073242 -5
vertex 34.47222900390625 -54.499977111816406 -5
vertex 34.47222900390625 -55.499977111816406 -4
endloop
endfacet
facet normal 1 0 0
outer loop
vertex 34.47222900390625 -57.19498825073242 -4
vertex 34.47222900390625 -57.19498825073242 -5
vertex 34.47222900390625 -55.499977111816406 -4
endloop
endfacet
facet normal 0 0 -1
outer loop
vertex 34.47222900390625 -57.19498825073242 -4
vertex 34.51028823852539 -55.69131851196289 -4
vertex 34.618675231933594 -55.85353088378906 -4
endloop
endfacet
facet normal 0 0 -1
outer loop
vertex 34.51028823852539 -55.69131851196289 -4
vertex 34.47222900390625 -57.19498825073242 -4
vertex 34.47222900390625 -55.499977111816406 -4
endloop
endfacet
facet normal 0 0 -1
outer loop
vertex 34.47222900390625 -57.19498825073242 -4
vertex 34.618675231933594 -55.85353088378906 -4
vertex 34.780887603759766 -55.961917877197266 -4
endloop
endfacet
facet normal 0 0 -1
outer loop
vertex 34.47222900390625 -57.19498825073242 -4
vertex 34.780887603759766 -55.961917877197266 -4
vertex 34.97222900390625 -55.999977111816406 -4
endloop
endfacet
facet normal 1 0 0
outer loop
vertex 34.47222900390625 -54.499977111816406 -5
vertex 34.47222900390625 -54.499977111816406 -0.5
vertex 34.47222900390625 -55.499977111816406 -4
endloop
endfacet
facet normal 0.9807861986664705 0.19508570553829574 0
outer loop
vertex 34.51028823852539 -55.69131851196289 -0.5
vertex 34.51028823852539 -55.69131851196289 -4
vertex 34.47222900390625 -55.499977111816406 -4
endloop
endfacet
facet normal 0.831469252991977 0.5555707707654927 0
outer loop
vertex 34.618675231933594 -55.85353088378906 -0.5
vertex 34.618675231933594 -55.85353088378906 -4
vertex 34.51028823852539 -55.69131851196289 -4
endloop
endfacet
facet normal 0.5555707707654927 0.831469252991977 0
outer loop
vertex 34.780887603759766 -55.961917877197266 -0.5
vertex 34.780887603759766 -55.961917877197266 -4
vertex 34.618675231933594 -55.85353088378906 -4
endloop
endfacet
facet normal 0.19508570553829574 0.9807861986664705 0
outer loop
vertex 34.97222900390625 -55.999977111816406 -0.5
vertex 34.97222900390625 -55.999977111816406 -4
vertex 34.780887603759766 -55.961917877197266 -4
endloop
endfacet
facet normal 0.5555707707654927 0.831469252991977 0
outer loop
vertex 34.618675231933594 -55.85353088378906 -4
vertex 34.618675231933594 -55.85353088378906 -0.5
vertex 34.780887603759766 -55.961917877197266 -0.5
endloop
endfacet
facet normal 0.831469252991977 0.5555707707654927 0
outer loop
vertex 34.51028823852539 -55.69131851196289 -4
vertex 34.51028823852539 -55.69131851196289 -0.5
vertex 34.618675231933594 -55.85353088378906 -0.5
endloop
endfacet
facet normal 0.19508570553829574 0.9807861986664705 0
outer loop
vertex 34.780887603759766 -55.961917877197266 -4
vertex 34.780887603759766 -55.961917877197266 -0.5
vertex 34.97222900390625 -55.999977111816406 -0.5
endloop
endfacet
facet normal 0.9807861986664705 0.19508570553829574 0
outer loop
vertex 34.47222900390625 -55.499977111816406 -4
vertex 34.47222900390625 -55.499977111816406 -0.5
vertex 34.51028823852539 -55.69131851196289 -0.5
endloop
endfacet
facet normal 1 0 0
outer loop
vertex 34.47222900390625 -55.499977111816406 -0.5
vertex 34.47222900390625 -55.499977111816406 -4
vertex 34.47222900390625 -54.499977111816406 -0.5
endloop
endfacet
facet normal 0 0 1
outer loop
vertex 46.47222900390625 -54.499977111816406 -5
vertex 34.47222900390625 -54.499977111816406 -5
vertex 34.47222900390625 -57.19498825073242 -5
endloop
endfacet
facet normal 0 0 1
outer loop
vertex 46.47222900390625 -54.499977111816406 -5
vertex 34.47222900390625 -57.19498825073242 -5
vertex 46.47222900390625 -57.1966438293457 -5
endloop
endfacet
facet normal -1 0 0
outer loop
vertex 46.47222900390625 -54.499977111816406 -5
vertex 46.47222900390625 -57.1966438293457 -5
vertex 46.47222900390625 -55.499977111816406 -4
endloop
endfacet
facet normal 0 0 -1
outer loop
vertex 34.47222900390625 -57.19498825073242 -4
vertex 34.97222900390625 -55.999977111816406 -4
vertex 40.072227478027344 -57.195762634277344 -4
endloop
endfacet
facet normal 0 0 -1
outer loop
vertex 40.072227478027344 -57.195762634277344 -4
vertex 34.97222900390625 -55.999977111816406 -4
vertex 40.072227478027344 -55.999977111816406 -4
endloop
endfacet
facet normal 0 0 -1
outer loop
vertex 40.872230529785156 -57.19587326049805 -4
vertex 40.872230529785156 -55.999977111816406 -4
vertex 46.47222900390625 -57.1966438293457 -4
endloop
endfacet
facet normal 1 0 0
outer loop
vertex 40.072227478027344 -57.195762634277344 -1.6665589809417725
vertex 40.072227478027344 -57.195762634277344 -4
vertex 40.072227478027344 -55.999977111816406 -4
endloop
endfacet
facet normal 0 1 0
outer loop
vertex 34.97222900390625 -55.999977111816406 -4
vertex 40.072227478027344 -55.999977111816406 -0.5
vertex 40.072227478027344 -55.999977111816406 -4
endloop
endfacet
facet normal -1 0 0
outer loop
vertex 40.872230529785156 -55.999977111816406 -4
vertex 40.872230529785156 -57.19587326049805 -4
vertex 40.872230529785156 -57.19587326049805 -1.666547179222107
endloop
endfacet
facet normal -0.007192554448326423 0.9999741332457095 0
outer loop
vertex 46.163570404052734 -55.961917877197266 -0.5
vertex 46.163570404052734 -55.961917877197266 -4
vertex 40.872230529785156 -55.999977111816406 -4
endloop
endfacet
facet normal -1 0 0
outer loop
vertex 46.47222900390625 -55.499977111816406 -4
vertex 46.47222900390625 -57.1966438293457 -5
vertex 46.47222900390625 -57.1966438293457 -4
endloop
endfacet
facet normal 0 0 -1
outer loop
vertex 46.47222900390625 -57.1966438293457 -4
vertex 46.163570404052734 -55.961917877197266 -4
vertex 46.325782775878906 -55.85353088378906 -4
endloop
endfacet
facet normal 0 0 -1
outer loop
vertex 46.47222900390625 -57.1966438293457 -4
vertex 46.325782775878906 -55.85353088378906 -4
vertex 46.43416976928711 -55.69131851196289 -4
endloop
endfacet
facet normal 0 0 -1
outer loop
vertex 46.47222900390625 -55.499977111816406 -4
vertex 46.47222900390625 -57.1966438293457 -4
vertex 46.43416976928711 -55.69131851196289 -4
endloop
endfacet
facet normal -1 0 0
outer loop
vertex 46.47222900390625 -55.499977111816406 -0.5
vertex 46.47222900390625 -54.499977111816406 -5
vertex 46.47222900390625 -55.499977111816406 -4
endloop
endfacet
facet normal -0.5555707707654927 0.831469252991977 0
outer loop
vertex 46.325782775878906 -55.85353088378906 -0.5
vertex 46.325782775878906 -55.85353088378906 -4
vertex 46.163570404052734 -55.961917877197266 -4
endloop
endfacet
facet normal -0.831469252991977 0.5555707707654927 0
outer loop
vertex 46.43416976928711 -55.69131851196289 -0.5
vertex 46.43416976928711 -55.69131851196289 -4
vertex 46.325782775878906 -55.85353088378906 -4
endloop
endfacet
facet normal -0.9807861986664705 0.19508570553829574 0
outer loop
vertex 46.47222900390625 -55.499977111816406 -0.5
vertex 46.47222900390625 -55.499977111816406 -4
vertex 46.43416976928711 -55.69131851196289 -4
endloop
endfacet
facet normal 1 0 0
outer loop
vertex 40.072227478027344 -55.999977111816406 -4
vertex 40.072227478027344 -55.999977111816406 -0.5
vertex 40.072227478027344 -57.195762634277344 -1.6665589809417725
endloop
endfacet
facet normal 0 1 0
outer loop
vertex 40.072227478027344 -55.999977111816406 -0.5
vertex 34.97222900390625 -55.999977111816406 -4
vertex 34.97222900390625 -55.999977111816406 -0.5
endloop
endfacet
facet normal -1 0 0
outer loop
vertex 40.872230529785156 -55.999977111816406 -0.5
vertex 40.872230529785156 -55.999977111816406 -4
vertex 40.872230529785156 -57.19587326049805 -1.666547179222107
endloop
endfacet
facet normal -0.007192554448326423 0.9999741332457095 0
outer loop
vertex 46.163570404052734 -55.961917877197266 -0.5
vertex 40.872230529785156 -55.999977111816406 -4
vertex 40.872230529785156 -55.999977111816406 -0.5
endloop
endfacet
facet normal 1 0 0
outer loop
vertex 40.072227478027344 -58.664981842041016 -0.5
vertex 40.072227478027344 -57.86853790283203 -1.5949000120162964
vertex 40.072227478027344 -57.195762634277344 -1.6665589809417725
endloop
endfacet
facet normal 1 0 0
outer loop
vertex 40.072227478027344 -58.664981842041016 -0.5
vertex 40.072227478027344 -58.664981842041016 -1.5
vertex 40.072227478027344 -57.86853790283203 -1.5949000120162964
endloop
endfacet
facet normal 1 0 0
outer loop
vertex 40.072227478027344 -58.664981842041016 -0.5
vertex 40.072227478027344 -57.195762634277344 -1.6665589809417725
vertex 40.072227478027344 -55.999977111816406 -0.5
endloop
endfacet
facet normal -1 0 0
outer loop
vertex 40.872230529785156 -55.999977111816406 -0.5
vertex 40.872230529785156 -57.19587326049805 -1.666547179222107
vertex 40.872230529785156 -57.86853790283203 -1.5949000120162964
endloop
endfacet
facet normal -1 0 0
outer loop
vertex 40.872230529785156 -58.664981842041016 -1.5
vertex 40.872230529785156 -55.999977111816406 -0.5
vertex 40.872230529785156 -57.86853790283203 -1.5949000120162964
endloop
endfacet
facet normal -1 0 0
outer loop
vertex 46.47222900390625 -54.499977111816406 -5
vertex 46.47222900390625 -55.499977111816406 -0.5
vertex 46.47222900390625 -54.499977111816406 -0.5
endloop
endfacet
facet normal -0.5555707707654927 0.831469252991977 0
outer loop
vertex 46.163570404052734 -55.961917877197266 -4
vertex 46.163570404052734 -55.961917877197266 -0.5
vertex 46.325782775878906 -55.85353088378906 -0.5
endloop
endfacet
facet normal -0.9807861986664705 0.19508570553829574 0
outer loop
vertex 46.43416976928711 -55.69131851196289 -4
vertex 46.43416976928711 -55.69131851196289 -0.5
vertex 46.47222900390625 -55.499977111816406 -0.5
endloop
endfacet
facet normal 1 0 0
outer loop
vertex -46.45994186401367 -54.499977111816406 -5
vertex -46.45994186401367 -54.499977111816406 -0.5
vertex -46.45994186401367 -55.499977111816406 -4
endloop
endfacet
facet normal 0 0 -1
outer loop
vertex -34.45994186401367 -57.18547058105469 -4
vertex -34.76860046386719 -55.961917877197266 -4
vertex -34.606388092041016 -55.85353088378906 -4
endloop
endfacet
facet normal 1 0 0
outer loop
vertex -40.85993957519531 -55.999977111816406 -4
vertex -40.85993957519531 -55.999977111816406 -0.5
vertex -40.85993957519531 -57.18458557128906 -1.6677491664886475
endloop
endfacet
facet normal 0 1 0
outer loop
vertex -40.85993957519531 -55.999977111816406 -0.5
vertex -45.95994186401367 -55.999977111816406 -4
vertex -45.95994186401367 -55.999977111816406 -0.5
endloop
endfacet
facet normal 1 0 0
outer loop
vertex -40.85993957519531 -58.664981842041016 -0.5
vertex -40.85993957519531 -57.86853790283203 -1.5949000120162964
vertex -40.85993957519531 -57.18458557128906 -1.6677491664886475
endloop
endfacet
facet normal -1 0 0
outer loop
vertex -40.059940338134766 -55.999977111816406 -0.5
vertex -40.059940338134766 -55.999977111816406 -4
vertex -40.059940338134766 -57.184696197509766 -1.667737364768982
endloop
endfacet
facet normal -1 0 0
outer loop
vertex -40.059940338134766 -55.999977111816406 -0.5
vertex -40.059940338134766 -58.664981842041016 -1.5
vertex -40.059940338134766 -58.664981842041016 -0.5
endloop
endfacet
facet normal -1 0 0
outer loop
vertex -40.059940338134766 -58.664981842041016 -1.5
vertex -40.059940338134766 -55.999977111816406 -0.5
vertex -40.059940338134766 -57.86853790283203 -1.5949000120162964
endloop
endfacet
facet normal -1 0 0
outer loop
vertex -40.059940338134766 -55.999977111816406 -0.5
vertex -40.059940338134766 -57.184696197509766 -1.667737364768982
vertex -40.059940338134766 -57.86853790283203 -1.5949000120162964
endloop
endfacet
facet normal -0.007192554448326423 0.9999741332457095 0
outer loop
vertex -34.76860046386719 -55.961917877197266 -0.5
vertex -34.76860046386719 -55.961917877197266 -4
vertex -40.059940338134766 -55.999977111816406 -4
endloop
endfacet
facet normal 0.5555707707654927 0.831469252991977 0
outer loop
vertex -46.31349563598633 -55.85353088378906 -4
vertex -46.31349563598633 -55.85353088378906 -0.5
vertex -46.151283264160156 -55.961917877197266 -0.5
endloop
endfacet
facet normal 0.8314782854783427 0.5555572524753821 0
outer loop
vertex -46.421878814697266 -55.69131851196289 -4
vertex -46.421878814697266 -55.69131851196289 -0.5
vertex -46.31349563598633 -55.85353088378906 -0.5
endloop
endfacet
facet normal 0.980782457176804 0.19510451479714808 0
outer loop
vertex -46.45994186401367 -55.499977111816406 -4
vertex -46.45994186401367 -55.499977111816406 -0.5
vertex -46.421878814697266 -55.69131851196289 -0.5
endloop
endfacet
facet normal 1 0 0
outer loop
vertex -46.45994186401367 -55.499977111816406 -0.5
vertex -46.45994186401367 -55.499977111816406 -4
vertex -46.45994186401367 -54.499977111816406 -0.5
endloop
endfacet
facet normal 0.19508570553829574 0.9807861986664705 0
outer loop
vertex -46.151283264160156 -55.961917877197266 -4
vertex -46.151283264160156 -55.961917877197266 -0.5
vertex -45.95994186401367 -55.999977111816406 -0.5
endloop
endfacet
facet normal 1 0 0
outer loop
vertex -40.85993957519531 -58.664981842041016 -0.5
vertex -40.85993957519531 -57.18458557128906 -1.6677491664886475
vertex -40.85993957519531 -55.999977111816406 -0.5
endloop
endfacet
facet normal 0 0 -1
outer loop
vertex -34.45994186401367 -55.499977111816406 -4
vertex -34.45994186401367 -57.18547058105469 -4
vertex -34.49800109863281 -55.69131851196289 -4
endloop
endfacet
facet normal -1 0 0
outer loop
vertex -40.059940338134766 -55.999977111816406 -4
vertex -40.059940338134766 -57.184696197509766 -4
vertex -40.059940338134766 -57.184696197509766 -1.667737364768982
endloop
endfacet
facet normal 0 1 0
outer loop
vertex -45.95994186401367 -55.999977111816406 -4
vertex -40.85993957519531 -55.999977111816406 -0.5
vertex -40.85993957519531 -55.999977111816406 -4
endloop
endfacet
facet normal 1 0 0
outer loop
vertex -40.85993957519531 -55.999977111816406 -4
vertex -40.85993957519531 -57.18458557128906 -1.6677491664886475
vertex -40.85993957519531 -57.18458557128906 -4
endloop
endfacet
facet normal 0 0 -1
outer loop
vertex -34.45994186401367 -57.18547058105469 -4
vertex -40.059940338134766 -55.999977111816406 -4
vertex -34.76860046386719 -55.961917877197266 -4
endloop
endfacet
facet normal 0 0 -1
outer loop
vertex -40.059940338134766 -55.999977111816406 -4
vertex -34.45994186401367 -57.18547058105469 -4
vertex -40.059940338134766 -57.184696197509766 -4
endloop
endfacet
facet normal -1 0 0
outer loop
vertex -34.45994186401367 -54.499977111816406 -0.5
vertex -34.45994186401367 -54.499977111816406 -5
vertex -34.45994186401367 -55.499977111816406 -4
endloop
endfacet
facet normal 0 0 -1
outer loop
vertex -40.85993957519531 -57.18458557128906 -4
vertex -45.95994186401367 -55.999977111816406 -4
vertex -40.85993957519531 -55.999977111816406 -4
endloop
endfacet
facet normal 0 0 -1
outer loop
vertex -40.85993957519531 -57.18458557128906 -4
vertex -46.45994186401367 -57.183815002441406 -4
vertex -45.95994186401367 -55.999977111816406 -4
endloop
endfacet
facet normal 0.19508570553829574 0.9807861986664705 0
outer loop
vertex -45.95994186401367 -55.999977111816406 -0.5
vertex -45.95994186401367 -55.999977111816406 -4
vertex -46.151283264160156 -55.961917877197266 -4
endloop
endfacet
facet normal 0.5555707707654927 0.831469252991977 0
outer loop
vertex -46.151283264160156 -55.961917877197266 -0.5
vertex -46.151283264160156 -55.961917877197266 -4
vertex -46.31349563598633 -55.85353088378906 -4
endloop
endfacet
facet normal 0.8314782854783427 0.5555572524753821 0
outer loop
vertex -46.31349563598633 -55.85353088378906 -0.5
vertex -46.31349563598633 -55.85353088378906 -4
vertex -46.421878814697266 -55.69131851196289 -4
endloop
endfacet
facet normal 0.980782457176804 0.19510451479714808 0
outer loop
vertex -46.421878814697266 -55.69131851196289 -0.5
vertex -46.421878814697266 -55.69131851196289 -4
vertex -46.45994186401367 -55.499977111816406 -4
endloop
endfacet
facet normal -0.007192554448326423 0.9999741332457095 0
outer loop
vertex -34.76860046386719 -55.961917877197266 -0.5
vertex -40.059940338134766 -55.999977111816406 -4
vertex -40.059940338134766 -55.999977111816406 -0.5
endloop
endfacet
facet normal 0 0 -1
outer loop
vertex -46.45994186401367 -57.183815002441406 -4
vertex -46.151283264160156 -55.961917877197266 -4
vertex -45.95994186401367 -55.999977111816406 -4
endloop
endfacet
facet normal 0 0 -1
outer loop
vertex -46.45994186401367 -57.183815002441406 -4
vertex -46.31349563598633 -55.85353088378906 -4
vertex -46.151283264160156 -55.961917877197266 -4
endloop
endfacet
facet normal 0 0 -1
outer loop
vertex -46.421878814697266 -55.69131851196289 -4
vertex -46.45994186401367 -57.183815002441406 -4
vertex -46.45994186401367 -55.499977111816406 -4
endloop
endfacet
facet normal 0 0 -1
outer loop
vertex -46.45994186401367 -57.183815002441406 -4
vertex -46.421878814697266 -55.69131851196289 -4
vertex -46.31349563598633 -55.85353088378906 -4
endloop
endfacet
facet normal 1 0 0
outer loop
vertex -46.45994186401367 -57.183815002441406 -4
vertex -46.45994186401367 -57.183815002441406 -5
vertex -46.45994186401367 -55.499977111816406 -4
endloop
endfacet
facet normal 1 0 0
outer loop
vertex -40.85993957519531 -58.664981842041016 -0.5
vertex -40.85993957519531 -58.664981842041016 -1.5
vertex -40.85993957519531 -57.86853790283203 -1.5949000120162964
endloop
endfacet
facet normal -1 0 0
outer loop
vertex -34.45994186401367 -55.499977111816406 -4
vertex -34.45994186401367 -57.18547058105469 -5
vertex -34.45994186401367 -57.18547058105469 -4
endloop
endfacet
facet normal -1 0 0
outer loop
vertex -34.45994186401367 -54.499977111816406 -5
vertex -34.45994186401367 -57.18547058105469 -5
vertex -34.45994186401367 -55.499977111816406 -4
endloop
endfacet
facet normal -0.5555707707654927 0.831469252991977 0
outer loop
vertex -34.606388092041016 -55.85353088378906 -0.5
vertex -34.606388092041016 -55.85353088378906 -4
vertex -34.76860046386719 -55.961917877197266 -4
endloop
endfacet
facet normal -0.831469252991977 0.5555707707654927 0
outer loop
vertex -34.49800109863281 -55.69131851196289 -0.5
vertex -34.49800109863281 -55.69131851196289 -4
vertex -34.606388092041016 -55.85353088378906 -4
endloop
endfacet
facet normal -0.9807861986664705 0.19508570553829574 0
outer loop
vertex -34.45994186401367 -55.499977111816406 -0.5
vertex -34.45994186401367 -55.499977111816406 -4
vertex -34.49800109863281 -55.69131851196289 -4
endloop
endfacet
facet normal -0.5555707707654927 0.831469252991977 0
outer loop
vertex -34.76860046386719 -55.961917877197266 -4
vertex -34.76860046386719 -55.961917877197266 -0.5
vertex -34.606388092041016 -55.85353088378906 -0.5
endloop
endfacet
facet normal -0.831469252991977 0.5555707707654927 0
outer loop
vertex -34.606388092041016 -55.85353088378906 -4
vertex -34.606388092041016 -55.85353088378906 -0.5
vertex -34.49800109863281 -55.69131851196289 -0.5
endloop
endfacet
facet normal -0.9807861986664705 0.19508570553829574 0
outer loop
vertex -34.49800109863281 -55.69131851196289 -4
vertex -34.49800109863281 -55.69131851196289 -0.5
vertex -34.45994186401367 -55.499977111816406 -0.5
endloop
endfacet
facet normal -1 0 0
outer loop
vertex -34.45994186401367 -55.499977111816406 -4
vertex -34.45994186401367 -55.499977111816406 -0.5
vertex -34.45994186401367 -54.499977111816406 -0.5
endloop
endfacet
facet normal 0 0 1
outer loop
vertex -34.45994186401367 -54.499977111816406 -5
vertex -46.45994186401367 -57.183815002441406 -5
vertex -34.45994186401367 -57.18547058105469 -5
endloop
endfacet
facet normal 0 0 1
outer loop
vertex -34.45994186401367 -54.499977111816406 -5
vertex -46.45994186401367 -54.499977111816406 -5
vertex -46.45994186401367 -57.183815002441406 -5
endloop
endfacet
facet normal 1 0 0
outer loop
vertex -46.45994186401367 -57.183815002441406 -5
vertex -46.45994186401367 -54.499977111816406 -5
vertex -46.45994186401367 -55.499977111816406 -4
endloop
endfacet
facet normal 0 0 -1
outer loop
vertex -34.45994186401367 -57.18547058105469 -4
vertex -34.606388092041016 -55.85353088378906 -4
vertex -34.49800109863281 -55.69131851196289 -4
endloop
endfacet
facet normal 0.6537128541753342 0.756741183262848 0.0015118994289290096
outer loop
vertex -41.01551055908203 53.37129211425781 -6.775568962097168
vertex -41.185420989990234 53.518043518066406 -6.762471675872803
vertex -41.167049407958984 53.49565505981445 -3.5
endloop
endfacet
facet normal -0.2902779678676651 0.9569423709767578 0
outer loop
vertex -40.0772590637207 53.27888107299805 -3.5
vertex -40.0772590637207 53.27888107299805 -6.783816337585449
vertex -40.26485061645508 53.22197723388672 -3.5
endloop
endfacet
facet normal 0.634387877656003 0.7730148903372509 0
outer loop
vertex -41.01551055908203 53.37129211425781 -3.5
vertex -41.01551055908203 53.37129211425781 -6.775568962097168
vertex -41.167049407958984 53.49565505981445 -3.5
endloop
endfacet
facet normal 0.9569369653840534 0.29029578757115887 0
outer loop
vertex -41.383819580078125 53.8200798034668 -3.5
vertex -41.383819580078125 53.8200798034668 -6.400781631469727
vertex -41.44072723388672 54.00767135620117 -3.5
endloop
endfacet
facet normal 0.4714031058222316 0.881917860019375 0
outer loop
vertex -40.84262466430664 53.27888107299805 -3.5
vertex -40.84262466430664 53.27888107299805 -6.783816337585449
vertex -41.01551055908203 53.37129211425781 -3.5
endloop
endfacet
facet normal -0.8819221841853303 0.47139501592801786 0
outer loop
vertex -39.62847137451172 53.64719009399414 -6.611623287200928
vertex -39.62847137451172 53.64719009399414 -3.5
vertex -39.53606033325195 53.8200798034668 -6.4050679206848145
endloop
endfacet
facet normal -0.9569423709767577 0.290277967867665 0
outer loop
vertex -39.53606033325195 53.8200798034668 -6.4050679206848145
vertex -39.53606033325195 53.8200798034668 -3.5
vertex -39.479156494140625 54.00767135620117 -6.180841445922852
endloop
endfacet
facet normal -0.9951936518009262 0.09792647964231592 0
outer loop
vertex -39.479156494140625 54.00767135620117 -6.180841445922852
vertex -39.479156494140625 54.00767135620117 -3.5
vertex -39.4599494934082 54.20286560058594 -5.94743537902832
endloop
endfacet
facet normal 0.2902779678676651 0.9569423709767578 0
outer loop
vertex -40.655033111572266 53.22197723388672 -6.788895130157471
vertex -40.84262466430664 53.27888107299805 -6.783816337585449
vertex -40.84262466430664 53.27888107299805 -3.5
endloop
endfacet
facet normal 0.7730001572337935 0.63440582982546 0
outer loop
vertex -41.291412353515625 53.64719009399414 -3.5
vertex -41.185420989990234 53.518043518066406 -6.762471675872803
vertex -41.291412353515625 53.64719009399414 -6.607766151428223
endloop
endfacet
facet normal 0.09801622777686082 0.9951848165503705 0
outer loop
vertex -40.45994186401367 53.202762603759766 -6.790609836578369
vertex -40.655033111572266 53.22197723388672 -6.788895130157471
vertex -40.655033111572266 53.22197723388672 -3.5
endloop
endfacet
facet normal -0.09801622777686082 0.9951848165503705 0
outer loop
vertex -40.26485061645508 53.22197723388672 -6.788895130157471
vertex -40.45994186401367 53.202762603759766 -6.790609836578369
vertex -40.45994186401367 53.202762603759766 -3.5
endloop
endfacet
facet normal -0.290277967867665 0.9569423709767577 0
outer loop
vertex -40.0772590637207 53.27888107299805 -6.783816337585449
vertex -40.26485061645508 53.22197723388672 -6.788895130157471
vertex -40.26485061645508 53.22197723388672 -3.5
endloop
endfacet
facet normal -0.47139501592801797 0.8819221841853304 0
outer loop
vertex -39.90436935424805 53.37129211425781 -6.775568962097168
vertex -40.0772590637207 53.27888107299805 -6.783816337585449
vertex -40.0772590637207 53.27888107299805 -3.5
endloop
endfacet
facet normal -0.6343974203505326 0.7730070588633648 0
outer loop
vertex -39.90436935424805 53.37129211425781 -6.775568962097168
vertex -39.90436935424805 53.37129211425781 -3.5
vertex -39.75283432006836 53.49565505981445 -6.764470100402832
endloop
endfacet
facet normal -0.773007058863365 0.6343974203505327 0
outer loop
vertex -39.75283432006836 53.49565505981445 -3.5
vertex -39.62847137451172 53.64719009399414 -6.611623287200928
vertex -39.75283432006836 53.49565505981445 -6.764470100402832
endloop
endfacet
facet normal 0.8819302739048788 0.47137988074382825 0
outer loop
vertex -41.291412353515625 53.64719009399414 -6.607766151428223
vertex -41.383819580078125 53.8200798034668 -6.400781631469727
vertex -41.383819580078125 53.8200798034668 -3.5
endloop
endfacet
facet normal 0.9569369653840532 0.2902957875711588 0
outer loop
vertex -41.383819580078125 53.8200798034668 -6.400781631469727
vertex -41.44072723388672 54.00767135620117 -6.176291465759277
vertex -41.44072723388672 54.00767135620117 -3.5
endloop
endfacet
facet normal 0.9951852766469961 0.09801155618110456 0
outer loop
vertex -41.44072723388672 54.00767135620117 -6.176291465759277
vertex -41.459930419921875 54.20265579223633 -5.943048000335693
vertex -41.459930419921875 54.20265579223633 -3.5
endloop
endfacet
facet normal 0.290277967867665 0.9569423709767577 0
outer loop
vertex -40.655033111572266 53.22197723388672 -3.5
vertex -40.655033111572266 53.22197723388672 -6.788895130157471
vertex -40.84262466430664 53.27888107299805 -3.5
endloop
endfacet
facet normal 0.7730070588632448 0.6343974203504341 5.571138086787983e-7
outer loop
vertex -41.167049407958984 53.49565505981445 -3.5
vertex -41.185420989990234 53.518043518066406 -6.762471675872803
vertex -41.291412353515625 53.64719009399414 -3.5
endloop
endfacet
facet normal 0.8819302739048785 0.47137988074382814 0
outer loop
vertex -41.291412353515625 53.64719009399414 -3.5
vertex -41.291412353515625 53.64719009399414 -6.607766151428223
vertex -41.383819580078125 53.8200798034668 -3.5
endloop
endfacet
facet normal 0 0 -1
outer loop
vertex -39.45994186401367 54.202762603759766 -3.5
vertex -39.479156494140625 54.00767135620117 -3.5
vertex -41.459930419921875 54.20265579223633 -3.5
endloop
endfacet
facet normal 0 0 -1
outer loop
vertex -39.479156494140625 54.00767135620117 -3.5
vertex -39.53606033325195 53.8200798034668 -3.5
vertex -41.459930419921875 54.20265579223633 -3.5
endloop
endfacet
facet normal 0 0 -1
outer loop
vertex -39.53606033325195 53.8200798034668 -3.5
vertex -39.62847137451172 53.64719009399414 -3.5
vertex -41.459930419921875 54.20265579223633 -3.5
endloop
endfacet
facet normal 0 0 -1
outer loop
vertex -39.62847137451172 53.64719009399414 -3.5
vertex -39.75283432006836 53.49565505981445 -3.5
vertex -41.459930419921875 54.20265579223633 -3.5
endloop
endfacet
facet normal 0 0 -1
outer loop
vertex -39.75283432006836 53.49565505981445 -3.5
vertex -39.90436935424805 53.37129211425781 -3.5
vertex -41.459930419921875 54.20265579223633 -3.5
endloop
endfacet
facet normal 0 0 -1
outer loop
vertex -39.90436935424805 53.37129211425781 -3.5
vertex -40.0772590637207 53.27888107299805 -3.5
vertex -41.459930419921875 54.20265579223633 -3.5
endloop
endfacet
facet normal 0 0 -1
outer loop
vertex -40.0772590637207 53.27888107299805 -3.5
vertex -40.26485061645508 53.22197723388672 -3.5
vertex -41.459930419921875 54.20265579223633 -3.5
endloop
endfacet
facet normal 0 0 -1
outer loop
vertex -40.26485061645508 53.22197723388672 -3.5
vertex -40.45994186401367 53.202762603759766 -3.5
vertex -41.459930419921875 54.20265579223633 -3.5
endloop
endfacet
facet normal 0 0 -1
outer loop
vertex -40.45994186401367 53.202762603759766 -3.5
vertex -40.655033111572266 53.22197723388672 -3.5
vertex -41.459930419921875 54.20265579223633 -3.5
endloop
endfacet
facet normal 0 0 -1
outer loop
vertex -40.84262466430664 53.27888107299805 -3.5
vertex -41.459930419921875 54.20265579223633 -3.5
vertex -40.655033111572266 53.22197723388672 -3.5
endloop
endfacet
facet normal 0 0 -1
outer loop
vertex -40.84262466430664 53.27888107299805 -3.5
vertex -41.01551055908203 53.37129211425781 -3.5
vertex -41.459930419921875 54.20265579223633 -3.5
endloop
endfacet
facet normal 0 0 -1
outer loop
vertex -41.167049407958984 53.49565505981445 -3.5
vertex -41.291412353515625 53.64719009399414 -3.5
vertex -41.459930419921875 54.20265579223633 -3.5
endloop
endfacet
facet normal -0.8819221841853303 0.4713950159280179 0
outer loop
vertex -39.53606033325195 53.8200798034668 -3.5
vertex -39.53606033325195 53.8200798034668 -6.4050679206848145
vertex -39.62847137451172 53.64719009399414 -3.5
endloop
endfacet
facet normal -0.9569423709767579 0.2902779678676651 0
outer loop
vertex -39.479156494140625 54.00767135620117 -3.5
vertex -39.479156494140625 54.00767135620117 -6.180841445922852
vertex -39.53606033325195 53.8200798034668 -3.5
endloop
endfacet
facet normal 0.4714031058222316 0.881917860019375 0
outer loop
vertex -40.84262466430664 53.27888107299805 -6.783816337585449
vertex -41.01551055908203 53.37129211425781 -6.775568962097168
vertex -41.01551055908203 53.37129211425781 -3.5
endloop
endfacet
facet normal 0 0 -1
outer loop
vertex -41.291412353515625 53.64719009399414 -3.5
vertex -41.44072723388672 54.00767135620117 -3.5
vertex -41.459930419921875 54.20265579223633 -3.5
endloop
endfacet
facet normal 0 0 -1
outer loop
vertex -41.44072723388672 54.00767135620117 -3.5
vertex -41.291412353515625 53.64719009399414 -3.5
vertex -41.383819580078125 53.8200798034668 -3.5
endloop
endfacet
facet normal 0.09801622777686082 0.9951848165503705 0
outer loop
vertex -40.45994186401367 53.202762603759766 -3.5
vertex -40.45994186401367 53.202762603759766 -6.790609836578369
vertex -40.655033111572266 53.22197723388672 -3.5
endloop
endfacet
facet normal -0.09801622777686082 0.9951848165503705 0
outer loop
vertex -40.26485061645508 53.22197723388672 -3.5
vertex -40.26485061645508 53.22197723388672 -6.788895130157471
vertex -40.45994186401367 53.202762603759766 -3.5
endloop
endfacet
facet normal -0.9951848165243803 0.09801622777430104 0.000007227164452402915
outer loop
vertex -39.4599494934082 54.20286560058594 -5.94743537902832
vertex -39.479156494140625 54.00767135620117 -3.5
vertex -39.45994186401367 54.202762603759766 -3.5
endloop
endfacet
facet normal -0.7730070588633648 0.6343974203505326 0
outer loop
vertex -39.62847137451172 53.64719009399414 -3.5
vertex -39.62847137451172 53.64719009399414 -6.611623287200928
vertex -39.75283432006836 53.49565505981445 -3.5
endloop
endfacet
facet normal -0.6343974203505327 0.773007058863365 0
outer loop
vertex -39.75283432006836 53.49565505981445 -3.5
vertex -39.75283432006836 53.49565505981445 -6.764470100402832
vertex -39.90436935424805 53.37129211425781 -3.5
endloop
endfacet
facet normal -0.4713950159280179 0.8819221841853303 0
outer loop
vertex -39.90436935424805 53.37129211425781 -3.5
vertex -39.90436935424805 53.37129211425781 -6.775568962097168
vertex -40.0772590637207 53.27888107299805 -3.5
endloop
endfacet
facet normal 0 0 -1
outer loop
vertex -41.01551055908203 53.37129211425781 -3.5
vertex -41.167049407958984 53.49565505981445 -3.5
vertex -41.459930419921875 54.20265579223633 -3.5
endloop
endfacet
facet normal 0.9951852766469961 0.09801155618110456 0
outer loop
vertex -41.44072723388672 54.00767135620117 -3.5
vertex -41.44072723388672 54.00767135620117 -6.176291465759277
vertex -41.459930419921875 54.20265579223633 -3.5
endloop
endfacet
facet normal 0.881917860019375 0.4714031058222316 0
outer loop
vertex 39.6407585144043 53.64078140258789 -6.482141494750977
vertex 39.54834747314453 53.81366729736328 -6.275605201721191
vertex 39.54834747314453 53.81366729736328 -3.5
endloop
endfacet
facet normal 0 0 -1
outer loop
vertex 41.02779769897461 53.36488342285156 -3.5
vertex 40.85491180419922 53.2724723815918 -3.5
vertex 39.47222900390625 54.19635009765625 -3.5
endloop
endfacet
facet normal 0.47140310582223166 0.881917860019375 0
outer loop
vertex 40.08954620361328 53.2724723815918 -3.5
vertex 40.08954620361328 53.2724723815918 -6.784388542175293
vertex 39.91666030883789 53.36488342285156 -3.5
endloop
endfacet
facet normal 0.634387877656003 0.773014890337251 0
outer loop
vertex 39.91666030883789 53.36488342285156 -3.5
vertex 39.91666030883789 53.36488342285156 -6.776141166687012
vertex 39.76512145996094 53.4892463684082 -3.5
endloop
endfacet
facet normal -0.09801622777686082 0.9951848165503705 0
outer loop
vertex 40.667320251464844 53.2155647277832 -3.5
vertex 40.667320251464844 53.2155647277832 -6.7894673347473145
vertex 40.47222900390625 53.19635009765625 -3.5
endloop
endfacet
facet normal 0.09801622777686082 0.9951848165503705 0
outer loop
vertex 40.47222900390625 53.19635009765625 -3.5
vertex 40.47222900390625 53.19635009765625 -6.791182041168213
vertex 40.277137756347656 53.2155647277832 -3.5
endloop
endfacet
facet normal 0.2902957875711588 0.9569369653840532 0
outer loop
vertex 40.277137756347656 53.2155647277832 -3.5
vertex 40.277137756347656 53.2155647277832 -6.7894673347473145
vertex 40.08954620361328 53.2724723815918 -3.5
endloop
endfacet
facet normal 0.99521790151958 0.0976797205789885 0.000026126121889509357
outer loop
vertex 39.4914436340332 54.00126266479492 -6.051390647888184
vertex 39.472259521484375 54.196659088134766 -5.817747116088867
vertex 39.47222900390625 54.19635009765625 -3.5
endloop
endfacet
facet normal 0.9569440106171243 0.2902725625063677 0
outer loop
vertex 39.54834747314453 53.81366729736328 -6.275605201721191
vertex 39.4914436340332 54.00126266479492 -6.051390647888184
vertex 39.4914436340332 54.00126266479492 -3.5
endloop
endfacet
facet normal -0.8819259499769285 0.47138797052671205 0
outer loop
vertex 41.3961067199707 53.81366729736328 -6.270937442779541
vertex 41.3036994934082 53.64078140258789 -6.477940559387207
vertex 41.3036994934082 53.64078140258789 -3.5
endloop
endfacet
facet normal -0.7730070588633648 0.6343974203505326 0
outer loop
vertex 41.3036994934082 53.64078140258789 -6.477940559387207
vertex 41.17933654785156 53.4892463684082 -6.65949010848999
vertex 41.17933654785156 53.4892463684082 -3.5
endloop
endfacet
facet normal -0.6343899138639479 0.7730132192839219 0
outer loop
vertex 41.17933654785156 53.4892463684082 -6.65949010848999
vertex 41.063446044921875 53.39413833618164 -6.773530006408691
vertex 41.17933654785156 53.4892463684082 -3.5
endloop
endfacet
facet normal -0.6343812579823744 0.773020322838087 0
outer loop
vertex 41.063446044921875 53.39413833618164 -6.773530006408691
vertex 41.02779769897461 53.36488342285156 -6.776141166687012
vertex 41.02779769897461 53.36488342285156 -3.5
endloop
endfacet
facet normal -0.47140310582223166 0.881917860019375 0
outer loop
vertex 41.02779769897461 53.36488342285156 -6.776141166687012
vertex 40.85491180419922 53.2724723815918 -6.784388542175293
vertex 40.85491180419922 53.2724723815918 -3.5
endloop
endfacet
facet normal -0.2902957875711588 0.9569369653840532 0
outer loop
vertex 40.85491180419922 53.2724723815918 -6.784388542175293
vertex 40.667320251464844 53.2155647277832 -6.7894673347473145
vertex 40.667320251464844 53.2155647277832 -3.5
endloop
endfacet
facet normal 0.7730070588633648 0.6343974203505326 0
outer loop
vertex 39.76512145996094 53.4892463684082 -6.663062572479248
vertex 39.6407585144043 53.64078140258789 -6.482141494750977
vertex 39.6407585144043 53.64078140258789 -3.5
endloop
endfacet
facet normal 0.2902957875711588 0.9569369653840533 0
outer loop
vertex 40.277137756347656 53.2155647277832 -6.7894673347473145
vertex 40.08954620361328 53.2724723815918 -6.784388542175293
vertex 40.08954620361328 53.2724723815918 -3.5
endloop
endfacet
facet normal 0.6344036988642695 0.77300190612141 0
outer loop
vertex 39.76512145996094 53.4892463684082 -3.5
vertex 39.87771224975586 53.39684295654297 -6.773288726806641
vertex 39.76512145996094 53.4892463684082 -6.663062572479248
endloop
endfacet
facet normal 0.47140310582223166 0.8819178600193751 0
outer loop
vertex 40.08954620361328 53.2724723815918 -6.784388542175293
vertex 39.91666030883789 53.36488342285156 -6.776141166687012
vertex 39.91666030883789 53.36488342285156 -3.5
endloop
endfacet
facet normal 0.6343419818368322 0.7730525532372937 -0.0000035526151654500565
outer loop
vertex 39.91666030883789 53.36488342285156 -6.776141166687012
vertex 39.87771224975586 53.39684295654297 -6.773288726806641
vertex 39.76512145996094 53.4892463684082 -3.5
endloop
endfacet
facet normal -0.09801622777686082 0.9951848165503705 0
outer loop
vertex 40.667320251464844 53.2155647277832 -6.7894673347473145
vertex 40.47222900390625 53.19635009765625 -6.791182041168213
vertex 40.47222900390625 53.19635009765625 -3.5
endloop
endfacet
facet normal 0.09801622777686082 0.9951848165503705 0
outer loop
vertex 40.47222900390625 53.19635009765625 -6.791182041168213
vertex 40.277137756347656 53.2155647277832 -6.7894673347473145
vertex 40.277137756347656 53.2155647277832 -3.5
endloop
endfacet
facet normal -0.9569386052164731 0.29029038193910456 0
outer loop
vertex 41.4530143737793 54.00126266479492 -6.046435832977295
vertex 41.3961067199707 53.81366729736328 -6.270937442779541
vertex 41.3961067199707 53.81366729736328 -3.5
endloop
endfacet
facet normal -0.9951848588913825 0.09801579787635892 0
outer loop
vertex 41.472198486328125 54.196044921875 -5.813429355621338
vertex 41.4530143737793 54.00126266479492 -6.046435832977295
vertex 41.4530143737793 54.00126266479492 -3.5
endloop
endfacet
facet normal -0.2902957875711588 0.9569369653840533 0
outer loop
vertex 40.85491180419922 53.2724723815918 -3.5
vertex 40.85491180419922 53.2724723815918 -6.784388542175293
vertex 40.667320251464844 53.2155647277832 -3.5
endloop
endfacet
facet normal -0.47140310582223166 0.8819178600193751 0
outer loop
vertex 41.02779769897461 53.36488342285156 -3.5
vertex 41.02779769897461 53.36488342285156 -6.776141166687012
vertex 40.85491180419922 53.2724723815918 -3.5
endloop
endfacet
facet normal -0.6343878776559985 0.7730148903372455 -1.2063666925884354e-7
outer loop
vertex 41.17933654785156 53.4892463684082 -3.5
vertex 41.063446044921875 53.39413833618164 -6.773530006408691
vertex 41.02779769897461 53.36488342285156 -3.5
endloop
endfacet
facet normal 0.8819178600193749 0.4714031058222316 0
outer loop
vertex 39.6407585144043 53.64078140258789 -3.5
vertex 39.6407585144043 53.64078140258789 -6.482141494750977
vertex 39.54834747314453 53.81366729736328 -3.5
endloop
endfacet
facet normal -0.8819259499769285 0.47138797052671205 0
outer loop
vertex 41.3961067199707 53.81366729736328 -3.5
vertex 41.3961067199707 53.81366729736328 -6.270937442779541
vertex 41.3036994934082 53.64078140258789 -3.5
endloop
endfacet
facet normal -0.956938605216473 0.29029038193910456 0
outer loop
vertex 41.4530143737793 54.00126266479492 -3.5
vertex 41.4530143737793 54.00126266479492 -6.046435832977295
vertex 41.3961067199707 53.81366729736328 -3.5
endloop
endfacet
facet normal -0.9951848588913824 0.0980157978763589 0
outer loop
vertex 41.472198486328125 54.196044921875 -5.813429355621338
vertex 41.4530143737793 54.00126266479492 -3.5
vertex 41.472198486328125 54.196044921875 -3.5
endloop
endfacet
facet normal 0 0 -1
outer loop
vertex 39.91666030883789 53.36488342285156 -3.5
vertex 39.76512145996094 53.4892463684082 -3.5
vertex 39.47222900390625 54.19635009765625 -3.5
endloop
endfacet
facet normal 0 0 -1
outer loop
vertex 40.08954620361328 53.2724723815918 -3.5
vertex 39.91666030883789 53.36488342285156 -3.5
vertex 39.47222900390625 54.19635009765625 -3.5
endloop
endfacet
facet normal 0 0 -1
outer loop
vertex 40.08954620361328 53.2724723815918 -3.5
vertex 39.47222900390625 54.19635009765625 -3.5
vertex 40.277137756347656 53.2155647277832 -3.5
endloop
endfacet
facet normal 0 0 -1
outer loop
vertex 39.4914436340332 54.00126266479492 -3.5
vertex 39.6407585144043 53.64078140258789 -3.5
vertex 39.54834747314453 53.81366729736328 -3.5
endloop
endfacet
facet normal 0 0 -1
outer loop
vertex 39.47222900390625 54.19635009765625 -3.5
vertex 39.6407585144043 53.64078140258789 -3.5
vertex 39.4914436340332 54.00126266479492 -3.5
endloop
endfacet
facet normal 0 0 -1
outer loop
vertex 39.6407585144043 53.64078140258789 -3.5
vertex 39.47222900390625 54.19635009765625 -3.5
vertex 39.76512145996094 53.4892463684082 -3.5
endloop
endfacet
facet normal 0 0 -1
outer loop
vertex 40.47222900390625 53.19635009765625 -3.5
vertex 40.277137756347656 53.2155647277832 -3.5
vertex 39.47222900390625 54.19635009765625 -3.5
endloop
endfacet
facet normal 0 0 -1
outer loop
vertex 40.667320251464844 53.2155647277832 -3.5
vertex 40.47222900390625 53.19635009765625 -3.5
vertex 39.47222900390625 54.19635009765625 -3.5
endloop
endfacet
facet normal 0 0 -1
outer loop
vertex 40.85491180419922 53.2724723815918 -3.5
vertex 40.667320251464844 53.2155647277832 -3.5
vertex 39.47222900390625 54.19635009765625 -3.5
endloop
endfacet
facet normal 0.9951846295964323 0.09801812595133512 0
outer loop
vertex 39.4914436340332 54.00126266479492 -3.5
vertex 39.4914436340332 54.00126266479492 -6.051390647888184
vertex 39.47222900390625 54.19635009765625 -3.5
endloop
endfacet
facet normal -0.7730070588633648 0.6343974203505326 0
outer loop
vertex 41.3036994934082 53.64078140258789 -3.5
vertex 41.3036994934082 53.64078140258789 -6.477940559387207
vertex 41.17933654785156 53.4892463684082 -3.5
endloop
endfacet
facet normal 0.9569440106171242 0.2902725625063676 0
outer loop
vertex 39.54834747314453 53.81366729736328 -3.5
vertex 39.54834747314453 53.81366729736328 -6.275605201721191
vertex 39.4914436340332 54.00126266479492 -3.5
endloop
endfacet
facet normal 0 0 -1
outer loop
vertex 41.472198486328125 54.196044921875 -3.5
vertex 41.4530143737793 54.00126266479492 -3.5
vertex 39.47222900390625 54.19635009765625 -3.5
endloop
endfacet
facet normal 0 0 -1
outer loop
vertex 41.4530143737793 54.00126266479492 -3.5
vertex 41.3961067199707 53.81366729736328 -3.5
vertex 39.47222900390625 54.19635009765625 -3.5
endloop
endfacet
facet normal 0 0 -1
outer loop
vertex 41.3961067199707 53.81366729736328 -3.5
vertex 41.3036994934082 53.64078140258789 -3.5
vertex 39.47222900390625 54.19635009765625 -3.5
endloop
endfacet
facet normal 0 0 -1
outer loop
vertex 41.3036994934082 53.64078140258789 -3.5
vertex 41.17933654785156 53.4892463684082 -3.5
vertex 39.47222900390625 54.19635009765625 -3.5
endloop
endfacet
facet normal 0 0 -1
outer loop
vertex 41.17933654785156 53.4892463684082 -3.5
vertex 41.02779769897461 53.36488342285156 -3.5
vertex 39.47222900390625 54.19635009765625 -3.5
endloop
endfacet
facet normal 0.7730070588633648 0.6343974203505326 0
outer loop
vertex 39.76512145996094 53.4892463684082 -3.5
vertex 39.76512145996094 53.4892463684082 -6.663062572479248
vertex 39.6407585144043 53.64078140258789 -3.5
endloop
endfacet
facet normal -0.000013011798883427736 0.12403517000474283 0.9922778222013166
outer loop
vertex -41.460025787353516 55.002655029296875 -1.2000000476837158
vertex -41.659942626953125 54.20263671875 -1.100000023841858
vertex -39.25994110107422 54.20288848876953 -1.100000023841858
endloop
endfacet
facet normal 0.9701166433831607 0.24263902866395892 0
outer loop
vertex -39.25994110107422 54.20288848876953 -2.5
vertex -39.460025787353516 55.002864837646484 -1.2000000476837158
vertex -39.25994110107422 54.20288848876953 -1.100000023841858
endloop
endfacet
facet normal -0.00010490417422745826 0.9999999944975572 0
outer loop
vertex -39.460025787353516 55.002864837646484 -2.4000000953674316
vertex -41.460025787353516 55.002655029296875 -2.4000000953674316
vertex -39.460025787353516 55.002864837646484 -1.2000000476837158
endloop
endfacet
facet normal 0.9701166433831607 0.24263902866395892 0
outer loop
vertex -39.460025787353516 55.002864837646484 -2.4000000953674316
vertex -39.460025787353516 55.002864837646484 -1.2000000476837158
vertex -39.25994110107422 54.20288848876953 -2.5
endloop
endfacet
facet normal -0.000013011783608658377 0.12403502439777248 -0.9922778404022421
outer loop
vertex -39.25994110107422 54.20288848876953 -2.5
vertex -41.659942626953125 54.20263671875 -2.5
vertex -39.460025787353516 55.002864837646484 -2.4000000953674316
endloop
endfacet
facet normal -0.000013011807153756735 0.12403516998234203 0.9922778222041166
outer loop
vertex -39.460025787353516 55.002864837646484 -1.2000000476837158
vertex -41.460025787353516 55.002655029296875 -1.2000000476837158
vertex -39.25994110107422 54.20288848876953 -1.100000023841858
endloop
endfacet
facet normal -0.00010490417422745826 0.9999999944975572 0
outer loop
vertex -41.460025787353516 55.002655029296875 -2.4000000953674316
vertex -41.460025787353516 55.002655029296875 -1.2000000476837158
vertex -39.460025787353516 55.002864837646484 -1.2000000476837158
endloop
endfacet
facet normal -0.9701675298730892 0.2424354841601134 0
outer loop
vertex -41.460025787353516 55.002655029296875 -2.4000000953674316
vertex -41.659942626953125 54.20263671875 -1.100000023841858
vertex -41.460025787353516 55.002655029296875 -1.2000000476837158
endloop
endfacet
facet normal -0.9701675298730892 0.2424354841601134 0
outer loop
vertex -41.460025787353516 55.002655029296875 -2.4000000953674316
vertex -41.659942626953125 54.20263671875 -2.5
vertex -41.659942626953125 54.20263671875 -1.100000023841858
endloop
endfacet
facet normal -0.000013011791883677358 0.12403502442017154 -0.9922778403994422
outer loop
vertex -41.659942626953125 54.20263671875 -2.5
vertex -41.460025787353516 55.002655029296875 -2.4000000953674316
vertex -39.460025787353516 55.002864837646484 -2.4000000953674316
endloop
endfacet
facet normal 0.00003808895307583037 0.12403466478398109 -0.9922778847082893
outer loop
vertex 39.2722282409668 54.196720123291016 -2.5
vertex 39.47247314453125 54.99665832519531 -2.4000000953674316
vertex 41.47247314453125 54.99604415893555 -2.4000000953674316
endloop
endfacet
facet normal -0.970068166473689 0.24283276631125258 0
outer loop
vertex 39.47247314453125 54.99665832519531 -2.4000000953674316
vertex 39.2722282409668 54.196720123291016 -2.5
vertex 39.2722282409668 54.196720123291016 -1.100000023841858
endloop
endfacet
facet normal -0.9700681664736889 0.24283276631125256 0
outer loop
vertex 39.47247314453125 54.99665832519531 -2.4000000953674316
vertex 39.2722282409668 54.196720123291016 -1.100000023841858
vertex 39.47247314453125 54.99665832519531 -1.2000000476837158
endloop
endfacet
facet normal 0.00030708311540383643 0.9999999528499789 0
outer loop
vertex 39.47247314453125 54.99665832519531 -2.4000000953674316
vertex 39.47247314453125 54.99665832519531 -1.2000000476837158
vertex 41.47247314453125 54.99604415893555 -1.2000000476837158
endloop
endfacet
facet normal 0.000038049532101591244 0.12403477162480687 -0.9922778713547002
outer loop
vertex 41.6722297668457 54.19598388671875 -2.5
vertex 39.2722282409668 54.196720123291016 -2.5
vertex 41.47247314453125 54.99604415893555 -2.4000000953674316
endloop
endfacet
facet normal 0.9702161992285012 0.24224063811549304 0
outer loop
vertex 41.6722297668457 54.19598388671875 -2.5
vertex 41.47247314453125 54.99604415893555 -2.4000000953674316
vertex 41.47247314453125 54.99604415893555 -1.2000000476837158
endloop
endfacet
facet normal 0.00030708311540383643 0.9999999528499789 0
outer loop
vertex 41.47247314453125 54.99604415893555 -2.4000000953674316
vertex 39.47247314453125 54.99665832519531 -2.4000000953674316
vertex 41.47247314453125 54.99604415893555 -1.2000000476837158
endloop
endfacet
facet normal 0.9702161992285011 0.24224063811549298 0
outer loop
vertex 41.6722297668457 54.19598388671875 -2.5
vertex 41.47247314453125 54.99604415893555 -1.2000000476837158
vertex 41.6722297668457 54.19598388671875 -1.100000023841858
endloop
endfacet
facet normal 0.00003804954697023465 0.12403482009396502 0.9922778652960519
outer loop
vertex 39.47247314453125 54.99665832519531 -1.2000000476837158
vertex 39.2722282409668 54.196720123291016 -1.100000023841858
vertex 41.6722297668457 54.19598388671875 -1.100000023841858
endloop
endfacet
facet normal 0.0000380890335705685 0.12403492691084606 0.9922778519424117
outer loop
vertex 41.47247314453125 54.99604415893555 -1.2000000476837158
vertex 39.47247314453125 54.99665832519531 -1.2000000476837158
vertex 41.6722297668457 54.19598388671875 -1.100000023841858
endloop
endfacet
facet normal 0 0 1
outer loop
vertex -25.159582138061523 56.72621154785156 -0.5
vertex -25.252872467041016 56.2713737487793 -0.5
vertex -22.625038146972656 53.250022888183594 -0.5
endloop
endfacet
facet normal 0 0 1
outer loop
vertex -25.625038146972656 53.250022888183594 -0.5
vertex -26.419628143310547 54.48594284057617 -0.5
vertex -26.47915267944336 54.43666076660156 -0.5
endloop
endfacet
facet normal 0 0 1
outer loop
vertex 20.574962615966797 53.250022888183594 -0.5
vertex 23.740798950195312 52.92560577392578 -0.5
vertex 23.30159568786621 53.076202392578125 -0.5
endloop
endfacet
facet normal 0 0 1
outer loop
vertex -26.47915267944336 54.43666076660156 -0.5
vertex -26.86396026611328 54.17684555053711 -0.5
vertex -25.625038146972656 53.250022888183594 -0.5
endloop
endfacet
facet normal 0 0 1
outer loop
vertex 20.574962615966797 53.250022888183594 -0.5
vertex 23.30159568786621 53.076202392578125 -0.5
vertex 23.230928421020508 53.107357025146484 -0.5
endloop
endfacet
facet normal 0 0 1
outer loop
vertex 50.79996109008789 -21.499977111816406 -0.5
vertex 51.18923568725586 -34.09359359741211 -0.5
vertex 51.19470977783203 -15.771485328674316 -0.5
endloop
endfacet
facet normal 0 0 1
outer loop
vertex 20.574962615966797 53.250022888183594 -0.5
vertex 22.3248348236084 53.693603515625 -0.5
vertex 21.998380661010742 54.023773193359375 -0.5
endloop
endfacet
facet normal 0 0 1
outer loop
vertex 20.574962615966797 53.250022888183594 -0.5
vertex 22.754161834716797 53.364051818847656 -0.5
vertex 22.382801055908203 53.64275360107422 -0.5
endloop
endfacet
facet normal 0 0 1
outer loop
vertex 20.574962615966797 53.250022888183594 -0.5
vertex 22.382801055908203 53.64275360107422 -0.5
vertex 22.3248348236084 53.693603515625 -0.5
endloop
endfacet
facet normal 0 0 1
outer loop
vertex 20.574962615966797 53.250022888183594 -0.5
vertex 21.998380661010742 54.023773193359375 -0.5
vertex 21.95016098022461 54.08414077758789 -0.5
endloop
endfacet
facet normal 0 0 1
outer loop
vertex 20.574962615966797 53.250022888183594 -0.5
vertex 22.81961441040039 53.32276916503906 -0.5
vertex 22.754161834716797 53.364051818847656 -0.5
endloop
endfacet
facet normal 0 0 1
outer loop
vertex 66.9597396850586 7.8397216796875 -0.5
vertex 56.044918060302734 5.29600715637207 -0.5
vertex 66.48004913330078 5.30001974105835 -0.5
endloop
endfacet
facet normal 0 0 1
outer loop
vertex 50.736915588378906 -53.79030227661133 -0.5
vertex 50.61289978027344 -53.976314544677734 -0.5
vertex 51.183109283447266 -54.593589782714844 -0.5
endloop
endfacet
facet normal 0 0 1
outer loop
vertex -46.421878814697266 -55.69131851196289 -0.5
vertex -46.45994186401367 -55.499977111816406 -0.5
vertex -47.35638427734375 -56.68368911743164 -0.5
endloop
endfacet
facet normal 0 0 1
outer loop
vertex -46.45994186401367 -55.499977111816406 -0.5
vertex -46.45994186401367 -54.499977111816406 -0.5
vertex -47.35638427734375 -56.68368911743164 -0.5
endloop
endfacet
facet normal 0 0 1
outer loop
vertex -46.151283264160156 -55.961917877197266 -0.5
vertex -47.35638427734375 -56.68368911743164 -0.5
vertex -44.95994186401367 -56.68402099609375 -0.5
endloop
endfacet
facet normal 0 0 1
outer loop
vertex -45.95994186401367 -55.999977111816406 -0.5
vertex -46.151283264160156 -55.961917877197266 -0.5
vertex -44.95994186401367 -56.68402099609375 -0.5
endloop
endfacet
facet normal 0 0 1
outer loop
vertex 20.574962615966797 53.250022888183594 -0.5
vertex 23.230928421020508 53.107357025146484 -0.5
vertex 22.81961441040039 53.32276916503906 -0.5
endloop
endfacet
facet normal 0 0 1
outer loop
vertex -70.19699096679688 -21.79020118713379 -0.5
vertex -71.69699096679688 -21.790016174316406 -0.5
vertex -70.19760131835938 -26.74031639099121 -0.5
endloop
endfacet
facet normal 0 0 1
outer loop
vertex -9.323771476745605 67.19203186035156 -0.5
vertex -8.713491439819336 68.67908477783203 -0.5
vertex -8.87242317199707 68.56361389160156 -0.5
endloop
endfacet
facet normal 0 0 1
outer loop
vertex 66.48004913330078 5.30001974105835 -0.5
vertex 66.88966369628906 5.316261291503906 -0.5
vertex 66.9597396850586 7.8397216796875 -0.5
endloop
endfacet
facet normal 0 0 1
outer loop
vertex 5.444233417510986 72.000732421875 -0.5
vertex 5.25020170211792 72.0314712524414 -0.5
vertex 5.5353593826293945 71.17352294921875 -0.5
endloop
endfacet
facet normal 0 0 1
outer loop
vertex 21.42999839782715 54.94179916381836 -0.5
vertex 21.401931762695312 55.013816833496094 -0.5
vertex 20.574962615966797 53.250022888183594 -0.5
endloop
endfacet
facet normal 0 0 1
outer loop
vertex 21.401931762695312 55.013816833496094 -0.5
vertex 21.258644104003906 55.45546340942383 -0.5
vertex 20.574962615966797 53.250022888183594 -0.5
endloop
endfacet
facet normal 0 0 1
outer loop
vertex 21.258644104003906 55.45546340942383 -0.5
vertex 21.242265701293945 55.521610260009766 -0.5
vertex 20.574962615966797 53.250022888183594 -0.5
endloop
endfacet
facet normal 0 0 1
outer loop
vertex 21.242265701293945 55.521610260009766 -0.5
vertex 21.124980926513672 56.32218551635742 -0.5
vertex 20.574962615966797 53.250022888183594 -0.5
endloop
endfacet
facet normal 0 0 1
outer loop
vertex 70.90635681152344 51.25743865966797 -0.5
vertex 70.4427261352539 51.8867073059082 -0.5
vertex 66.82350158691406 53.688262939453125 -0.5
endloop
endfacet
facet normal 0 0 1
outer loop
vertex 66.82350158691406 53.688262939453125 -0.5
vertex 70.4427261352539 51.8867073059082 -0.5
vertex 69.8302993774414 52.49107360839844 -0.5
endloop
endfacet
facet normal 0 0 1
outer loop
vertex 20.574962615966797 53.250022888183594 -0.5
vertex 21.67856216430664 54.46072769165039 -0.5
vertex 21.64006233215332 54.52772521972656 -0.5
endloop
endfacet
facet normal 0 0 1
outer loop
vertex 21.124980926513672 56.32218551635742 -0.5
vertex 20.298463821411133 56.41041946411133 -0.5
vertex 20.574962615966797 53.250022888183594 -0.5
endloop
endfacet
facet normal 0 0 1
outer loop
vertex -71.69760131835938 -26.740131378173828 -0.5
vertex -70.19760131835938 -26.74031639099121 -0.5
vertex -71.69699096679688 -21.790016174316406 -0.5
endloop
endfacet
facet normal 0 0 1
outer loop
vertex 8.152868270874023 71.35044860839844 -0.5
vertex 5.444233417510986 72.000732421875 -0.5
vertex 5.5353593826293945 71.17352294921875 -0.5
endloop
endfacet
facet normal 0 0 1
outer loop
vertex -25.273242950439453 56.19679260253906 -0.5
vertex -25.43560028076172 55.76179885864258 -0.5
vertex -22.625038146972656 53.250022888183594 -0.5
endloop
endfacet
facet normal 0 0 1
outer loop
vertex -15.398287773132324 63.258182525634766 -0.5
vertex -15.462422370910645 63.25404357910156 -0.5
vertex -13.946269035339355 61.1500244140625 -0.5
endloop
endfacet
facet normal 0 0 1
outer loop
vertex -34.76860046386719 -55.961917877197266 -0.5
vertex -40.059940338134766 -55.999977111816406 -0.5
vertex -35.95994186401367 -56.685264587402344 -0.5
endloop
endfacet
facet normal 0 0 1
outer loop
vertex -14.938034057617188 63.31941604614258 -0.5
vertex -15.398287773132324 63.258182525634766 -0.5
vertex -13.946269035339355 61.1500244140625 -0.5
endloop
endfacet
facet normal 0 0 1
outer loop
vertex 20.574962615966797 53.250022888183594 -0.5
vertex 25.891788482666016 49.197181701660156 -0.5
vertex 24.272674560546875 52.82456588745117 -0.5
endloop
endfacet
facet normal 0 0 1
outer loop
vertex 20.574962615966797 53.250022888183594 -0.5
vertex 25.807109832763672 48.692745208740234 -0.5
vertex 25.891788482666016 49.197181701660156 -0.5
endloop
endfacet
facet normal 0 0 1
outer loop
vertex 25.891788482666016 49.197181701660156 -0.5
vertex 26.07008934020996 49.67658996582031 -0.5
vertex 24.272674560546875 52.82456588745117 -0.5
endloop
endfacet
facet normal 0 0 1
outer loop
vertex 26.07008934020996 49.67658996582031 -0.5
vertex 26.335609436035156 50.11376953125 -0.5
vertex 24.813905715942383 52.80824279785156 -0.5
endloop
endfacet
facet normal 0 0 1
outer loop
vertex 26.07008934020996 49.67658996582031 -0.5
vertex 24.34969711303711 52.8177490234375 -0.5
vertex 24.272674560546875 52.82456588745117 -0.5
endloop
endfacet
facet normal 0 0 1
outer loop
vertex 26.07008934020996 49.67658996582031 -0.5
vertex 24.813905715942383 52.80824279785156 -0.5
vertex 24.34969711303711 52.8177490234375 -0.5
endloop
endfacet
facet normal 0 0 1
outer loop
vertex 26.335609436035156 50.11376953125 -0.5
vertex 24.89114761352539 52.811859130859375 -0.5
vertex 24.813905715942383 52.80824279785156 -0.5
endloop
endfacet
facet normal 0 0 1
outer loop
vertex 26.335609436035156 50.11376953125 -0.5
vertex 25.35126495361328 52.87409210205078 -0.5
vertex 24.89114761352539 52.811859130859375 -0.5
endloop
endfacet
facet normal 0 0 1
outer loop
vertex 26.67881965637207 50.493019104003906 -0.5
vertex 25.426918029785156 52.8903694152832 -0.5
vertex 25.35126495361328 52.87409210205078 -0.5
endloop
endfacet
facet normal 0 0 1
outer loop
vertex 26.335609436035156 50.11376953125 -0.5
vertex 26.67881965637207 50.493019104003906 -0.5
vertex 25.35126495361328 52.87409210205078 -0.5
endloop
endfacet
facet normal 0 0 1
outer loop
vertex 26.67881965637207 50.493019104003906 -0.5
vertex 25.871431350708008 53.024497985839844 -0.5
vertex 25.426918029785156 52.8903694152832 -0.5
endloop
endfacet
facet normal 0 0 1
outer loop
vertex 26.67881965637207 50.493019104003906 -0.5
vertex 27.087400436401367 50.80073165893555 -0.5
vertex 25.871431350708008 53.024497985839844 -0.5
endloop
endfacet
facet normal 0 0 1
outer loop
vertex 27.087400436401367 50.80073165893555 -0.5
vertex 27.54668426513672 51.02586364746094 -0.5
vertex 25.871431350708008 53.024497985839844 -0.5
endloop
endfacet
facet normal 0 0 1
outer loop
vertex -14.862106323242188 63.333831787109375 -0.5
vertex -14.938034057617188 63.31941604614258 -0.5
vertex -13.946269035339355 61.1500244140625 -0.5
endloop
endfacet
facet normal 0 0 1
outer loop
vertex -14.416901588439941 63.46564865112305 -0.5
vertex -14.862106323242188 63.333831787109375 -0.5
vertex -13.946269035339355 61.1500244140625 -0.5
endloop
endfacet
facet normal 0 0 1
outer loop
vertex -14.344018936157227 63.491310119628906 -0.5
vertex -14.416901588439941 63.46564865112305 -0.5
vertex -13.386699676513672 62.35002517700195 -0.5
endloop
endfacet
facet normal 0 0 1
outer loop
vertex -13.924537658691406 63.69035720825195 -0.5
vertex -14.344018936157227 63.491310119628906 -0.5
vertex -13.386699676513672 62.35002517700195 -0.5
endloop
endfacet
facet normal 0 0 1
outer loop
vertex -13.856436729431152 63.726844787597656 -0.5
vertex -13.924537658691406 63.69035720825195 -0.5
vertex -13.386699676513672 62.35002517700195 -0.5
endloop
endfacet
facet normal 0 0 1
outer loop
vertex -13.471630096435547 63.98666000366211 -0.5
vertex -13.856436729431152 63.726844787597656 -0.5
vertex -13.386699676513672 62.35002517700195 -0.5
endloop
endfacet
facet normal 0 0 1
outer loop
vertex -36.45994186401367 -57.62818145751953 -0.5
vertex -35.95994186401367 -57.278076171875 -0.5
vertex -35.95994186401367 -56.685264587402344 -0.5
endloop
endfacet
facet normal 0 0 1
outer loop
vertex -40.059940338134766 -55.999977111816406 -0.5
vertex -36.45994186401367 -57.62818145751953 -0.5
vertex -35.95994186401367 -56.685264587402344 -0.5
endloop
endfacet
facet normal 0 0 1
outer loop
vertex -13.404199600219727 64.04127502441406 -0.5
vertex -13.471630096435547 63.98666000366211 -0.5
vertex -13.386699676513672 62.35002517700195 -0.5
endloop
endfacet
facet normal 0 0 1
outer loop
vertex 66.82350158691406 53.688262939453125 -0.5
vertex 69.19396209716797 52.944950103759766 -0.5
vertex 68.4239501953125 53.32888412475586 -0.5
endloop
endfacet
facet normal 0 0 1
outer loop
vertex 50.788543701171875 -21.374055862426758 -0.5
vertex 50.79996109008789 -21.499977111816406 -0.5
vertex 51.19470977783203 -15.771485328674316 -0.5
endloop
endfacet
facet normal 0 0 1
outer loop
vertex -26.86396026611328 54.17684555053711 -0.5
vertex -26.93206024169922 54.14035415649414 -0.5
vertex -25.625038146972656 53.250022888183594 -0.5
endloop
endfacet
facet normal 0 0 1
outer loop
vertex 52.087310791015625 -55.378482818603516 -0.5
vertex 52.387699127197266 -54.8726921081543 -0.5
vertex 51.183109283447266 -54.593589782714844 -0.5
endloop
endfacet
facet normal 0 0 1
outer loop
vertex 12.099963188171387 -54.499977111816406 -0.5
vertex 34.97222900390625 -55.999977111816406 -0.5
vertex 34.780887603759766 -55.961917877197266 -0.5
endloop
endfacet
facet normal 0 0 1
outer loop
vertex 34.618675231933594 -55.85353088378906 -0.5
vertex 12.099963188171387 -54.499977111816406 -0.5
vertex 34.780887603759766 -55.961917877197266 -0.5
endloop
endfacet
facet normal 0 0 1
outer loop
vertex 20.574962615966797 53.250022888183594 -0.5
vertex 23.815492630004883 52.90559005737305 -0.5
vertex 23.740798950195312 52.92560577392578 -0.5
endloop
endfacet
facet normal 0 0 1
outer loop
vertex 20.574962615966797 53.250022888183594 -0.5
vertex 24.272674560546875 52.82456588745117 -0.5
vertex 23.815492630004883 52.90559005737305 -0.5
endloop
endfacet
facet normal 0 0 1
outer loop
vertex 34.618675231933594 -55.85353088378906 -0.5
vertex 34.51028823852539 -55.69131851196289 -0.5
vertex 12.099963188171387 -54.499977111816406 -0.5
endloop
endfacet
facet normal 0 0 1
outer loop
vertex 12.099963188171387 -54.499977111816406 -0.5
vertex 35.97222900390625 -56.695194244384766 -0.5
vertex 34.97222900390625 -55.999977111816406 -0.5
endloop
endfacet
facet normal 0 0 1
outer loop
vertex -40.059940338134766 -55.999977111816406 -0.5
vertex -37.72378158569336 -58.2175178527832 -0.5
vertex -36.45994186401367 -57.62818145751953 -0.5
endloop
endfacet
facet normal 0 0 1
outer loop
vertex 50.736915588378906 -53.79030227661133 -0.5
vertex 51.183109283447266 -54.593589782714844 -0.5
vertex 50.79596710205078 -53.574676513671875 -0.5
endloop
endfacet
facet normal 0 0 1
outer loop
vertex 21.64006233215332 54.52772521972656 -0.5
vertex 21.42999839782715 54.94179916381836 -0.5
vertex 20.574962615966797 53.250022888183594 -0.5
endloop
endfacet
facet normal 0 0 1
outer loop
vertex -40.059940338134766 -55.999977111816406 -0.5
vertex -39.07075500488281 -58.57843780517578 -0.5
vertex -37.72378158569336 -58.2175178527832 -0.5
endloop
endfacet
facet normal 0 0 1
outer loop
vertex -40.059940338134766 -55.999977111816406 -0.5
vertex -40.059940338134766 -58.664981842041016 -0.5
vertex -39.07075500488281 -58.57843780517578 -0.5
endloop
endfacet
facet normal 0 0 1
outer loop
vertex -13.386699676513672 62.35002517700195 -0.5
vertex -12.989078521728516 64.44190216064453 -0.5
vertex -13.404199600219727 64.04127502441406 -0.5
endloop
endfacet
facet normal 0 0 1
outer loop
vertex -13.386699676513672 62.35002517700195 -0.5
vertex -12.956369400024414 64.47718811035156 -0.5
vertex -12.989078521728516 64.44190216064453 -0.5
endloop
endfacet
facet normal 0 0 1
outer loop
vertex -13.386699676513672 62.35002517700195 -0.5
vertex -11.129521369934082 66.61559295654297 -0.5
vertex -12.956369400024414 64.47718811035156 -0.5
endloop
endfacet
facet normal 0 0 1
outer loop
vertex 34.47222900390625 -55.499977111816406 -0.5
vertex 34.47222900390625 -54.499977111816406 -0.5
vertex 12.099963188171387 -54.499977111816406 -0.5
endloop
endfacet
facet normal 0 0 1
outer loop
vertex 34.51028823852539 -55.69131851196289 -0.5
vertex 34.47222900390625 -55.499977111816406 -0.5
vertex 12.099963188171387 -54.499977111816406 -0.5
endloop
endfacet
facet normal 0 0 1
outer loop
vertex 20.574962615966797 53.250022888183594 -0.5
vertex 21.95016098022461 54.08414077758789 -0.5
vertex 21.67856216430664 54.46072769165039 -0.5
endloop
endfacet
facet normal 0 0 1
outer loop
vertex -0.7854340672492981 71.17352294921875 -0.5
vertex 2.2767374515533447 72.2500228881836 -0.5
vertex -0.5002760887145996 72.0314712524414 -0.5
endloop
endfacet
facet normal 0 0 1
outer loop
vertex -40.85993957519531 -58.664981842041016 -0.5
vertex -40.85993957519531 -55.999977111816406 -0.5
vertex -43.196102142333984 -58.2175178527832 -0.5
endloop
endfacet
facet normal 0 0 1
outer loop
vertex -40.85993957519531 -55.999977111816406 -0.5
vertex -44.45994186401367 -57.62818145751953 -0.5
vertex -43.196102142333984 -58.2175178527832 -0.5
endloop
endfacet
facet normal 0 0 1
outer loop
vertex -41.849124908447266 -58.57843780517578 -0.5
vertex -40.85993957519531 -58.664981842041016 -0.5
vertex -43.196102142333984 -58.2175178527832 -0.5
endloop
endfacet
facet normal 0 0 1
outer loop
vertex -26.078453063964844 54.80087661743164 -0.5
vertex -26.419628143310547 54.48594284057617 -0.5
vertex -25.625038146972656 53.250022888183594 -0.5
endloop
endfacet
facet normal 0 0 1
outer loop
vertex -40.85993957519531 -55.999977111816406 -0.5
vertex -45.95994186401367 -55.999977111816406 -0.5
vertex -44.95994186401367 -56.68402099609375 -0.5
endloop
endfacet
facet normal 0 0 1
outer loop
vertex -40.85993957519531 -55.999977111816406 -0.5
vertex -44.95994186401367 -57.278076171875 -0.5
vertex -44.45994186401367 -57.62818145751953 -0.5
endloop
endfacet
facet normal 0 0 1
outer loop
vertex -40.85993957519531 -55.999977111816406 -0.5
vertex -44.95994186401367 -56.68402099609375 -0.5
vertex -44.95994186401367 -57.278076171875 -0.5
endloop
endfacet
facet normal 0 0 1
outer loop
vertex 50.71372604370117 -21.163381576538086 -0.5
vertex 50.788543701171875 -21.374055862426758 -0.5
vertex 50.1999626159668 7.800023555755615 -0.5
endloop
endfacet
facet normal 0 0 1
outer loop
vertex 50.57630157470703 -20.987041473388672 -0.5
vertex 50.71372604370117 -21.163381576538086 -0.5
vertex 50.1999626159668 7.800023555755615 -0.5
endloop
endfacet
facet normal 0 0 1
outer loop
vertex 66.82350158691406 53.688262939453125 -0.5
vertex 69.8302993774414 52.49107360839844 -0.5
vertex 69.19396209716797 52.944950103759766 -0.5
endloop
endfacet
facet normal 0 0 1
outer loop
vertex 51.716617584228516 -55.80387878417969 -0.5
vertex 52.087310791015625 -55.378482818603516 -0.5
vertex 51.183109283447266 -54.593589782714844 -0.5
endloop
endfacet
facet normal 0 0 1
outer loop
vertex 50.1999626159668 7.800023555755615 -0.5
vertex 50.1999626159668 -20.808067321777344 -0.5
vertex 50.390289306640625 -20.863021850585938 -0.5
endloop
endfacet
facet normal 0 0 1
outer loop
vertex 50.1999626159668 7.800023555755615 -0.5
vertex 50.390289306640625 -20.863021850585938 -0.5
vertex 50.57630157470703 -20.987041473388672 -0.5
endloop
endfacet
facet normal 0 0 1
outer loop
vertex -11.129521369934082 66.61559295654297 -0.5
vertex -13.386699676513672 62.35002517700195 -0.5
vertex -11.567046165466309 64.94876098632812 -0.5
endloop
endfacet
facet normal 0 0 1
outer loop
vertex 50.788543701171875 -21.374055862426758 -0.5
vertex 51.19470977783203 -15.771485328674316 -0.5
vertex 50.1999626159668 7.800023555755615 -0.5
endloop
endfacet
facet normal 0 0 1
outer loop
vertex 25.919187545776367 53.03955078125 -0.5
vertex 25.871431350708008 53.024497985839844 -0.5
vertex 28.04018783569336 51.16032409667969 -0.5
endloop
endfacet
facet normal 0 0 1
outer loop
vertex 12.099963188171387 -54.499977111816406 -0.5
vertex -34.49800109863281 -55.69131851196289 -0.5
vertex 35.97222900390625 -56.695194244384766 -0.5
endloop
endfacet
facet normal 0 0 1
outer loop
vertex 20.574962615966797 53.250022888183594 -0.5
vertex 25.799962997436523 32.20002365112305 -0.5
vertex 25.807109832763672 48.692745208740234 -0.5
endloop
endfacet
facet normal 0 0 1
outer loop
vertex 25.799962997436523 32.20002365112305 -0.5
vertex 20.574962615966797 53.250022888183594 -0.5
vertex 20.298463821411133 50.08962631225586 -0.5
endloop
endfacet
facet normal 0 0 1
outer loop
vertex 25.799962997436523 32.20002365112305 -0.5
vertex 20.298463821411133 50.08962631225586 -0.5
vertex 19.47736930847168 47.0252571105957 -0.5
endloop
endfacet
facet normal 0 0 1
outer loop
vertex 18.136625289916992 44.1500244140625 -0.5
vertex 25.799962997436523 32.20002365112305 -0.5
vertex 19.47736930847168 47.0252571105957 -0.5
endloop
endfacet
facet normal 0 0 1
outer loop
vertex 27.54668426513672 51.02586364746094 -0.5
vertex 28.04018783569336 51.16032409667969 -0.5
vertex 25.871431350708008 53.024497985839844 -0.5
endloop
endfacet
facet normal 0 0 1
outer loop
vertex 28.04018783569336 51.16032409667969 -0.5
vertex 28.499961853027344 51.20002365112305 -0.5
vertex 25.919187545776367 53.03955078125 -0.5
endloop
endfacet
facet normal 0 0 1
outer loop
vertex 50.0999641418457 -54.499977111816406 -0.5
vertex 51.716617584228516 -55.80387878417969 -0.5
vertex 51.183109283447266 -54.593589782714844 -0.5
endloop
endfacet
facet normal 0 0 1
outer loop
vertex -25.625038146972656 53.250022888183594 -0.5
vertex -26.93206024169922 54.14035415649414 -0.5
vertex -27.35154151916504 53.94131088256836 -0.5
endloop
endfacet
facet normal 0 0 1
outer loop
vertex -10.990610122680664 66.75450897216797 -0.5
vertex -11.129521369934082 66.61559295654297 -0.5
vertex -11.567046165466309 64.94876098632812 -0.5
endloop
endfacet
facet normal 0 0 1
outer loop
vertex -26.078453063964844 54.80087661743164 -0.5
vertex -25.625038146972656 53.250022888183594 -0.5
vertex -26.02688980102539 54.85847473144531 -0.5
endloop
endfacet
facet normal 0 0 1
outer loop
vertex 26.935136795043945 53.456764221191406 -0.5
vertex 25.919187545776367 53.03955078125 -0.5
vertex 28.499961853027344 51.20002365112305 -0.5
endloop
endfacet
facet normal 0 0 1
outer loop
vertex 27.773591995239258 53.64671325683594 -0.5
vertex 26.935136795043945 53.456764221191406 -0.5
vertex 28.499961853027344 51.20002365112305 -0.5
endloop
endfacet
facet normal 0 0 1
outer loop
vertex -25.625038146972656 53.250022888183594 -0.5
vertex -27.35154151916504 53.94131088256836 -0.5
vertex -27.802879333496094 51.10819625854492 -0.5
endloop
endfacet
facet normal 0 0 1
outer loop
vertex -25.625038146972656 53.250022888183594 -0.5
vertex -26.19932746887207 49.9125862121582 -0.5
vertex -25.974199295043945 49.45330047607422 -0.5
endloop
endfacet
facet normal 0 0 1
outer loop
vertex 27.773591995239258 53.64671325683594 -0.5
vertex 28.499961853027344 51.20002365112305 -0.5
vertex 28.527448654174805 53.70001983642578 -0.5
endloop
endfacet
facet normal 0 0 1
outer loop
vertex -25.625038146972656 53.250022888183594 -0.5
vertex -25.739627838134766 55.22324752807617 -0.5
vertex -26.02688980102539 54.85847473144531 -0.5
endloop
endfacet
facet normal 0 0 1
outer loop
vertex -25.696130752563477 55.287105560302734 -0.5
vertex -25.739627838134766 55.22324752807617 -0.5
vertex -25.625038146972656 53.250022888183594 -0.5
endloop
endfacet
facet normal 0 0 1
outer loop
vertex 2.2767374515533447 72.2500228881836 -0.5
vertex -0.7854340672492981 71.17352294921875 -0.5
vertex 2.37496280670166 71.45001983642578 -0.5
endloop
endfacet
facet normal 0 0 1
outer loop
vertex -25.468595504760742 55.691837310791016 -0.5
vertex -25.696130752563477 55.287105560302734 -0.5
vertex -25.625038146972656 53.250022888183594 -0.5
endloop
endfacet
facet normal 0 0 1
outer loop
vertex 5.5353593826293945 71.17352294921875 -0.5
vertex 8.599729537963867 70.35243225097656 -0.5
vertex 8.152868270874023 71.35044860839844 -0.5
endloop
endfacet
facet normal 0 0 1
outer loop
vertex 50.0999641418457 -54.499977111816406 -0.5
vertex 51.285423278808594 -56.152427673339844 -0.5
vertex 51.716617584228516 -55.80387878417969 -0.5
endloop
endfacet
facet normal 0 0 1
outer loop
vertex 51.183109283447266 -54.593589782714844 -0.5
vertex 51.18923568725586 -34.09359359741211 -0.5
vertex 50.79996109008789 -21.499977111816406 -0.5
endloop
endfacet
facet normal 0 0 1
outer loop
vertex 8.599729537963867 70.35243225097656 -0.5
vertex 8.339703559875488 71.28974151611328 -0.5
vertex 8.152868270874023 71.35044860839844 -0.5
endloop
endfacet
facet normal 0 0 1
outer loop
vertex -46.31349563598633 -55.85353088378906 -0.5
vertex -46.421878814697266 -55.69131851196289 -0.5
vertex -47.35638427734375 -56.68368911743164 -0.5
endloop
endfacet
facet normal 0 0 1
outer loop
vertex 51.183109283447266 -54.593589782714844 -0.5
vertex 50.61289978027344 -53.976314544677734 -0.5
vertex 50.43655776977539 -54.113739013671875 -0.5
endloop
endfacet
facet normal 0 0 1
outer loop
vertex 16.316970825195312 64.94876098632812 -0.5
vertex 18.136625289916992 62.35002517700195 -0.5
vertex 19.259492874145508 61.96336364746094 -0.5
endloop
endfacet
facet normal 0 0 1
outer loop
vertex 66.88966369628906 5.316261291503906 -0.5
vertex 67.75030517578125 5.4546074867248535 -0.5
vertex 66.9597396850586 7.8397216796875 -0.5
endloop
endfacet
facet normal 0 0 1
outer loop
vertex 67.75030517578125 5.4546074867248535 -0.5
vertex 68.49252319335938 5.699533939361572 -0.5
vertex 66.9597396850586 7.8397216796875 -0.5
endloop
endfacet
facet normal 0 0 1
outer loop
vertex -70.19760131835938 -26.74031639099121 -0.5
vertex -69.20003509521484 -46.499977111816406 -0.5
vertex -70.19699096679688 -21.79020118713379 -0.5
endloop
endfacet
facet normal 0 0 1
outer loop
vertex 68.49252319335938 5.699533939361572 -0.5
vertex 69.25737762451172 6.09363317489624 -0.5
vertex 66.9597396850586 7.8397216796875 -0.5
endloop
endfacet
facet normal 0 0 1
outer loop
vertex 68.80067443847656 49.9125862121582 -0.5
vertex 71.30045318603516 50.492584228515625 -0.5
vertex 70.90635681152344 51.25743865966797 -0.5
endloop
endfacet
facet normal 0 0 1
outer loop
vertex 69.25737762451172 6.09363317489624 -0.5
vertex 69.88665008544922 6.557263374328613 -0.5
vertex 66.9597396850586 7.8397216796875 -0.5
endloop
endfacet
facet normal 0 0 1
outer loop
vertex -69.20003509521484 -46.499977111816406 -0.5
vertex -70.19760131835938 -26.74031639099121 -0.5
vertex -70.20012664794922 -47.24031448364258 -0.5
endloop
endfacet
facet normal 0 0 1
outer loop
vertex -16.625038146972656 32.20002365112305 -0.5
vertex 2.37496280670166 35.05002212524414 -0.5
vertex -0.7854340672492981 35.32652282714844 -0.5
endloop
endfacet
facet normal 0 0 1
outer loop
vertex -16.625038146972656 32.20002365112305 -0.5
vertex -0.7854340672492981 35.32652282714844 -0.5
vertex -3.849803924560547 36.14761734008789 -0.5
endloop
endfacet
facet normal 0 0 1
outer loop
vertex -66.69275665283203 -49.19282913208008 -0.5
vertex -55.738399505615234 -51.7096061706543 -0.5
vertex -50.20003890991211 -49.19997787475586 -0.5
endloop
endfacet
facet normal 0 0 1
outer loop
vertex 21.124980926513672 56.32218551635742 -0.5
vertex 19.47736930847168 59.474788665771484 -0.5
vertex 20.298463821411133 56.41041946411133 -0.5
endloop
endfacet
facet normal 0 0 1
outer loop
vertex 21.124980926513672 56.32218551635742 -0.5
vertex 18.136625289916992 62.35002517700195 -0.5
vertex 19.47736930847168 59.474788665771484 -0.5
endloop
endfacet
facet normal 0 0 1
outer loop
vertex 18.136625289916992 62.35002517700195 -0.5
vertex 21.124980926513672 56.32218551635742 -0.5
vertex 20.47538948059082 59.02792739868164 -0.5
endloop
endfacet
facet normal 0 0 1
outer loop
vertex 20.414682388305664 59.21476364135742 -0.5
vertex 18.136625289916992 62.35002517700195 -0.5
vertex 20.47538948059082 59.02792739868164 -0.5
endloop
endfacet
facet normal 0 0 1
outer loop
vertex -11.567046165466309 64.94876098632812 -0.5
vertex -8.87242317199707 68.56361389160156 -0.5
vertex -10.990610122680664 66.75450897216797 -0.5
endloop
endfacet
facet normal 0 0 1
outer loop
vertex -11.567046165466309 64.94876098632812 -0.5
vertex -9.323771476745605 67.19203186035156 -0.5
vertex -8.87242317199707 68.56361389160156 -0.5
endloop
endfacet
facet normal 0 0 1
outer loop
vertex -22.625038146972656 53.250022888183594 -0.5
vertex -25.468595504760742 55.691837310791016 -0.5
vertex -25.625038146972656 53.250022888183594 -0.5
endloop
endfacet
facet normal 0 0 1
outer loop
vertex -6.725037097930908 37.48836135864258 -0.5
vertex -9.323771476745605 39.308013916015625 -0.5
vertex -16.625038146972656 32.20002365112305 -0.5
endloop
endfacet
facet normal 0 0 1
outer loop
vertex -25.625038146972656 53.250022888183594 -0.5
vertex -25.974199295043945 49.45330047607422 -0.5
vertex -25.83973503112793 48.959800720214844 -0.5
endloop
endfacet
facet normal 0 0 1
outer loop
vertex -25.625038146972656 53.250022888183594 -0.5
vertex -26.88629150390625 50.66437530517578 -0.5
vertex -26.50704002380371 50.3211669921875 -0.5
endloop
endfacet
facet normal 0 0 1
outer loop
vertex -25.625038146972656 53.250022888183594 -0.5
vertex -27.802879333496094 51.10819625854492 -0.5
vertex -27.323469161987305 50.92989730834961 -0.5
endloop
endfacet
facet normal 0 0 1
outer loop
vertex -25.625038146972656 53.250022888183594 -0.5
vertex -27.323469161987305 50.92989730834961 -0.5
vertex -26.88629150390625 50.66437530517578 -0.5
endloop
endfacet
facet normal 0 0 1
outer loop
vertex -25.625038146972656 53.250022888183594 -0.5
vertex -26.50704002380371 50.3211669921875 -0.5
vertex -26.19932746887207 49.9125862121582 -0.5
endloop
endfacet
facet normal 0 0 1
outer loop
vertex -25.83973503112793 48.959800720214844 -0.5
vertex -25.625038146972656 32.20002365112305 -0.5
vertex -25.625038146972656 53.250022888183594 -0.5
endloop
endfacet
facet normal 0 0 1
outer loop
vertex -9.323771476745605 39.308013916015625 -0.5
vertex -11.567046165466309 41.55128860473633 -0.5
vertex -16.625038146972656 32.20002365112305 -0.5
endloop
endfacet
facet normal 0 0 1
outer loop
vertex 18.136625289916992 62.35002517700195 -0.5
vertex 19.34868049621582 61.78832244873047 -0.5
vertex 19.259492874145508 61.96336364746094 -0.5
endloop
endfacet
facet normal 0 0 1
outer loop
vertex -6.725037097930908 37.48836135864258 -0.5
vertex -16.625038146972656 32.20002365112305 -0.5
vertex -3.849803924560547 36.14761734008789 -0.5
endloop
endfacet
facet normal 0 0 1
outer loop
vertex 18.136625289916992 62.35002517700195 -0.5
vertex 20.414682388305664 59.21476364135742 -0.5
vertex 19.34868049621582 61.78832244873047 -0.5
endloop
endfacet
facet normal 0 0 1
outer loop
vertex 50.1999626159668 7.800023555755615 -0.5
vertex 51.19470977783203 -15.771485328674316 -0.5
vertex 51.20018768310547 2.5506210327148438 -0.5
endloop
endfacet
facet normal 0 0 1
outer loop
vertex -11.567046165466309 41.55128860473633 -0.5
vertex -16.625038146972656 45.35002517700195 -0.5
vertex -16.625038146972656 32.20002365112305 -0.5
endloop
endfacet
facet normal 0 0 1
outer loop
vertex 56.044918060302734 5.29600715637207 -0.5
vertex 66.9597396850586 7.8397216796875 -0.5
vertex 52.187767028808594 7.800023555755615 -0.5
endloop
endfacet
facet normal 0 0 1
outer loop
vertex 68.80067443847656 49.9125862121582 -0.5
vertex 71.54537963867188 49.750370025634766 -0.5
vertex 71.30045318603516 50.492584228515625 -0.5
endloop
endfacet
facet normal 0 0 1
outer loop
vertex 68.80067443847656 49.9125862121582 -0.5
vertex 71.62737274169922 49.240291595458984 -0.5
vertex 71.54537963867188 49.750370025634766 -0.5
endloop
endfacet
facet normal 0 0 1
outer loop
vertex 51.20018768310547 2.5506210327148438 -0.5
vertex 52.790138244628906 2.5501458644866943 -0.5
vertex 52.82680130004883 2.72887921333313 -0.5
endloop
endfacet
facet normal 0 0 1
outer loop
vertex 51.20018768310547 2.5506210327148438 -0.5
vertex 52.82680130004883 2.72887921333313 -0.5
vertex 52.848487854003906 2.803135871887207 -0.5
endloop
endfacet
facet normal 0 0 1
outer loop
vertex 50.1999626159668 7.800023555755615 -0.5
vertex 51.20018768310547 2.5506210327148438 -0.5
vertex 52.848487854003906 2.803135871887207 -0.5
endloop
endfacet
facet normal 0 0 1
outer loop
vertex -9.323771476745605 67.19203186035156 -0.5
vertex -6.338376045227051 70.13455200195312 -0.5
vertex -8.713491439819336 68.67908477783203 -0.5
endloop
endfacet
facet normal 0 0 1
outer loop
vertex -27.35154151916504 53.94131088256836 -0.5
vertex -27.424423217773438 53.9156494140625 -0.5
vertex -27.802879333496094 51.10819625854492 -0.5
endloop
endfacet
facet normal 0 0 1
outer loop
vertex -6.338376045227051 70.13455200195312 -0.5
vertex -9.323771476745605 67.19203186035156 -0.5
vertex -6.725037097930908 69.01168823242188 -0.5
endloop
endfacet
facet normal 0 0 1
outer loop
vertex -27.424423217773438 53.9156494140625 -0.5
vertex -27.86962890625 53.78383255004883 -0.5
vertex -27.802879333496094 51.10819625854492 -0.5
endloop
endfacet
facet normal 0 0 1
outer loop
vertex 68.80067443847656 49.9125862121582 -0.5
vertex 70.2001953125 49.24073028564453 -0.5
vertex 71.62737274169922 49.240291595458984 -0.5
endloop
endfacet
facet normal 0 0 1
outer loop
vertex -70.19131469726562 24.159912109375 -0.5
vertex -69.20003509521484 -46.499977111816406 -0.5
vertex -70.19070434570312 29.110027313232422 -0.5
endloop
endfacet
facet normal 0 0 1
outer loop
vertex -70.19384765625 3.6599128246307373 -0.5
vertex -71.69384765625 3.660098075866699 -0.5
vertex -70.1944580078125 -1.2902016639709473 -0.5
endloop
endfacet
facet normal 0 0 1
outer loop
vertex 50.43655776977539 -54.113739013671875 -0.5
vertex 50.22588348388672 -54.18855667114258 -0.5
vertex 51.183109283447266 -54.593589782714844 -0.5
endloop
endfacet
facet normal 0 0 1
outer loop
vertex -52.43611526489258 -54.76662063598633 -0.5
vertex -52.152488708496094 -55.285438537597656 -0.5
vertex -50.07437515258789 -53.900146484375 -0.5
endloop
endfacet
facet normal 0 0 1
outer loop
vertex -27.86962890625 53.78383255004883 -0.5
vertex -27.94536781311035 53.76795959472656 -0.5
vertex -28.307313919067383 51.192874908447266 -0.5
endloop
endfacet
facet normal 0 0 1
outer loop
vertex 52.848487854003906 2.803135871887207 -0.5
vertex 53.01052474975586 3.2382495403289795 -0.5
vertex 50.1999626159668 7.800023555755615 -0.5
endloop
endfacet
facet normal 0 0 1
outer loop
vertex 53.01052474975586 3.2382495403289795 -0.5
vertex 53.043521881103516 3.3082079887390137 -0.5
vertex 50.1999626159668 7.800023555755615 -0.5
endloop
endfacet
facet normal 0 0 1
outer loop
vertex -66.69275665283203 -49.19282913208008 -0.5
vertex -66.82317352294922 -51.68827438354492 -0.5
vertex -55.738399505615234 -51.7096061706543 -0.5
endloop
endfacet
facet normal 0 0 1
outer loop
vertex -66.82317352294922 -51.68827438354492 -0.5
vertex -66.69275665283203 -49.19282913208008 -0.5
vertex -67.19719696044922 -49.108150482177734 -0.5
endloop
endfacet
facet normal 0 0 1
outer loop
vertex -66.82317352294922 -51.68827438354492 -0.5
vertex -67.19719696044922 -49.108150482177734 -0.5
vertex -67.67660522460938 -48.92985153198242 -0.5
endloop
endfacet
facet normal 0 0 1
outer loop
vertex -67.67660522460938 -48.92985153198242 -0.5
vertex -68.11378479003906 -48.664329528808594 -0.5
vertex -66.82317352294922 -51.68827438354492 -0.5
endloop
endfacet
facet normal 0 0 1
outer loop
vertex -69.16033935546875 -46.95975112915039 -0.5
vertex -69.20003509521484 -46.499977111816406 -0.5
vertex -70.20012664794922 -47.24031448364258 -0.5
endloop
endfacet
facet normal 0 0 1
outer loop
vertex -69.02587890625 -47.45325469970703 -0.5
vertex -69.16033935546875 -46.95975112915039 -0.5
vertex -70.20012664794922 -47.24031448364258 -0.5
endloop
endfacet
facet normal 0 0 1
outer loop
vertex -68.80075073242188 -47.912540435791016 -0.5
vertex -69.02587890625 -47.45325469970703 -0.5
vertex -70.20012664794922 -47.24031448364258 -0.5
endloop
endfacet
facet normal 0 0 1
outer loop
vertex -68.49303436279297 -48.32112121582031 -0.5
vertex -68.80075073242188 -47.912540435791016 -0.5
vertex -70.20012664794922 -47.24031448364258 -0.5
endloop
endfacet
facet normal 0 0 1
outer loop
vertex -68.11378479003906 -48.664329528808594 -0.5
vertex -68.49303436279297 -48.32112121582031 -0.5
vertex -70.20012664794922 -47.24031448364258 -0.5
endloop
endfacet
facet normal 0 0 1
outer loop
vertex -68.11378479003906 -48.664329528808594 -0.5
vertex -70.20012664794922 -47.24031448364258 -0.5
vertex -66.82317352294922 -51.68827438354492 -0.5
endloop
endfacet
facet normal 0 0 1
outer loop
vertex -67.67808532714844 -51.56230545043945 -0.5
vertex -66.82317352294922 -51.68827438354492 -0.5
vertex -71.54545593261719 -47.75032424926758 -0.5
endloop
endfacet
facet normal 0 0 1
outer loop
vertex -66.82317352294922 -51.68827438354492 -0.5
vertex -70.20012664794922 -47.24031448364258 -0.5
vertex -71.54545593261719 -47.75032424926758 -0.5
endloop
endfacet
facet normal 0 0 1
outer loop
vertex -67.67808532714844 -51.56230545043945 -0.5
vertex -70.90642547607422 -49.25739288330078 -0.5
vertex -70.44279479980469 -49.886661529541016 -0.5
endloop
endfacet
facet normal 0 0 1
outer loop
vertex -25.83973503112793 48.959800720214844 -0.5
vertex -25.800037384033203 32.20002365112305 -0.5
vertex -25.625038146972656 32.20002365112305 -0.5
endloop
endfacet
facet normal 0 0 1
outer loop
vertex -70.20012664794922 -47.24031448364258 -0.5
vertex -71.6274642944336 -47.24013900756836 -0.5
vertex -71.54545593261719 -47.75032424926758 -0.5
endloop
endfacet
facet normal 0 0 1
outer loop
vertex 50.1999626159668 7.800023555755615 -0.5
vertex 53.043521881103516 3.3082079887390137 -0.5
vertex 53.27064895629883 3.7131693363189697 -0.5
endloop
endfacet
facet normal 0 0 1
outer loop
vertex -27.94536781311035 53.76795959472656 -0.5
vertex -28.40580940246582 53.70818328857422 -0.5
vertex -28.307313919067383 51.192874908447266 -0.5
endloop
endfacet
facet normal 0 0 1
outer loop
vertex 16.316970825195312 64.94876098632812 -0.5
vertex 19.259492874145508 61.96336364746094 -0.5
vertex 17.80402183532715 64.3384780883789 -0.5
endloop
endfacet
facet normal 0 0 1
outer loop
vertex 55.98092269897461 5.290408611297607 -0.5
vertex 56.044918060302734 5.29600715637207 -0.5
vertex 52.187767028808594 7.800023555755615 -0.5
endloop
endfacet
facet normal 0 0 1
outer loop
vertex 55.52048110961914 5.2306318283081055 -0.5
vertex 55.98092269897461 5.290408611297607 -0.5
vertex 52.187767028808594 7.800023555755615 -0.5
endloop
endfacet
facet normal 0 0 1
outer loop
vertex -28.40580940246582 53.70818328857422 -0.5
vertex -28.470129013061523 53.70402908325195 -0.5
vertex -28.307313919067383 51.192874908447266 -0.5
endloop
endfacet
facet normal 0 0 1
outer loop
vertex -67.67808532714844 -51.56230545043945 -0.5
vertex -71.54545593261719 -47.75032424926758 -0.5
vertex -71.30052947998047 -48.49253845214844 -0.5
endloop
endfacet
facet normal 0 0 1
outer loop
vertex -67.67808532714844 -51.56230545043945 -0.5
vertex -71.30052947998047 -48.49253845214844 -0.5
vertex -70.90642547607422 -49.25739288330078 -0.5
endloop
endfacet
facet normal 0 0 1
outer loop
vertex 12.099963188171387 -54.499977111816406 -0.5
vertex -34.45994186401367 -55.499977111816406 -0.5
vertex -34.49800109863281 -55.69131851196289 -0.5
endloop
endfacet
facet normal 0 0 1
outer loop
vertex 12.099963188171387 -54.499977111816406 -0.5
vertex -34.45994186401367 -54.499977111816406 -0.5
vertex -34.45994186401367 -55.499977111816406 -0.5
endloop
endfacet
facet normal 0 0 1
outer loop
vertex -27.86962890625 53.78383255004883 -0.5
vertex -28.307313919067383 51.192874908447266 -0.5
vertex -27.802879333496094 51.10819625854492 -0.5
endloop
endfacet
facet normal 0 0 1
outer loop
vertex 68.49295806884766 50.3211669921875 -0.5
vertex 68.80067443847656 49.9125862121582 -0.5
vertex 70.90635681152344 51.25743865966797 -0.5
endloop
endfacet
facet normal 0 0 1
outer loop
vertex 67.45323944091797 7.974184989929199 -0.5
vertex 66.9597396850586 7.8397216796875 -0.5
vertex 69.88665008544922 6.557263374328613 -0.5
endloop
endfacet
facet normal 0 0 1
outer loop
vertex 67.91252899169922 8.199313163757324 -0.5
vertex 67.45323944091797 7.974184989929199 -0.5
vertex 69.88665008544922 6.557263374328613 -0.5
endloop
endfacet
facet normal 0 0 1
outer loop
vertex 68.32110595703125 8.507026672363281 -0.5
vertex 67.91252899169922 8.199313163757324 -0.5
vertex 69.88665008544922 6.557263374328613 -0.5
endloop
endfacet
facet normal 0 0 1
outer loop
vertex 68.66431427001953 8.88627815246582 -0.5
vertex 68.32110595703125 8.507026672363281 -0.5
vertex 69.88665008544922 6.557263374328613 -0.5
endloop
endfacet
facet normal 0 0 1
outer loop
vertex 70.49101257324219 7.169686317443848 -0.5
vertex 68.92984008789062 9.323454856872559 -0.5
vertex 69.88665008544922 6.557263374328613 -0.5
endloop
endfacet
facet normal 0 0 1
outer loop
vertex 68.66431427001953 8.88627815246582 -0.5
vertex 69.88665008544922 6.557263374328613 -0.5
vertex 68.92984008789062 9.323454856872559 -0.5
endloop
endfacet
facet normal 0 0 1
outer loop
vertex 68.92984008789062 9.323454856872559 -0.5
vertex 71.32881927490234 8.576034545898438 -0.5
vertex 69.10813903808594 9.802865028381348 -0.5
endloop
endfacet
facet normal 0 0 1
outer loop
vertex -34.76860046386719 -55.961917877197266 -0.5
vertex -35.95994186401367 -56.685264587402344 -0.5
vertex 35.97222900390625 -56.695194244384766 -0.5
endloop
endfacet
facet normal 0 0 1
outer loop
vertex 68.11370849609375 50.66437530517578 -0.5
vertex 68.49295806884766 50.3211669921875 -0.5
vertex 70.90635681152344 51.25743865966797 -0.5
endloop
endfacet
facet normal 0 0 1
outer loop
vertex -51.80393981933594 -55.71662902832031 -0.5
vertex -51.378543853759766 -56.08732223510742 -0.5
vertex -49.91891860961914 -54.060813903808594 -0.5
endloop
endfacet
facet normal 0 0 1
outer loop
vertex -52.152488708496094 -55.285438537597656 -0.5
vertex -51.80393981933594 -55.71662902832031 -0.5
vertex -49.91891860961914 -54.060813903808594 -0.5
endloop
endfacet
facet normal 0 0 1
outer loop
vertex -50.87275314331055 -56.38771438598633 -0.5
vertex -50.353145599365234 -56.5811653137207 -0.5
vertex -49.91891860961914 -54.060813903808594 -0.5
endloop
endfacet
facet normal 0 0 1
outer loop
vertex -6.725037097930908 69.01168823242188 -0.5
vertex -3.849803924560547 70.35243225097656 -0.5
vertex -6.338376045227051 70.13455200195312 -0.5
endloop
endfacet
facet normal 0 0 1
outer loop
vertex 68.92984008789062 9.323454856872559 -0.5
vertex 70.94489288330078 7.806025981903076 -0.5
vertex 71.32881927490234 8.576034545898438 -0.5
endloop
endfacet
facet normal 0 0 1
outer loop
vertex -6.163337230682373 70.22373962402344 -0.5
vertex -6.338376045227051 70.13455200195312 -0.5
vertex -3.849803924560547 70.35243225097656 -0.5
endloop
endfacet
facet normal 0 0 1
outer loop
vertex -3.589777946472168 71.28974151611328 -0.5
vertex -6.163337230682373 70.22373962402344 -0.5
vertex -3.849803924560547 70.35243225097656 -0.5
endloop
endfacet
facet normal 0 0 1
outer loop
vertex 53.314552307128906 3.7767980098724365 -0.5
vertex 50.1999626159668 7.800023555755615 -0.5
vertex 53.27064895629883 3.7131693363189697 -0.5
endloop
endfacet
facet normal 0 0 1
outer loop
vertex 50.1999626159668 7.800023555755615 -0.5
vertex 53.314552307128906 3.7767980098724365 -0.5
vertex 53.6009407043457 4.142262935638428 -0.5
endloop
endfacet
facet normal 0 0 1
outer loop
vertex -67.67808532714844 -51.56230545043945 -0.5
vertex -69.19403076171875 -50.94490432739258 -0.5
vertex -68.42402648925781 -51.328834533691406 -0.5
endloop
endfacet
facet normal 0 0 1
outer loop
vertex 71.56229400634766 9.321972846984863 -0.5
vertex 69.19281768798828 10.307300567626953 -0.5
vertex 69.10813903808594 9.802865028381348 -0.5
endloop
endfacet
facet normal 0 0 1
outer loop
vertex 71.32881927490234 8.576034545898438 -0.5
vertex 71.56229400634766 9.321972846984863 -0.5
vertex 69.10813903808594 9.802865028381348 -0.5
endloop
endfacet
facet normal 0 0 1
outer loop
vertex 71.56229400634766 9.321972846984863 -0.5
vertex 71.68820190429688 10.176487922668457 -0.5
vertex 69.19281768798828 10.307300567626953 -0.5
endloop
endfacet
facet normal 0 0 1
outer loop
vertex 50.1999626159668 7.800023555755615 -0.5
vertex 53.6009407043457 4.142262935638428 -0.5
vertex 53.65444564819336 4.198022365570068 -0.5
endloop
endfacet
facet normal 0 0 1
outer loop
vertex 52.187767028808594 7.800023555755615 -0.5
vertex 50.1999626159668 7.800023555755615 -0.5
vertex 53.65444564819336 4.198022365570068 -0.5
endloop
endfacet
facet normal 0 0 1
outer loop
vertex -67.67808532714844 -51.56230545043945 -0.5
vertex -70.44279479980469 -49.886661529541016 -0.5
vertex -69.83037567138672 -50.491024017333984 -0.5
endloop
endfacet
facet normal 0 0 1
outer loop
vertex 70.19390106201172 28.74073028564453 -0.5
vertex 69.19281768798828 10.307300567626953 -0.5
vertex 71.68820190429688 10.176487922668457 -0.5
endloop
endfacet
facet normal 0 0 1
outer loop
vertex -67.67808532714844 -51.56230545043945 -0.5
vertex -69.83037567138672 -50.491024017333984 -0.5
vertex -69.19403076171875 -50.94490432739258 -0.5
endloop
endfacet
facet normal 0 0 1
outer loop
vertex -3.589777946472168 71.28974151611328 -0.5
vertex -3.849803924560547 70.35243225097656 -0.5
vertex -3.402942419052124 71.35044860839844 -0.5
endloop
endfacet
facet normal 0 0 1
outer loop
vertex 70.19390106201172 28.74073028564453 -0.5
vertex 71.68820190429688 10.176487922668457 -0.5
vertex 71.69390106201172 28.740270614624023 -0.5
endloop
endfacet
facet normal 0 0 1
outer loop
vertex -3.849803924560547 70.35243225097656 -0.5
vertex -0.6943080425262451 72.000732421875 -0.5
vertex -3.402942419052124 71.35044860839844 -0.5
endloop
endfacet
facet normal 0 0 1
outer loop
vertex -3.849803924560547 70.35243225097656 -0.5
vertex -0.7854340672492981 71.17352294921875 -0.5
vertex -0.6943080425262451 72.000732421875 -0.5
endloop
endfacet
facet normal 0 0 1
outer loop
vertex -0.7854340672492981 71.17352294921875 -0.5
vertex -0.5002760887145996 72.0314712524414 -0.5
vertex -0.6943080425262451 72.000732421875 -0.5
endloop
endfacet
facet normal 0 0 1
outer loop
vertex 52.187767028808594 7.800023555755615 -0.5
vertex 53.65444564819336 4.198022365570068 -0.5
vertex 53.99348449707031 4.515251636505127 -0.5
endloop
endfacet
facet normal 0 0 1
outer loop
vertex 69.19281768798828 10.307300567626953 -0.5
vertex 70.19390106201172 28.74073028564453 -0.5
vertex 70.2001953125 49.24073028564453 -0.5
endloop
endfacet
facet normal 0 0 1
outer loop
vertex 67.67652893066406 50.92989730834961 -0.5
vertex 68.11370849609375 50.66437530517578 -0.5
vertex 70.90635681152344 51.25743865966797 -0.5
endloop
endfacet
facet normal 0 0 1
outer loop
vertex 70.90635681152344 51.25743865966797 -0.5
vertex 66.82350158691406 53.688262939453125 -0.5
vertex 66.69268798828125 51.192874908447266 -0.5
endloop
endfacet
facet normal 0 0 1
outer loop
vertex 67.67652893066406 50.92989730834961 -0.5
vertex 70.90635681152344 51.25743865966797 -0.5
vertex 67.1971206665039 51.10819625854492 -0.5
endloop
endfacet
facet normal 0 0 1
outer loop
vertex 70.90635681152344 51.25743865966797 -0.5
vertex 66.69268798828125 51.192874908447266 -0.5
vertex 67.1971206665039 51.10819625854492 -0.5
endloop
endfacet
facet normal 0 0 1
outer loop
vertex 69.16026306152344 48.959800720214844 -0.5
vertex 69.19281768798828 10.307300567626953 -0.5
vertex 70.2001953125 49.24073028564453 -0.5
endloop
endfacet
facet normal 0 0 1
outer loop
vertex 52.187767028808594 7.800023555755615 -0.5
vertex 53.99348449707031 4.515251636505127 -0.5
vertex 54.05510330200195 4.561870098114014 -0.5
endloop
endfacet
facet normal 0 0 1
outer loop
vertex 52.187767028808594 7.800023555755615 -0.5
vertex 54.05510330200195 4.561870098114014 -0.5
vertex 54.43888473510742 4.823202133178711 -0.5
endloop
endfacet
facet normal 0 0 1
outer loop
vertex -34.606388092041016 -55.85353088378906 -0.5
vertex -34.76860046386719 -55.961917877197266 -0.5
vertex 35.97222900390625 -56.695194244384766 -0.5
endloop
endfacet
facet normal 0 0 1
outer loop
vertex -34.49800109863281 -55.69131851196289 -0.5
vertex -34.606388092041016 -55.85353088378906 -0.5
vertex 35.97222900390625 -56.695194244384766 -0.5
endloop
endfacet
facet normal 0 0 1
outer loop
vertex -50.353145599365234 -56.5811653137207 -0.5
vertex -49.79853820800781 -56.683353424072266 -0.5
vertex -49.91891860961914 -54.060813903808594 -0.5
endloop
endfacet
facet normal 0 0 1
outer loop
vertex -51.378543853759766 -56.08732223510742 -0.5
vertex -50.87275314331055 -56.38771438598633 -0.5
vertex -49.91891860961914 -54.060813903808594 -0.5
endloop
endfacet
facet normal 0 0 1
outer loop
vertex 70.2001953125 49.24073028564453 -0.5
vertex 69.02580261230469 49.45330047607422 -0.5
vertex 69.16026306152344 48.959800720214844 -0.5
endloop
endfacet
facet normal 0 0 1
outer loop
vertex -49.720733642578125 -54.164276123046875 -0.5
vertex -49.91891860961914 -54.060813903808594 -0.5
vertex -49.79853820800781 -56.683353424072266 -0.5
endloop
endfacet
facet normal 0 0 1
outer loop
vertex -49.500038146972656 -54.19997787475586 -0.5
vertex -49.720733642578125 -54.164276123046875 -0.5
vertex -49.79853820800781 -56.683353424072266 -0.5
endloop
endfacet
facet normal 0 0 1
outer loop
vertex -25.43560028076172 55.76179885864258 -0.5
vertex -25.468595504760742 55.691837310791016 -0.5
vertex -22.625038146972656 53.250022888183594 -0.5
endloop
endfacet
facet normal 0 0 1
outer loop
vertex 50.22588348388672 -54.18855667114258 -0.5
vertex 50.0999641418457 -54.19997787475586 -0.5
vertex 51.183109283447266 -54.593589782714844 -0.5
endloop
endfacet
facet normal 0 0 1
outer loop
vertex -71.6944580078125 -1.290016531944275 -0.5
vertex -70.1944580078125 -1.2902016639709473 -0.5
vertex -71.69384765625 3.660098075866699 -0.5
endloop
endfacet
facet normal 0 0 1
outer loop
vertex 51.183109283447266 -54.593589782714844 -0.5
vertex 50.79996109008789 -21.499977111816406 -0.5
vertex 50.79596710205078 -53.574676513671875 -0.5
endloop
endfacet
facet normal 0 0 1
outer loop
vertex 68.80067443847656 49.9125862121582 -0.5
vertex 69.02580261230469 49.45330047607422 -0.5
vertex 70.2001953125 49.24073028564453 -0.5
endloop
endfacet
facet normal 0 0 1
outer loop
vertex 35.97222900390625 -56.695194244384766 -0.5
vertex 35.97222900390625 -57.278076171875 -0.5
vertex 36.47222900390625 -57.62818145751953 -0.5
endloop
endfacet
facet normal 0 0 1
outer loop
vertex 36.47222900390625 -57.62818145751953 -0.5
vertex 37.73606872558594 -58.2175178527832 -0.5
vertex 40.072227478027344 -58.664981842041016 -0.5
endloop
endfacet
facet normal 0 0 1
outer loop
vertex 35.97222900390625 -56.695194244384766 -0.5
vertex 36.47222900390625 -57.62818145751953 -0.5
vertex 40.072227478027344 -55.999977111816406 -0.5
endloop
endfacet
facet normal 0 0 1
outer loop
vertex 35.97222900390625 -56.695194244384766 -0.5
vertex 40.072227478027344 -55.999977111816406 -0.5
vertex 34.97222900390625 -55.999977111816406 -0.5
endloop
endfacet
facet normal 0 0 1
outer loop
vertex 66.82350158691406 53.688262939453125 -0.5
vertex 68.4239501953125 53.32888412475586 -0.5
vertex 67.67801666259766 53.562355041503906 -0.5
endloop
endfacet
facet normal 0 0 1
outer loop
vertex 50.0999641418457 -54.19997787475586 -0.5
vertex 50.0999641418457 -54.499977111816406 -0.5
vertex 51.183109283447266 -54.593589782714844 -0.5
endloop
endfacet
facet normal 0 0 1
outer loop
vertex 37.73606872558594 -58.2175178527832 -0.5
vertex 39.08304214477539 -58.57843780517578 -0.5
vertex 40.072227478027344 -58.664981842041016 -0.5
endloop
endfacet
facet normal 0 0 1
outer loop
vertex 36.47222900390625 -57.62818145751953 -0.5
vertex 40.072227478027344 -58.664981842041016 -0.5
vertex 40.072227478027344 -55.999977111816406 -0.5
endloop
endfacet
facet normal 0 0 1
outer loop
vertex 52.387699127197266 -54.8726921081543 -0.5
vertex 52.49146270751953 -54.5939826965332 -0.5
vertex 51.183109283447266 -54.593589782714844 -0.5
endloop
endfacet
facet normal 0 0 1
outer loop
vertex -46.151283264160156 -55.961917877197266 -0.5
vertex -46.31349563598633 -55.85353088378906 -0.5
vertex -47.35638427734375 -56.68368911743164 -0.5
endloop
endfacet
facet normal 0 0 1
outer loop
vertex -46.45994186401367 -54.499977111816406 -0.5
vertex -48.9000358581543 -54.499977111816406 -0.5
vertex -47.35638427734375 -56.68368911743164 -0.5
endloop
endfacet
facet normal 0 0 1
outer loop
vertex -70.19384765625 3.6599128246307373 -0.5
vertex -69.20003509521484 -46.499977111816406 -0.5
vertex -70.19131469726562 24.159912109375 -0.5
endloop
endfacet
facet normal 0 0 1
outer loop
vertex -49.79853820800781 -56.683353424072266 -0.5
vertex -48.9000358581543 -54.19997787475586 -0.5
vertex -49.500038146972656 -54.19997787475586 -0.5
endloop
endfacet
facet normal 0 0 1
outer loop
vertex -48.9000358581543 -54.499977111816406 -0.5
vertex -48.9000358581543 -54.19997787475586 -0.5
vertex -49.79853820800781 -56.683353424072266 -0.5
endloop
endfacet
facet normal 0 0 1
outer loop
vertex 55.44455337524414 5.216214656829834 -0.5
vertex 55.52048110961914 5.2306318283081055 -0.5
vertex 52.187767028808594 7.800023555755615 -0.5
endloop
endfacet
facet normal 0 0 1
outer loop
vertex -48.9000358581543 -54.499977111816406 -0.5
vertex -49.79853820800781 -56.683353424072266 -0.5
vertex -47.35638427734375 -56.68368911743164 -0.5
endloop
endfacet
facet normal 0 0 1
outer loop
vertex 40.872230529785156 -55.999977111816406 -0.5
vertex 40.872230529785156 -58.664981842041016 -0.5
vertex 41.86141586303711 -58.57843780517578 -0.5
endloop
endfacet
facet normal 0 0 1
outer loop
vertex 40.872230529785156 -55.999977111816406 -0.5
vertex 41.86141586303711 -58.57843780517578 -0.5
vertex 43.20838928222656 -58.2175178527832 -0.5
endloop
endfacet
facet normal 0 0 1
outer loop
vertex 54.99934768676758 5.084396839141846 -0.5
vertex 55.44455337524414 5.216214656829834 -0.5
vertex 52.187767028808594 7.800023555755615 -0.5
endloop
endfacet
facet normal 0 0 1
outer loop
vertex -28.470129013061523 53.70402908325195 -0.5
vertex -66.50003814697266 51.20002365112305 -0.5
vertex -28.307313919067383 51.192874908447266 -0.5
endloop
endfacet
facet normal 0 0 1
outer loop
vertex -70.18817138671875 49.61002731323242 -0.5
vertex -70.19070434570312 29.110027313232422 -0.5
vertex -69.20003509521484 -46.499977111816406 -0.5
endloop
endfacet
facet normal 0 0 1
outer loop
vertex 50.0999641418457 -54.499977111816406 -0.5
vertex 50.769248962402344 -56.434608459472656 -0.5
vertex 51.285423278808594 -56.152427673339844 -0.5
endloop
endfacet
facet normal 0 0 1
outer loop
vertex 50.0999641418457 -54.499977111816406 -0.5
vertex 50.2296028137207 -56.61309051513672 -0.5
vertex 50.769248962402344 -56.434608459472656 -0.5
endloop
endfacet
facet normal 0 0 1
outer loop
vertex -50.20003890991211 -53.499977111816406 -0.5
vertex -50.20003890991211 -49.19997787475586 -0.5
vertex -52.99806594848633 -53.371681213378906 -0.5
endloop
endfacet
facet normal 0 0 1
outer loop
vertex -70.18817138671875 49.61002731323242 -0.5
vertex -69.20003509521484 -46.499977111816406 -0.5
vertex -69.1928939819336 48.692745208740234 -0.5
endloop
endfacet
facet normal 0 0 1
outer loop
vertex -52.152488708496094 -55.285438537597656 -0.5
vertex -49.91891860961914 -54.060813903808594 -0.5
vertex -50.07437515258789 -53.900146484375 -0.5
endloop
endfacet
facet normal 0 0 1
outer loop
vertex -52.75147247314453 -53.8521728515625 -0.5
vertex -50.17124938964844 -53.69866180419922 -0.5
vertex -50.20003890991211 -53.499977111816406 -0.5
endloop
endfacet
facet normal 0 0 1
outer loop
vertex -52.43611526489258 -54.76662063598633 -0.5
vertex -50.07437515258789 -53.900146484375 -0.5
vertex -50.17124938964844 -53.69866180419922 -0.5
endloop
endfacet
facet normal 0 0 1
outer loop
vertex 52.187767028808594 7.800023555755615 -0.5
vertex 54.43888473510742 4.823202133178711 -0.5
vertex 54.50698471069336 4.8596906661987305 -0.5
endloop
endfacet
facet normal 0 0 1
outer loop
vertex 52.187767028808594 7.800023555755615 -0.5
vertex 54.50698471069336 4.8596906661987305 -0.5
vertex 54.92646789550781 5.058736801147461 -0.5
endloop
endfacet
facet normal 0 0 1
outer loop
vertex -71.69131469726562 24.160097122192383 -0.5
vertex -70.19131469726562 24.159912109375 -0.5
vertex -71.69070434570312 29.110212326049805 -0.5
endloop
endfacet
facet normal 0 0 1
outer loop
vertex -52.75147247314453 -53.8521728515625 -0.5
vertex -52.43611526489258 -54.76662063598633 -0.5
vertex -50.17124938964844 -53.69866180419922 -0.5
endloop
endfacet
facet normal 0 0 1
outer loop
vertex 54.99934768676758 5.084396839141846 -0.5
vertex 52.187767028808594 7.800023555755615 -0.5
vertex 54.92646789550781 5.058736801147461 -0.5
endloop
endfacet
facet normal 0 0 1
outer loop
vertex -70.19070434570312 29.110027313232422 -0.5
vertex -71.69070434570312 29.110212326049805 -0.5
vertex -70.19131469726562 24.159912109375 -0.5
endloop
endfacet
facet normal 0 0 1
outer loop
vertex 11.474963188171387 69.01168823242188 -0.5
vertex 14.073697090148926 67.19203186035156 -0.5
vertex 13.62234878540039 68.56361389160156 -0.5
endloop
endfacet
facet normal 0 0 1
outer loop
vertex -71.56237030029297 49.67807388305664 -0.5
vertex -71.57237243652344 49.610198974609375 -0.5
vertex -70.18817138671875 49.61002731323242 -0.5
endloop
endfacet
facet normal 0 0 1
outer loop
vertex -28.470129013061523 53.70402908325195 -0.5
vertex -66.48019409179688 53.70002365112305 -0.5
vertex -66.50003814697266 51.20002365112305 -0.5
endloop
endfacet
facet normal 0 0 1
outer loop
vertex 50.0999641418457 -54.499977111816406 -0.5
vertex 49.780582427978516 -56.68634033203125 -0.5
vertex 50.2296028137207 -56.61309051513672 -0.5
endloop
endfacet
facet normal 0 0 1
outer loop
vertex 50.0999641418457 -54.499977111816406 -0.5
vertex 49.61288833618164 -56.697078704833984 -0.5
vertex 49.780582427978516 -56.68634033203125 -0.5
endloop
endfacet
facet normal 0 0 1
outer loop
vertex -25.151103973388672 56.795387268066406 -0.5
vertex -25.159582138061523 56.72621154785156 -0.5
vertex -22.625038146972656 60.750022888183594 -0.5
endloop
endfacet
facet normal 0 0 1
outer loop
vertex 40.872230529785156 -55.999977111816406 -0.5
vertex 43.20838928222656 -58.2175178527832 -0.5
vertex 44.47222900390625 -57.62818145751953 -0.5
endloop
endfacet
facet normal 0 0 1
outer loop
vertex -70.1944580078125 -1.2902016639709473 -0.5
vertex -69.20003509521484 -46.499977111816406 -0.5
vertex -70.19384765625 3.6599128246307373 -0.5
endloop
endfacet
facet normal 0 0 1
outer loop
vertex 8.599729537963867 70.35243225097656 -0.5
vertex 10.913263320922852 70.22373962402344 -0.5
vertex 8.339703559875488 71.28974151611328 -0.5
endloop
endfacet
facet normal 0 0 1
outer loop
vertex -25.125038146972656 57.20002365112305 -0.5
vertex -25.151103973388672 56.795387268066406 -0.5
vertex -22.625038146972656 60.750022888183594 -0.5
endloop
endfacet
facet normal 0 0 1
outer loop
vertex -71.32889556884766 50.42401123046875 -0.5
vertex -71.56237030029297 49.67807388305664 -0.5
vertex -70.18817138671875 49.61002731323242 -0.5
endloop
endfacet
facet normal 0 0 1
outer loop
vertex 8.599729537963867 70.35243225097656 -0.5
vertex 11.474963188171387 69.01168823242188 -0.5
vertex 11.088301658630371 70.13455200195312 -0.5
endloop
endfacet
facet normal 0 0 1
outer loop
vertex 10.913263320922852 70.22373962402344 -0.5
vertex 8.599729537963867 70.35243225097656 -0.5
vertex 11.088301658630371 70.13455200195312 -0.5
endloop
endfacet
facet normal 0 0 1
outer loop
vertex -52.78096389770508 -53.782108306884766 -0.5
vertex -52.75147247314453 -53.8521728515625 -0.5
vertex -50.20003890991211 -53.499977111816406 -0.5
endloop
endfacet
facet normal 0 0 1
outer loop
vertex -50.20003890991211 -53.499977111816406 -0.5
vertex -52.99806594848633 -53.371681213378906 -0.5
vertex -52.78096389770508 -53.782108306884766 -0.5
endloop
endfacet
facet normal 0 0 1
outer loop
vertex -50.20003890991211 -49.19997787475586 -0.5
vertex -55.738399505615234 -51.7096061706543 -0.5
vertex -55.66099548339844 -51.716461181640625 -0.5
endloop
endfacet
facet normal 0 0 1
outer loop
vertex -50.20003890991211 -49.19997787475586 -0.5
vertex -55.66099548339844 -51.716461181640625 -0.5
vertex -55.20244216918945 -51.789329528808594 -0.5
endloop
endfacet
facet normal 0 0 1
outer loop
vertex -55.127079010009766 -51.80669021606445 -0.5
vertex -54.685264587402344 -51.94944763183594 -0.5
vertex -50.20003890991211 -49.19997787475586 -0.5
endloop
endfacet
facet normal 0 0 1
outer loop
vertex -54.685264587402344 -51.94944763183594 -0.5
vertex -54.614437103271484 -51.9803466796875 -0.5
vertex -50.20003890991211 -49.19997787475586 -0.5
endloop
endfacet
facet normal 0 0 1
outer loop
vertex -50.20003890991211 -49.19997787475586 -0.5
vertex -55.20244216918945 -51.789329528808594 -0.5
vertex -55.127079010009766 -51.80669021606445 -0.5
endloop
endfacet
facet normal 0 0 1
outer loop
vertex -53.316184997558594 -52.93375015258789 -0.5
vertex -53.038055419921875 -53.305538177490234 -0.5
vertex -50.20003890991211 -49.19997787475586 -0.5
endloop
endfacet
facet normal 0 0 1
outer loop
vertex -50.20003890991211 -49.19997787475586 -0.5
vertex -53.69789505004883 -52.550052642822266 -0.5
vertex -53.365604400634766 -52.87434768676758 -0.5
endloop
endfacet
facet normal 0 0 1
outer loop
vertex -53.365604400634766 -52.87434768676758 -0.5
vertex -53.316184997558594 -52.93375015258789 -0.5
vertex -50.20003890991211 -49.19997787475586 -0.5
endloop
endfacet
facet normal 0 0 1
outer loop
vertex -53.038055419921875 -53.305538177490234 -0.5
vertex -52.99806594848633 -53.371681213378906 -0.5
vertex -50.20003890991211 -49.19997787475586 -0.5
endloop
endfacet
facet normal 0 0 1
outer loop
vertex -54.614437103271484 -51.9803466796875 -0.5
vertex -54.19994354248047 -52.18956756591797 -0.5
vertex -50.20003890991211 -49.19997787475586 -0.5
endloop
endfacet
facet normal 0 0 1
outer loop
vertex -54.19994354248047 -52.18956756591797 -0.5
vertex -54.13410568237305 -52.229713439941406 -0.5
vertex -50.20003890991211 -49.19997787475586 -0.5
endloop
endfacet
facet normal 0 0 1
outer loop
vertex -70.94496154785156 51.19401931762695 -0.5
vertex -71.32889556884766 50.42401123046875 -0.5
vertex -70.18817138671875 49.61002731323242 -0.5
endloop
endfacet
facet normal 0 0 1
outer loop
vertex -70.18817138671875 49.61002731323242 -0.5
vertex -69.25745391845703 52.90641403198242 -0.5
vertex -70.94496154785156 51.19401931762695 -0.5
endloop
endfacet
facet normal 0 0 1
outer loop
vertex -50.20003890991211 -49.19997787475586 -0.5
vertex -54.13410568237305 -52.229713439941406 -0.5
vertex -53.755767822265625 -52.49886703491211 -0.5
endloop
endfacet
facet normal 0 0 1
outer loop
vertex -50.20003890991211 -49.19997787475586 -0.5
vertex -53.755767822265625 -52.49886703491211 -0.5
vertex -53.69789505004883 -52.550052642822266 -0.5
endloop
endfacet
facet normal 0 0 1
outer loop
vertex 44.97222900390625 -57.278076171875 -0.5
vertex 40.872230529785156 -55.999977111816406 -0.5
vertex 44.47222900390625 -57.62818145751953 -0.5
endloop
endfacet
facet normal 0 0 1
outer loop
vertex -69.25745391845703 52.90641403198242 -0.5
vertex -70.4910888671875 51.830360412597656 -0.5
vertex -70.94496154785156 51.19401931762695 -0.5
endloop
endfacet
facet normal 0 0 1
outer loop
vertex -70.18817138671875 49.61002731323242 -0.5
vertex -69.1928939819336 48.692745208740234 -0.5
vertex -69.10820770263672 49.197181701660156 -0.5
endloop
endfacet
facet normal 0 0 1
outer loop
vertex 44.97222900390625 -57.278076171875 -0.5
vertex 44.97222900390625 -56.69643783569336 -0.5
vertex 40.872230529785156 -55.999977111816406 -0.5
endloop
endfacet
facet normal 0 0 1
outer loop
vertex -70.19699096679688 -21.79020118713379 -0.5
vertex -69.20003509521484 -46.499977111816406 -0.5
vertex -70.1944580078125 -1.2902016639709473 -0.5
endloop
endfacet
facet normal 0 0 1
outer loop
vertex 44.97222900390625 -56.69643783569336 -0.5
vertex 46.163570404052734 -55.961917877197266 -0.5
vertex 40.872230529785156 -55.999977111816406 -0.5
endloop
endfacet
facet normal 0 0 1
outer loop
vertex 2.4731879234313965 72.2500228881836 -0.5
vertex 2.2767374515533447 72.2500228881836 -0.5
vertex 2.37496280670166 71.45001983642578 -0.5
endloop
endfacet
facet normal 0 0 1
outer loop
vertex 5.25020170211792 72.0314712524414 -0.5
vertex 2.4731879234313965 72.2500228881836 -0.5
vertex 2.37496280670166 71.45001983642578 -0.5
endloop
endfacet
facet normal 0 0 1
outer loop
vertex 5.25020170211792 72.0314712524414 -0.5
vertex 2.37496280670166 71.45001983642578 -0.5
vertex 5.5353593826293945 71.17352294921875 -0.5
endloop
endfacet
facet normal 0 0 1
outer loop
vertex 16.316970825195312 64.94876098632812 -0.5
vertex 17.80402183532715 64.3384780883789 -0.5
vertex 17.68855094909668 64.49740600585938 -0.5
endloop
endfacet
facet normal 0 0 1
outer loop
vertex -25.252872467041016 56.2713737487793 -0.5
vertex -25.273242950439453 56.19679260253906 -0.5
vertex -22.625038146972656 53.250022888183594 -0.5
endloop
endfacet
facet normal 0 0 1
outer loop
vertex 14.073697090148926 67.19203186035156 -0.5
vertex 17.68855094909668 64.49740600585938 -0.5
vertex 15.879446983337402 66.61559295654297 -0.5
endloop
endfacet
facet normal 0 0 1
outer loop
vertex -14.416901588439941 63.46564865112305 -0.5
vertex -13.946269035339355 61.1500244140625 -0.5
vertex -13.386699676513672 62.35002517700195 -0.5
endloop
endfacet
facet normal 0 0 1
outer loop
vertex -70.18817138671875 49.61002731323242 -0.5
vertex -69.10820770263672 49.197181701660156 -0.5
vertex -68.9299087524414 49.67658996582031 -0.5
endloop
endfacet
facet normal 0 0 1
outer loop
vertex 14.073697090148926 67.19203186035156 -0.5
vertex 16.316970825195312 64.94876098632812 -0.5
vertex 17.68855094909668 64.49740600585938 -0.5
endloop
endfacet
facet normal 0 0 1
outer loop
vertex 28.499961853027344 51.20002365112305 -0.5
vertex 66.82350158691406 53.688262939453125 -0.5
vertex 28.527448654174805 53.70001983642578 -0.5
endloop
endfacet
facet normal 0 0 1
outer loop
vertex -15.462422370910645 63.25404357910156 -0.5
vertex -22.625038146972656 61.1500244140625 -0.5
vertex -13.946269035339355 61.1500244140625 -0.5
endloop
endfacet
facet normal 0 0 1
outer loop
vertex -69.25745391845703 52.90641403198242 -0.5
vertex -70.18817138671875 49.61002731323242 -0.5
vertex -68.9299087524414 49.67658996582031 -0.5
endloop
endfacet
facet normal 0 0 1
outer loop
vertex -69.25745391845703 52.90641403198242 -0.5
vertex -68.9299087524414 49.67658996582031 -0.5
vertex -68.66439056396484 50.11376953125 -0.5
endloop
endfacet
facet normal 0 0 1
outer loop
vertex -69.25745391845703 52.90641403198242 -0.5
vertex -68.66439056396484 50.11376953125 -0.5
vertex -68.32118225097656 50.493019104003906 -0.5
endloop
endfacet
facet normal 0 0 1
outer loop
vertex -69.25745391845703 52.90641403198242 -0.5
vertex -68.32118225097656 50.493019104003906 -0.5
vertex -67.91259765625 50.80073165893555 -0.5
endloop
endfacet
facet normal 0 0 1
outer loop
vertex 66.82350158691406 53.688262939453125 -0.5
vertex 28.499961853027344 51.20002365112305 -0.5
vertex 66.69268798828125 51.192874908447266 -0.5
endloop
endfacet
facet normal 0 0 1
outer loop
vertex -13.386699676513672 44.1500244140625 -0.5
vertex -13.946269035339355 45.35002517700195 -0.5
vertex -16.625038146972656 45.35002517700195 -0.5
endloop
endfacet
facet normal 0 0 1
outer loop
vertex -11.567046165466309 41.55128860473633 -0.5
vertex -13.386699676513672 44.1500244140625 -0.5
vertex -16.625038146972656 45.35002517700195 -0.5
endloop
endfacet
facet normal 0 0 1
outer loop
vertex -67.91259765625 50.80073165893555 -0.5
vertex -67.45331573486328 51.02586364746094 -0.5
vertex -68.49259948730469 53.300514221191406 -0.5
endloop
endfacet
facet normal 0 0 1
outer loop
vertex -69.25745391845703 52.90641403198242 -0.5
vertex -69.88672637939453 52.44278335571289 -0.5
vertex -70.4910888671875 51.830360412597656 -0.5
endloop
endfacet
facet normal 0 0 1
outer loop
vertex -68.49259948730469 53.300514221191406 -0.5
vertex -69.25745391845703 52.90641403198242 -0.5
vertex -67.91259765625 50.80073165893555 -0.5
endloop
endfacet
facet normal 0 0 1
outer loop
vertex -67.45331573486328 51.02586364746094 -0.5
vertex -67.75038146972656 53.545440673828125 -0.5
vertex -68.49259948730469 53.300514221191406 -0.5
endloop
endfacet
facet normal 0 0 1
outer loop
vertex -67.45331573486328 51.02586364746094 -0.5
vertex -66.9598159790039 51.16032409667969 -0.5
vertex -67.75038146972656 53.545440673828125 -0.5
endloop
endfacet
facet normal 0 0 1
outer loop
vertex -66.9598159790039 51.16032409667969 -0.5
vertex -66.50003814697266 51.20002365112305 -0.5
vertex -67.75038146972656 53.545440673828125 -0.5
endloop
endfacet
facet normal 0 0 1
outer loop
vertex 16.316970825195312 41.55128860473633 -0.5
vertex 25.799962997436523 32.20002365112305 -0.5
vertex 18.136625289916992 44.1500244140625 -0.5
endloop
endfacet
facet normal 0 0 1
outer loop
vertex 14.073697090148926 39.308013916015625 -0.5
vertex 25.799962997436523 32.20002365112305 -0.5
vertex 16.316970825195312 41.55128860473633 -0.5
endloop
endfacet
facet normal 0 0 1
outer loop
vertex -66.88973999023438 53.68378448486328 -0.5
vertex -67.75038146972656 53.545440673828125 -0.5
vertex -66.50003814697266 51.20002365112305 -0.5
endloop
endfacet
facet normal 0 0 1
outer loop
vertex -66.48019409179688 53.70002365112305 -0.5
vertex -66.88973999023438 53.68378448486328 -0.5
vertex -66.50003814697266 51.20002365112305 -0.5
endloop
endfacet
facet normal 0 0 1
outer loop
vertex -15.462422370910645 63.25404357910156 -0.5
vertex -23.660472869873047 63.2501220703125 -0.5
vertex -22.625038146972656 61.1500244140625 -0.5
endloop
endfacet
facet normal 0 0 1
outer loop
vertex 14.073697090148926 67.19203186035156 -0.5
vertex 15.879446983337402 66.61559295654297 -0.5
vertex 15.740535736083984 66.75450897216797 -0.5
endloop
endfacet
facet normal 0 0 1
outer loop
vertex 25.799962997436523 32.20002365112305 -0.5
vertex 14.073697090148926 39.308013916015625 -0.5
vertex 11.474963188171387 37.48836135864258 -0.5
endloop
endfacet
facet normal 0 0 1
outer loop
vertex 11.474963188171387 37.48836135864258 -0.5
vertex 8.599729537963867 36.14761734008789 -0.5
vertex 25.799962997436523 32.20002365112305 -0.5
endloop
endfacet
facet normal 0 0 1
outer loop
vertex 8.599729537963867 36.14761734008789 -0.5
vertex 5.5353593826293945 35.32652282714844 -0.5
vertex 25.799962997436523 32.20002365112305 -0.5
endloop
endfacet
facet normal 0 0 1
outer loop
vertex 5.5353593826293945 35.32652282714844 -0.5
vertex 2.37496280670166 35.05002212524414 -0.5
vertex 25.799962997436523 32.20002365112305 -0.5
endloop
endfacet
facet normal 0 0 1
outer loop
vertex 44.97222900390625 -56.69643783569336 -0.5
vertex 49.61288833618164 -56.697078704833984 -0.5
vertex 46.163570404052734 -55.961917877197266 -0.5
endloop
endfacet
facet normal 0 0 1
outer loop
vertex 14.073697090148926 67.19203186035156 -0.5
vertex 15.740535736083984 66.75450897216797 -0.5
vertex 13.62234878540039 68.56361389160156 -0.5
endloop
endfacet
facet normal 0 0 1
outer loop
vertex -16.625038146972656 32.20002365112305 -0.5
vertex 25.799962997436523 32.20002365112305 -0.5
vertex 2.37496280670166 35.05002212524414 -0.5
endloop
endfacet
facet normal 0 0 1
outer loop
vertex 49.61288833618164 -56.697078704833984 -0.5
vertex 46.325782775878906 -55.85353088378906 -0.5
vertex 46.163570404052734 -55.961917877197266 -0.5
endloop
endfacet
facet normal 0 0 1
outer loop
vertex 49.61288833618164 -56.697078704833984 -0.5
vertex 46.43416976928711 -55.69131851196289 -0.5
vertex 46.325782775878906 -55.85353088378906 -0.5
endloop
endfacet
facet normal 0 0 1
outer loop
vertex 49.61288833618164 -56.697078704833984 -0.5
vertex 46.47222900390625 -55.499977111816406 -0.5
vertex 46.43416976928711 -55.69131851196289 -0.5
endloop
endfacet
facet normal 0 0 1
outer loop
vertex 11.474963188171387 69.01168823242188 -0.5
vertex 13.62234878540039 68.56361389160156 -0.5
vertex 13.463417053222656 68.67908477783203 -0.5
endloop
endfacet
facet normal 0 0 1
outer loop
vertex 49.61288833618164 -56.697078704833984 -0.5
vertex 46.47222900390625 -54.499977111816406 -0.5
vertex 46.47222900390625 -55.499977111816406 -0.5
endloop
endfacet
facet normal 0 0 1
outer loop
vertex 11.474963188171387 69.01168823242188 -0.5
vertex 13.463417053222656 68.67908477783203 -0.5
vertex 11.088301658630371 70.13455200195312 -0.5
endloop
endfacet
facet normal 0 0 1
outer loop
vertex 46.47222900390625 -54.499977111816406 -0.5
vertex 49.61288833618164 -56.697078704833984 -0.5
vertex 50.0999641418457 -54.499977111816406 -0.5
endloop
endfacet
facet normal 0 0 1
outer loop
vertex -25.125038146972656 61.78555679321289 -0.5
vertex -22.625038146972656 60.750022888183594 -0.5
vertex -22.625038146972656 61.1500244140625 -0.5
endloop
endfacet
facet normal 0 0 1
outer loop
vertex -23.660472869873047 63.2501220703125 -0.5
vertex -25.125038146972656 61.78555679321289 -0.5
vertex -22.625038146972656 61.1500244140625 -0.5
endloop
endfacet
facet normal 0 0 1
outer loop
vertex -25.125038146972656 61.78555679321289 -0.5
vertex -25.125038146972656 57.20002365112305 -0.5
vertex -22.625038146972656 60.750022888183594 -0.5
endloop
endfacet
facet normal 0 0 1
outer loop
vertex -25.159582138061523 56.72621154785156 -0.5
vertex -22.625038146972656 53.250022888183594 -0.5
vertex -22.625038146972656 60.750022888183594 -0.5
endloop
endfacet
facet normal 0 0 1
outer loop
vertex 68.92984008789062 9.323454856872559 -0.5
vertex 70.49101257324219 7.169686317443848 -0.5
vertex 70.94489288330078 7.806025981903076 -0.5
endloop
endfacet
facet normal 0.9999999553446342 -0.00029884900853831427 0
outer loop
vertex 51.183109283447266 -54.593589782714844 -0.5
vertex 51.183109283447266 -54.593589782714844 -1
vertex 51.18923568725586 -34.09359359741211 -1
endloop
endfacet
facet normal 0 0 1
outer loop
vertex 53.18333435058594 -53.84418869018555 -1
vertex 51.18923568725586 -34.09359359741211 -1
vertex 53.064964294433594 -54.48662185668945 -1
endloop
endfacet
facet normal 0 0 1
outer loop
vertex 53.064964294433594 -54.48662185668945 -1
vertex 51.18923568725586 -34.09359359741211 -1
vertex 53.024932861328125 -54.59414291381836 -1
endloop
endfacet
facet normal 0.00030031166916546684 0.9999999549064498 0
outer loop
vertex 51.183109283447266 -54.593589782714844 -0.5
vertex 52.49146270751953 -54.5939826965332 -0.5
vertex 51.183109283447266 -54.593589782714844 -1
endloop
endfacet
facet normal 0.9999999553446342 -0.00029884900853831427 0
outer loop
vertex 51.183109283447266 -54.593589782714844 -0.5
vertex 51.18923568725586 -34.09359359741211 -1
vertex 51.18923568725586 -34.09359359741211 -0.5
endloop
endfacet
facet normal 0 0 1
outer loop
vertex 53.18923568725586 -34.09418869018555 -1
vertex 51.18923568725586 -34.09359359741211 -1
vertex 53.18333435058594 -53.84418869018555 -1
endloop
endfacet
facet normal 0.0003003170798847602 0.9999999549048246 -1.4158267505342951e-8
outer loop
vertex 53.024932861328125 -54.59414291381836 -1
vertex 51.183109283447266 -54.593589782714844 -1
vertex 52.49146270751953 -54.5939826965332 -0.5
endloop
endfacet
facet normal 0 0 1
outer loop
vertex 51.18923568725586 -34.09359359741211 -1
vertex 51.183109283447266 -54.593589782714844 -1
vertex 53.024932861328125 -54.59414291381836 -1
endloop
endfacet
facet normal 0.0003064473326159778 0.9999999530450151 0
outer loop
vertex 70.19390106201172 28.74073028564453 -1
vertex 70.19390106201172 28.74073028564453 -0.5
vertex 71.69390106201172 28.740270614624023 -0.5
endloop
endfacet
facet normal 0 0 1
outer loop
vertex 72.19390106201172 28.740116119384766 -1
vertex 70.2001953125 49.24073028564453 -1
vertex 70.19390106201172 28.74073028564453 -1
endloop
endfacet
facet normal 0.9999999528642636 -0.00030703659471205456 0
outer loop
vertex 70.19390106201172 28.74073028564453 -1
vertex 70.2001953125 49.24073028564453 -1
vertex 70.19390106201172 28.74073028564453 -0.5
endloop
endfacet
facet normal 0.0003070831154032779 0.99999995284816 -0.0000019073485428775025
outer loop
vertex 70.19390106201172 28.74073028564453 -1
vertex 71.69390106201172 28.740270614624023 -0.5
vertex 72.19390106201172 28.740116119384766 -1
endloop
endfacet
facet normal -0.00030776027961230376 -0.999999952641804 0
outer loop
vertex 70.2001953125 49.24073028564453 -1
vertex 72.13381958007812 49.240135192871094 -1
vertex 70.2001953125 49.24073028564453 -0.5
endloop
endfacet
facet normal -0.0003073830596297174 -0.9999999527567621 0.0000014588035619103116
outer loop
vertex 70.2001953125 49.24073028564453 -0.5
vertex 72.13381958007812 49.240135192871094 -1
vertex 71.62737274169922 49.240291595458984 -0.5
endloop
endfacet
facet normal 0 0 1
outer loop
vertex 72.19996643066406 48.490116119384766 -1
vertex 70.2001953125 49.24073028564453 -1
vertex 72.19390106201172 28.740116119384766 -1
endloop
endfacet
facet normal 0.9999999528642636 -0.00030703659471205456 0
outer loop
vertex 70.19390106201172 28.74073028564453 -0.5
vertex 70.2001953125 49.24073028564453 -1
vertex 70.2001953125 49.24073028564453 -0.5
endloop
endfacet
facet normal 0 0 1
outer loop
vertex 72.18214416503906 48.93948745727539 -1
vertex 72.13381958007812 49.240135192871094 -1
vertex 70.2001953125 49.24073028564453 -1
endloop
endfacet
facet normal 0 0 1
outer loop
vertex 72.18214416503906 48.93948745727539 -1
vertex 70.2001953125 49.24073028564453 -1
vertex 72.19996643066406 48.490116119384766 -1
endloop
endfacet
facet normal -0.9999999923665899 0.00012355897390438464 0
outer loop
vertex -70.19070434570312 29.110027313232422 -1
vertex -70.18817138671875 49.61002731323242 -0.5
vertex -70.18817138671875 49.61002731323242 -1
endloop
endfacet
facet normal 0 0 1
outer loop
vertex -70.18817138671875 49.61002731323242 -1
vertex -72.19070434570312 29.110273361206055 -1
vertex -70.19070434570312 29.110027313232422 -1
endloop
endfacet
facet normal 0.00012334187731689514 0.9999999923925823 -0.0000012715657455350014
outer loop
vertex -70.19070434570312 29.110027313232422 -0.5
vertex -72.19070434570312 29.110273361206055 -1
vertex -71.69070434570312 29.110212326049805 -0.5
endloop
endfacet
facet normal -0.9999999923665899 0.00012355897390438464 0
outer loop
vertex -70.19070434570312 29.110027313232422 -0.5
vertex -70.18817138671875 49.61002731323242 -0.5
vertex -70.19070434570312 29.110027313232422 -1
endloop
endfacet
facet normal 0 0 1
outer loop
vertex -72.19070434570312 29.110273361206055 -1
vertex -70.18817138671875 49.61002731323242 -1
vertex -72.0777587890625 49.610260009765625 -1
endloop
endfacet
facet normal 0 0 1
outer loop
vertex -72.18826293945312 48.86027526855469 -1
vertex -72.19070434570312 29.110273361206055 -1
vertex -72.0777587890625 49.610260009765625 -1
endloop
endfacet
facet normal -0.00012401477058357927 -0.9999999923101682 0
outer loop
vertex -70.18817138671875 49.61002731323242 -0.5
vertex -71.57237243652344 49.610198974609375 -0.5
vertex -70.18817138671875 49.61002731323242 -1
endloop
endfacet
facet normal 0.0001230239858854283 0.9999999924325494 0
outer loop
vertex -70.19070434570312 29.110027313232422 -1
vertex -72.19070434570312 29.110273361206055 -1
vertex -70.19070434570312 29.110027313232422 -0.5
endloop
endfacet
facet normal -0.0001231467415317188 -0.9999999924145526 0.000002403053485530011
outer loop
vertex -72.0777587890625 49.610260009765625 -1
vertex -70.18817138671875 49.61002731323242 -1
vertex -71.57237243652344 49.610198974609375 -0.5
endloop
endfacet
facet normal 0.00012230581886957836 0.9999999925206433 0
outer loop
vertex -70.20012664794922 -47.24031448364258 -1
vertex -72.13389587402344 -47.24007797241211 -1
vertex -70.20012664794922 -47.24031448364258 -0.5
endloop
endfacet
facet normal 0 0 1
outer loop
vertex -70.20012664794922 -47.24031448364258 -1
vertex -72.19760131835938 -26.740068435668945 -1
vertex -72.20003509521484 -46.49007034301758 -1
endloop
endfacet
facet normal 0 0 1
outer loop
vertex -72.19760131835938 -26.740068435668945 -1
vertex -70.20012664794922 -47.24031448364258 -1
vertex -70.19760131835938 -26.74031639099121 -1
endloop
endfacet
facet normal -0.9999999924125037 0.00012318681978746505 0
outer loop
vertex -70.19760131835938 -26.74031639099121 -0.5
vertex -70.19760131835938 -26.74031639099121 -1
vertex -70.20012664794922 -47.24031448364258 -1
endloop
endfacet
facet normal -0.00012397766017979012 -0.9999999923129509 -0.0000019073486181506174
outer loop
vertex -72.19760131835938 -26.740068435668945 -1
vertex -70.19760131835938 -26.74031639099121 -1
vertex -71.69760131835938 -26.740131378173828 -0.5
endloop
endfacet
facet normal -0.00012334187731699486 -0.9999999923933907 0
outer loop
vertex -70.19760131835938 -26.74031639099121 -0.5
vertex -71.69760131835938 -26.740131378173828 -0.5
vertex -70.19760131835938 -26.74031639099121 -1
endloop
endfacet
facet normal 0.0001229394273487779 0.9999999924399461 -0.0000024505051950829753
outer loop
vertex -70.20012664794922 -47.24031448364258 -0.5
vertex -72.13389587402344 -47.24007797241211 -1
vertex -71.6274642944336 -47.24013900756836 -0.5
endloop
endfacet
facet normal -0.9999999924125037 0.00012318681978746505 0
outer loop
vertex -70.20012664794922 -47.24031448364258 -1
vertex -70.20012664794922 -47.24031448364258 -0.5
vertex -70.19760131835938 -26.74031639099121 -0.5
endloop
endfacet
facet normal 0 0 1
outer loop
vertex -72.13389587402344 -47.24007797241211 -1
vertex -70.20012664794922 -47.24031448364258 -1
vertex -72.18222045898438 -46.9394416809082 -1
endloop
endfacet
facet normal 0 0 1
outer loop
vertex -72.20003509521484 -46.49007034301758 -1
vertex -72.18222045898438 -46.9394416809082 -1
vertex -70.20012664794922 -47.24031448364258 -1
endloop
endfacet
facet normal 0.9999999553061042 -0.00029897790791960253 0
outer loop
vertex 51.19470977783203 -15.771485328674316 -0.5
vertex 51.20018768310547 2.5506210327148438 -1
vertex 51.20018768310547 2.5506210327148438 -0.5
endloop
endfacet
facet normal 0 0 1
outer loop
vertex 51.194061279296875 -17.949377059936523 -1
vertex 53.194061279296875 -17.949975967407227 -1
vertex 53.1999626159668 1.8000234365463257 -1
endloop
endfacet
facet normal 0.9999999553061042 -0.00029897790791960253 0
outer loop
vertex 51.19470977783203 -15.771485328674316 -1
vertex 51.20018768310547 2.5506210327148438 -1
vertex 51.19470977783203 -15.771485328674316 -0.5
endloop
endfacet
facet normal 0 0 1
outer loop
vertex 53.22331237792969 2.1735785007476807 -1
vertex 51.20018768310547 2.5506210327148438 -1
vertex 51.19470977783203 -15.771485328674316 -1
endloop
endfacet
facet normal -0.00029885722136803006 -0.9999999553421732 1.1439510493533815e-7
outer loop
vertex 51.20018768310547 2.5506210327148438 -0.5
vertex 53.30051803588867 2.5499932765960693 -1
vertex 52.790138244628906 2.5501458644866943 -0.5
endloop
endfacet
facet normal -0.0002988844540113552 -0.9999999553340406 0
outer loop
vertex 51.20018768310547 2.5506210327148438 -1
vertex 53.30051803588867 2.5499932765960693 -1
vertex 51.20018768310547 2.5506210327148438 -0.5
endloop
endfacet
facet normal 0 0 1
outer loop
vertex 51.194061279296875 -17.949377059936523 -1
vertex 53.22331237792969 2.1735785007476807 -1
vertex 51.19470977783203 -15.771485328674316 -1
endloop
endfacet
facet normal 0 0 1
outer loop
vertex 53.22331237792969 2.1735785007476807 -1
vertex 53.30051803588867 2.5499932765960693 -1
vertex 51.20018768310547 2.5506210327148438 -1
endloop
endfacet
facet normal 0 0 1
outer loop
vertex 51.194061279296875 -17.949377059936523 -1
vertex 53.1999626159668 1.8000234365463257 -1
vertex 53.22331237792969 2.1735785007476807 -1
endloop
endfacet
facet normal 0.9999999553154619 -0.00029890529615882085 0.000004969733512769206
outer loop
vertex 51.18923568725586 -34.09359359741211 -1
vertex 51.194061279296875 -17.949377059936523 -1
vertex 51.19470977783203 -15.771485328674316 -0.5
endloop
endfacet
facet normal 0 0 1
outer loop
vertex 53.18923568725586 -34.09418869018555 -1
vertex 51.194061279296875 -17.949377059936523 -1
vertex 51.18923568725586 -34.09359359741211 -1
endloop
endfacet
facet normal 0 0 1
outer loop
vertex 53.194061279296875 -17.949975967407227 -1
vertex 51.194061279296875 -17.949377059936523 -1
vertex 53.18923568725586 -34.09418869018555 -1
endloop
endfacet
facet normal 0.9999999556681963 -0.0002977643457194725 0
outer loop
vertex 51.194061279296875 -17.949377059936523 -1
vertex 51.19470977783203 -15.771485328674316 -1
vertex 51.19470977783203 -15.771485328674316 -0.5
endloop
endfacet
facet normal 0.9999999553683397 -0.00029876967495025253 0
outer loop
vertex 51.18923568725586 -34.09359359741211 -0.5
vertex 51.18923568725586 -34.09359359741211 -1
vertex 51.19470977783203 -15.771485328674316 -0.5
endloop
endfacet
facet normal 0.00012350082303276409 0.9999999923737733 0
outer loop
vertex -72.19384765625 3.6601598262786865 -1
vertex -70.19384765625 3.6599128246307373 -0.5
vertex -70.19384765625 3.6599128246307373 -1
endloop
endfacet
facet normal 0 0 1
outer loop
vertex -72.19384765625 3.6601598262786865 -1
vertex -70.19384765625 3.6599128246307373 -1
vertex -72.19131469726562 24.160160064697266 -1
endloop
endfacet
facet normal -0.9999999923665894 0.00012355897821542206 0
outer loop
vertex -70.19384765625 3.6599128246307373 -0.5
vertex -70.19131469726562 24.159912109375 -0.5
vertex -70.19384765625 3.6599128246307373 -1
endloop
endfacet
facet normal 0 0 1
outer loop
vertex -72.19131469726562 24.160160064697266 -1
vertex -70.19384765625 3.6599128246307373 -1
vertex -70.19131469726562 24.159912109375 -1
endloop
endfacet
facet normal -0.9999999923665894 0.00012355897821542206 0
outer loop
vertex -70.19131469726562 24.159912109375 -1
vertex -70.19384765625 3.6599128246307373 -1
vertex -70.19131469726562 24.159912109375 -0.5
endloop
endfacet
facet normal 0.00012350082303276409 0.9999999923737733 0
outer loop
vertex -70.19384765625 3.6599128246307373 -0.5
vertex -72.19384765625 3.6601598262786865 -1
vertex -71.69384765625 3.660098075866699 -0.5
endloop
endfacet
facet normal -0.00012397766017979012 -0.9999999923129509 -0.0000019073486181506174
outer loop
vertex -71.69131469726562 24.160097122192383 -0.5
vertex -72.19131469726562 24.160160064697266 -1
vertex -70.19131469726562 24.159912109375 -1
endloop
endfacet
facet normal -0.00012334187731699486 -0.9999999923933907 0
outer loop
vertex -70.19131469726562 24.159912109375 -0.5
vertex -71.69131469726562 24.160097122192383 -0.5
vertex -70.19131469726562 24.159912109375 -1
endloop
endfacet
facet normal -0.0001234412183893515 -0.999999992381131 -5.9604644321270646e-8
outer loop
vertex -72.1944580078125 -1.2899547815322876 -1
vertex -70.1944580078125 -1.2902016639709473 -1
vertex -71.6944580078125 -1.290016531944275 -0.5
endloop
endfacet
facet normal -0.9999999923665895 0.00012355897677840955 0
outer loop
vertex -70.19699096679688 -21.79020118713379 -1
vertex -70.1944580078125 -1.2902016639709473 -0.5
vertex -70.1944580078125 -1.2902016639709473 -1
endloop
endfacet
facet normal 0 0 1
outer loop
vertex -72.1944580078125 -1.2899547815322876 -1
vertex -70.19699096679688 -21.79020118713379 -1
vertex -70.1944580078125 -1.2902016639709473 -1
endloop
endfacet
facet normal -0.00012342135017488065 -0.9999999923835852 0
outer loop
vertex -70.1944580078125 -1.2902016639709473 -0.5
vertex -71.6944580078125 -1.290016531944275 -0.5
vertex -70.1944580078125 -1.2902016639709473 -1
endloop
endfacet
facet normal -0.9999999923665895 0.00012355897677840955 0
outer loop
vertex -70.19699096679688 -21.79020118713379 -1
vertex -70.19699096679688 -21.79020118713379 -0.5
vertex -70.1944580078125 -1.2902016639709473 -0.5
endloop
endfacet
facet normal 0.0001230239858854283 0.9999999924325494 0
outer loop
vertex -72.19699096679688 -21.789955139160156 -1
vertex -70.19699096679688 -21.79020118713379 -0.5
vertex -70.19699096679688 -21.79020118713379 -1
endloop
endfacet
facet normal 0.00012334187731689514 0.9999999923925823 -0.0000012715657455350014
outer loop
vertex -70.19699096679688 -21.79020118713379 -0.5
vertex -72.19699096679688 -21.789955139160156 -1
vertex -71.69699096679688 -21.790016174316406 -0.5
endloop
endfacet
facet normal 0 0 1
outer loop
vertex -72.19699096679688 -21.789955139160156 -1
vertex -70.19699096679688 -21.79020118713379 -1
vertex -72.1944580078125 -1.2899547815322876 -1
endloop
endfacet
endsolid auto-kdk-case
