solid auto-kdk-case
facet normal -0.00013815066044560773 -0.9999999904571976 0
outer loop
vertex -34.45988082885742 -57.18544387817383 -5
vertex -25.899978637695312 -57.18662643432617 -4.949999809265137
vertex -34.45988082885742 -57.18544387817383 -4
endloop
endfacet
facet normal -0.00013714063099493434 -0.99999999058161 0.000005406212775415533
outer loop
vertex -25.785797119140625 -57.186641693115234 -4.375974655151367
vertex -25.46063804626465 -57.186683654785156 -3.8893399238586426
vertex -40.05988311767578 -57.184669494628906 -1.667737364768982
endloop
endfacet
facet normal 0.7024063328414929 0.711776189250642 0
outer loop
vertex 70.82199096679688 52.21499252319336 -1
vertex 70.1531753540039 52.875003814697266 -5.897520542144775
vertex 70.1531753540039 52.875003814697266 -1
endloop
endfacet
facet normal 0.44621949220722257 0.8949235524749186 0
outer loop
vertex 69.45233154296875 53.37488555908203 -1
vertex 68.6114273071289 53.79417037963867 -5.848606109619141
vertex 68.6114273071289 53.79417037963867 -1
endloop
endfacet
facet normal 0.29869350229159597 0.9543490931972449 0.0000015416315453471147
outer loop
vertex 68.6114273071289 53.79417037963867 -1
vertex 67.78987884521484 54.051307678222656 -5.904115676879883
vertex 68.5163345336914 53.82393264770508 -1
endloop
endfacet
facet normal -0.0018790894033687941 -0.9999982345099486 0
outer loop
vertex -46.45988082885742 -57.18378448486328 -5
vertex -46.45988082885742 -57.18378448486328 -4
vertex -49.876495361328125 -57.177364349365234 -15.488439559936523
endloop
endfacet
facet normal -0.000500853068934733 -0.9999997905711782 -0.0004098826698755353
outer loop
vertex -46.45988082885742 -57.18378448486328 -4
vertex -49.84418869018555 -57.183319091796875 -1
vertex -49.876495361328125 -57.177364349365234 -15.488439559936523
endloop
endfacet
facet normal -0.0001382827523231189 -0.9999998296549429 -0.0005670696302574974
outer loop
vertex -49.876495361328125 -57.177364349365234 -15.488439559936523
vertex -34.45988082885742 -57.18544387817383 -5
vertex -46.45988082885742 -57.18378448486328 -5
endloop
endfacet
facet normal 0.9496321700595476 0.3133667844363761 0
outer loop
vertex 72.03276062011719 49.869171142578125 -1
vertex 71.76300048828125 50.6866569519043 -6.065756797790527
vertex 71.76300048828125 50.6866569519043 -1
endloop
endfacet
facet normal -0.00013480843500601633 -0.9999998272204038 -0.0005721764138610302
outer loop
vertex -34.45988082885742 -57.18544387817383 -5
vertex -49.876495361328125 -57.177364349365234 -15.488439559936523
vertex -25.899978637695312 -57.18662643432617 -4.949999809265137
endloop
endfacet
facet normal 0.9873262352032761 0.15870382879780615 -0.0000020595092669812325
outer loop
vertex 72.13388061523438 49.240150451660156 -1
vertex 72.18220520019531 48.93951416015625 -1
vertex 72.03276062011719 49.869171142578125 -6.065304279327393
endloop
endfacet
facet normal -0.70240710412601 -0.7117754281185269 0
outer loop
vertex -70.82194519042969 6.785111904144287 -1
vertex -70.15312957763672 6.125099182128906 -9.805289268493652
vertex -70.15312957763672 6.125099182128906 -1
endloop
endfacet
facet normal 0.2802214683182978 -0.959935377352839 0
outer loop
vertex 54.91852569580078 -52.39383316040039 -1
vertex 55.364227294921875 -52.26372528076172 -15.123213768005371
vertex 55.364227294921875 -52.26372528076172 -1
endloop
endfacet
facet normal 0.8141285120295249 -0.5806847388218427 0
outer loop
vertex 70.8749771118164 -50.153099060058594 -1
vertex 70.8749771118164 -50.153099060058594 -14.84589672088623
vertex 71.3748550415039 -49.45226287841797 -14.851289749145508
endloop
endfacet
facet normal -0.8287823108262308 -0.5595711583539066 0
outer loop
vertex -53.85100173950195 3.6661486625671387 -1
vertex -53.591190338134766 3.281341314315796 -10.225114822387695
vertex -53.591190338134766 3.281341314315796 -1
endloop
endfacet
facet normal 0.7023963737656083 0.7117860013290322 -0.00014977633556244275
outer loop
vertex 70.82199096679688 52.21499252319336 -5.985230445861816
vertex 70.71861267089844 52.31700134277344 -6.012540340423584
vertex 70.1531753540039 52.875003814697266 -5.897520542144775
endloop
endfacet
facet normal -0.34967840806585654 -0.936869794012235 2.268620083287879e-8
outer loop
vertex -55.22885513305664 4.630138397216797 -10.008605003356934
vertex -54.93659210205078 4.521053791046143 -10.056844711303711
vertex -55.371585845947266 4.683411598205566 -1
endloop
endfacet
facet normal -0.8774440450260793 -0.4796790050109256 0
outer loop
vertex -52.89508056640625 -54.96929168701172 -1
vertex -52.56956481933594 -55.564735412597656 -15.354910850524902
vertex -52.56956481933594 -55.564735412597656 -1
endloop
endfacet
facet normal -0.00013801870794914365 -0.9999999904750384 -8.71503830357257e-7
outer loop
vertex -11.014158248901367 -57.18867874145508 -4.375974655151367
vertex -10.899977684020996 -57.18869400024414 -4.949999809265137
vertex 39.32692337036133 -57.19562911987305 -1.6596240997314453
endloop
endfacet
facet normal -0.5106328182965384 -0.8597988862975656 0
outer loop
vertex -51.672786712646484 -56.494041442871094 -15.397255897521973
vertex -51.16203689575195 -56.7973747253418 -15.473730087280273
vertex -51.672786712646484 -56.494041442871094 -1
endloop
endfacet
facet normal 0.00008818442370682252 0.9999999961117537 0
outer loop
vertex -41.659881591796875 54.19786071777344 -2.5
vertex -66.49007415771484 54.200050354003906 -1
vertex -41.659881591796875 54.19786071777344 -1.100000023841858
endloop
endfacet
facet normal 0.5931674453172908 -0.8050791152525065 0
outer loop
vertex 69.52191162109375 -51.33253860473633 -1
vertex 70.21495819091797 -50.82191467285156 -14.94118881225586
vertex 70.21495819091797 -50.82191467285156 -1
endloop
endfacet
facet normal -0.8141300062510983 0.5806826438956022 0
outer loop
vertex -70.87493133544922 52.153202056884766 -5.938895225524902
vertex -71.37480926513672 51.452362060546875 -6.024592876434326
vertex -70.87493133544922 52.153202056884766 -1
endloop
endfacet
facet normal 0.14578964040482367 0.9893156123051087 0
outer loop
vertex 67.75239562988281 54.05683135986328 -5.91351842880249
vertex 67.78987884521484 54.051307678222656 -1
vertex 67.78987884521484 54.051307678222656 -5.904115676879883
endloop
endfacet
facet normal -0.9051949620317782 -0.42499656552999054 1.4270689305477196e-8
outer loop
vertex -53.459842681884766 3.0015852451324463 -10.241103172302246
vertex -53.42042922973633 2.9176390171051025 -10.26070785522461
vertex -53.591190338134766 3.281341314315796 -1
endloop
endfacet
facet normal 0.7856359153331456 -0.618689104913486 0
outer loop
vertex 53.48605728149414 -53.531829833984375 -1
vertex 53.773319244384766 -53.16705322265625 -15.271544456481934
vertex 53.773319244384766 -53.16705322265625 -1
endloop
endfacet
facet normal 0.8597961300610949 -0.5106374591938635 0
outer loop
vertex 52.84063720703125 -55.089290618896484 -15.343646049499512
vertex 52.49411392211914 -55.67275619506836 -1
vertex 52.49411392211914 -55.67275619506836 -15.394786834716797
endloop
endfacet
facet normal -0.2987001237829598 -0.9543470207697222 0
outer loop
vertex -68.51629638671875 5.17617130279541 -1
vertex -67.78983306884766 4.948796272277832 -9.941014289855957
vertex -67.78983306884766 4.948796272277832 -1
endloop
endfacet
facet normal -0.00013806195507708752 -0.9999999904694483 0
outer loop
vertex 35.9722900390625 -57.195167541503906 -1
vertex -24.399978637695312 -57.186832427978516 -3.450000047683716
vertex 35.9722900390625 -57.195167541503906 -1.5081205368041992
endloop
endfacet
facet normal -0.18119811116991333 -0.9834466149763574 0
outer loop
vertex -50.48662567138672 -57.06494903564453 -15.42872428894043
vertex -49.876495361328125 -57.177364349365234 -15.488439559936523
vertex -50.48662567138672 -57.06494903564453 -1
endloop
endfacet
facet normal -0.00013810692941577092 -0.9999999904632022 -2.6726703740690614e-7
outer loop
vertex -10.899977684020996 -57.18869400024414 -9.949999809265137
vertex 49.628902435302734 -57.197052001953125 -15.398277282714844
vertex 34.4722900390625 -57.19496154785156 -5
endloop
endfacet
facet normal 0.0000882948043471143 0.9999999961020137 0
outer loop
vertex 66.86027526855469 54.18827819824219 -1
vertex 41.67228698730469 54.19050216674805 -2.5
vertex 41.67228698730469 54.19050216674805 -1.100000023841858
endloop
endfacet
facet normal 0.000043869139305386924 0.9999989378201779 0.0014568575822106042
outer loop
vertex -39.45988845825195 54.19766616821289 -3.5
vertex -41.45988082885742 54.19775390625 -3.5
vertex 39.27228927612305 54.19071578979492 -1.100000023841858
endloop
endfacet
facet normal -0.9990128101252256 -0.044423025625232565 0
outer loop
vertex -53.191593170166016 -53.66077423095703 -15.328007698059082
vertex -53.19997787475586 -53.47221374511719 -1
vertex -53.19997787475586 -53.47221374511719 -15.303030014038086
endloop
endfacet
facet normal -0.15870813862481215 0.9873255424297741 0
outer loop
vertex -66.93944549560547 54.18223190307617 -5.9023919105529785
vertex -67.86909484863281 54.03279495239258 -5.836731910705566
vertex -66.93944549560547 54.18223190307617 -1
endloop
endfacet
facet normal -0.59315534082971 0.8050880267670435 -0.00010393045226133165
outer loop
vertex -69.52186584472656 53.3326416015625 -5.874484539031982
vertex -70.11346435546875 52.89676284790039 -5.979837894439697
vertex -70.21492004394531 52.822017669677734 -5.955442428588867
endloop
endfacet
facet normal 0.00004386926505875173 0.9999998970142457 0.0004517156023207862
outer loop
vertex 41.4722785949707 54.190521240234375 -3.5
vertex 39.4722900390625 54.190608978271484 -3.5
vertex 66.86027526855469 54.18827819824219 -1
endloop
endfacet
facet normal -0.06238018972090873 -0.9980524595082081 0
outer loop
vertex -56.19997787475586 4.800051212310791 -1
vertex -55.82642364501953 4.776703357696533 -9.979543685913086
vertex -55.82642364501953 4.776703357696533 -1
endloop
endfacet
facet normal -0.987325669987401 -0.15870734508500173 0
outer loop
vertex -72.18215942382812 10.060586929321289 -1
vertex -72.03272247314453 9.130932807922363 -9.620729446411133
vertex -72.03272247314453 9.130932807922363 -1
endloop
endfacet
facet normal -0.9873256699874008 -0.1587073450850017 0
outer loop
vertex -72.18215942382812 10.060586929321289 -9.608186721801758
vertex -72.03272247314453 9.130932807922363 -9.620729446411133
vertex -72.18215942382812 10.060586929321289 -1
endloop
endfacet
facet normal -0.29870225367390363 -0.9543463541346479 -1.900079517924525e-7
outer loop
vertex -68.61138153076172 5.205932140350342 -1
vertex -67.78983306884766 4.948796272277832 -9.941014289855957
vertex -68.51629638671875 5.17617130279541 -1
endloop
endfacet
facet normal 0.5595765635394992 -0.828778661367029 0
outer loop
vertex 54.113426208496094 -52.850975036621094 -1
vertex 54.498233795166016 -52.59115982055664 -15.229798316955566
vertex 54.498233795166016 -52.59115982055664 -1
endloop
endfacet
facet normal -0.2009356490538106 -0.9796044430989053 -4.5559862594949674e-7
outer loop
vertex -55.42810821533203 4.695005416870117 -10.006978034973145
vertex -55.371585845947266 4.683411598205566 -10.012908935546875
vertex -55.82642364501953 4.776703357696533 -1
endloop
endfacet
facet normal -0.20092475980020663 -0.9796066766305889 4.62159282780249e-8
outer loop
vertex -55.82642364501953 4.776703357696533 -1
vertex -55.608402252197266 4.731985092163086 -9.990402221679688
vertex -55.42810821533203 4.695005416870117 -10.006978034973145
endloop
endfacet
facet normal -0.8050835701359671 -0.5931613988596403 0
outer loop
vertex -71.33256530761719 7.478164196014404 -9.721473693847656
vertex -70.82194519042969 6.785111904144287 -9.813705444335938
vertex -71.33256530761719 7.478164196014404 -1
endloop
endfacet
facet normal -0.9916755380410996 -0.1287619013951547 0
outer loop
vertex -53.24015426635742 2.2335782051086426 -10.370892524719238
vertex -53.263755798339844 2.4153482913970947 -1
vertex -53.263755798339844 2.4153482913970947 -10.349072456359863
endloop
endfacet
facet normal 0.4796790050109256 -0.8774440450260793 0
outer loop
vertex 51.5648078918457 -56.56953811645508 -15.444121360778809
vertex 50.969364166259766 -56.89505386352539 -1
vertex 50.969364166259766 -56.89505386352539 -15.41718864440918
endloop
endfacet
facet normal -0.1457721876478986 -0.9893181840582662 -1.0229562630297354e-8
outer loop
vertex -67.78983306884766 4.948796272277832 -1
vertex -66.8602294921875 4.811822891235352 -9.838871955871582
vertex -67.32343292236328 4.8800740242004395 -1
endloop
endfacet
facet normal -0.00013800160791123964 -0.9999999904774012 8.683316985764954e-7
outer loop
vertex -25.899978637695312 -57.18662643432617 -4.949999809265137
vertex -25.785797119140625 -57.186641693115234 -4.375974655151367
vertex -40.05988311767578 -57.184669494628906 -1.667737364768982
endloop
endfacet
facet normal -0.0001385071606032425 -0.9999999904020728 -0.0000034089116316217082
outer loop
vertex -39.31643295288086 -57.18477249145508 -1.6607985496520996
vertex -40.05988311767578 -57.184669494628906 -1.667737364768982
vertex -24.399978637695312 -57.186832427978516 -3.450000047683716
endloop
endfacet
facet normal -0.0001415195463520242 -0.9999999899796193 0.0000036027278716056627
outer loop
vertex 43.52122116088867 -57.19620895385742 -1.5949000120162964
vertex 40.87228775024414 -57.19584274291992 -4
vertex 44.22296142578125 -57.19630813598633 -1.5594168901443481
endloop
endfacet
facet normal -0.00013776651345357945 -0.999999990510194 0
outer loop
vertex 46.4722900390625 -57.196617126464844 -4
vertex 49.628902435302734 -57.197052001953125 -15.398277282714844
vertex 49.628902435302734 -57.197052001953125 -1
endloop
endfacet
facet normal -0.9999999974013248 -0.00007209237193671458 -2.0082652999373928e-7
outer loop
vertex -53.19997787475586 -53.47221374511719 -15.303030014038086
vertex -53.2014045715332 -33.72221374511719 -1
vertex -53.202552795410156 -17.795093536376953 -1
endloop
endfacet
facet normal -0.00013864217079926475 -0.9999999903786163 -0.000004595182793855323
outer loop
vertex -24.399978637695312 -57.186832427978516 -3.450000047683716
vertex -40.05988311767578 -57.184669494628906 -1.667737364768982
vertex -24.974002838134766 -57.18675231933594 -3.564180612564087
endloop
endfacet
facet normal -0.00013813608757394904 -0.9999999904592106 0
outer loop
vertex -10.899977684020996 -57.18869400024414 -9.949999809265137
vertex 34.4722900390625 -57.19496154785156 -5
vertex 34.4722900390625 -57.19496154785156 -4
endloop
endfacet
facet normal 0.9893187234510685 -0.1457685268813131 0
outer loop
vertex 72.18824768066406 -46.860198974609375 -14.592458724975586
vertex 72.05127716064453 -47.7898063659668 -1
vertex 72.05127716064453 -47.7898063659668 -14.746940612792969
endloop
endfacet
facet normal 0.8949249841193042 -0.4462166209354093 2.199314095970871e-7
outer loop
vertex 71.3748550415039 -49.45226287841797 -1
vertex 71.43756103515625 -49.326507568359375 -14.871845245361328
vertex 71.79414367675781 -48.611351013183594 -14.75081729888916
endloop
endfacet
facet normal 0.14576827837709003 0.9893187600662141 1.6650079317914602e-7
outer loop
vertex 67.75239562988281 54.05683135986328 -5.91351842880249
vertex 66.86027526855469 54.18827819824219 -5.757265090942383
vertex 67.78987884521484 54.051307678222656 -1
endloop
endfacet
facet normal -0.00013828271803820131 -0.9999999904389448 0
outer loop
vertex -40.05988311767578 -57.184669494628906 -1.667737364768982
vertex -40.05988311767578 -57.184669494628906 -4
vertex -34.45988082885742 -57.18544387817383 -4
endloop
endfacet
facet normal 0.458028925013625 -0.8889372890428564 -1.3780811560062756e-8
outer loop
vertex 68.7326889038086 -51.73918914794922 -15.015900611877441
vertex 69.52191162109375 -51.33253860473633 -14.919898986816406
vertex 68.93125915527344 -51.63687515258789 -1
endloop
endfacet
facet normal 0.3133734580688378 -0.9496299678179805 0
outer loop
vertex 67.869140625 -52.032691955566406 -14.964277267456055
vertex 68.68663024902344 -51.76292419433594 -15.006584167480469
vertex 67.869140625 -52.032691955566406 -1
endloop
endfacet
facet normal 0.894923547974064 -0.44621950123399234 0
outer loop
vertex 71.3748550415039 -49.45226287841797 -1
vertex 71.79414367675781 -48.611351013183594 -14.75081729888916
vertex 71.79414367675781 -48.611351013183594 -1
endloop
endfacet
facet normal 0.12874687108349372 -0.991677489502609 1.1323903010063138e-7
outer loop
vertex 55.364227294921875 -52.26372528076172 -1
vertex 55.532779693603516 -52.241844177246094 -15.09533405303955
vertex 55.824668884277344 -52.203948974609375 -15.100521087646484
endloop
endfacet
facet normal -0.45803154584896016 0.8889359386408066 0
outer loop
vertex -68.68658447265625 53.76302719116211 -1
vertex -69.52186584472656 53.3326416015625 -5.874484539031982
vertex -69.52186584472656 53.3326416015625 -1
endloop
endfacet
facet normal 0.8889342856733079 0.45803475387189346 0
outer loop
vertex 71.76300048828125 50.6866569519043 -6.065756797790527
vertex 71.33261108398438 51.52193832397461 -5.97175931930542
vertex 71.76300048828125 50.6866569519043 -1
endloop
endfacet
facet normal -0.9543473377502014 0.2986991110283107 0
outer loop
vertex -71.79409790039062 50.611454010009766 -1
vertex -72.05123138427734 49.78990936279297 -6.10373592376709
vertex -72.05123138427734 49.78990936279297 -1
endloop
endfacet
facet normal 0.5595911751145086 -0.8287687957047871 0
outer loop
vertex 54.113426208496094 -52.850975036621094 -15.2389497756958
vertex 54.191436767578125 -52.798301696777344 -15.226123809814453
vertex 54.113426208496094 -52.850975036621094 -1
endloop
endfacet
facet normal 0.000094286909466203 0.9999999904928584 -0.00010061939066280631
outer loop
vertex 66.86027526855469 54.18827819824219 -1
vertex 39.4722900390625 54.190608978271484 -3.5
vertex 41.67228698730469 54.19050216674805 -2.5
endloop
endfacet
facet normal 0.31337345806883776 -0.9496299678179803 0
outer loop
vertex 67.869140625 -52.032691955566406 -1
vertex 68.68663024902344 -51.76292419433594 -15.006584167480469
vertex 68.68663024902344 -51.76292419433594 -1
endloop
endfacet
facet normal 0.15870535722220439 -0.9873259895237095 0
outer loop
vertex 67.52764129638672 -52.08758544921875 -1
vertex 67.869140625 -52.032691955566406 -14.964277267456055
vertex 67.869140625 -52.032691955566406 -1
endloop
endfacet
facet normal -0.732506145911576 -0.680760417622653 0
outer loop
vertex -54.167083740234375 4.006256580352783 -1
vertex -53.85100173950195 3.6661486625671387 -10.206930160522461
vertex -53.85100173950195 3.6661486625671387 -1
endloop
endfacet
facet normal -0.00013823891301161304 -0.9999999904450014 0
outer loop
vertex -49.84418869018555 -57.183319091796875 -1
vertex -44.95988082885742 -57.18399429321289 -1.5092153549194336
vertex -44.95988082885742 -57.18399429321289 -1
endloop
endfacet
facet normal -0.618689104913486 -0.7856359153331456 0
outer loop
vertex -54.5318603515625 4.293518543243408 -1
vertex -54.167083740234375 4.006256580352783 -10.200974464416504
vertex -54.167083740234375 4.006256580352783 -1
endloop
endfacet
facet normal 0.00008900968704563858 0.9999999920772907 -0.00008900951727313368
outer loop
vertex 39.4722900390625 54.190608978271484 -3.5
vertex 39.27228927612305 54.19071578979492 -2.5
vertex 41.67228698730469 54.19050216674805 -2.5
endloop
endfacet
facet normal -0.0001388178626893515 -0.9999999903646608 -5.285727766437999e-7
outer loop
vertex -40.85988235473633 -57.1845588684082 -4
vertex -42.81998825073242 -57.184288024902344 -1.6271803379058838
vertex -43.53458786010742 -57.18418884277344 -1.5949000120162964
endloop
endfacet
facet normal -0.9496296414406544 -0.3133744471032922 0
outer loop
vertex -72.03272247314453 9.130932807922363 -1
vertex -71.76295471191406 8.313446044921875 -9.715535163879395
vertex -71.76295471191406 8.313446044921875 -1
endloop
endfacet
facet normal -0.0002687126926666036 -0.9999997530927969 -0.0006493133558660544
outer loop
vertex -24.399978637695312 -57.186832427978516 -11.449999809265137
vertex -24.974002838134766 -57.18675231933594 -11.335819244384766
vertex -49.876495361328125 -57.177364349365234 -15.488439559936523
endloop
endfacet
facet normal 0.4249897115918985 -0.9051981799810664 0
outer loop
vertex 54.498233795166016 -52.59115982055664 -1
vertex 54.91852569580078 -52.39383316040039 -15.178609848022461
vertex 54.91852569580078 -52.39383316040039 -1
endloop
endfacet
facet normal -0.7324814096451948 -0.6807870331614948 0.0000018324070858069784
outer loop
vertex -53.893489837646484 3.7118630409240723 -10.199294090270996
vertex -53.85100173950195 3.6661486625671387 -10.206930160522461
vertex -54.167083740234375 4.006256580352783 -1
endloop
endfacet
facet normal 0.4462191006970572 0.8949237476721885 -0.000005047233505945969
outer loop
vertex 69.45233154296875 53.37488555908203 -5.930049896240234
vertex 69.36177062988281 53.420040130615234 -5.952005386352539
vertex 68.6114273071289 53.79417037963867 -5.848606109619141
endloop
endfacet
facet normal -0.8287777451618799 -0.5595779205117204 4.106550154573437e-7
outer loop
vertex -53.66841125488281 3.3957114219665527 -10.20138168334961
vertex -53.591190338134766 3.281341314315796 -10.225114822387695
vertex -53.85100173950195 3.6661486625671387 -1
endloop
endfacet
facet normal 0.6807570334666954 -0.7325092909892847 0
outer loop
vertex 53.773319244384766 -53.16705322265625 -1
vertex 54.113426208496094 -52.850975036621094 -15.2389497756958
vertex 54.113426208496094 -52.850975036621094 -1
endloop
endfacet
facet normal -0.062380577880762816 -0.9980524352473983 0
outer loop
vertex -56.19997787475586 4.800051212310791 -9.97092056274414
vertex -56.09654998779297 4.793586730957031 -9.969138145446777
vertex -56.19997787475586 4.800051212310791 -1
endloop
endfacet
facet normal -0.34967966484808277 -0.936869324928366 0
outer loop
vertex -55.371585845947266 4.683411598205566 -10.012908935546875
vertex -55.22885513305664 4.630138397216797 -10.008605003356934
vertex -55.371585845947266 4.683411598205566 -1
endloop
endfacet
facet normal -0.9496296414406544 -0.3133744471032922 0
outer loop
vertex -72.03272247314453 9.130932807922363 -9.620729446411133
vertex -71.76295471191406 8.313446044921875 -9.715535163879395
vertex -72.03272247314453 9.130932807922363 -1
endloop
endfacet
facet normal 0.7856343516529765 -0.6186910905312929 -8.222605291605154e-8
outer loop
vertex 53.48605728149414 -53.531829833984375 -1
vertex 53.641998291015625 -53.33380889892578 -15.281944274902344
vertex 53.773319244384766 -53.16705322265625 -15.271544456481934
endloop
endfacet
facet normal -0.145772092449835 -0.9893181980853263 0
outer loop
vertex -67.78983306884766 4.948796272277832 -9.941014289855957
vertex -66.8602294921875 4.811822891235352 -9.838871955871582
vertex -67.78983306884766 4.948796272277832 -1
endloop
endfacet
facet normal -0.9052105348184901 -0.4249633956603091 -0.0000015755844655341418
outer loop
vertex -53.42042922973633 2.9176390171051025 -10.26070785522461
vertex -53.393863677978516 2.8610520362854004 -10.274540901184082
vertex -53.591190338134766 3.281341314315796 -1
endloop
endfacet
facet normal -0.618689104913486 -0.7856359153331455 0
outer loop
vertex -54.5318603515625 4.293518543243408 -10.141409873962402
vertex -54.167083740234375 4.006256580352783 -10.200974464416504
vertex -54.5318603515625 4.293518543243408 -1
endloop
endfacet
facet normal -0.062380040860960086 -0.9980524688122289 6.2168518056796225e-9
outer loop
vertex -56.19997787475586 4.800051212310791 -1
vertex -56.09654998779297 4.793586730957031 -9.969138145446777
vertex -55.82642364501953 4.776703357696533 -9.979543685913086
endloop
endfacet
facet normal 0.000089408274542092 0.9999999920488255 -0.00008892979946670446
outer loop
vertex 39.4722900390625 54.190608978271484 -3.5
vertex -39.45988845825195 54.19766616821289 -3.5
vertex 39.27228927612305 54.19071578979492 -2.5
endloop
endfacet
facet normal 0.6286402576128955 -0.7776962302264249 0
outer loop
vertex 51.5648078918457 -56.56953811645508 -1
vertex 52.0649528503418 -56.165252685546875 -15.385436058044434
vertex 52.0649528503418 -56.165252685546875 -1
endloop
endfacet
facet normal -0.9496278320738761 -0.3133799256590729 0.000052388777688652666
outer loop
vertex -71.81441497802734 8.469381332397461 -9.736763954162598
vertex -71.76295471191406 8.313446044921875 -9.715535163879395
vertex -72.03272247314453 9.130932807922363 -9.620729446411133
endloop
endfacet
facet normal 0.47967900501092564 -0.8774440450260793 0
outer loop
vertex 50.969364166259766 -56.89505386352539 -1
vertex 51.5648078918457 -56.56953811645508 -15.444121360778809
vertex 51.5648078918457 -56.56953811645508 -1
endloop
endfacet
facet normal -0.0001368558723458718 -0.9999999905998944 0.000008407226964620176
outer loop
vertex -35.95988082885742 -57.18523406982422 -1.5090936422348022
vertex -36.715660095214844 -57.18513107299805 -1.5609544515609741
vertex -24.399978637695312 -57.186832427978516 -3.450000047683716
endloop
endfacet
facet normal 0.9873236364020284 0.15871999559562489 0
outer loop
vertex 72.13388061523438 49.240150451660156 -1
vertex 72.03276062011719 49.869171142578125 -6.065304279327393
vertex 72.03276062011719 49.869171142578125 -1
endloop
endfacet
facet normal 0.8050843496961371 0.5931603407800865 0
outer loop
vertex 71.33261108398438 51.52193832397461 -5.97175931930542
vertex 70.82199096679688 52.21499252319336 -5.985230445861816
vertex 71.33261108398438 51.52193832397461 -1
endloop
endfacet
facet normal -0.8774440450260794 -0.47967900501092564 0
outer loop
vertex -52.89508056640625 -54.96929168701172 -15.358473777770996
vertex -52.56956481933594 -55.564735412597656 -15.354910850524902
vertex -52.89508056640625 -54.96929168701172 -1
endloop
endfacet
facet normal 0.16100301097056674 -0.986953897037179 -0.0001886306901715313
outer loop
vertex 49.836997985839844 -57.18373107910156 -1
vertex 50.36567687988281 -57.09471893310547 -15.483277320861816
vertex 50.349159240722656 -57.100181579589844 -1
endloop
endfacet
facet normal -0.00013768849481883227 -0.9999999905209273 -1.5436065197925428e-7
outer loop
vertex 41.617706298828125 -57.195945739746094 -1.6595898866653442
vertex 40.87228775024414 -57.19584274291992 -4
vertex 42.836700439453125 -57.19611358642578 -1.6258398294448853
endloop
endfacet
facet normal -0.5106374591938635 -0.859796130061095 0
outer loop
vertex -51.672786712646484 -56.494041442871094 -1
vertex -51.08932113647461 -56.8405647277832 -15.46101188659668
vertex -51.08932113647461 -56.8405647277832 -1
endloop
endfacet
facet normal -0.0001379648831270708 -0.9999999904828436 -6.02192233626739e-8
outer loop
vertex 34.4722900390625 -57.19496154785156 -5
vertex 49.628902435302734 -57.197052001953125 -15.398277282714844
vertex 46.4722900390625 -57.196617126464844 -5
endloop
endfacet
facet normal -0.9869543105914739 -0.16100058634955566 -8.91960231391614e-8
outer loop
vertex -53.120906829833984 -54.22220993041992 -1
vertex -53.18375778198242 -53.8369255065918 -1
vertex -53.1002082824707 -54.34908676147461 -15.30948543548584
endloop
endfacet
facet normal -0.949418242956474 -0.3140143307899087 8.628198039464894e-8
outer loop
vertex -53.1002082824707 -54.34908676147461 -1
vertex -52.89508056640625 -54.96929168701172 -15.358473777770996
vertex -52.939414978027344 -54.835243225097656 -1
endloop
endfacet
facet normal -0.00013853416678387808 -0.9999999903704291 0.000008211338973198718
outer loop
vertex 37.42155075073242 -57.19536590576172 -1.5949000120162964
vertex -11.014158248901367 -57.18867874145508 -4.375974655151367
vertex 38.108116149902344 -57.19546127319336 -1.6259138584136963
endloop
endfacet
facet normal 0.5806834860948508 0.8141294055472575 0
outer loop
vertex 70.1531753540039 52.875003814697266 -5.897520542144775
vertex 69.45233154296875 53.37488555908203 -5.930049896240234
vertex 70.1531753540039 52.875003814697266 -1
endloop
endfacet
facet normal -0.00013774473332537235 -0.9999999904963169 -0.0000058098612300679145
outer loop
vertex -11.339317321777344 -57.188636779785156 -3.8893399238586426
vertex -11.014158248901367 -57.18867874145508 -4.375974655151367
vertex 36.72221374511719 -57.19527053833008 -1.5595593452453613
endloop
endfacet
facet normal -0.00013828271803818093 -0.9999999904387974 5.431526072658786e-7
outer loop
vertex 40.87228775024414 -57.19584274291992 -4
vertex 46.4722900390625 -57.196617126464844 -4
vertex 49.628902435302734 -57.197052001953125 -1
endloop
endfacet
facet normal -0.00013825178818773073 -0.9999999904341322 0.0000042636404900405655
outer loop
vertex -11.825952529907227 -57.188568115234375 -3.564180612564087
vertex -11.339317321777344 -57.188636779785156 -3.8893399238586426
vertex 35.9722900390625 -57.195167541503906 -1.5081205368041992
endloop
endfacet
facet normal -0.00013681354336465707 -0.9999999906033281 0.00000868319185184908
outer loop
vertex -36.715660095214844 -57.18513107299805 -1.5609544515609741
vertex -37.386993408203125 -57.18503952026367 -1.5949000120162964
vertex -24.399978637695312 -57.186832427978516 -3.450000047683716
endloop
endfacet
facet normal -0.00013838154200396715 -0.9999999904235226 0.0000018717352425680749
outer loop
vertex 40.072288513183594 -57.19573211669922 -1.6665589809417725
vertex -10.899977684020996 -57.18869400024414 -9.949999809265137
vertex 34.4722900390625 -57.19496154785156 -4
endloop
endfacet
facet normal -0.0001373020427790732 -0.999999990571682 -0.0000021874779266915744
outer loop
vertex 44.22296142578125 -57.19630813598633 -1.5594168901443481
vertex 40.87228775024414 -57.19584274291992 -4
vertex 44.9722900390625 -57.1964111328125 -1.5079988241195679
endloop
endfacet
facet normal -0.0001380773685979847 -0.9999999904673201 0
outer loop
vertex -10.899977684020996 -57.18869400024414 -4.949999809265137
vertex -10.899977684020996 -57.18869400024414 -9.949999809265137
vertex 40.072288513183594 -57.19573211669922 -1.6665589809417725
endloop
endfacet
facet normal -0.5106698268286016 -0.8597769059260228 -0.0000017666129650520594
outer loop
vertex -51.672786712646484 -56.494041442871094 -1
vertex -51.16203689575195 -56.7973747253418 -15.473730087280273
vertex -51.08932113647461 -56.8405647277832 -15.46101188659668
endloop
endfacet
facet normal -0.0001376145218345055 -0.9999999905147461 0.000005722851046522378
outer loop
vertex -11.014158248901367 -57.18867874145508 -10.524024963378906
vertex -11.339317321777344 -57.188636779785156 -11.010660171508789
vertex 49.628902435302734 -57.197052001953125 -15.398277282714844
endloop
endfacet
facet normal 0.8949152961603738 -0.44623605042420145 0
outer loop
vertex 71.3748550415039 -49.45226287841797 -14.851289749145508
vertex 71.43756103515625 -49.326507568359375 -14.871845245361328
vertex 71.3748550415039 -49.45226287841797 -1
endloop
endfacet
facet normal -0.0001383252898821483 -0.9999999904244306 -0.0000041536404947167526
outer loop
vertex -11.339317321777344 -57.188636779785156 -11.010660171508789
vertex -11.825952529907227 -57.188568115234375 -11.335819244384766
vertex 49.628902435302734 -57.197052001953125 -15.398277282714844
endloop
endfacet
facet normal 0.7117389154019179 -0.7024441019059819 0
outer loop
vertex 70.21495819091797 -50.82191467285156 -14.94118881225586
vertex 70.2853012084961 -50.750640869140625 -14.957115173339844
vertex 70.21495819091797 -50.82191467285156 -1
endloop
endfacet
facet normal 0.00008826070848055367 0.9999999961050235 0
outer loop
vertex 39.27228927612305 54.19071578979492 -1.100000023841858
vertex -39.25988006591797 54.19764709472656 -2.5
vertex -39.25988006591797 54.19764709472656 -1.100000023841858
endloop
endfacet
facet normal 0.9543640885975941 -0.29864558657872237 0.0000035120489832999876
outer loop
vertex 71.79414367675781 -48.611351013183594 -1
vertex 72.05127716064453 -47.7898063659668 -14.746940612792969
vertex 71.82389831542969 -48.516265869140625 -1
endloop
endfacet
facet normal 0.00008826070848051218 0.9999999961045537 9.695459875104858e-7
outer loop
vertex -39.25988006591797 54.19764709472656 -1.100000023841858
vertex -66.49007415771484 54.200050354003906 -1
vertex 39.27228927612305 54.19071578979492 -1.100000023841858
endloop
endfacet
facet normal -0.9494188384804403 -0.3140125302252309 0
outer loop
vertex -53.1002082824707 -54.34908676147461 -15.30948543548584
vertex -52.89508056640625 -54.96929168701172 -15.358473777770996
vertex -53.1002082824707 -54.34908676147461 -1
endloop
endfacet
facet normal 0.15870686896487524 -0.9873257465210588 0
outer loop
vertex 66.93948364257812 -52.18212890625 -1
vertex 66.93948364257812 -52.18212890625 -15.039801597595215
vertex 67.869140625 -52.032691955566406 -14.964277267456055
endloop
endfacet
facet normal -0.9869539145958478 -0.16100301383493415 0
outer loop
vertex -53.1002082824707 -54.34908676147461 -15.30948543548584
vertex -53.18375778198242 -53.8369255065918 -1
vertex -53.18375778198242 -53.8369255065918 -15.30854606628418
endloop
endfacet
facet normal 0.00008900954556864201 0.9999999920773007 -0.00008900954556864201
outer loop
vertex -41.45988082885742 54.19775390625 -3.5
vertex -41.659881591796875 54.19786071777344 -2.5
vertex -39.25988006591797 54.19764709472656 -2.5
endloop
endfacet
facet normal 0.0003752578173774959 -0.9999999295907815 4.803802023589239e-8
outer loop
vertex 55.824668884277344 -52.203948974609375 -1
vertex 55.88746643066406 -52.20392608642578 -15.094840049743652
vertex 66.4901123046875 -52.199947357177734 -15.02783489227295
endloop
endfacet
facet normal -0.31337345806883776 0.9496299678179804 0
outer loop
vertex -67.86909484863281 54.03279495239258 -1
vertex -68.68658447265625 53.76302719116211 -5.913921356201172
vertex -68.68658447265625 53.76302719116211 -1
endloop
endfacet
facet normal 0.28022177710508267 -0.9599352872126689 1.0575122111045167e-8
outer loop
vertex 54.91852569580078 -52.39383316040039 -1
vertex 55.16831588745117 -52.32091522216797 -15.130105972290039
vertex 55.364227294921875 -52.26372528076172 -15.123213768005371
endloop
endfacet
facet normal -0.5931632129843297 0.8050822335402185 0
outer loop
vertex -69.52186584472656 53.3326416015625 -1
vertex -70.21492004394531 52.822017669677734 -5.955442428588867
vertex -70.21492004394531 52.822017669677734 -1
endloop
endfacet
facet normal -0.894922739632346 0.44622112241458944 0
outer loop
vertex -71.37480926513672 51.452362060546875 -1
vertex -71.79409790039062 50.611454010009766 -6.025380611419678
vertex -71.79409790039062 50.611454010009766 -1
endloop
endfacet
facet normal 0.5595728820210567 -0.8287811470506719 -1.4494194604336472e-7
outer loop
vertex 54.113426208496094 -52.850975036621094 -1
vertex 54.307701110839844 -52.71980285644531 -15.23285961151123
vertex 54.498233795166016 -52.59115982055664 -15.229798316955566
endloop
endfacet
facet normal -0.9893146180904359 0.14579638685015767 -0.000003743557347055609
outer loop
vertex -72.07770538330078 49.610267639160156 -1
vertex -72.05123138427734 49.78990936279297 -1
vertex -72.1882095336914 48.86030197143555 -6.052219867706299
endloop
endfacet
facet normal 0.4580291816516524 -0.8889371568089152 0
outer loop
vertex 68.93125915527344 -51.63687515258789 -1
vertex 69.52191162109375 -51.33253860473633 -14.919898986816406
vertex 69.52191162109375 -51.33253860473633 -1
endloop
endfacet
facet normal -0.31337368785390124 0.949629891989951 0
outer loop
vertex -68.61502838134766 53.78664016723633 -5.930782794952393
vertex -67.86909484863281 54.03279495239258 -1
vertex -67.86909484863281 54.03279495239258 -5.836731910705566
endloop
endfacet
facet normal 0.4580372541243579 -0.8889329973818002 -1.6311196480237685e-7
outer loop
vertex 68.68663024902344 -51.76292419433594 -1
vertex 68.7326889038086 -51.73918914794922 -15.015900611877441
vertex 68.93125915527344 -51.63687515258789 -1
endloop
endfacet
facet normal -0.5931632129843297 0.8050822335402185 0
outer loop
vertex -69.52186584472656 53.3326416015625 -5.874484539031982
vertex -70.21492004394531 52.822017669677734 -5.955442428588867
vertex -69.52186584472656 53.3326416015625 -1
endloop
endfacet
facet normal 0.0000883504914654014 0.9999999960970953 0
outer loop
vertex 41.4722785949707 54.190521240234375 -5.78188943862915
vertex 41.4722785949707 54.190521240234375 -3.5
vertex 66.86027526855469 54.18827819824219 -5.757265090942383
endloop
endfacet
facet normal -0.9543473377502014 0.2986991110283107 0
outer loop
vertex -71.79409790039062 50.611454010009766 -6.025380611419678
vertex -72.05123138427734 49.78990936279297 -6.10373592376709
vertex -71.79409790039062 50.611454010009766 -1
endloop
endfacet
facet normal -0.9543470974232082 0.2986998787441773 -0.000008838060331593275
outer loop
vertex -71.79409790039062 50.611454010009766 -6.025380611419678
vertex -71.99725341796875 49.96236801147461 -6.141982078552246
vertex -72.05123138427734 49.78990936279297 -6.10373592376709
endloop
endfacet
facet normal 0.15870774672069865 -0.9873256054265154 5.994557057043576e-8
outer loop
vertex 66.93948364257812 -52.18212890625 -1
vertex 67.869140625 -52.032691955566406 -14.964277267456055
vertex 67.52764129638672 -52.08758544921875 -1
endloop
endfacet
facet normal -0.9051971597804171 -0.42499188454071213 0
outer loop
vertex -53.591190338134766 3.281341314315796 -1
vertex -53.393863677978516 2.8610520362854004 -10.274540901184082
vertex -53.393863677978516 2.8610520362854004 -1
endloop
endfacet
facet normal 0.9873232232985795 0.1587225518205243 -0.00006541317974951584
outer loop
vertex 72.18220520019531 48.93951416015625 -6.178799152374268
vertex 72.15367889404297 49.1169548034668 -6.191836833953857
vertex 72.03276062011719 49.869171142578125 -6.065304279327393
endloop
endfacet
facet normal -0.9916769045576809 -0.1287513765631127 0
outer loop
vertex -53.203975677490234 1.9549061059951782 -10.431402206420898
vertex -53.203975677490234 1.9549061059951782 -1
vertex -53.263755798339844 2.4153482913970947 -1
endloop
endfacet
facet normal 0.03962081723884403 -0.9992147871410463 0
outer loop
vertex 66.4901123046875 -52.199947357177734 -1
vertex 66.93948364257812 -52.18212890625 -15.039801597595215
vertex 66.93948364257812 -52.18212890625 -1
endloop
endfacet
facet normal 0.999999992378552 -0.0001234621234717346 0
outer loop
vertex 72.20001983642578 48.490142822265625 -6.200407028198242
vertex 72.18824768066406 -46.860198974609375 -1
vertex 72.18824768066406 -46.860198974609375 -14.592458724975586
endloop
endfacet
facet normal 0.0003751946348828744 -0.9999999296144905 0
outer loop
vertex 55.824668884277344 -52.203948974609375 -1
vertex 66.4901123046875 -52.199947357177734 -15.02783489227295
vertex 66.4901123046875 -52.199947357177734 -1
endloop
endfacet
facet normal -0.4900544871713007 -0.8716918031066216 0
outer loop
vertex -54.93659210205078 4.521053791046143 -1
vertex -54.5318603515625 4.293518543243408 -10.141409873962402
vertex -54.5318603515625 4.293518543243408 -1
endloop
endfacet
facet normal -0.00013597707764818667 -0.9999999907510895 0.000002838213745915801
outer loop
vertex -44.95988082885742 -57.18399429321289 -1.5092153549194336
vertex -40.85988235473633 -57.1845588684082 -4
vertex -44.20350646972656 -57.18409729003906 -1.5610966682434082
endloop
endfacet
facet normal 0.1287434607412868 -0.9916779322523804 0
outer loop
vertex 55.364227294921875 -52.26372528076172 -1
vertex 55.824668884277344 -52.203948974609375 -15.100521087646484
vertex 55.824668884277344 -52.203948974609375 -1
endloop
endfacet
facet normal -0.00013854964049371887 -0.9999999904019985 0
outer loop
vertex -41.603275299072266 -57.18445587158203 -1.6608326435089111
vertex -40.85988235473633 -57.1845588684082 -4
vertex -40.85988235473633 -57.1845588684082 -1.6677491664886475
endloop
endfacet
facet normal 0.9401306947550132 -0.3408141381742488 0
outer loop
vertex 53.258522033691406 -53.936561584472656 -15.387506484985352
vertex 52.84063720703125 -55.089290618896484 -1
vertex 52.84063720703125 -55.089290618896484 -15.343646049499512
endloop
endfacet
facet normal -0.5806884102106104 -0.8141258933648247 0
outer loop
vertex -70.15312957763672 6.125099182128906 -1
vertex -69.4522933959961 5.625216484069824 -9.891885757446289
vertex -69.4522933959961 5.625216484069824 -1
endloop
endfacet
facet normal -0.8889329333406716 -0.4580373784117941 0
outer loop
vertex -71.33256530761719 7.478164196014404 -9.721473693847656
vertex -71.33256530761719 7.478164196014404 -1
vertex -71.63690948486328 8.068818092346191 -1
endloop
endfacet
facet normal 0.00008940827482965649 0.9999999952651328 0.000038417373049040384
outer loop
vertex 39.47229766845703 54.190696716308594 -5.783829212188721
vertex -39.45988845825195 54.19766616821289 -3.5
vertex 39.4722900390625 54.190608978271484 -3.5
endloop
endfacet
facet normal -0.8889343921374898 -0.4580345472506976 0
outer loop
vertex -71.76295471191406 8.313446044921875 -9.715535163879395
vertex -71.33256530761719 7.478164196014404 -9.721473693847656
vertex -71.76295471191406 8.313446044921875 -1
endloop
endfacet
facet normal -0.8287842249679461 -0.5595683233031341 0
outer loop
vertex -53.85100173950195 3.6661486625671387 -10.206930160522461
vertex -53.66841125488281 3.3957114219665527 -10.20138168334961
vertex -53.85100173950195 3.6661486625671387 -1
endloop
endfacet
facet normal -0.905193255074809 -0.42500020113768405 0
outer loop
vertex -53.591190338134766 3.281341314315796 -10.225114822387695
vertex -53.48676681518555 3.0589332580566406 -10.232218742370605
vertex -53.591190338134766 3.281341314315796 -1
endloop
endfacet
facet normal 0.8889307187539496 0.45804166972521204 -0.00007778770095307009
outer loop
vertex 71.76300048828125 50.6866569519043 -6.065756797790527
vertex 71.6840591430664 50.8398551940918 -6.094142913818359
vertex 71.33261108398438 51.52193832397461 -5.97175931930542
endloop
endfacet
facet normal -0.9599351544374449 -0.2802222319430752 0
outer loop
vertex -53.393863677978516 2.8610520362854004 -10.274540901184082
vertex -53.321067810058594 2.6116809844970703 -10.293831825256348
vertex -53.393863677978516 2.8610520362854004 -1
endloop
endfacet
facet normal -0.9916778053894557 -0.12874443792969822 -3.444547580866159e-7
outer loop
vertex -53.203975677490234 1.9549061059951782 -10.431402206420898
vertex -53.263755798339844 2.4153482913970947 -1
vertex -53.24015426635742 2.2335782051086426 -10.370892524719238
endloop
endfacet
facet normal -0.4900550870827997 -0.8716914658434294 -5.3652056072213285e-8
outer loop
vertex -54.88400650024414 4.491491317749023 -10.058186531066895
vertex -54.618263244628906 4.342093467712402 -10.121183395385742
vertex -54.93659210205078 4.521053791046143 -1
endloop
endfacet
facet normal -0.20092658863685628 -0.9796063015205422 0
outer loop
vertex -55.82642364501953 4.776703357696533 -9.979543685913086
vertex -55.608402252197266 4.731985092163086 -9.990402221679688
vertex -55.82642364501953 4.776703357696533 -1
endloop
endfacet
facet normal -0.4900480646220652 -0.8716954137542356 0
outer loop
vertex -54.93659210205078 4.521053791046143 -10.056844711303711
vertex -54.88400650024414 4.491491317749023 -10.058186531066895
vertex -54.93659210205078 4.521053791046143 -1
endloop
endfacet
facet normal -0.7325057065700536 -0.6807608903588925 2.7318280827704027e-7
outer loop
vertex -53.946449279785156 3.768847942352295 -10.204236030578613
vertex -53.893489837646484 3.7118630409240723 -10.199294090270996
vertex -54.167083740234375 4.006256580352783 -1
endloop
endfacet
facet normal -0.9992144546238624 -0.039629202247046885 0
outer loop
vertex -72.19998168945312 10.50995922088623 -9.589993476867676
vertex -72.18215942382812 10.060586929321289 -9.608186721801758
vertex -72.19998168945312 10.50995922088623 -1
endloop
endfacet
facet normal 0.871691787592447 -0.4900544784494212 0.0001886678298958314
outer loop
vertex 53.258522033691406 -53.936561584472656 -1
vertex 53.49690246582031 -53.51805877685547 -15.337843894958496
vertex 53.48605728149414 -53.531829833984375 -1
endloop
endfacet
facet normal -0.5807200266434546 -0.8141033414997693 -0.000003759745472865058
outer loop
vertex -69.53131866455078 5.681587219238281 -9.904600143432617
vertex -69.4522933959961 5.625216484069824 -9.891885757446289
vertex -70.15312957763672 6.125099182128906 -1
endloop
endfacet
facet normal -0.4900566025073813 -0.8716906138871218 -1.232559357806443e-7
outer loop
vertex -54.618263244628906 4.342093467712402 -10.121183395385742
vertex -54.5318603515625 4.293518543243408 -10.141409873962402
vertex -54.93659210205078 4.521053791046143 -1
endloop
endfacet
facet normal -0.58068434096806 -0.8141287958022918 0
outer loop
vertex -70.15312957763672 6.125099182128906 -9.805289268493652
vertex -69.53131866455078 5.681587219238281 -9.904600143432617
vertex -70.15312957763672 6.125099182128906 -1
endloop
endfacet
facet normal 0.8689256619401865 -0.49494261689796787 0
outer loop
vertex 53.49690246582031 -53.51805877685547 -15.337843894958496
vertex 53.258522033691406 -53.936561584472656 -1
vertex 53.258522033691406 -53.936561584472656 -15.387506484985352
endloop
endfacet
facet normal -0.29870070941241794 -0.9543468374739439 0
outer loop
vertex -67.83528137207031 4.9630208015441895 -9.947307586669922
vertex -68.61138153076172 5.205932140350342 -1
vertex -68.61138153076172 5.205932140350342 -9.862823486328125
endloop
endfacet
facet normal -0.44621584342304843 -0.8949253717926748 0
outer loop
vertex -69.4522933959961 5.625216484069824 -9.891885757446289
vertex -68.61138153076172 5.205932140350342 -9.862823486328125
vertex -69.4522933959961 5.625216484069824 -1
endloop
endfacet
facet normal -0.0003298768380088606 -0.9999999056808152 -0.00028252368480532455
outer loop
vertex -24.974002838134766 -57.18675231933594 -11.335819244384766
vertex -25.46063804626465 -57.186683654785156 -11.010660171508789
vertex -49.876495361328125 -57.177364349365234 -15.488439559936523
endloop
endfacet
facet normal -0.9999999973988338 -0.00007212719576111655 0
outer loop
vertex -53.19997787475586 -53.47221374511719 -15.303030014038086
vertex -53.203975677490234 1.9549061059951782 -1
vertex -53.203975677490234 1.9549061059951782 -10.431402206420898
endloop
endfacet
facet normal -0.9599364944220238 -0.2802176416229677 -1.3366266110898306e-7
outer loop
vertex -53.321067810058594 2.6116809844970703 -10.293831825256348
vertex -53.263755798339844 2.4153482913970947 -10.349072456359863
vertex -53.393863677978516 2.8610520362854004 -1
endloop
endfacet
facet normal -0.7325109880000359 -0.6807552074418609 0
outer loop
vertex -53.946449279785156 3.768847942352295 -10.204236030578613
vertex -54.167083740234375 4.006256580352783 -1
vertex -54.167083740234375 4.006256580352783 -10.200974464416504
endloop
endfacet
facet normal 0.680752443669755 -0.7325135564872892 0
outer loop
vertex 53.773319244384766 -53.16705322265625 -15.271544456481934
vertex 53.8999137878418 -53.04940414428711 -15.239161491394043
vertex 53.773319244384766 -53.16705322265625 -1
endloop
endfacet
facet normal -0.9052025010567829 -0.42498050788266706 -5.789980425886923e-7
outer loop
vertex -53.48676681518555 3.0589332580566406 -10.232218742370605
vertex -53.459842681884766 3.0015852451324463 -10.241103172302246
vertex -53.591190338134766 3.281341314315796 -1
endloop
endfacet
facet normal -0.8050835701359671 -0.5931613988596403 0
outer loop
vertex -71.33256530761719 7.478164196014404 -1
vertex -70.82194519042969 6.785111904144287 -9.813705444335938
vertex -70.82194519042969 6.785111904144287 -1
endloop
endfacet
facet normal -0.9999999974047321 -0.00007204466340002756 -3.1982951086344945e-7
outer loop
vertex -53.203975677490234 1.9549061059951782 -1
vertex -53.19997787475586 -53.47221374511719 -15.303030014038086
vertex -53.202552795410156 -17.795093536376953 -1
endloop
endfacet
facet normal 0.9913968825067819 0.03321461040962481 0.12660573056213065
outer loop
vertex 72.19758605957031 28.740144729614258 -1
vertex 72.20001983642578 48.490142822265625 -6.200407028198242
vertex 72.18220520019531 48.93951416015625 -6.178799152374268
endloop
endfacet
facet normal 0.999999710095208 0.0007614522309176094 0
outer loop
vertex 72.19758605957031 28.740144729614258 -1
vertex 72.18220520019531 48.93951416015625 -6.178799152374268
vertex 72.18220520019531 48.93951416015625 -1
endloop
endfacet
facet normal -0.8050882914550623 -0.5931549860176386 -0.00007432619808258426
outer loop
vertex -71.33256530761719 7.478164196014404 -9.721473693847656
vertex -70.9028549194336 6.894932746887207 -9.831262588500977
vertex -70.82194519042969 6.785111904144287 -9.813705444335938
endloop
endfacet
facet normal -0.1457719965947747 -0.9893182122091824 0
outer loop
vertex -67.32343292236328 4.8800740242004395 -1
vertex -66.8602294921875 4.811822891235352 -9.838871955871582
vertex -66.8602294921875 4.811822891235352 -1
endloop
endfacet
facet normal -0.0001379648721619799 -0.999999990478292 -0.0000030182696071903033
outer loop
vertex -24.399978637695312 -57.186832427978516 -3.450000047683716
vertex -12.399977684020996 -57.1884880065918 -3.450000047683716
vertex 35.9722900390625 -57.195167541503906 -1.5081205368041992
endloop
endfacet
facet normal 0.5806834860948509 0.8141294055472578 0
outer loop
vertex 70.1531753540039 52.875003814697266 -1
vertex 69.45233154296875 53.37488555908203 -5.930049896240234
vertex 69.45233154296875 53.37488555908203 -1
endloop
endfacet
facet normal -0.0001389203231664393 -0.9999999903321752 -0.000006065759883393609
outer loop
vertex -37.386993408203125 -57.18503952026367 -1.5949000120162964
vertex -38.09953689575195 -57.184940338134766 -1.6271064281463623
vertex -24.399978637695312 -57.186832427978516 -3.450000047683716
endloop
endfacet
facet normal 0.9496321700595476 0.3133667844363761 0
outer loop
vertex 71.76300048828125 50.6866569519043 -6.065756797790527
vertex 72.03276062011719 49.869171142578125 -1
vertex 72.03276062011719 49.869171142578125 -6.065304279327393
endloop
endfacet
facet normal -0.00013854527639375582 -0.99999999039529 -0.00000382440442350703
outer loop
vertex -25.46063804626465 -57.186683654785156 -3.8893399238586426
vertex -24.974002838134766 -57.18675231933594 -3.564180612564087
vertex -40.05988311767578 -57.184669494628906 -1.667737364768982
endloop
endfacet
facet normal 0.702406332841493 0.7117761892506421 0
outer loop
vertex 70.1531753540039 52.875003814697266 -5.897520542144775
vertex 70.82199096679688 52.21499252319336 -1
vertex 70.82199096679688 52.21499252319336 -5.985230445861816
endloop
endfacet
facet normal -0.7776938860971405 -0.6286431575441888 0
outer loop
vertex -52.165279388427734 -56.064876556396484 -15.415390014648438
vertex -52.165279388427734 -56.064876556396484 -1
vertex -52.56956481933594 -55.564735412597656 -1
endloop
endfacet
facet normal 0.06388273875584324 -0.9979574117611697 0
outer loop
vertex 49.628902435302734 -57.197052001953125 -1
vertex 49.836997985839844 -57.18373107910156 -15.409256935119629
vertex 49.836997985839844 -57.18373107910156 -1
endloop
endfacet
facet normal -0.34890516025021395 -0.937158038513661 0
outer loop
vertex -51.08932113647461 -56.8405647277832 -1
vertex -50.48662567138672 -57.06494903564453 -15.42872428894043
vertex -50.48662567138672 -57.06494903564453 -1
endloop
endfacet
facet normal -0.00013937614407803848 -0.9999999902863738 0.000001242023519721726
outer loop
vertex 42.836700439453125 -57.19611358642578 -1.6258398294448853
vertex 40.87228775024414 -57.19584274291992 -4
vertex 43.52122116088867 -57.19620895385742 -1.5949000120162964
endloop
endfacet
facet normal -0.18120423441769418 -0.9834454867602099 -2.666131037290842e-7
outer loop
vertex -50.48662567138672 -57.06494903564453 -1
vertex -49.876495361328125 -57.177364349365234 -15.488439559936523
vertex -49.940738677978516 -57.165531158447266 -1
endloop
endfacet
facet normal -0.18118616471990376 -0.9834488160113155 -1.8377098840619142e-7
outer loop
vertex -49.940738677978516 -57.165531158447266 -1
vertex -49.876495361328125 -57.177364349365234 -15.488439559936523
vertex -49.84418869018555 -57.183319091796875 -1
endloop
endfacet
facet normal -0.7776938860971405 -0.6286431575441888 0
outer loop
vertex -52.56956481933594 -55.564735412597656 -15.354910850524902
vertex -52.165279388427734 -56.064876556396484 -15.415390014648438
vertex -52.56956481933594 -55.564735412597656 -1
endloop
endfacet
facet normal -0.6569719272269366 -0.753915039534114 0
outer loop
vertex -52.165279388427734 -56.064876556396484 -1
vertex -51.672786712646484 -56.494041442871094 -15.397255897521973
vertex -51.672786712646484 -56.494041442871094 -1
endloop
endfacet
facet normal -0.00013776651345357945 -0.9999999905101938 0
outer loop
vertex 46.4722900390625 -57.196617126464844 -5
vertex 49.628902435302734 -57.197052001953125 -15.398277282714844
vertex 46.4722900390625 -57.196617126464844 -4
endloop
endfacet
facet normal -0.00019685590753132246 -0.9999993727367681 -0.0011026213411245574
outer loop
vertex -24.399978637695312 -57.186832427978516 -11.449999809265137
vertex -49.876495361328125 -57.177364349365234 -15.488439559936523
vertex 49.628902435302734 -57.197052001953125 -15.398277282714844
endloop
endfacet
facet normal -0.9869527120489158 -0.16101038531501555 0
outer loop
vertex -53.120906829833984 -54.22220993041992 -1
vertex -53.1002082824707 -54.34908676147461 -15.30948543548584
vertex -53.1002082824707 -54.34908676147461 -1
endloop
endfacet
facet normal -0.00013774342836275858 -0.99999999049634 -0.000005836781576958804
outer loop
vertex 35.9722900390625 -57.195167541503906 -1.5081205368041992
vertex -11.339317321777344 -57.188636779785156 -3.8893399238586426
vertex 36.72221374511719 -57.19527053833008 -1.5595593452453613
endloop
endfacet
facet normal -0.999012508263498 -0.0444298135611032 0
outer loop
vertex -53.18375778198242 -53.8369255065918 -15.30854606628418
vertex -53.18375778198242 -53.8369255065918 -1
vertex -53.19997787475586 -53.47221374511719 -1
endloop
endfacet
facet normal -0.9494209982577283 -0.3140060000498383 0
outer loop
vertex -52.89508056640625 -54.96929168701172 -15.358473777770996
vertex -52.89508056640625 -54.96929168701172 -1
vertex -52.939414978027344 -54.835243225097656 -1
endloop
endfacet
facet normal -0.00013783311937327566 -0.9999999904917234 -0.000004310945673641454
outer loop
vertex 38.108116149902344 -57.19546127319336 -1.6259138584136963
vertex -11.014158248901367 -57.18867874145508 -4.375974655151367
vertex 39.32692337036133 -57.19562911987305 -1.6596240997314453
endloop
endfacet
facet normal 0.8597941169326647 -0.5106408461477812 0.000052282476389445814
outer loop
vertex 52.49411392211914 -55.67275619506836 -15.394786834716797
vertex 52.56047439575195 -55.5610237121582 -15.417264938354492
vertex 52.84063720703125 -55.089290618896484 -15.343646049499512
endloop
endfacet
facet normal -0.00037519885062500255 -0.9999999284585009 -0.00004805013570538784
outer loop
vertex -25.785797119140625 -57.186641693115234 -10.524024963378906
vertex -25.899978637695312 -57.18662643432617 -9.949999809265137
vertex -49.876495361328125 -57.177364349365234 -15.488439559936523
endloop
endfacet
facet normal -0.9999999973908493 -0.00007223781132259661 0
outer loop
vertex -53.19997787475586 -53.47221374511719 -15.303030014038086
vertex -53.19997787475586 -53.47221374511719 -1
vertex -53.2014045715332 -33.72221374511719 -1
endloop
endfacet
facet normal -0.00013716149974724774 -0.9999999904701904 -0.000015695283587563837
outer loop
vertex 36.72221374511719 -57.19527053833008 -1.5595593452453613
vertex -11.014158248901367 -57.18867874145508 -4.375974655151367
vertex 37.42155075073242 -57.19536590576172 -1.5949000120162964
endloop
endfacet
facet normal -0.6569719272269366 -0.753915039534114 0
outer loop
vertex -51.672786712646484 -56.494041442871094 -15.397255897521973
vertex -52.165279388427734 -56.064876556396484 -1
vertex -52.165279388427734 -56.064876556396484 -15.415390014648438
endloop
endfacet
facet normal -0.00013817314498590355 -0.9999999904540909 0
outer loop
vertex 40.87228775024414 -57.19584274291992 -4
vertex 41.617706298828125 -57.195945739746094 -1.6595898866653442
vertex 40.87228775024414 -57.19584274291992 -1.666547179222107
endloop
endfacet
facet normal 0.9873244768411866 0.15871476752425207 0
outer loop
vertex 72.18220520019531 48.93951416015625 -1
vertex 72.18220520019531 48.93951416015625 -6.178799152374268
vertex 72.03276062011719 49.869171142578125 -6.065304279327393
endloop
endfacet
facet normal 0.00008835049146540141 0.9999999960970954 0
outer loop
vertex 66.86027526855469 54.18827819824219 -5.757265090942383
vertex 41.4722785949707 54.190521240234375 -3.5
vertex 66.86027526855469 54.18827819824219 -1
endloop
endfacet
facet normal -0.00013810268520192488 -0.9999999904637307 4.322773512616816e-7
outer loop
vertex -34.45988082885742 -57.18544387817383 -4
vertex -25.899978637695312 -57.18662643432617 -4.949999809265137
vertex -40.05988311767578 -57.184669494628906 -1.667737364768982
endloop
endfacet
facet normal -0.0001383328840546435 -0.9999999904131018 0.0000061489161697373805
outer loop
vertex -12.399977684020996 -57.1884880065918 -3.450000047683716
vertex -11.825952529907227 -57.188568115234375 -3.564180612564087
vertex 35.9722900390625 -57.195167541503906 -1.5081205368041992
endloop
endfacet
facet normal 0.2987018837745336 0.9543464699099301 0
outer loop
vertex 68.6114273071289 53.79417037963867 -5.848606109619141
vertex 67.78987884521484 54.051307678222656 -5.904115676879883
vertex 68.6114273071289 53.79417037963867 -1
endloop
endfacet
facet normal 0.44621949220722257 0.8949235524749186 0
outer loop
vertex 69.45233154296875 53.37488555908203 -5.930049896240234
vertex 68.6114273071289 53.79417037963867 -5.848606109619141
vertex 69.45233154296875 53.37488555908203 -1
endloop
endfacet
facet normal -0.00013760161612939273 -0.9999999905328976 0
outer loop
vertex 40.072288513183594 -57.19573211669922 -1.6665589809417725
vertex 34.4722900390625 -57.19496154785156 -4
vertex 40.072288513183594 -57.19573211669922 -4
endloop
endfacet
facet normal 0.3140125302252308 -0.94941883848044 2.8045158181417386e-8
outer loop
vertex 50.349159240722656 -57.100181579589844 -1
vertex 50.36567687988281 -57.09471893310547 -15.483277320861816
vertex 50.969364166259766 -56.89505386352539 -1
endloop
endfacet
facet normal 0.9999999923984597 -0.00012330047538787906 -2.7061665705978165e-7
outer loop
vertex 72.20001983642578 48.490142822265625 -6.200407028198242
vertex 72.19758605957031 28.740144729614258 -1
vertex 72.19697570800781 23.790029525756836 -1
endloop
endfacet
facet normal 0.8889342856733078 0.4580347538718934 0
outer loop
vertex 71.76300048828125 50.6866569519043 -1
vertex 71.33261108398438 51.52193832397461 -5.97175931930542
vertex 71.33261108398438 51.52193832397461 -1
endloop
endfacet
facet normal 0.989318896886081 -0.1457673497876249 0
outer loop
vertex 72.07774353027344 -47.61018753051758 -1
vertex 72.18824768066406 -46.860198974609375 -14.592458724975586
vertex 72.18824768066406 -46.860198974609375 -1
endloop
endfacet
facet normal -0.00013796169314868987 -0.9999999904826373 0.000001138614480537312
outer loop
vertex -38.09953689575195 -57.184940338134766 -1.6271064281463623
vertex -39.31643295288086 -57.18477249145508 -1.6607985496520996
vertex -24.399978637695312 -57.186832427978516 -3.450000047683716
endloop
endfacet
facet normal -0.00013828281223579947 -0.9999999904385567 -8.661821932521784e-7
outer loop
vertex -49.84418869018555 -57.183319091796875 -1
vertex -46.45988082885742 -57.18378448486328 -4
vertex -40.85988235473633 -57.1845588684082 -4
endloop
endfacet
facet normal -0.0001374055556260806 -0.9999999905578222 -0.000002017171860371097
outer loop
vertex 44.9722900390625 -57.1964111328125 -1.5079988241195679
vertex 40.87228775024414 -57.19584274291992 -4
vertex 49.628902435302734 -57.197052001953125 -1
endloop
endfacet
facet normal -0.0001380046784673011 -0.9999999904769769 8.687131962189057e-7
outer loop
vertex -10.899977684020996 -57.18869400024414 -9.949999809265137
vertex -11.014158248901367 -57.18867874145508 -10.524024963378906
vertex 49.628902435302734 -57.197052001953125 -15.398277282714844
endloop
endfacet
facet normal 0.9893179992681915 -0.14577344176448864 -3.4343333515844844e-7
outer loop
vertex 72.07774353027344 -47.61018753051758 -1
vertex 72.05127716064453 -47.7898063659668 -1
vertex 72.18824768066406 -46.860198974609375 -14.592458724975586
endloop
endfacet
facet normal 0.9543473377502013 -0.29869911102831065 0
outer loop
vertex 72.05127716064453 -47.7898063659668 -14.746940612792969
vertex 71.79414367675781 -48.611351013183594 -1
vertex 71.79414367675781 -48.611351013183594 -14.75081729888916
endloop
endfacet
facet normal -0.00013809497843749282 -0.9999999904645575 8.137531383519453e-7
outer loop
vertex -35.95988082885742 -57.18523406982422 -1
vertex -24.399978637695312 -57.186832427978516 -3.450000047683716
vertex 35.9722900390625 -57.195167541503906 -1
endloop
endfacet
facet normal 0.29870298090230135 0.9543461265180885 0
outer loop
vertex 67.78987884521484 54.051307678222656 -5.904115676879883
vertex 67.78987884521484 54.051307678222656 -1
vertex 68.5163345336914 53.82393264770508 -1
endloop
endfacet
facet normal -0.000138267444878578 -0.9999999904410568 0
outer loop
vertex -35.95988082885742 -57.18523406982422 -1.5090936422348022
vertex -24.399978637695312 -57.186832427978516 -3.450000047683716
vertex -35.95988082885742 -57.18523406982422 -1
endloop
endfacet
facet normal -0.9763280607321071 -0.030049542034519813 -0.21419743894500423
outer loop
vertex -72.18215942382812 10.237931251525879 -9.633066177368164
vertex -72.18215942382812 10.060586929321289 -9.608186721801758
vertex -72.19998168945312 10.50995922088623 -9.589993476867676
endloop
endfacet
facet normal 0.9543451450786663 -0.298706116550665 0
outer loop
vertex 71.82389831542969 -48.516265869140625 -1
vertex 72.05127716064453 -47.7898063659668 -14.746940612792969
vertex 72.05127716064453 -47.7898063659668 -1
endloop
endfacet
facet normal 0.7117760917585155 -0.7024064316341169 0
outer loop
vertex 70.2853012084961 -50.750640869140625 -14.957115173339844
vertex 70.8749771118164 -50.153099060058594 -14.84589672088623
vertex 70.8749771118164 -50.153099060058594 -1
endloop
endfacet
facet normal -0.00013842618143334166 -0.9999999904029655 -0.000005679878001518954
outer loop
vertex -11.825952529907227 -57.188568115234375 -11.335819244384766
vertex -12.399977684020996 -57.1884880065918 -11.449999809265137
vertex 49.628902435302734 -57.197052001953125 -15.398277282714844
endloop
endfacet
facet normal -0.00038629815901218784 -0.9999999253868633 0
outer loop
vertex -25.899978637695312 -57.18662643432617 -4.949999809265137
vertex -49.876495361328125 -57.177364349365234 -15.488439559936523
vertex -25.899978637695312 -57.18662643432617 -9.949999809265137
endloop
endfacet
facet normal -0.00013796487216243886 -0.9999999904816187 0.0000015674591800156718
outer loop
vertex -12.399977684020996 -57.1884880065918 -11.449999809265137
vertex -24.399978637695312 -57.186832427978516 -11.449999809265137
vertex 49.628902435302734 -57.197052001953125 -15.398277282714844
endloop
endfacet
facet normal 0.5931674453172908 -0.8050791152525065 0
outer loop
vertex 70.21495819091797 -50.82191467285156 -14.94118881225586
vertex 69.52191162109375 -51.33253860473633 -1
vertex 69.52191162109375 -51.33253860473633 -14.919898986816406
endloop
endfacet
facet normal 0.00008988169454070086 0.999999991826665 -0.00009092827399933914
outer loop
vertex 39.27228927612305 54.19071578979492 -1.100000023841858
vertex -41.45988082885742 54.19775390625 -3.5
vertex -39.25988006591797 54.19764709472656 -2.5
endloop
endfacet
facet normal -0.00013835028290234562 -0.999999990429029 -0.0000010682412428254862
outer loop
vertex -49.84418869018555 -57.183319091796875 -1
vertex -40.85988235473633 -57.1845588684082 -4
vertex -44.95988082885742 -57.18399429321289 -1.5092153549194336
endloop
endfacet
facet normal 0.4580764751388779 -0.888912787018131 0
outer loop
vertex 68.68663024902344 -51.76292419433594 -15.006584167480469
vertex 68.7326889038086 -51.73918914794922 -15.015900611877441
vertex 68.68663024902344 -51.76292419433594 -1
endloop
endfacet
facet normal 0.00008829670403326842 0.9999999961018461 0
outer loop
vertex -39.45988845825195 54.19766616821289 -5.860387802124023
vertex -39.45988845825195 54.19766616821289 -3.5
vertex 39.47229766845703 54.190696716308594 -5.783829212188721
endloop
endfacet
facet normal 0.00008900954405312707 0.9999999750508693 0.00020487938319768966
outer loop
vertex -41.659881591796875 54.19786071777344 -1.100000023841858
vertex -66.49007415771484 54.200050354003906 -1
vertex -39.25988006591797 54.19764709472656 -1.100000023841858
endloop
endfacet
facet normal 0.00008273147547964996 0.9999999925038515 -0.00009026516442178831
outer loop
vertex -41.45988082885742 54.19775390625 -3.5
vertex -66.49007415771484 54.200050354003906 -1
vertex -41.659881591796875 54.19786071777344 -2.5
endloop
endfacet
facet normal 0.039620817238844024 -0.9992147871410461 0
outer loop
vertex 66.93948364257812 -52.18212890625 -15.039801597595215
vertex 66.4901123046875 -52.199947357177734 -1
vertex 66.4901123046875 -52.199947357177734 -15.02783489227295
endloop
endfacet
facet normal 0.00009545670467085731 0.9999999947542888 0.000037140812234983096
outer loop
vertex -41.45988082885742 54.19775390625 -3.5
vertex -41.45987319946289 54.19784164428711 -5.862327575683594
vertex -66.49007415771484 54.200050354003906 -1
endloop
endfacet
facet normal 0.8141285120295249 -0.5806847388218427 0
outer loop
vertex 70.8749771118164 -50.153099060058594 -1
vertex 71.3748550415039 -49.45226287841797 -14.851289749145508
vertex 71.3748550415039 -49.45226287841797 -1
endloop
endfacet
facet normal 0.00008824178886464448 0.9999999961066933 0
outer loop
vertex -66.49007415771484 54.200050354003906 -5.886605262756348
vertex -66.49007415771484 54.200050354003906 -1
vertex -41.45987319946289 54.19784164428711 -5.862327575683594
endloop
endfacet
facet normal 0.0003644757381528548 -0.999999933578716 0
outer loop
vertex 55.824668884277344 -52.203948974609375 -15.100521087646484
vertex 55.88746643066406 -52.20392608642578 -15.094840049743652
vertex 55.824668884277344 -52.203948974609375 -1
endloop
endfacet
facet normal -0.039620817238844024 0.9992147871410461 0
outer loop
vertex -66.49007415771484 54.200050354003906 -1
vertex -66.93944549560547 54.18223190307617 -5.9023919105529785
vertex -66.93944549560547 54.18223190307617 -1
endloop
endfacet
facet normal -0.9990121859934139 -0.044437059270681416 1.8505183837694478e-7
outer loop
vertex -53.18375778198242 -53.8369255065918 -15.30854606628418
vertex -53.19997787475586 -53.47221374511719 -1
vertex -53.191593170166016 -53.66077423095703 -15.328007698059082
endloop
endfacet
facet normal -0.15870813862481212 0.9873255424297739 0
outer loop
vertex -66.93944549560547 54.18223190307617 -1
vertex -67.86909484863281 54.03279495239258 -5.836731910705566
vertex -67.86909484863281 54.03279495239258 -1
endloop
endfacet
facet normal 0.12873755832628062 -0.9916786985088405 0
outer loop
vertex 55.364227294921875 -52.26372528076172 -15.123213768005371
vertex 55.532779693603516 -52.241844177246094 -15.09533405303955
vertex 55.364227294921875 -52.26372528076172 -1
endloop
endfacet
facet normal 0.7117721298884733 -0.7024104463302856 3.392655322224859e-7
outer loop
vertex 70.21495819091797 -50.82191467285156 -1
vertex 70.2853012084961 -50.750640869140625 -14.957115173339844
vertex 70.8749771118164 -50.153099060058594 -1
endloop
endfacet
facet normal 0.28022122586669845 -0.9599354481285525 0
outer loop
vertex 54.91852569580078 -52.39383316040039 -1
vertex 54.91852569580078 -52.39383316040039 -15.178609848022461
vertex 55.16831588745117 -52.32091522216797 -15.130105972290039
endloop
endfacet
facet normal -0.711776189250642 0.7024063328414929 0
outer loop
vertex -70.21492004394531 52.822017669677734 -1
vertex -70.87493133544922 52.153202056884766 -5.938895225524902
vertex -70.87493133544922 52.153202056884766 -1
endloop
endfacet
facet normal -0.7024071041260102 -0.711775428118527 0
outer loop
vertex -70.82194519042969 6.785111904144287 -9.813705444335938
vertex -70.15312957763672 6.125099182128906 -9.805289268493652
vertex -70.82194519042969 6.785111904144287 -1
endloop
endfacet
facet normal -0.8141300062510982 0.5806826438956021 0
outer loop
vertex -70.87493133544922 52.153202056884766 -1
vertex -71.37480926513672 51.452362060546875 -6.024592876434326
vertex -71.37480926513672 51.452362060546875 -1
endloop
endfacet
facet normal 0.42498971159189847 -0.9051981799810662 0
outer loop
vertex 54.91852569580078 -52.39383316040039 -15.178609848022461
vertex 54.498233795166016 -52.59115982055664 -1
vertex 54.498233795166016 -52.59115982055664 -15.229798316955566
endloop
endfacet
facet normal 0.5595727893176603 -0.8287812096417437 -1.467841725079779e-7
outer loop
vertex 54.113426208496094 -52.850975036621094 -1
vertex 54.191436767578125 -52.798301696777344 -15.226123809814453
vertex 54.307701110839844 -52.71980285644531 -15.23285961151123
endloop
endfacet
facet normal -0.9893182553324448 0.14577170392764083 0
outer loop
vertex -72.1882095336914 48.86030197143555 -6.052219867706299
vertex -72.1882095336914 48.86030197143555 -1
vertex -72.07770538330078 49.610267639160156 -1
endloop
endfacet
facet normal -0.7776913241741953 -0.6286463253907824 0.00004332266456595199
outer loop
vertex -52.56956481933594 -55.564735412597656 -15.354910850524902
vertex -52.247825622558594 -55.96276092529297 -15.435561180114746
vertex -52.165279388427734 -56.064876556396484 -15.415390014648438
endloop
endfacet
facet normal -0.03962081723884403 0.9992147871410463 0
outer loop
vertex -66.49007415771484 54.200050354003906 -5.886605262756348
vertex -66.93944549560547 54.18223190307617 -5.9023919105529785
vertex -66.49007415771484 54.200050354003906 -1
endloop
endfacet
facet normal 0.6807597547200998 -0.7325067619847717 1.2113817522156848e-7
outer loop
vertex 53.773319244384766 -53.16705322265625 -1
vertex 53.8999137878418 -53.04940414428711 -15.239161491394043
vertex 54.113426208496094 -52.850975036621094 -15.2389497756958
endloop
endfacet
facet normal -0.3133711530411103 0.949630728463177 -4.252273592947767e-7
outer loop
vertex -68.61502838134766 53.78664016723633 -5.930782794952393
vertex -68.68658447265625 53.76302719116211 -5.913921356201172
vertex -67.86909484863281 54.03279495239258 -1
endloop
endfacet
facet normal -0.9494183319787045 -0.3140140608962341 0.000021499548478213312
outer loop
vertex -53.1002082824707 -54.34908676147461 -15.30948543548584
vertex -52.946311950683594 -54.814395904541016 -15.384601593017578
vertex -52.89508056640625 -54.96929168701172 -15.358473777770996
endloop
endfacet
facet normal -0.4580315458489602 0.8889359386408067 0
outer loop
vertex -68.68658447265625 53.76302719116211 -5.913921356201172
vertex -69.52186584472656 53.3326416015625 -5.874484539031982
vertex -68.68658447265625 53.76302719116211 -1
endloop
endfacet
facet normal 0.9999999923654674 -0.00012355897390424597 -0.0000014983941573695177
outer loop
vertex 72.20001983642578 48.490142822265625 -6.200407028198242
vertex 72.19697570800781 23.790029525756836 -1
vertex 72.19444274902344 3.290029525756836 -1
endloop
endfacet
facet normal -0.711776189250642 0.7024063328414929 0
outer loop
vertex -70.21492004394531 52.822017669677734 -5.955442428588867
vertex -70.87493133544922 52.153202056884766 -5.938895225524902
vertex -70.21492004394531 52.822017669677734 -1
endloop
endfacet
facet normal 0.16603030004966576 -0.9861206515763768 0
outer loop
vertex 50.36567687988281 -57.09471893310547 -15.483277320861816
vertex 49.836997985839844 -57.18373107910156 -1
vertex 49.836997985839844 -57.18373107910156 -15.409256935119629
endloop
endfacet
facet normal -0.894922739632346 0.44622112241458944 0
outer loop
vertex -71.37480926513672 51.452362060546875 -6.024592876434326
vertex -71.79409790039062 50.611454010009766 -6.025380611419678
vertex -71.37480926513672 51.452362060546875 -1
endloop
endfacet
facet normal 0.9999999923982141 -0.0001233004932038756 7.482294359341967e-7
outer loop
vertex 72.19383239746094 -1.6600849628448486 -1
vertex 72.20001983642578 48.490142822265625 -6.200407028198242
vertex 72.19444274902344 3.290029525756836 -1
endloop
endfacet
facet normal -0.9893175525018763 0.1457764737936049 0
outer loop
vertex -72.05123138427734 49.78990936279297 -6.10373592376709
vertex -72.1882095336914 48.86030197143555 -6.052219867706299
vertex -72.05123138427734 49.78990936279297 -1
endloop
endfacet
facet normal 0.9893168750036913 -0.14578105124847854 0.00007700531923622593
outer loop
vertex 72.05127716064453 -47.7898063659668 -14.746940612792969
vertex 72.07599639892578 -47.622066497802734 -14.771162986755371
vertex 72.18824768066406 -46.860198974609375 -14.592458724975586
endloop
endfacet
facet normal -0.9999999529605299 0.00030672099027258314 0.0000010826669713265689
outer loop
vertex -72.1882095336914 48.86030197143555 -1
vertex -72.19998168945312 10.50995922088623 -9.589993476867676
vertex -72.19426727294922 29.11030387878418 -1
endloop
endfacet
facet normal 0.7539204523024993 -0.6569657156960286 0
outer loop
vertex 52.0649528503418 -56.165252685546875 -1
vertex 52.49411392211914 -55.67275619506836 -15.394786834716797
vertex 52.49411392211914 -55.67275619506836 -1
endloop
endfacet
facet normal -0.81413500372271 0.5806756308219969 0.00008650375085019739
outer loop
vertex -71.2810287475586 51.5838508605957 -6.051642417907715
vertex -71.37480926513672 51.452362060546875 -6.024592876434326
vertex -70.87493133544922 52.153202056884766 -5.938895225524902
endloop
endfacet
facet normal 0.9999999923650691 -0.00012355896959315957 -0.0000017443927635320852
outer loop
vertex 72.19383239746094 -1.6600849628448486 -1
vertex 72.19129943847656 -22.160085678100586 -1
vertex 72.20001983642578 48.490142822265625 -6.200407028198242
endloop
endfacet
facet normal -0.9999999528867055 0.00030696349400749723 0
outer loop
vertex -72.19998168945312 10.50995922088623 -9.589993476867676
vertex -72.1882095336914 48.86030197143555 -1
vertex -72.1882095336914 48.86030197143555 -6.052219867706299
endloop
endfacet
facet normal 0.06388273875584323 -0.9979574117611696 0
outer loop
vertex 49.836997985839844 -57.18373107910156 -15.409256935119629
vertex 49.628902435302734 -57.197052001953125 -1
vertex 49.628902435302734 -57.197052001953125 -15.398277282714844
endloop
endfacet
facet normal -0.9599338044810178 -0.2802268563405036 3.4307090313097587e-7
outer loop
vertex -53.3482780456543 2.7048957347869873 -1
vertex -53.393863677978516 2.8610520362854004 -1
vertex -53.263755798339844 2.4153482913970947 -10.349072456359863
endloop
endfacet
facet normal 0.785638286802703 -0.6186860935156964 3.0025114784528145e-8
outer loop
vertex 53.48605728149414 -53.531829833984375 -1
vertex 53.49690246582031 -53.51805877685547 -15.337843894958496
vertex 53.641998291015625 -53.33380889892578 -15.281944274902344
endloop
endfacet
facet normal -0.9599367842127365 -0.2802166488903007 0
outer loop
vertex -53.263755798339844 2.4153482913970947 -10.349072456359863
vertex -53.263755798339844 2.4153482913970947 -1
vertex -53.3482780456543 2.7048957347869873 -1
endloop
endfacet
facet normal 0.9999999923969298 -0.00012330052289710668 0.0000017667397901567368
outer loop
vertex 72.19129943847656 -22.160085678100586 -1
vertex 72.19068908691406 -27.110198974609375 -1
vertex 72.20001983642578 48.490142822265625 -6.200407028198242
endloop
endfacet
facet normal 0.31401313672168013 -0.9494186378864761 0
outer loop
vertex 50.36567687988281 -57.09471893310547 -15.483277320861816
vertex 50.969364166259766 -56.89505386352539 -15.41718864440918
vertex 50.969364166259766 -56.89505386352539 -1
endloop
endfacet
facet normal -0.9999999528076315 0.00030722098645645176 0
outer loop
vertex -72.19998168945312 10.50995922088623 -9.589993476867676
vertex -72.19998168945312 10.50995922088623 -1
vertex -72.19426727294922 29.11030387878418 -1
endloop
endfacet
facet normal -0.2009269855511618 -0.9796062201095515 0
outer loop
vertex -55.82642364501953 4.776703357696533 -1
vertex -55.371585845947266 4.683411598205566 -10.012908935546875
vertex -55.371585845947266 4.683411598205566 -1
endloop
endfacet
facet normal 0.6286390777554965 -0.777697183946756 -6.782380186076209e-8
outer loop
vertex 52.0649528503418 -56.165252685546875 -15.385436058044434
vertex 51.5648078918457 -56.56953811645508 -1
vertex 51.62800598144531 -56.51845169067383 -15.459616661071777
endloop
endfacet
facet normal 0.00008827990152566132 0.9999999960962843 0.0000037537198987743356
outer loop
vertex 41.67228698730469 54.19050216674805 -1.100000023841858
vertex -66.49007415771484 54.200050354003906 -1
vertex 66.86027526855469 54.18827819824219 -1
endloop
endfacet
facet normal -0.3496788226512997 -0.9368696392717617 0
outer loop
vertex -54.93659210205078 4.521053791046143 -10.056844711303711
vertex -54.93659210205078 4.521053791046143 -1
vertex -55.371585845947266 4.683411598205566 -1
endloop
endfacet
facet normal 0.859796130061095 -0.5106374591938635 0
outer loop
vertex 52.49411392211914 -55.67275619506836 -1
vertex 52.84063720703125 -55.089290618896484 -15.343646049499512
vertex 52.84063720703125 -55.089290618896484 -1
endloop
endfacet
facet normal 0.6286484630878741 -0.7776895973698336 0
outer loop
vertex 51.5648078918457 -56.56953811645508 -15.444121360778809
vertex 51.62800598144531 -56.51845169067383 -15.459616661071777
vertex 51.5648078918457 -56.56953811645508 -1
endloop
endfacet
facet normal -0.001104258339286876 -0.9999993903065743 0
outer loop
vertex -66.8602294921875 4.811822891235352 -1
vertex -56.19997787475586 4.800051212310791 -9.97092056274414
vertex -56.19997787475586 4.800051212310791 -1
endloop
endfacet
facet normal -0.0011042583392868758 -0.9999993903065741 0
outer loop
vertex -56.19997787475586 4.800051212310791 -9.97092056274414
vertex -66.8602294921875 4.811822891235352 -1
vertex -66.8602294921875 4.811822891235352 -9.838871955871582
endloop
endfacet
facet normal -0.9992144546238623 -0.039629202247046885 0
outer loop
vertex -72.19998168945312 10.50995922088623 -1
vertex -72.18215942382812 10.060586929321289 -9.608186721801758
vertex -72.18215942382812 10.060586929321289 -1
endloop
endfacet
facet normal 0.00008827875197781476 0.9999999961034309 0
outer loop
vertex 39.27228927612305 54.19071578979492 -2.5
vertex -39.45988845825195 54.19766616821289 -3.5
vertex 39.27228927612305 54.19071578979492 -1.100000023841858
endloop
endfacet
facet normal -0.0001367788992058175 -0.9999999906442543 0.0000017389533076616707
outer loop
vertex -44.20350646972656 -57.18409729003906 -1.5610966682434082
vertex -40.85988235473633 -57.1845588684082 -4
vertex -43.53458786010742 -57.18418884277344 -1.5949000120162964
endloop
endfacet
facet normal -0.0001379456164707725 -0.999999990485485 1.9196027347960312e-7
outer loop
vertex -42.81998825073242 -57.184288024902344 -1.6271803379058838
vertex -40.85988235473633 -57.1845588684082 -4
vertex -41.603275299072266 -57.18445587158203 -1.6608326435089111
endloop
endfacet
facet normal 0.7539204523024992 -0.6569657156960285 0
outer loop
vertex 52.49411392211914 -55.67275619506836 -15.394786834716797
vertex 52.0649528503418 -56.165252685546875 -1
vertex 52.0649528503418 -56.165252685546875 -15.385436058044434
endloop
endfacet
facet normal 0.9999999923556488 -0.0001236155053841536 -0.000002812283339540015
outer loop
vertex 72.19068908691406 -27.110198974609375 -1
vertex 72.18824768066406 -46.860198974609375 -1
vertex 72.20001983642578 48.490142822265625 -6.200407028198242
endloop
endfacet
facet normal -0.44621584342304854 -0.8949253717926751 0
outer loop
vertex -69.4522933959961 5.625216484069824 -1
vertex -68.61138153076172 5.205932140350342 -9.862823486328125
vertex -68.61138153076172 5.205932140350342 -1
endloop
endfacet
facet normal 0.00008900965940385864 0.9999996815292972 0.0007931069188473033
outer loop
vertex 39.27228927612305 54.19071578979492 -1.100000023841858
vertex -66.49007415771484 54.200050354003906 -1
vertex 41.67228698730469 54.19050216674805 -1.100000023841858
endloop
endfacet
facet normal -0.8889379143829091 -0.4580277113580327 -8.285106881570125e-7
outer loop
vertex -71.76295471191406 8.313446044921875 -1
vertex -71.33256530761719 7.478164196014404 -9.721473693847656
vertex -71.63690948486328 8.068818092346191 -1
endloop
endfacet
facet normal -0.29869465206945095 -0.9543487333384881 5.76892186007649e-7
outer loop
vertex -67.83528137207031 4.9630208015441895 -9.947307586669922
vertex -67.78983306884766 4.948796272277832 -9.941014289855957
vertex -68.61138153076172 5.205932140350342 -1
endloop
endfacet
facet normal 0.9401306947550133 -0.3408141381742488 0
outer loop
vertex 52.84063720703125 -55.089290618896484 -1
vertex 53.258522033691406 -53.936561584472656 -15.387506484985352
vertex 53.258522033691406 -53.936561584472656 -1
endloop
endfacet
facet normal -0.00013762561278949262 -0.9999999905295953 0
outer loop
vertex 44.9722900390625 -57.1964111328125 -1
vertex 44.9722900390625 -57.1964111328125 -1.5079988241195679
vertex 49.628902435302734 -57.197052001953125 -1
endloop
endfacet
facet normal 0.805084349696137 0.5931603407800865 0
outer loop
vertex 71.33261108398438 51.52193832397461 -1
vertex 70.82199096679688 52.21499252319336 -5.985230445861816
vertex 70.82199096679688 52.21499252319336 -1
endloop
endfacet
facet normal 0.14576911234296933 0.9893186371876064 0
outer loop
vertex 67.78987884521484 54.051307678222656 -1
vertex 66.86027526855469 54.18827819824219 -5.757265090942383
vertex 66.86027526855469 54.18827819824219 -1
endloop
endfacet
facet normal -0.34890516025021395 -0.9371580385136611 0
outer loop
vertex -51.08932113647461 -56.8405647277832 -15.46101188659668
vertex -50.48662567138672 -57.06494903564453 -15.42872428894043
vertex -51.08932113647461 -56.8405647277832 -1
endloop
endfacet
facet normal -0.0003541112806844259 -0.9999999259953318 -0.00015038128701576635
outer loop
vertex -25.46063804626465 -57.186683654785156 -11.010660171508789
vertex -25.785797119140625 -57.186641693115234 -10.524024963378906
vertex -49.876495361328125 -57.177364349365234 -15.488439559936523
endloop
endfacet
facet normal -0.00013816970803976421 -0.9999999904535385 0.0000014334812015746399
outer loop
vertex 39.32692337036133 -57.19562911987305 -1.6596240997314453
vertex -10.899977684020996 -57.18869400024414 -4.949999809265137
vertex 40.072288513183594 -57.19573211669922 -1.6665589809417725
endloop
endfacet
facet normal 3.0739734768932867e-7 0.08889366248815017 -0.9960411220272727
outer loop
vertex -51.44089126586914 -55.106964111328125 -16.456993103027344
vertex -49.71056365966797 -55.933815002441406 -16.530786514282227
vertex -50.65432357788086 -55.67401885986328 -16.507600784301758
endloop
endfacet
facet normal 5.478027037495216e-7 0.08889432081083638 -0.9960410632736384
outer loop
vertex -68.9324951171875 6.742067337036133 -10.937113761901855
vertex -70.06192779541016 7.698530673980713 -10.851752281188965
vertex -71.0637435913086 49.86256790161133 -7.088711738586426
endloop
endfacet
facet normal -4.104322107290672e-7 0.0888942738239446 -0.9960410674671728
outer loop
vertex -67.58894348144531 6.195403099060059 -10.985902786254883
vertex -68.9324951171875 6.742067337036133 -10.937113761901855
vertex -71.0637435913086 49.86256790161133 -7.088711738586426
endloop
endfacet
facet normal 5.094725560225593e-8 0.08889431024794732 -0.9960410642165005
outer loop
vertex -56.08014678955078 6.0259318351745605 -11.00102710723877
vertex -67.58894348144531 6.195403099060059 -10.985902786254883
vertex -71.0637435913086 49.86256790161133 -7.088711738586426
endloop
endfacet
facet normal -3.2642140013296255e-7 0.08889430381366896 -0.9960410647906925
outer loop
vertex -70.83843231201172 8.959689140319824 -10.73919677734375
vertex -71.19365692138672 10.440150260925293 -10.60706901550293
vertex -71.0637435913086 49.86256790161133 -7.088711738586426
endloop
endfacet
facet normal -6.64216546526359e-8 0.0888942770265098 -0.9960410671814339
outer loop
vertex -54.28648376464844 5.477812767028809 -11.049945831298828
vertex -54.80309295654297 5.752851963043213 -11.025399208068848
vertex -71.0637435913086 49.86256790161133 -7.088711738586426
endloop
endfacet
facet normal 1.17376490989143e-7 0.08889433728288133 -0.9960410618036907
outer loop
vertex -55.12236785888672 5.8493194580078125 -11.016789436340332
vertex -55.29831314086914 5.9024810791015625 -11.012044906616211
vertex -71.0637435913086 49.86256790161133 -7.088711738586426
endloop
endfacet
facet normal -0.0000040844967821000244 0.0888928537746078 -0.9960411941938563
outer loop
vertex -55.376495361328125 5.923480987548828 -11.010170936584473
vertex -55.540287017822266 5.972970485687256 -11.005753517150879
vertex -71.0637435913086 49.86256790161133 -7.088711738586426
endloop
endfacet
facet normal 0.00000312748829691808 0.08889540826990411 -0.9960409662151181
outer loop
vertex -55.376495361328125 5.923480987548828 -11.010170936584473
vertex -71.0637435913086 49.86256790161133 -7.088711738586426
vertex -55.29831314086914 5.9024810791015625 -11.012044906616211
endloop
endfacet
facet normal -9.715350593874085e-7 0.08889394600119674 -0.9960410967241223
outer loop
vertex -54.80309295654297 5.752851963043213 -11.025399208068848
vertex -55.12236785888672 5.8493194580078125 -11.016789436340332
vertex -71.0637435913086 49.86256790161133 -7.088711738586426
endloop
endfacet
facet normal 1.9057226683588625e-8 0.08889430908185979 -0.9960410643205724
outer loop
vertex 50.14175033569336 -55.85095977783203 -16.523391723632812
vertex -54.28648376464844 5.477812767028809 -11.049945831298828
vertex -71.0637435913086 49.86256790161133 -7.088711738586426
endloop
endfacet
facet normal -3.416526514040796e-8 0.08889425547194332 -0.9960410691051286
outer loop
vertex 68.30152893066406 -50.57777786254883 -16.05277442932129
vertex -70.51810455322266 51.20359420776367 -6.969028472900391
vertex -69.5612564086914 52.33348083496094 -6.868188858032227
endloop
endfacet
facet normal 2.0455050108863476e-8 0.08889432806462658 -0.996041062626405
outer loop
vertex 68.30152893066406 -50.57777786254883 -16.05277442932129
vertex -69.5612564086914 52.33348083496094 -6.868188858032227
vertex -68.30148315429688 53.109134674072266 -6.79896354675293
endloop
endfacet
facet normal 1.1858630839520198e-7 0.08889445632667832 -0.9960410511793026
outer loop
vertex 68.30152893066406 -50.57777786254883 -16.05277442932129
vertex -68.30148315429688 53.109134674072266 -6.79896354675293
vertex -66.82257843017578 53.4639778137207 -6.767294406890869
endloop
endfacet
facet normal 1.0033732492498686e-9 0.08889430482273183 -0.9960410647006896
outer loop
vertex 68.30152893066406 -50.57777786254883 -16.05277442932129
vertex -66.82257843017578 53.4639778137207 -6.767294406890869
vertex -41.01545333862305 53.36628341674805 -6.776013374328613
endloop
endfacet
facet normal 0.0000011956222766459174 0.08889555126387755 -0.9960409534572672
outer loop
vertex -40.84256362915039 53.27387237548828 -6.7842607498168945
vertex 68.30152893066406 -50.57777786254883 -16.05277442932129
vertex -41.01545333862305 53.36628341674805 -6.776013374328613
endloop
endfacet
facet normal -0.0000020248550792816783 0.08889219341147694 -0.9960412531348269
outer loop
vertex 68.30152893066406 -50.57777786254883 -16.05277442932129
vertex -40.84256362915039 53.27387237548828 -6.7842607498168945
vertex -40.654972076416016 53.21696853637695 -6.789339542388916
endloop
endfacet
facet normal 8.754062696583007e-7 0.08889521384612335 -0.9960409835717029
outer loop
vertex 68.30152893066406 -50.57777786254883 -16.05277442932129
vertex -40.654972076416016 53.21696853637695 -6.789339542388916
vertex -40.45988082885742 53.19775390625 -6.7910542488098145
endloop
endfacet
facet normal -7.115925062471161e-7 0.08889356374357887 -0.9960411308397159
outer loop
vertex -40.45988082885742 53.19775390625 -6.7910542488098145
vertex -40.26478958129883 53.21696853637695 -6.789339542388916
vertex 68.30152893066406 -50.57777786254883 -16.05277442932129
endloop
endfacet
facet normal 1.1475334399364974e-7 0.08889448551175688 -0.9960410485745991
outer loop
vertex -52.3325309753418 2.8971314430236816 -11.280264854431152
vertex 50.14175033569336 -55.85095977783203 -16.523391723632812
vertex -18.708635330200195 -21.038009643554688 -13.416419982910156
endloop
endfacet
facet normal -0.000002094527096854879 0.08889071754379507 -0.9960413848481208
outer loop
vertex 50.14175033569336 -55.85095977783203 -16.523391723632812
vertex -53.18336486816406 4.508449077606201 -11.136459350585938
vertex -53.2733154296875 4.5819783210754395 -11.129897117614746
endloop
endfacet
facet normal 0.000002335994932759738 0.08889823930398631 -0.9960407135469886
outer loop
vertex 50.14175033569336 -55.85095977783203 -16.523391723632812
vertex -53.2733154296875 4.5819783210754395 -11.129897117614746
vertex -53.92362594604492 5.181201934814453 -11.076416969299316
endloop
endfacet
facet normal -0.000001210796177298139 0.08889221838798182 -0.9960412509071084
outer loop
vertex 50.14175033569336 -55.85095977783203 -16.523391723632812
vertex -52.81175231933594 4.057431697845459 -11.176711082458496
vertex -53.18336486816406 4.508449077606201 -11.136459350585938
endloop
endfacet
facet normal -0.000004675850389794151 0.08888637794565127 -0.9960417721129166
outer loop
vertex -54.28648376464844 5.477812767028809 -11.049945831298828
vertex 50.14175033569336 -55.85095977783203 -16.523391723632812
vertex -53.92362594604492 5.181201934814453 -11.076416969299316
endloop
endfacet
facet normal -8.696793769463992e-7 0.08889311351654774 -0.9960411710208458
outer loop
vertex -18.708635330200195 -21.038009643554688 -13.416419982910156
vertex -18.899978637695312 -20.999948501586914 -13.413022994995117
vertex -52.3325309753418 2.8971314430236816 -11.280264854431152
endloop
endfacet
facet normal 0.000004653744328171514 0.08890226740002899 -0.9960403540165812
outer loop
vertex 50.14175033569336 -55.85095977783203 -16.523391723632812
vertex -52.499900817871094 3.45285964012146 -11.230668067932129
vertex -52.535621643066406 3.542869806289673 -11.222634315490723
endloop
endfacet
facet normal 0.0000022400305463842376 0.08889812281630347 -0.9960407239439156
outer loop
vertex 50.14175033569336 -55.85095977783203 -16.523391723632812
vertex -52.46685028076172 3.3654534816741943 -11.238469123840332
vertex -52.499900817871094 3.45285964012146 -11.230668067932129
endloop
endfacet
facet normal -3.0296569802958345e-7 0.08889376618064579 -0.9960411127730265
outer loop
vertex 50.14175033569336 -55.85095977783203 -16.523391723632812
vertex -52.535621643066406 3.542869806289673 -11.222634315490723
vertex -52.81175231933594 4.057431697845459 -11.176711082458496
endloop
endfacet
facet normal -0.000001303322391230296 0.08889203150875975 -0.9960412675851071
outer loop
vertex -52.46685028076172 3.3654534816741943 -11.238469123840332
vertex 50.14175033569336 -55.85095977783203 -16.523391723632812
vertex -52.3325309753418 2.8971314430236816 -11.280264854431152
endloop
endfacet
facet normal 7.860264965818124e-7 0.08889430945746761 -0.9960410642867402
outer loop
vertex 69.5613021850586 -49.8021240234375 -15.983548164367676
vertex 68.30152893066406 -50.57777786254883 -16.05277442932129
vertex 67.59537506103516 53.33335494995117 -6.778952121734619
endloop
endfacet
facet normal -7.895187228076427e-8 0.08889429309991453 -0.99604106574692
outer loop
vertex 70.51815032958984 -48.672237396240234 -15.882708549499512
vertex 69.5613021850586 -49.8021240234375 -15.983548164367676
vertex 67.59537506103516 53.33335494995117 -6.778952121734619
endloop
endfacet
facet normal -7.661583790122392e-7 0.08889427356489871 -0.9960410674900819
outer loop
vertex 71.06341552734375 -47.33212661743164 -15.763107299804688
vertex 70.51815032958984 -48.672237396240234 -15.882708549499512
vertex 67.59537506103516 53.33335494995117 -6.778952121734619
endloop
endfacet
facet normal 1.6342125231111162e-9 0.08889423751997563 -0.9960410707072987
outer loop
vertex -18.708635330200195 -35.96188735961914 -14.748340606689453
vertex 50.14175033569336 -55.85095977783203 -16.523391723632812
vertex -49.71056365966797 -55.933815002441406 -16.530786514282227
endloop
endfacet
facet normal 1.6893515497606731e-9 0.08889430392031736 -0.996041064781228
outer loop
vertex 68.30152893066406 -50.57777786254883 -16.05277442932129
vertex -40.26478958129883 53.21696853637695 -6.789339542388916
vertex 40.277198791503906 53.20982360839844 -6.789977073669434
endloop
endfacet
facet normal 8.064759684991009e-7 0.08889451950849234 -0.9960410455401444
outer loop
vertex 40.277198791503906 53.20982360839844 -6.789977073669434
vertex 40.4722900390625 53.190608978271484 -6.791691780090332
vertex 68.30152893066406 -50.57777786254883 -16.05277442932129
endloop
endfacet
facet normal -3.5054819136750994e-7 0.08889477988397604 -0.9960410223024233
outer loop
vertex -49.71056365966797 -55.933815002441406 -16.530786514282227
vertex -18.899978637695312 -35.99995040893555 -14.751737594604492
vertex -18.708635330200195 -35.96188735961914 -14.748340606689453
endloop
endfacet
facet normal 0 0.08889424234414656 -0.9960410702767534
outer loop
vertex -49.71056365966797 -55.933815002441406 -16.530786514282227
vertex -37.89997863769531 -35.99995040893555 -14.751737594604492
vertex -18.899978637695312 -35.99995040893555 -14.751737594604492
endloop
endfacet
facet normal 0.0000029730969169685095 0.0888961020041863 -0.9960409043004318
outer loop
vertex -52.3325309753418 2.8971314430236816 -11.280264854431152
vertex -37.89997863769531 -20.999948501586914 -13.413022994995117
vertex -52.27553176879883 2.3207006454467773 -11.331710815429688
endloop
endfacet
facet normal -7.649827946398334e-7 0.08889410139542855 -0.9960410828557796
outer loop
vertex 40.4722900390625 53.190608978271484 -6.791691780090332
vertex 40.66737747192383 53.20982360839844 -6.789977073669434
vertex 68.30152893066406 -50.57777786254883 -16.05277442932129
endloop
endfacet
facet normal -3.959895423535432e-7 0.08889419886603339 -0.9960410741569894
outer loop
vertex 40.66737747192383 53.20982360839844 -6.789977073669434
vertex 40.85497283935547 53.26673126220703 -6.784898281097412
vertex 68.30152893066406 -50.57777786254883 -16.05277442932129
endloop
endfacet
facet normal 2.353397045697073e-7 0.08889436441052327 -0.9960410593825907
outer loop
vertex 40.85497283935547 53.26673126220703 -6.784898281097412
vertex 41.02790069580078 53.35917282104492 -6.776648044586182
vertex 68.30152893066406 -50.57777786254883 -16.05277442932129
endloop
endfacet
facet normal 3.998505947142013e-9 0.0888943041850259 -0.9960410647576033
outer loop
vertex 67.59537506103516 53.33335494995117 -6.778952121734619
vertex 68.30152893066406 -50.57777786254883 -16.05277442932129
vertex 41.02790069580078 53.35917282104492 -6.776648044586182
endloop
endfacet
facet normal 9.470036215033609e-9 0.0888943000750501 -0.9960410651244088
outer loop
vertex 71.06341552734375 -47.33212661743164 -15.763107299804688
vertex 67.59537506103516 53.33335494995117 -6.778952121734619
vertex 71.19392395019531 49.090267181396484 -7.157637596130371
endloop
endfacet
facet normal 2.486736078827597e-9 0.08889451469121731 -0.9960410459704022
outer loop
vertex 40.089603424072266 53.26673126220703 -6.784898281097412
vertex -39.81724548339844 53.43773651123047 -6.769636631011963
vertex 39.91535949707031 53.360252380371094 -6.776551723480225
endloop
endfacet
facet normal -6.30130761196308e-8 0.08889421643732405 -0.9960410725888719
outer loop
vertex -71.0637435913086 49.86256790161133 -7.088711738586426
vertex -70.51810455322266 51.20359420776367 -6.969028472900391
vertex 68.30152893066406 -50.57777786254883 -16.05277442932129
endloop
endfacet
facet normal -3.1759114746762466e-9 0.08889289341993122 -0.9960411906640371
outer loop
vertex 40.277198791503906 53.20982360839844 -6.789977073669434
vertex -39.90431213378906 53.36628341674805 -6.776013374328613
vertex 40.089603424072266 53.26673126220703 -6.784898281097412
endloop
endfacet
facet normal 0 0.08889432060304091 -0.9960410632923342
outer loop
vertex -37.89997863769531 -20.999948501586914 -13.413022994995117
vertex -52.3325309753418 2.8971314430236816 -11.280264854431152
vertex -18.899978637695312 -20.999948501586914 -13.413022994995117
endloop
endfacet
facet normal 5.656844290580874e-7 0.08889462972974259 -0.9960410357032946
outer loop
vertex -37.89997863769531 -20.999948501586914 -13.413022994995117
vertex -38.0913200378418 -21.038009643554688 -13.416419982910156
vertex -52.27553176879883 2.3207006454467773 -11.331710815429688
endloop
endfacet
facet normal 3.5948649783687705e-8 0.08889431059791839 -0.996041064185267
outer loop
vertex -38.0913200378418 -21.038009643554688 -13.416419982910156
vertex -38.25353240966797 -21.146394729614258 -13.426093101501465
vertex -52.27553176879883 2.3207006454467773 -11.331710815429688
endloop
endfacet
facet normal -0.0000014124088013202334 0.088893452017633 -0.9960411408101545
outer loop
vertex -38.25353240966797 -21.146394729614258 -13.426093101501465
vertex -38.36191940307617 -21.30860710144043 -13.440569877624512
vertex -52.27553176879883 2.3207006454467773 -11.331710815429688
endloop
endfacet
facet normal -0.0000017768878154806495 0.08889323909782769 -0.9960411598119522
outer loop
vertex -38.36191940307617 -21.30860710144043 -13.440569877624512
vertex -38.39997863769531 -21.499948501586914 -13.457646369934082
vertex -52.27553176879883 2.3207006454467773 -11.331710815429688
endloop
endfacet
facet normal 4.2477569247360596e-8 0.08889429050566022 -0.9960410659784533
outer loop
vertex -38.39997863769531 -21.499948501586914 -13.457646369934082
vertex -52.19580841064453 -53.44805145263672 -16.30893898010254
vertex -52.27553176879883 2.3207006454467773 -11.331710815429688
endloop
endfacet
facet normal 5.047393091323367e-7 0.08889446413078915 -0.9960410504826823
outer loop
vertex -55.540287017822266 5.972970485687256 -11.005753517150879
vertex -56.08014678955078 6.0259318351745605 -11.00102710723877
vertex -71.0637435913086 49.86256790161133 -7.088711738586426
endloop
endfacet
facet normal -6.377156474200919e-7 0.0888940263074012 -0.9960410895572795
outer loop
vertex 71.19392395019531 49.090267181396484 -7.157637596130371
vertex 70.06197357177734 51.83282470703125 -6.91287088394165
vertex 70.8384780883789 50.5716667175293 -7.025426387786865
endloop
endfacet
facet normal 5.557590812002753e-7 0.08889451500405375 -0.9960410459423272
outer loop
vertex 70.06197357177734 51.83282470703125 -6.91287088394165
vertex 71.19392395019531 49.090267181396484 -7.157637596130371
vertex 68.93254089355469 52.78929138183594 -6.827508926391602
endloop
endfacet
facet normal -4.861166099444462e-7 0.0888938830909503 -0.9960411023390432
outer loop
vertex 71.19392395019531 49.090267181396484 -7.157637596130371
vertex 67.59537506103516 53.33335494995117 -6.778952121734619
vertex 68.93254089355469 52.78929138183594 -6.827508926391602
endloop
endfacet
facet normal 2.5535676808178954e-8 0.08889429776369696 -0.9960410653306914
outer loop
vertex -38.39997863769531 -35.49995040893555 -14.707113265991211
vertex -52.19580841064453 -53.44805145263672 -16.30893898010254
vertex -38.39997863769531 -21.499948501586914 -13.457646369934082
endloop
endfacet
facet normal 6.449722769890679e-7 0.08889376965067494 -0.9960411124631737
outer loop
vertex -38.0913200378418 -35.96188735961914 -14.748340606689453
vertex -52.19580841064453 -53.44805145263672 -16.30893898010254
vertex -38.25353240966797 -35.85350036621094 -14.738667488098145
endloop
endfacet
facet normal -1.799046967883141e-8 0.08888932702314381 -0.9960415089449697
outer loop
vertex -66.82257843017578 53.4639778137207 -6.767294406890869
vertex -41.104042053222656 53.438987731933594 -6.769525051116943
vertex -41.01545333862305 53.36628341674805 -6.776013374328613
endloop
endfacet
facet normal -1.2704242997704713e-7 0.08889430490326244 -0.9960410646934943
outer loop
vertex -71.0637435913086 49.86256790161133 -7.088711738586426
vertex -70.06192779541016 7.698530673980713 -10.851752281188965
vertex -70.83843231201172 8.959689140319824 -10.73919677734375
endloop
endfacet
facet normal 2.1670602965284734e-7 0.08889411236413287 -0.9960410818771211
outer loop
vertex -37.89997863769531 -35.99995040893555 -14.751737594604492
vertex -52.19580841064453 -53.44805145263672 -16.30893898010254
vertex -38.0913200378418 -35.96188735961914 -14.748340606689453
endloop
endfacet
facet normal 0.0000014591487766631671 0.08889605367986499 -0.9960409086167181
outer loop
vertex -49.71056365966797 -55.933815002441406 -16.530786514282227
vertex -51.44089126586914 -55.106964111328125 -16.456993103027344
vertex -51.978736877441406 -54.299537658691406 -16.384931564331055
endloop
endfacet
facet normal 0.0000014884496525270717 0.08889318217871917 -0.9960411648922576
outer loop
vertex -38.36191940307617 -35.69129180908203 -14.724189758300781
vertex -52.19580841064453 -53.44805145263672 -16.30893898010254
vertex -38.39997863769531 -35.49995040893555 -14.707113265991211
endloop
endfacet
facet normal -0.000004225303631848614 0.08889759845699194 -0.9960407707371853
outer loop
vertex -52.19580841064453 -53.44805145263672 -16.30893898010254
vertex -38.36191940307617 -35.69129180908203 -14.724189758300781
vertex -38.25353240966797 -35.85350036621094 -14.738667488098145
endloop
endfacet
facet normal 2.051585743612649e-7 0.08889412175059637 -0.9960410810394057
outer loop
vertex -52.19580841064453 -53.44805145263672 -16.30893898010254
vertex -37.89997863769531 -35.99995040893555 -14.751737594604492
vertex -49.71056365966797 -55.933815002441406 -16.530786514282227
endloop
endfacet
facet normal -3.2806477027537754e-7 0.08889359285125402 -0.9960411282421464
outer loop
vertex -49.71056365966797 -55.933815002441406 -16.530786514282227
vertex -51.978736877441406 -54.299537658691406 -16.384931564331055
vertex -52.19580841064453 -53.44805145263672 -16.30893898010254
endloop
endfacet
facet normal 2.0921858970577727e-9 0.08889880903779243 -0.996040662699903
outer loop
vertex 40.277198791503906 53.20982360839844 -6.789977073669434
vertex -40.26478958129883 53.21696853637695 -6.789339542388916
vertex -40.07719802856445 53.27387237548828 -6.7842607498168945
endloop
endfacet
facet normal -2.3047187706923357e-9 0.08889333635513386 -0.9960411511336532
outer loop
vertex 40.277198791503906 53.20982360839844 -6.789977073669434
vertex -40.07719802856445 53.27387237548828 -6.7842607498168945
vertex -39.90431213378906 53.36628341674805 -6.776013374328613
endloop
endfacet
facet normal -6.185011214895554e-9 0.08889049460125996 -0.9960414047465815
outer loop
vertex -39.90431213378906 53.36628341674805 -6.776013374328613
vertex -39.81724548339844 53.43773651123047 -6.769636631011963
vertex 40.089603424072266 53.26673126220703 -6.784898281097412
endloop
endfacet
facet normal -2.886483514693603e-7 0.0888932405838978 -0.9960411596808688
outer loop
vertex 50.14175033569336 -55.85095977783203 -16.523391723632812
vertex -18.708635330200195 -35.96188735961914 -14.748340606689453
vertex -18.546424865722656 -35.85350036621094 -14.738667488098145
endloop
endfacet
facet normal 0.0000015170335649301504 0.0888993938090859 -0.9960406105064571
outer loop
vertex 50.14175033569336 -55.85095977783203 -16.523391723632812
vertex -18.546424865722656 -35.85350036621094 -14.738667488098145
vertex -18.438037872314453 -35.69129180908203 -14.724189758300781
endloop
endfacet
facet normal -3.878314149472331e-7 0.08889296498752419 -0.9960411842768232
outer loop
vertex 50.14175033569336 -55.85095977783203 -16.523391723632812
vertex -18.438037872314453 -35.69129180908203 -14.724189758300781
vertex -18.399978637695312 -35.49995040893555 -14.707113265991211
endloop
endfacet
facet normal 1.1040631107025161e-8 0.08889429776369699 -0.9960410653306916
outer loop
vertex 50.14175033569336 -55.85095977783203 -16.523391723632812
vertex -18.399978637695312 -35.49995040893555 -14.707113265991211
vertex -18.399978637695312 -21.499948501586914 -13.457646369934082
endloop
endfacet
facet normal -7.784927072399461e-7 0.08889273483009485 -0.9960412048172608
outer loop
vertex 50.14175033569336 -55.85095977783203 -16.523391723632812
vertex -18.399978637695312 -21.499948501586914 -13.457646369934082
vertex -18.438037872314453 -21.30860710144043 -13.440569877624512
endloop
endfacet
facet normal -0.0000013410604014032904 0.08889162674373982 -0.9960413037083619
outer loop
vertex 50.14175033569336 -55.85095977783203 -16.523391723632812
vertex -18.438037872314453 -21.30860710144043 -13.440569877624512
vertex -18.546424865722656 -21.146394729614258 -13.426093101501465
endloop
endfacet
facet normal 2.1709158133758166e-7 0.08889468630909766 -0.9960410306538381
outer loop
vertex -18.546424865722656 -21.146394729614258 -13.426093101501465
vertex -18.708635330200195 -21.038009643554688 -13.416419982910156
vertex 50.14175033569336 -55.85095977783203 -16.523391723632812
endloop
endfacet
facet normal -3.773541085078191e-7 0.08889385816932566 -0.9960411045632752
outer loop
vertex 50.14175033569336 -55.85095977783203 -16.523391723632812
vertex -71.0637435913086 49.86256790161133 -7.088711738586426
vertex 51.0051155090332 -55.474090576171875 -16.489757537841797
endloop
endfacet
facet normal -0.0000010508332749612756 0.08889308387859812 -0.9960411736657517
outer loop
vertex 51.0051155090332 -55.474090576171875 -16.489757537841797
vertex -71.0637435913086 49.86256790161133 -7.088711738586426
vertex 51.688087463378906 -54.81502151489258 -16.430938720703125
endloop
endfacet
facet normal 2.4251085536224306e-7 0.08889458855421019 -0.9960410393782572
outer loop
vertex 51.688087463378906 -54.81502151489258 -16.430938720703125
vertex -71.0637435913086 49.86256790161133 -7.088711738586426
vertex 52.6331672668457 -52.994056701660156 -16.268421173095703
endloop
endfacet
facet normal 7.204588423790911e-7 0.08889515879945542 -0.9960409884846609
outer loop
vertex 52.6331672668457 -52.994056701660156 -16.268421173095703
vertex -71.0637435913086 49.86256790161133 -7.088711738586426
vertex 52.79990768432617 -52.68334197998047 -16.240690231323242
endloop
endfacet
facet normal 3.121406742391503e-7 0.08889466949554428 -0.996041032154389
outer loop
vertex 52.79990768432617 -52.68334197998047 -16.240690231323242
vertex -71.0637435913086 49.86256790161133 -7.088711738586426
vertex 53.1715202331543 -52.232322692871094 -16.200437545776367
endloop
endfacet
facet normal -8.261421917792162e-7 0.08889329530933406 -0.9960411547965098
outer loop
vertex 53.1715202331543 -52.232322692871094 -16.200437545776367
vertex -71.0637435913086 49.86256790161133 -7.088711738586426
vertex 53.62432861328125 -51.8621826171875 -16.167404174804688
endloop
endfacet
facet normal 0.0000034323246270133825 0.08889847383257493 -0.9960406926117318
outer loop
vertex 53.62432861328125 -51.8621826171875 -16.167404174804688
vertex -71.0637435913086 49.86256790161133 -7.088711738586426
vertex 53.81116485595703 -51.76271057128906 -16.158525466918945
endloop
endfacet
facet normal -7.29582177824859e-7 0.08889340018651623 -0.996041145436647
outer loop
vertex 53.81116485595703 -51.76271057128906 -16.158525466918945
vertex -71.0637435913086 49.86256790161133 -7.088711738586426
vertex 54.427555084228516 -51.412723541259766 -16.127290725708008
endloop
endfacet
facet normal -2.2618806344416497e-7 0.08889401901852857 -0.9960410902079704
outer loop
vertex 54.427555084228516 -51.412723541259766 -16.127290725708008
vertex -71.0637435913086 49.86256790161133 -7.088711738586426
vertex 54.75732421875 -51.23715591430664 -16.111621856689453
endloop
endfacet
facet normal -2.5858572736559194e-8 0.08889426636332748 -0.9960410681330992
outer loop
vertex 54.75732421875 -51.23715591430664 -16.111621856689453
vertex -71.0637435913086 49.86256790161133 -7.088711738586426
vertex 55.317874908447266 -51.067787170410156 -16.096506118774414
endloop
endfacet
facet normal 3.0313439250015166e-7 0.08889467506197503 -0.9960410316575989
outer loop
vertex 55.317874908447266 -51.067787170410156 -16.096506118774414
vertex -71.0637435913086 49.86256790161133 -7.088711738586426
vertex 55.879695892333984 -51.012672424316406 -16.09158706665039
endloop
endfacet
facet normal 6.292621828834942e-8 0.08889437516786597 -0.9960410584225484
outer loop
vertex 55.879695892333984 -51.012672424316406 -16.09158706665039
vertex -71.0637435913086 49.86256790161133 -7.088711738586426
vertex 66.8187026977539 -50.933563232421875 -16.08452606201172
endloop
endfacet
facet normal -6.893525404340856e-7 0.0888933542320713 -0.9960411495379577
outer loop
vertex 66.8187026977539 -50.933563232421875 -16.08452606201172
vertex -71.0637435913086 49.86256790161133 -7.088711738586426
vertex 68.30152893066406 -50.57777786254883 -16.05277442932129
endloop
endfacet
facet normal 0 0 1
outer loop
vertex -69.108154296875 49.197208404541016 -4.099999904632568
vertex -69.02581787109375 9.546772956848145 -4.099999904632568
vertex -68.92985534667969 49.67662048339844 -4.099999904632568
endloop
endfacet
facet normal 0 0 1
outer loop
vertex 50.10002136230469 -21.499948501586914 -4.099999904632568
vertex 69.10819244384766 -47.197105407714844 -4.099999904632568
vertex 69.19287872314453 -46.69267272949219 -4.099999904632568
endloop
endfacet
facet normal 0.7186648534065893 0.6953566196406602 0
outer loop
vertex -50.07431411743164 -53.90011978149414 -4.099999904632568
vertex -50.07431411743164 -53.90011978149414 -0.5
vertex -49.91885757446289 -54.060787200927734 -0.5
endloop
endfacet
facet normal 0.9012440953785119 0.4333117590665728 0
outer loop
vertex -50.17118835449219 -53.698631286621094 -4.099999904632568
vertex -50.17118835449219 -53.698631286621094 -0.5
vertex -50.07431411743164 -53.90011978149414 -0.5
endloop
endfacet
facet normal -0.9644900292770331 0.2641192598527942 0
outer loop
vertex 50.796024322509766 -53.574649810791016 -0.5
vertex 50.796024322509766 -53.574649810791016 -4.099999904632568
vertex 50.736976623535156 -53.79027557373047 -0.5
endloop
endfacet
facet normal -0.24818094175148173 0.968713693591325 0
outer loop
vertex 50.10002136230469 -54.199947357177734 -4.099999904632568
vertex 50.10002136230469 -54.199947357177734 -0.5
vertex 50.43661880493164 -54.113712310791016 -0.5
endloop
endfacet
facet normal 0 0 1
outer loop
vertex 50.10002136230469 -21.499948501586914 -4.099999904632568
vertex 50.10002136230469 -54.199947357177734 -4.099999904632568
vertex 50.80002212524414 -49.199947357177734 -4.099999904632568
endloop
endfacet
facet normal -0.002456445782847664 0.9999969829325066 0
outer loop
vertex 66.95980072021484 -49.16025161743164 -0.5
vertex 66.95980072021484 -49.16025161743164 -4.099999904632568
vertex 50.80002212524414 -49.199947357177734 -4.099999904632568
endloop
endfacet
facet normal -0.2628870608150256 0.9648266130533698 0
outer loop
vertex 67.45330047607422 -49.025787353515625 -0.5
vertex 67.45330047607422 -49.025787353515625 -4.099999904632568
vertex 66.95980072021484 -49.16025161743164 -4.099999904632568
endloop
endfacet
facet normal -0.44014141782829763 0.8979284672578857 0
outer loop
vertex 67.91258239746094 -48.8006591796875 -0.5
vertex 67.91258239746094 -48.8006591796875 -4.099999904632568
vertex 67.45330047607422 -49.025787353515625 -4.099999904632568
endloop
endfacet
facet normal -0.6015930133811593 0.7988027580391647 0
outer loop
vertex 68.3211669921875 -48.49294662475586 -0.5
vertex 68.3211669921875 -48.49294662475586 -4.099999904632568
vertex 67.91258239746094 -48.8006591796875 -4.099999904632568
endloop
endfacet
facet normal -0.7414635106665586 0.6709931909863334 0
outer loop
vertex 68.66437530517578 -48.11369323730469 -0.5
vertex 68.66437530517578 -48.11369323730469 -4.099999904632568
vertex 68.3211669921875 -48.49294662475586 -4.099999904632568
endloop
endfacet
facet normal -0.8547094015637821 0.5191067702106008 0
outer loop
vertex 68.92989349365234 -47.676517486572266 -0.5
vertex 68.92989349365234 -47.676517486572266 -4.099999904632568
vertex 68.66437530517578 -48.11369323730469 -4.099999904632568
endloop
endfacet
facet normal -0.9372773928934326 0.3485844069531652 0
outer loop
vertex 69.10819244384766 -47.197105407714844 -0.5
vertex 69.10819244384766 -47.197105407714844 -4.099999904632568
vertex 68.92989349365234 -47.676517486572266 -4.099999904632568
endloop
endfacet
facet normal -0.9861985182301762 0.16556715447396217 0
outer loop
vertex 69.19287872314453 -46.69267272949219 -0.5
vertex 69.19287872314453 -46.69267272949219 -4.099999904632568
vertex 69.10819244384766 -47.197105407714844 -4.099999904632568
endloop
endfacet
facet normal -0.9999995824433408 0.0009138452517528057 0
outer loop
vertex 50.80002212524414 -49.199947357177734 -0.5
vertex 50.80002212524414 -49.199947357177734 -4.099999904632568
vertex 50.796024322509766 -53.574649810791016 -4.099999904632568
endloop
endfacet
facet normal -0.9644900292770331 0.2641192598527942 0
outer loop
vertex 50.736976623535156 -53.79027557373047 -0.5
vertex 50.796024322509766 -53.574649810791016 -4.099999904632568
vertex 50.736976623535156 -53.79027557373047 -4.099999904632568
endloop
endfacet
facet normal -0.8320266678720447 0.5547356342887504 0
outer loop
vertex 50.736976623535156 -53.79027557373047 -0.5
vertex 50.736976623535156 -53.79027557373047 -4.099999904632568
vertex 50.61295700073242 -53.976287841796875 -4.099999904632568
endloop
endfacet
facet normal -0.614699901859557 0.7887610732369156 0
outer loop
vertex 50.61295700073242 -53.976287841796875 -0.5
vertex 50.61295700073242 -53.976287841796875 -4.099999904632568
vertex 50.43661880493164 -54.113712310791016 -4.099999904632568
endloop
endfacet
facet normal -0.24818094175148173 0.968713693591325 0
outer loop
vertex 50.43661880493164 -54.113712310791016 -0.5
vertex 50.43661880493164 -54.113712310791016 -4.099999904632568
vertex 50.10002136230469 -54.199947357177734 -4.099999904632568
endloop
endfacet
facet normal 0 0 1
outer loop
vertex 50.80002212524414 -49.199947357177734 -4.099999904632568
vertex 50.10002136230469 -54.199947357177734 -4.099999904632568
vertex 50.796024322509766 -53.574649810791016 -4.099999904632568
endloop
endfacet
facet normal 0 0 1
outer loop
vertex 50.796024322509766 -53.574649810791016 -4.099999904632568
vertex 50.61295700073242 -53.976287841796875 -4.099999904632568
vertex 50.736976623535156 -53.79027557373047 -4.099999904632568
endloop
endfacet
facet normal 0 0 1
outer loop
vertex 50.796024322509766 -53.574649810791016 -4.099999904632568
vertex 50.43661880493164 -54.113712310791016 -4.099999904632568
vertex 50.61295700073242 -53.976287841796875 -4.099999904632568
endloop
endfacet
facet normal 0 0 1
outer loop
vertex 50.10002136230469 -54.199947357177734 -4.099999904632568
vertex 50.43661880493164 -54.113712310791016 -4.099999904632568
vertex 50.796024322509766 -53.574649810791016 -4.099999904632568
endloop
endfacet
facet normal 0.7987964749261642 0.6016013560868474 0
outer loop
vertex -68.49297332763672 8.678908348083496 -0.5
vertex -68.49297332763672 8.678908348083496 -4.099999904632568
vertex -68.80068969726562 9.087489128112793 -4.099999904632568
endloop
endfacet
facet normal 0.519107547406663 0.8547089295341656 0
outer loop
vertex -67.67654418945312 8.07017707824707 -0.5
vertex -67.67654418945312 8.07017707824707 -4.099999904632568
vertex -68.11372375488281 8.335698127746582 -4.099999904632568
endloop
endfacet
facet normal 0.6709989515241014 0.7414582975822421 0
outer loop
vertex -68.11372375488281 8.335698127746582 -0.5
vertex -68.11372375488281 8.335698127746582 -4.099999904632568
vertex -68.49297332763672 8.678908348083496 -4.099999904632568
endloop
endfacet
facet normal 0.8979291896529449 0.4401399440737068 0
outer loop
vertex -68.80068969726562 9.087489128112793 -0.5
vertex -68.80068969726562 9.087489128112793 -4.099999904632568
vertex -69.02581787109375 9.546772956848145 -4.099999904632568
endloop
endfacet
facet normal 0 0 1
outer loop
vertex -49.720672607421875 -54.164249420166016 -4.099999904632568
vertex -48.89997863769531 -54.199947357177734 -4.099999904632568
vertex -48.89997863769531 -21.499948501586914 -4.099999904632568
endloop
endfacet
facet normal 0 0 1
outer loop
vertex -50.17118835449219 -53.698631286621094 -4.099999904632568
vertex -49.720672607421875 -54.164249420166016 -4.099999904632568
vertex -50.19997787475586 7.800051212310791 -4.099999904632568
endloop
endfacet
facet normal 0.9999998904260884 0.00046813225811124566 0
outer loop
vertex -50.17118835449219 -53.698631286621094 -0.5
vertex -50.17118835449219 -53.698631286621094 -4.099999904632568
vertex -50.19997787475586 7.800051212310791 -4.099999904632568
endloop
endfacet
facet normal 0.9648288912244055 0.26287869951497445 0
outer loop
vertex -69.1602783203125 10.040275573730469 -0.5
vertex -69.02581787109375 9.546772956848145 -4.099999904632568
vertex -69.1602783203125 10.040275573730469 -4.099999904632568
endloop
endfacet
facet normal 0.9962922397277677 0.08603355774480186 0
outer loop
vertex -69.1602783203125 10.040275573730469 -0.5
vertex -69.1602783203125 10.040275573730469 -4.099999904632568
vertex -69.19998168945312 10.500051498413086 -4.099999904632568
endloop
endfacet
facet normal 0.16555446074099325 0.9862006492234524 0
outer loop
vertex -66.69270324707031 7.8071980476379395 -0.5
vertex -66.69270324707031 7.8071980476379395 -4.099999904632568
vertex -67.19713592529297 7.8918776512146 -4.099999904632568
endloop
endfacet
facet normal 0.3485876626004578 0.9372761820737521 0
outer loop
vertex -67.19713592529297 7.8918776512146 -0.5
vertex -67.19713592529297 7.8918776512146 -4.099999904632568
vertex -67.67654418945312 8.07017707824707 -4.099999904632568
endloop
endfacet
facet normal 0 0 1
outer loop
vertex -49.720672607421875 -54.164249420166016 -4.099999904632568
vertex -48.89997863769531 -21.499948501586914 -4.099999904632568
vertex -50.19997787475586 7.800051212310791 -4.099999904632568
endloop
endfacet
facet normal -0.002456445782847664 0.9999969829325066 0
outer loop
vertex 66.95980072021484 -49.16025161743164 -0.5
vertex 50.80002212524414 -49.199947357177734 -4.099999904632568
vertex 50.80002212524414 -49.199947357177734 -0.5
endloop
endfacet
facet normal 0.0004333325447921099 0.9999999061114484 0
outer loop
vertex -50.19997787475586 7.800051212310791 -0.5
vertex -50.19997787475586 7.800051212310791 -4.099999904632568
vertex -66.69270324707031 7.8071980476379395 -4.099999904632568
endloop
endfacet
facet normal 0.9999999824826645 -0.00018717550777200498 0
outer loop
vertex -69.19998168945312 10.500051498413086 -4.099999904632568
vertex -69.19283294677734 48.69277572631836 -4.099999904632568
vertex -69.19998168945312 10.500051498413086 -0.5
endloop
endfacet
facet normal 0 0 1
outer loop
vertex -69.19998168945312 10.500051498413086 -4.099999904632568
vertex -69.1602783203125 10.040275573730469 -4.099999904632568
vertex -69.19283294677734 48.69277572631836 -4.099999904632568
endloop
endfacet
facet normal 0 0 1
outer loop
vertex -68.49297332763672 8.678908348083496 -4.099999904632568
vertex -68.11372375488281 8.335698127746582 -4.099999904632568
vertex -67.91254425048828 50.80076217651367 -4.099999904632568
endloop
endfacet
facet normal -0.5191034612209339 -0.8547114112660754 0
outer loop
vertex 68.11376953125 50.664405822753906 -4.099999904632568
vertex 68.11376953125 50.664405822753906 -0.5
vertex 67.67658996582031 50.92992401123047 -0.5
endloop
endfacet
facet normal -0.6710010015697954 -0.7414564423432651 0
outer loop
vertex 68.4930191040039 50.32119369506836 -4.099999904632568
vertex 68.4930191040039 50.32119369506836 -0.5
vertex 68.11376953125 50.664405822753906 -0.5
endloop
endfacet
facet normal -0.7987964749261642 -0.6016013560868474 0
outer loop
vertex 68.80073547363281 49.91261291503906 -4.099999904632568
vertex 68.80073547363281 49.91261291503906 -0.5
vertex 68.4930191040039 50.32119369506836 -0.5
endloop
endfacet
facet normal 0.2628870608150256 -0.9648266130533698 0
outer loop
vertex -67.45325469970703 51.0258903503418 -0.5
vertex -67.45325469970703 51.0258903503418 -4.099999904632568
vertex -66.95975494384766 51.16035461425781 -0.5
endloop
endfacet
facet normal 0.4401355228620362 -0.8979313567945838 0
outer loop
vertex -67.45325469970703 51.0258903503418 -4.099999904632568
vertex -67.45325469970703 51.0258903503418 -0.5
vertex -67.91254425048828 50.80076217651367 -0.5
endloop
endfacet
facet normal -0.8979284672578857 -0.44014141782829763 0
outer loop
vertex 69.02586364746094 49.453330993652344 -4.099999904632568
vertex 69.02586364746094 49.453330993652344 -0.5
vertex 68.80073547363281 49.91261291503906 -0.5
endloop
endfacet
facet normal -0.9648290200702896 -0.26287822661872295 0
outer loop
vertex 69.16032409667969 48.9598274230957 -4.099999904632568
vertex 69.16032409667969 48.9598274230957 -0.5
vertex 69.02586364746094 49.453330993652344 -0.5
endloop
endfacet
facet normal -0.34859339536197814 -0.9372740499501774 0
outer loop
vertex 67.67658996582031 50.92992401123047 -4.099999904632568
vertex 67.67658996582031 50.92992401123047 -0.5
vertex 67.19718170166016 51.10822677612305 -0.5
endloop
endfacet
facet normal -0.1655502120715564 -0.986201362442307 0
outer loop
vertex 67.19718170166016 51.10822677612305 -4.099999904632568
vertex 67.19718170166016 51.10822677612305 -0.5
vertex 66.69274139404297 51.19290542602539 -0.5
endloop
endfacet
facet normal 0 0 1
outer loop
vertex -68.92985534667969 49.67662048339844 -4.099999904632568
vertex -68.80068969726562 9.087489128112793 -4.099999904632568
vertex -68.6643295288086 50.11379623413086 -4.099999904632568
endloop
endfacet
facet normal -0.8979284672578857 -0.44014141782829763 0
outer loop
vertex 68.80073547363281 49.91261291503906 -0.5
vertex 68.80073547363281 49.91261291503906 -4.099999904632568
vertex 69.02586364746094 49.453330993652344 -4.099999904632568
endloop
endfacet
facet normal -0.5191034612209339 -0.8547114112660754 0
outer loop
vertex 67.67658996582031 50.92992401123047 -0.5
vertex 67.67658996582031 50.92992401123047 -4.099999904632568
vertex 68.11376953125 50.664405822753906 -4.099999904632568
endloop
endfacet
facet normal -0.7987964749261642 -0.6016013560868474 0
outer loop
vertex 68.4930191040039 50.32119369506836 -0.5
vertex 68.4930191040039 50.32119369506836 -4.099999904632568
vertex 68.80073547363281 49.91261291503906 -4.099999904632568
endloop
endfacet
facet normal -0.6710010015697954 -0.7414564423432651 0
outer loop
vertex 68.11376953125 50.664405822753906 -0.5
vertex 68.11376953125 50.664405822753906 -4.099999904632568
vertex 68.4930191040039 50.32119369506836 -4.099999904632568
endloop
endfacet
facet normal -0.9648290200702896 -0.26287822661872295 0
outer loop
vertex 69.02586364746094 49.453330993652344 -0.5
vertex 69.02586364746094 49.453330993652344 -4.099999904632568
vertex 69.16032409667969 48.9598274230957 -4.099999904632568
endloop
endfacet
facet normal -0.9962936872248851 -0.08601679368497074 0
outer loop
vertex 69.16032409667969 48.9598274230957 -0.5
vertex 69.16032409667969 48.9598274230957 -4.099999904632568
vertex 69.20001983642578 48.50004959106445 -4.099999904632568
endloop
endfacet
facet normal -0.34859339536197814 -0.9372740499501774 0
outer loop
vertex 67.19718170166016 51.10822677612305 -0.5
vertex 67.19718170166016 51.10822677612305 -4.099999904632568
vertex 67.67658996582031 50.92992401123047 -4.099999904632568
endloop
endfacet
facet normal 0.6709989515241014 0.7414582975822421 0
outer loop
vertex -68.49297332763672 8.678908348083496 -4.099999904632568
vertex -68.49297332763672 8.678908348083496 -0.5
vertex -68.11372375488281 8.335698127746582 -0.5
endloop
endfacet
facet normal -0.1655502120715564 -0.986201362442307 0
outer loop
vertex 66.69274139404297 51.19290542602539 -0.5
vertex 66.69274139404297 51.19290542602539 -4.099999904632568
vertex 67.19718170166016 51.10822677612305 -4.099999904632568
endloop
endfacet
facet normal 0 0 1
outer loop
vertex -68.11372375488281 8.335698127746582 -4.099999904632568
vertex -67.67654418945312 8.07017707824707 -4.099999904632568
vertex -67.45325469970703 51.0258903503418 -4.099999904632568
endloop
endfacet
facet normal 0 0 1
outer loop
vertex -68.80068969726562 9.087489128112793 -4.099999904632568
vertex -68.49297332763672 8.678908348083496 -4.099999904632568
vertex -68.32112121582031 50.49304962158203 -4.099999904632568
endloop
endfacet
facet normal 0 0 1
outer loop
vertex -69.02581787109375 9.546772956848145 -4.099999904632568
vertex -68.80068969726562 9.087489128112793 -4.099999904632568
vertex -68.92985534667969 49.67662048339844 -4.099999904632568
endloop
endfacet
facet normal 0 0 1
outer loop
vertex -69.1602783203125 10.040275573730469 -4.099999904632568
vertex -69.02581787109375 9.546772956848145 -4.099999904632568
vertex -69.108154296875 49.197208404541016 -4.099999904632568
endloop
endfacet
facet normal 0.519107547406663 0.8547089295341656 0
outer loop
vertex -68.11372375488281 8.335698127746582 -4.099999904632568
vertex -68.11372375488281 8.335698127746582 -0.5
vertex -67.67654418945312 8.07017707824707 -0.5
endloop
endfacet
facet normal 0.8979291896529449 0.4401399440737068 0
outer loop
vertex -69.02581787109375 9.546772956848145 -4.099999904632568
vertex -69.02581787109375 9.546772956848145 -0.5
vertex -68.80068969726562 9.087489128112793 -0.5
endloop
endfacet
facet normal 0.9648288912244055 0.26287869951497445 0
outer loop
vertex -69.02581787109375 9.546772956848145 -0.5
vertex -69.02581787109375 9.546772956848145 -4.099999904632568
vertex -69.1602783203125 10.040275573730469 -0.5
endloop
endfacet
facet normal 0.9962922397277677 0.08603355774480186 0
outer loop
vertex -69.19998168945312 10.500051498413086 -4.099999904632568
vertex -69.19998168945312 10.500051498413086 -0.5
vertex -69.1602783203125 10.040275573730469 -0.5
endloop
endfacet
facet normal 0.7987964749261642 0.6016013560868474 0
outer loop
vertex -68.80068969726562 9.087489128112793 -4.099999904632568
vertex -68.80068969726562 9.087489128112793 -0.5
vertex -68.49297332763672 8.678908348083496 -0.5
endloop
endfacet
facet normal 0.16555446074099325 0.9862006492234524 0
outer loop
vertex -67.19713592529297 7.8918776512146 -4.099999904632568
vertex -67.19713592529297 7.8918776512146 -0.5
vertex -66.69270324707031 7.8071980476379395 -0.5
endloop
endfacet
facet normal -0.2628870608150256 0.9648266130533698 0
outer loop
vertex 66.95980072021484 -49.16025161743164 -4.099999904632568
vertex 66.95980072021484 -49.16025161743164 -0.5
vertex 67.45330047607422 -49.025787353515625 -0.5
endloop
endfacet
facet normal 0.0004333325447921099 0.9999999061114484 0
outer loop
vertex -66.69270324707031 7.8071980476379395 -4.099999904632568
vertex -66.69270324707031 7.8071980476379395 -0.5
vertex -50.19997787475586 7.800051212310791 -0.5
endloop
endfacet
facet normal -0.44014141782829763 0.8979284672578857 0
outer loop
vertex 67.45330047607422 -49.025787353515625 -4.099999904632568
vertex 67.45330047607422 -49.025787353515625 -0.5
vertex 67.91258239746094 -48.8006591796875 -0.5
endloop
endfacet
facet normal -0.6015930133811593 0.7988027580391647 0
outer loop
vertex 67.91258239746094 -48.8006591796875 -4.099999904632568
vertex 67.91258239746094 -48.8006591796875 -0.5
vertex 68.3211669921875 -48.49294662475586 -0.5
endloop
endfacet
facet normal -0.7414635106665586 0.6709931909863334 0
outer loop
vertex 68.3211669921875 -48.49294662475586 -4.099999904632568
vertex 68.3211669921875 -48.49294662475586 -0.5
vertex 68.66437530517578 -48.11369323730469 -0.5
endloop
endfacet
facet normal -0.8547094015637821 0.5191067702106008 0
outer loop
vertex 68.66437530517578 -48.11369323730469 -4.099999904632568
vertex 68.66437530517578 -48.11369323730469 -0.5
vertex 68.92989349365234 -47.676517486572266 -0.5
endloop
endfacet
facet normal -0.9372773928934326 0.3485844069531652 0
outer loop
vertex 68.92989349365234 -47.676517486572266 -4.099999904632568
vertex 68.92989349365234 -47.676517486572266 -0.5
vertex 69.10819244384766 -47.197105407714844 -0.5
endloop
endfacet
facet normal -0.9861985182301762 0.16556715447396217 0
outer loop
vertex 69.10819244384766 -47.197105407714844 -4.099999904632568
vertex 69.10819244384766 -47.197105407714844 -0.5
vertex 69.19287872314453 -46.69267272949219 -0.5
endloop
endfacet
facet normal -0.9999391041631942 0.0000750128606799913 -0.01103550353991384
outer loop
vertex 69.16032409667969 48.9598274230957 -0.5
vertex 69.20001983642578 48.50004959106445 -4.099999904632568
vertex 69.19287872314453 -46.69267272949219 -4.099999904632568
endloop
endfacet
facet normal 0.3485876626004578 0.9372761820737521 0
outer loop
vertex -67.67654418945312 8.07017707824707 -4.099999904632568
vertex -67.67654418945312 8.07017707824707 -0.5
vertex -67.19713592529297 7.8918776512146 -0.5
endloop
endfacet
facet normal 0.6016001813100477 -0.7987973596900014 0
outer loop
vertex -67.91254425048828 50.80076217651367 -4.099999904632568
vertex -67.91254425048828 50.80076217651367 -0.5
vertex -68.32112121582031 50.49304962158203 -0.5
endloop
endfacet
facet normal 0.7414635106665586 -0.6709931909863334 0
outer loop
vertex -68.32112121582031 50.49304962158203 -4.099999904632568
vertex -68.32112121582031 50.49304962158203 -0.5
vertex -68.6643295288086 50.11379623413086 -0.5
endloop
endfacet
facet normal 0.8547027835318283 -0.5191176666449957 0
outer loop
vertex -68.6643295288086 50.11379623413086 -4.099999904632568
vertex -68.6643295288086 50.11379623413086 -0.5
vertex -68.92985534667969 49.67662048339844 -0.5
endloop
endfacet
facet normal 0.9372773928934326 -0.3485844069531652 0
outer loop
vertex -68.92985534667969 49.67662048339844 -4.099999904632568
vertex -68.92985534667969 49.67662048339844 -0.5
vertex -69.108154296875 49.197208404541016 -0.5
endloop
endfacet
facet normal 0.9862009536384775 -0.16555264734385197 0
outer loop
vertex -69.108154296875 49.197208404541016 -4.099999904632568
vertex -69.108154296875 49.197208404541016 -0.5
vertex -69.19283294677734 48.69277572631836 -0.5
endloop
endfacet
facet normal 0.2628870608150256 -0.9648266130533698 0
outer loop
vertex -66.95975494384766 51.16035461425781 -0.5
vertex -67.45325469970703 51.0258903503418 -4.099999904632568
vertex -66.95975494384766 51.16035461425781 -4.099999904632568
endloop
endfacet
facet normal 0.4401355228620362 -0.8979313567945838 0
outer loop
vertex -67.91254425048828 50.80076217651367 -0.5
vertex -67.91254425048828 50.80076217651367 -4.099999904632568
vertex -67.45325469970703 51.0258903503418 -4.099999904632568
endloop
endfacet
facet normal 0.0002435480944545833 -0.9999999703421624 0
outer loop
vertex 66.69274139404297 51.19290542602539 -4.099999904632568
vertex 66.69274139404297 51.19290542602539 -0.5
vertex -66.95975494384766 51.16035461425781 -0.5
endloop
endfacet
facet normal 0 0 1
outer loop
vertex 69.16032409667969 48.9598274230957 -4.099999904632568
vertex -50.19997787475586 7.800051212310791 -4.099999904632568
vertex 69.20001983642578 48.50004959106445 -4.099999904632568
endloop
endfacet
facet normal 0 0 1
outer loop
vertex 67.67658996582031 50.92992401123047 -4.099999904632568
vertex -50.19997787475586 7.800051212310791 -4.099999904632568
vertex 68.11376953125 50.664405822753906 -4.099999904632568
endloop
endfacet
facet normal 0 0 1
outer loop
vertex -50.19997787475586 7.800051212310791 -4.099999904632568
vertex -48.89997863769531 -21.499948501586914 -4.099999904632568
vertex -16.399978637695312 -21.499948501586914 -4.099999904632568
endloop
endfacet
facet normal 0.6016001813100477 -0.7987973596900014 0
outer loop
vertex -68.32112121582031 50.49304962158203 -0.5
vertex -68.32112121582031 50.49304962158203 -4.099999904632568
vertex -67.91254425048828 50.80076217651367 -4.099999904632568
endloop
endfacet
facet normal 0.9999998904260884 0.00046813225811124566 0
outer loop
vertex -50.19997787475586 7.800051212310791 -4.099999904632568
vertex -50.19997787475586 7.800051212310791 -0.5
vertex -50.17118835449219 -53.698631286621094 -0.5
endloop
endfacet
facet normal 0.7414635106665586 -0.6709931909863334 0
outer loop
vertex -68.6643295288086 50.11379623413086 -0.5
vertex -68.6643295288086 50.11379623413086 -4.099999904632568
vertex -68.32112121582031 50.49304962158203 -4.099999904632568
endloop
endfacet
facet normal 0.8547027835318283 -0.5191176666449957 0
outer loop
vertex -68.92985534667969 49.67662048339844 -0.5
vertex -68.92985534667969 49.67662048339844 -4.099999904632568
vertex -68.6643295288086 50.11379623413086 -4.099999904632568
endloop
endfacet
facet normal 0 0 1
outer loop
vertex 67.19718170166016 51.10822677612305 -4.099999904632568
vertex -50.19997787475586 7.800051212310791 -4.099999904632568
vertex 67.67658996582031 50.92992401123047 -4.099999904632568
endloop
endfacet
facet normal 0 0 1
outer loop
vertex -50.19997787475586 7.800051212310791 -4.099999904632568
vertex 68.4930191040039 50.32119369506836 -4.099999904632568
vertex 68.11376953125 50.664405822753906 -4.099999904632568
endloop
endfacet
facet normal 0 0 1
outer loop
vertex -50.19997787475586 7.800051212310791 -4.099999904632568
vertex 68.80073547363281 49.91261291503906 -4.099999904632568
vertex 68.4930191040039 50.32119369506836 -4.099999904632568
endloop
endfacet
facet normal 0 0 1
outer loop
vertex -50.19997787475586 7.800051212310791 -4.099999904632568
vertex 69.02586364746094 49.453330993652344 -4.099999904632568
vertex 68.80073547363281 49.91261291503906 -4.099999904632568
endloop
endfacet
facet normal 0.9372773928934326 -0.3485844069531652 0
outer loop
vertex -69.108154296875 49.197208404541016 -0.5
vertex -69.108154296875 49.197208404541016 -4.099999904632568
vertex -68.92985534667969 49.67662048339844 -4.099999904632568
endloop
endfacet
facet normal 0 0 1
outer loop
vertex 66.69274139404297 51.19290542602539 -4.099999904632568
vertex -50.19997787475586 7.800051212310791 -4.099999904632568
vertex 67.19718170166016 51.10822677612305 -4.099999904632568
endloop
endfacet
facet normal 0 0 1
outer loop
vertex -50.19997787475586 7.800051212310791 -4.099999904632568
vertex 69.16032409667969 48.9598274230957 -4.099999904632568
vertex 69.02586364746094 49.453330993652344 -4.099999904632568
endloop
endfacet
facet normal 0.9862009536384775 -0.16555264734385197 0
outer loop
vertex -69.19283294677734 48.69277572631836 -0.5
vertex -69.19283294677734 48.69277572631836 -4.099999904632568
vertex -69.108154296875 49.197208404541016 -4.099999904632568
endloop
endfacet
facet normal 0.9999999824826645 -0.00018717550777200498 0
outer loop
vertex -69.19283294677734 48.69277572631836 -4.099999904632568
vertex -69.19283294677734 48.69277572631836 -0.5
vertex -69.19998168945312 10.500051498413086 -0.5
endloop
endfacet
facet normal 0 0 1
outer loop
vertex -49.720672607421875 -54.164249420166016 -4.099999904632568
vertex -50.17118835449219 -53.698631286621094 -4.099999904632568
vertex -49.91885757446289 -54.060787200927734 -4.099999904632568
endloop
endfacet
facet normal 0 0 1
outer loop
vertex -50.07431411743164 -53.90011978149414 -4.099999904632568
vertex -49.91885757446289 -54.060787200927734 -4.099999904632568
vertex -50.17118835449219 -53.698631286621094 -4.099999904632568
endloop
endfacet
facet normal 0.04345616724405428 0.9990553345678391 0
outer loop
vertex -49.720672607421875 -54.164249420166016 -4.099999904632568
vertex -49.720672607421875 -54.164249420166016 -0.5
vertex -48.89997863769531 -54.199947357177734 -0.5
endloop
endfacet
facet normal 0.7186648534065893 0.6953566196406602 0
outer loop
vertex -49.91885757446289 -54.060787200927734 -0.5
vertex -49.91885757446289 -54.060787200927734 -4.099999904632568
vertex -50.07431411743164 -53.90011978149414 -4.099999904632568
endloop
endfacet
facet normal 0.9012440953785119 0.4333117590665728 0
outer loop
vertex -50.07431411743164 -53.90011978149414 -0.5
vertex -50.07431411743164 -53.90011978149414 -4.099999904632568
vertex -50.17118835449219 -53.698631286621094 -4.099999904632568
endloop
endfacet
facet normal 0 0 1
outer loop
vertex -67.67654418945312 8.07017707824707 -4.099999904632568
vertex -67.19713592529297 7.8918776512146 -4.099999904632568
vertex 66.69274139404297 51.19290542602539 -4.099999904632568
endloop
endfacet
facet normal 0.46278175204203403 0.886472249975658 0
outer loop
vertex -49.720672607421875 -54.164249420166016 -0.5
vertex -49.720672607421875 -54.164249420166016 -4.099999904632568
vertex -49.91885757446289 -54.060787200927734 -4.099999904632568
endloop
endfacet
facet normal 0 0 1
outer loop
vertex 66.69274139404297 51.19290542602539 -4.099999904632568
vertex -67.19713592529297 7.8918776512146 -4.099999904632568
vertex -66.69270324707031 7.8071980476379395 -4.099999904632568
endloop
endfacet
facet normal 0 0 1
outer loop
vertex -50.19997787475586 7.800051212310791 -4.099999904632568
vertex 50.10002136230469 -21.499948501586914 -4.099999904632568
vertex 69.20001983642578 48.50004959106445 -4.099999904632568
endloop
endfacet
facet normal 0 0 1
outer loop
vertex -67.45325469970703 51.0258903503418 -4.099999904632568
vertex -67.67654418945312 8.07017707824707 -4.099999904632568
vertex -66.95975494384766 51.16035461425781 -4.099999904632568
endloop
endfacet
facet normal 0 0 1
outer loop
vertex -67.91254425048828 50.80076217651367 -4.099999904632568
vertex -68.11372375488281 8.335698127746582 -4.099999904632568
vertex -67.45325469970703 51.0258903503418 -4.099999904632568
endloop
endfacet
facet normal 0 0 1
outer loop
vertex -68.32112121582031 50.49304962158203 -4.099999904632568
vertex -68.49297332763672 8.678908348083496 -4.099999904632568
vertex -67.91254425048828 50.80076217651367 -4.099999904632568
endloop
endfacet
facet normal 0.04345616724405428 0.9990553345678391 0
outer loop
vertex -48.89997863769531 -54.199947357177734 -0.5
vertex -48.89997863769531 -54.199947357177734 -4.099999904632568
vertex -49.720672607421875 -54.164249420166016 -4.099999904632568
endloop
endfacet
facet normal 0 0 1
outer loop
vertex -68.6643295288086 50.11379623413086 -4.099999904632568
vertex -68.80068969726562 9.087489128112793 -4.099999904632568
vertex -68.32112121582031 50.49304962158203 -4.099999904632568
endloop
endfacet
facet normal 0 0 1
outer loop
vertex 66.69274139404297 51.19290542602539 -4.099999904632568
vertex -66.69270324707031 7.8071980476379395 -4.099999904632568
vertex -50.19997787475586 7.800051212310791 -4.099999904632568
endloop
endfacet
facet normal 0 0 1
outer loop
vertex -69.19283294677734 48.69277572631836 -4.099999904632568
vertex -69.1602783203125 10.040275573730469 -4.099999904632568
vertex -69.108154296875 49.197208404541016 -4.099999904632568
endloop
endfacet
facet normal 0 0 1
outer loop
vertex 50.10002136230469 -21.499948501586914 -4.099999904632568
vertex 50.80002212524414 -49.199947357177734 -4.099999904632568
vertex 66.95980072021484 -49.16025161743164 -4.099999904632568
endloop
endfacet
facet normal -0.8320266678720447 0.5547356342887504 0
outer loop
vertex 50.61295700073242 -53.976287841796875 -4.099999904632568
vertex 50.61295700073242 -53.976287841796875 -0.5
vertex 50.736976623535156 -53.79027557373047 -0.5
endloop
endfacet
facet normal -0.9999995824433408 0.0009138452517528057 0
outer loop
vertex 50.796024322509766 -53.574649810791016 -4.099999904632568
vertex 50.796024322509766 -53.574649810791016 -0.5
vertex 50.80002212524414 -49.199947357177734 -0.5
endloop
endfacet
facet normal -0.614699901859557 0.7887610732369156 0
outer loop
vertex 50.43661880493164 -54.113712310791016 -4.099999904632568
vertex 50.43661880493164 -54.113712310791016 -0.5
vertex 50.61295700073242 -53.976287841796875 -0.5
endloop
endfacet
facet normal 0.0002435480944545833 -0.9999999703421624 0
outer loop
vertex -66.95975494384766 51.16035461425781 -0.5
vertex -66.95975494384766 51.16035461425781 -4.099999904632568
vertex 66.69274139404297 51.19290542602539 -4.099999904632568
endloop
endfacet
facet normal 0 0 1
outer loop
vertex -66.95975494384766 51.16035461425781 -4.099999904632568
vertex -67.67654418945312 8.07017707824707 -4.099999904632568
vertex 66.69274139404297 51.19290542602539 -4.099999904632568
endloop
endfacet
facet normal -0.9999999420834413 -0.0003403426416189818 0
outer loop
vertex 69.19287872314453 -46.69267272949219 -4.099999904632568
vertex 69.19287872314453 -46.69267272949219 -0.5
vertex 69.16032409667969 48.9598274230957 -0.5
endloop
endfacet
facet normal 0 0 1
outer loop
vertex 50.10002136230469 -21.499948501586914 -4.099999904632568
vertex 66.95980072021484 -49.16025161743164 -4.099999904632568
vertex 67.45330047607422 -49.025787353515625 -4.099999904632568
endloop
endfacet
facet normal 0 0 1
outer loop
vertex 50.10002136230469 -21.499948501586914 -4.099999904632568
vertex 67.45330047607422 -49.025787353515625 -4.099999904632568
vertex 67.91258239746094 -48.8006591796875 -4.099999904632568
endloop
endfacet
facet normal 0 0 1
outer loop
vertex 50.10002136230469 -21.499948501586914 -4.099999904632568
vertex 67.91258239746094 -48.8006591796875 -4.099999904632568
vertex 68.3211669921875 -48.49294662475586 -4.099999904632568
endloop
endfacet
facet normal 0 0 1
outer loop
vertex 50.10002136230469 -21.499948501586914 -4.099999904632568
vertex 68.3211669921875 -48.49294662475586 -4.099999904632568
vertex 68.66437530517578 -48.11369323730469 -4.099999904632568
endloop
endfacet
facet normal 0 0 1
outer loop
vertex 50.10002136230469 -21.499948501586914 -4.099999904632568
vertex 68.66437530517578 -48.11369323730469 -4.099999904632568
vertex 68.92989349365234 -47.676517486572266 -4.099999904632568
endloop
endfacet
facet normal 0 0 1
outer loop
vertex -50.19997787475586 7.800051212310791 -4.099999904632568
vertex -16.399978637695312 -21.499948501586914 -4.099999904632568
vertex 50.10002136230469 -21.499948501586914 -4.099999904632568
endloop
endfacet
facet normal 0 0 1
outer loop
vertex 50.10002136230469 -21.499948501586914 -4.099999904632568
vertex 68.92989349365234 -47.676517486572266 -4.099999904632568
vertex 69.10819244384766 -47.197105407714844 -4.099999904632568
endloop
endfacet
facet normal 0 0 1
outer loop
vertex 50.10002136230469 -21.499948501586914 -4.099999904632568
vertex 69.19287872314453 -46.69267272949219 -4.099999904632568
vertex 69.20001983642578 48.50004959106445 -4.099999904632568
endloop
endfacet
facet normal 0.46278175204203403 0.886472249975658 0
outer loop
vertex -49.91885757446289 -54.060787200927734 -4.099999904632568
vertex -49.91885757446289 -54.060787200927734 -0.5
vertex -49.720672607421875 -54.164249420166016 -0.5
endloop
endfacet
facet normal -1 0 0
outer loop
vertex 50.10002136230469 -21.499948501586914 -11.899999618530273
vertex 50.10002136230469 -54.49995040893555 -11.899999618530273
vertex 50.10002136230469 -21.499948501586914 -4.099999904632568
endloop
endfacet
facet normal 0 0 1
outer loop
vertex -16.399978637695312 -21.499948501586914 -11.899999618530273
vertex -10.899977684020996 -36.49995040893555 -11.899999618530273
vertex 50.10002136230469 -21.499948501586914 -11.899999618530273
endloop
endfacet
facet normal 0 1 0
outer loop
vertex 50.10002136230469 -54.49995040893555 -11.899999618530273
vertex 34.4722900390625 -54.49995040893555 -5
vertex 46.4722900390625 -54.49995040893555 -5
endloop
endfacet
facet normal 0 1 0
outer loop
vertex -10.899977684020996 -36.49995040893555 -8.199999809265137
vertex -16.399978637695312 -36.49995040893555 -11.899999618530273
vertex -16.399978637695312 -36.49995040893555 -8.199999809265137
endloop
endfacet
facet normal -1 0 0
outer loop
vertex 50.10002136230469 -54.199947357177734 -0.5
vertex 50.10002136230469 -54.199947357177734 -4.099999904632568
vertex 50.10002136230469 -54.49995040893555 -0.5
endloop
endfacet
facet normal 0 1 0
outer loop
vertex 46.4722900390625 -54.49995040893555 -5
vertex 46.4722900390625 -54.49995040893555 -0.5
vertex 50.10002136230469 -54.49995040893555 -0.5
endloop
endfacet
facet normal 1 0 0
outer loop
vertex -10.899977684020996 -54.49995040893555 -8.199999809265137
vertex -10.899977684020996 -36.49995040893555 -11.899999618530273
vertex -10.899977684020996 -36.49995040893555 -8.199999809265137
endloop
endfacet
facet normal 0 1 0
outer loop
vertex -10.899977684020996 -36.49995040893555 -11.899999618530273
vertex -16.399978637695312 -36.49995040893555 -11.899999618530273
vertex -10.899977684020996 -36.49995040893555 -8.199999809265137
endloop
endfacet
facet normal 1 0 0
outer loop
vertex -16.399978637695312 -36.49995040893555 -11.899999618530273
vertex -16.399978637695312 -21.499948501586914 -11.899999618530273
vertex -16.399978637695312 -36.49995040893555 -8.199999809265137
endloop
endfacet
facet normal 0 0 1
outer loop
vertex -16.399978637695312 -36.49995040893555 -11.899999618530273
vertex -10.899977684020996 -36.49995040893555 -11.899999618530273
vertex -16.399978637695312 -21.499948501586914 -11.899999618530273
endloop
endfacet
facet normal 0 1 0
outer loop
vertex -10.899977684020996 -54.49995040893555 -0.5
vertex 50.10002136230469 -54.49995040893555 -11.899999618530273
vertex -10.899977684020996 -54.49995040893555 -8.199999809265137
endloop
endfacet
facet normal 0 1 0
outer loop
vertex 50.10002136230469 -54.49995040893555 -11.899999618530273
vertex -10.899977684020996 -54.49995040893555 -0.5
vertex 34.4722900390625 -54.49995040893555 -5
endloop
endfacet
facet normal -1 0 0
outer loop
vertex 50.10002136230469 -21.499948501586914 -4.099999904632568
vertex 50.10002136230469 -54.49995040893555 -11.899999618530273
vertex 50.10002136230469 -54.199947357177734 -4.099999904632568
endloop
endfacet
facet normal -1 0 0
outer loop
vertex 50.10002136230469 -54.49995040893555 -11.899999618530273
vertex 50.10002136230469 -54.49995040893555 -0.5
vertex 50.10002136230469 -54.199947357177734 -4.099999904632568
endloop
endfacet
facet normal 1 0 0
outer loop
vertex -10.899977684020996 -54.49995040893555 -11.899999618530273
vertex -10.899977684020996 -36.49995040893555 -11.899999618530273
vertex -10.899977684020996 -54.49995040893555 -8.199999809265137
endloop
endfacet
facet normal 0 1 0
outer loop
vertex 34.4722900390625 -54.49995040893555 -0.5
vertex 34.4722900390625 -54.49995040893555 -5
vertex -10.899977684020996 -54.49995040893555 -0.5
endloop
endfacet
facet normal 0 1 0
outer loop
vertex -10.899977684020996 -54.49995040893555 -8.199999809265137
vertex 50.10002136230469 -54.49995040893555 -11.899999618530273
vertex -10.899977684020996 -54.49995040893555 -11.899999618530273
endloop
endfacet
facet normal 0 0 1
outer loop
vertex -10.899977684020996 -36.49995040893555 -11.899999618530273
vertex -10.899977684020996 -54.49995040893555 -11.899999618530273
vertex 50.10002136230469 -54.49995040893555 -11.899999618530273
endloop
endfacet
facet normal 0 0 1
outer loop
vertex -10.899977684020996 -36.49995040893555 -11.899999618530273
vertex 50.10002136230469 -54.49995040893555 -11.899999618530273
vertex 50.10002136230469 -21.499948501586914 -11.899999618530273
endloop
endfacet
facet normal 0 -1 0
outer loop
vertex -16.399978637695312 -21.499948501586914 -8.199999809265137
vertex -16.399978637695312 -21.499948501586914 -11.899999618530273
vertex 50.10002136230469 -21.499948501586914 -4.099999904632568
endloop
endfacet
facet normal 0 -1 0
outer loop
vertex -16.399978637695312 -21.499948501586914 -4.099999904632568
vertex -16.399978637695312 -21.499948501586914 -8.199999809265137
vertex 50.10002136230469 -21.499948501586914 -4.099999904632568
endloop
endfacet
facet normal 1 0 0
outer loop
vertex -16.399978637695312 -36.49995040893555 -8.199999809265137
vertex -16.399978637695312 -21.499948501586914 -11.899999618530273
vertex -16.399978637695312 -21.499948501586914 -8.199999809265137
endloop
endfacet
facet normal 0 -1 0
outer loop
vertex -16.399978637695312 -21.499948501586914 -11.899999618530273
vertex 50.10002136230469 -21.499948501586914 -11.899999618530273
vertex 50.10002136230469 -21.499948501586914 -4.099999904632568
endloop
endfacet
facet normal 0 1 0
outer loop
vertex 50.10002136230469 -54.49995040893555 -0.5
vertex 50.10002136230469 -54.49995040893555 -11.899999618530273
vertex 46.4722900390625 -54.49995040893555 -5
endloop
endfacet
facet normal 1 0 0
outer loop
vertex -48.89997863769531 -54.49995040893555 -0.5
vertex -48.89997863769531 -54.49995040893555 -8.199999809265137
vertex -48.89997863769531 -54.199947357177734 -4.099999904632568
endloop
endfacet
facet normal 0 1 0
outer loop
vertex -46.45988082885742 -54.49995040893555 -0.5
vertex -46.45988082885742 -54.49995040893555 -5
vertex -48.89997863769531 -54.49995040893555 -0.5
endloop
endfacet
facet normal 1 0 0
outer loop
vertex -48.89997863769531 -54.49995040893555 -8.199999809265137
vertex -48.89997863769531 -21.499948501586914 -4.099999904632568
vertex -48.89997863769531 -54.199947357177734 -4.099999904632568
endloop
endfacet
facet normal 0 0 1
outer loop
vertex -48.89997863769531 -21.499948501586914 -8.199999809265137
vertex -48.89997863769531 -54.49995040893555 -8.199999809265137
vertex -23.399978637695312 -45.49995040893555 -8.199999809265137
endloop
endfacet
facet normal 0 1 0
outer loop
vertex -48.89997863769531 -54.49995040893555 -8.199999809265137
vertex -23.149978637695312 -54.49995040893555 -6.699999809265137
vertex -23.399978637695312 -54.49995040893555 -8.199999809265137
endloop
endfacet
facet normal 0 1 0
outer loop
vertex -23.149978637695312 -54.49995040893555 -6.699999809265137
vertex -48.89997863769531 -54.49995040893555 -8.199999809265137
vertex -23.0738582611084 -54.49995040893555 -6.31731653213501
endloop
endfacet
facet normal 0 1 0
outer loop
vertex -23.0738582611084 -54.49995040893555 -6.31731653213501
vertex -48.89997863769531 -54.49995040893555 -8.199999809265137
vertex -22.857084274291992 -54.49995040893555 -5.992893218994141
endloop
endfacet
facet normal 0 1 0
outer loop
vertex -22.857084274291992 -54.49995040893555 -5.992893218994141
vertex -48.89997863769531 -54.49995040893555 -8.199999809265137
vertex -22.53266143798828 -54.49995040893555 -5.776120662689209
endloop
endfacet
facet normal 0 1 0
outer loop
vertex -22.53266143798828 -54.49995040893555 -5.776120662689209
vertex -48.89997863769531 -54.49995040893555 -8.199999809265137
vertex -22.149978637695312 -54.49995040893555 -5.699999809265137
endloop
endfacet
facet normal 0 0 1
outer loop
vertex -23.399978637695312 -45.49995040893555 -8.199999809265137
vertex -48.89997863769531 -54.49995040893555 -8.199999809265137
vertex -23.399978637695312 -54.49995040893555 -8.199999809265137
endloop
endfacet
facet normal 1 0 0
outer loop
vertex -48.89997863769531 -54.49995040893555 -8.199999809265137
vertex -48.89997863769531 -21.499948501586914 -8.199999809265137
vertex -48.89997863769531 -21.499948501586914 -4.099999904632568
endloop
endfacet
facet normal 0 1 0
outer loop
vertex -23.149978637695312 -54.49995040893555 -8.199999809265137
vertex -23.399978637695312 -54.49995040893555 -8.199999809265137
vertex -23.149978637695312 -54.49995040893555 -6.699999809265137
endloop
endfacet
facet normal 1 0 0
outer loop
vertex -48.89997863769531 -54.49995040893555 -0.5
vertex -48.89997863769531 -54.199947357177734 -4.099999904632568
vertex -48.89997863769531 -54.199947357177734 -0.5
endloop
endfacet
facet normal 0 1 0
outer loop
vertex -48.89997863769531 -54.49995040893555 -8.199999809265137
vertex -46.45988082885742 -54.49995040893555 -5
vertex -34.45988082885742 -54.49995040893555 -5
endloop
endfacet
facet normal 0 1 0
outer loop
vertex -48.89997863769531 -54.49995040893555 -8.199999809265137
vertex -48.89997863769531 -54.49995040893555 -0.5
vertex -46.45988082885742 -54.49995040893555 -5
endloop
endfacet
facet normal 0 0 1
outer loop
vertex -20.849977493286133 -23.59994888305664 -8.199999809265137
vertex -20.849977493286133 -33.39994812011719 -8.199999809265137
vertex -16.399978637695312 -21.499948501586914 -8.199999809265137
endloop
endfacet
facet normal 0 -1 0
outer loop
vertex -16.399978637695312 -21.499948501586914 -4.099999904632568
vertex -48.89997863769531 -21.499948501586914 -8.199999809265137
vertex -16.399978637695312 -21.499948501586914 -8.199999809265137
endloop
endfacet
facet normal 0 0 1
outer loop
vertex -20.849977493286133 -23.59994888305664 -8.199999809265137
vertex -16.399978637695312 -21.499948501586914 -8.199999809265137
vertex -48.89997863769531 -21.499948501586914 -8.199999809265137
endloop
endfacet
facet normal 0 0 1
outer loop
vertex -48.89997863769531 -21.499948501586914 -8.199999809265137
vertex -24.94997787475586 -23.59994888305664 -8.199999809265137
vertex -20.849977493286133 -23.59994888305664 -8.199999809265137
endloop
endfacet
facet normal 0 1 0
outer loop
vertex -10.899977684020996 -54.49995040893555 -0.5
vertex -48.89997863769531 -54.49995040893555 -8.199999809265137
vertex -34.45988082885742 -54.49995040893555 -5
endloop
endfacet
facet normal 0 1 0
outer loop
vertex -48.89997863769531 -54.49995040893555 -8.199999809265137
vertex -10.899977684020996 -54.49995040893555 -0.5
vertex -22.149978637695312 -54.49995040893555 -5.699999809265137
endloop
endfacet
facet normal 0 0 1
outer loop
vertex -24.94997787475586 -33.39994812011719 -8.199999809265137
vertex -24.94997787475586 -23.59994888305664 -8.199999809265137
vertex -48.89997863769531 -21.499948501586914 -8.199999809265137
endloop
endfacet
facet normal 0 1 0
outer loop
vertex -14.649977684020996 -54.49995040893555 -5.699999809265137
vertex -10.899977684020996 -54.49995040893555 -0.5
vertex -14.267294883728027 -54.49995040893555 -5.776120662689209
endloop
endfacet
facet normal 0 0 1
outer loop
vertex -48.89997863769531 -21.499948501586914 -8.199999809265137
vertex -23.399978637695312 -45.49995040893555 -8.199999809265137
vertex -13.399977684020996 -45.49995040893555 -8.199999809265137
endloop
endfacet
facet normal 0 1 0
outer loop
vertex -10.899977684020996 -54.49995040893555 -0.5
vertex -34.45988082885742 -54.49995040893555 -5
vertex -34.45988082885742 -54.49995040893555 -0.5
endloop
endfacet
facet normal 0 1 0
outer loop
vertex -22.149978637695312 -54.49995040893555 -5.699999809265137
vertex -10.899977684020996 -54.49995040893555 -0.5
vertex -14.649977684020996 -54.49995040893555 -5.699999809265137
endloop
endfacet
facet normal 0 0 1
outer loop
vertex -20.849977493286133 -33.39994812011719 -8.199999809265137
vertex -16.399978637695312 -36.49995040893555 -8.199999809265137
vertex -16.399978637695312 -21.499948501586914 -8.199999809265137
endloop
endfacet
facet normal 0 0 1
outer loop
vertex -10.899977684020996 -36.49995040893555 -8.199999809265137
vertex -16.399978637695312 -36.49995040893555 -8.199999809265137
vertex -13.399977684020996 -45.49995040893555 -8.199999809265137
endloop
endfacet
facet normal 0 1 0
outer loop
vertex -10.899977684020996 -54.49995040893555 -0.5
vertex -13.399977684020996 -54.49995040893555 -8.199999809265137
vertex -13.649977684020996 -54.49995040893555 -6.699999809265137
endloop
endfacet
facet normal 0 1 0
outer loop
vertex -10.899977684020996 -54.49995040893555 -0.5
vertex -13.649977684020996 -54.49995040893555 -6.699999809265137
vertex -13.72609806060791 -54.49995040893555 -6.31731653213501
endloop
endfacet
facet normal 0 1 0
outer loop
vertex -10.899977684020996 -54.49995040893555 -0.5
vertex -13.72609806060791 -54.49995040893555 -6.31731653213501
vertex -13.94287109375 -54.49995040893555 -5.992893218994141
endloop
endfacet
facet normal 0 1 0
outer loop
vertex -13.399977684020996 -54.49995040893555 -8.199999809265137
vertex -10.899977684020996 -54.49995040893555 -0.5
vertex -10.899977684020996 -54.49995040893555 -8.199999809265137
endloop
endfacet
facet normal 0 0 1
outer loop
vertex -13.399977684020996 -45.49995040893555 -8.199999809265137
vertex -13.399977684020996 -54.49995040893555 -8.199999809265137
vertex -10.899977684020996 -36.49995040893555 -8.199999809265137
endloop
endfacet
facet normal 0 0 1
outer loop
vertex -13.399977684020996 -54.49995040893555 -8.199999809265137
vertex -10.899977684020996 -54.49995040893555 -8.199999809265137
vertex -10.899977684020996 -36.49995040893555 -8.199999809265137
endloop
endfacet
facet normal 0 0 1
outer loop
vertex -48.89997863769531 -21.499948501586914 -8.199999809265137
vertex -13.399977684020996 -45.49995040893555 -8.199999809265137
vertex -24.94997787475586 -33.39994812011719 -8.199999809265137
endloop
endfacet
facet normal 0 1 0
outer loop
vertex -10.899977684020996 -54.49995040893555 -0.5
vertex -13.94287109375 -54.49995040893555 -5.992893218994141
vertex -14.267294883728027 -54.49995040893555 -5.776120662689209
endloop
endfacet
facet normal 0 0 1
outer loop
vertex -13.399977684020996 -45.49995040893555 -8.199999809265137
vertex -16.399978637695312 -36.49995040893555 -8.199999809265137
vertex -24.94997787475586 -33.39994812011719 -8.199999809265137
endloop
endfacet
facet normal 0 0 1
outer loop
vertex -20.849977493286133 -33.39994812011719 -8.199999809265137
vertex -24.94997787475586 -33.39994812011719 -8.199999809265137
vertex -16.399978637695312 -36.49995040893555 -8.199999809265137
endloop
endfacet
facet normal 0 1 0
outer loop
vertex -13.399977684020996 -54.49995040893555 -8.199999809265137
vertex -13.649977684020996 -54.49995040893555 -8.199999809265137
vertex -13.649977684020996 -54.49995040893555 -6.699999809265137
endloop
endfacet
facet normal 0 -1 0
outer loop
vertex -48.89997863769531 -21.499948501586914 -4.099999904632568
vertex -48.89997863769531 -21.499948501586914 -8.199999809265137
vertex -16.399978637695312 -21.499948501586914 -4.099999904632568
endloop
endfacet
facet normal 0 1 0
outer loop
vertex -22.149978637695312 -54.49995040893555 -9.199999809265137
vertex -14.649977684020996 -54.49995040893555 -9.199999809265137
vertex -23.399978637695312 -54.49995040893555 -9.5
endloop
endfacet
facet normal 0 1 0
outer loop
vertex -22.149978637695312 -54.49995040893555 -9.199999809265137
vertex -23.399978637695312 -54.49995040893555 -9.5
vertex -22.53266143798828 -54.49995040893555 -9.123879432678223
endloop
endfacet
facet normal 1 0 0
outer loop
vertex -23.399978637695312 -54.49995040893555 -8.199999809265137
vertex -23.399978637695312 -54.49995040893555 -9.5
vertex -23.399978637695312 -45.49995040893555 -8.199999809265137
endloop
endfacet
facet normal 0 1 0
outer loop
vertex -23.0738582611084 -54.49995040893555 -8.582683563232422
vertex -23.399978637695312 -54.49995040893555 -8.199999809265137
vertex -23.149978637695312 -54.49995040893555 -8.199999809265137
endloop
endfacet
facet normal 0 1 0
outer loop
vertex -13.399977684020996 -54.49995040893555 -9.5
vertex -14.649977684020996 -54.49995040893555 -9.199999809265137
vertex -14.267294883728027 -54.49995040893555 -9.123879432678223
endloop
endfacet
facet normal 0 0 1
outer loop
vertex -23.399978637695312 -54.49995040893555 -9.5
vertex -13.399977684020996 -54.49995040893555 -9.5
vertex -23.399978637695312 -45.49995040893555 -9.5
endloop
endfacet
facet normal -1 0 0
outer loop
vertex -13.399977684020996 -45.49995040893555 -8.199999809265137
vertex -13.399977684020996 -45.49995040893555 -9.5
vertex -13.399977684020996 -54.49995040893555 -8.199999809265137
endloop
endfacet
facet normal 0 -1 0
outer loop
vertex -23.399978637695312 -45.49995040893555 -8.199999809265137
vertex -23.399978637695312 -45.49995040893555 -9.5
vertex -13.399977684020996 -45.49995040893555 -8.199999809265137
endloop
endfacet
facet normal -1 0 0
outer loop
vertex -13.399977684020996 -45.49995040893555 -9.5
vertex -13.399977684020996 -54.49995040893555 -9.5
vertex -13.399977684020996 -54.49995040893555 -8.199999809265137
endloop
endfacet
facet normal 0 1 0
outer loop
vertex -13.399977684020996 -54.49995040893555 -9.5
vertex -23.399978637695312 -54.49995040893555 -9.5
vertex -14.649977684020996 -54.49995040893555 -9.199999809265137
endloop
endfacet
facet normal 0 -1 0
outer loop
vertex -13.399977684020996 -45.49995040893555 -8.199999809265137
vertex -23.399978637695312 -45.49995040893555 -9.5
vertex -13.399977684020996 -45.49995040893555 -9.5
endloop
endfacet
facet normal 0 0 1
outer loop
vertex -23.399978637695312 -45.49995040893555 -9.5
vertex -13.399977684020996 -54.49995040893555 -9.5
vertex -13.399977684020996 -45.49995040893555 -9.5
endloop
endfacet
facet normal 0 1 0
outer loop
vertex -14.267294883728027 -54.49995040893555 -9.123879432678223
vertex -13.94287109375 -54.49995040893555 -8.907106399536133
vertex -13.399977684020996 -54.49995040893555 -9.5
endloop
endfacet
facet normal 0 1 0
outer loop
vertex -13.94287109375 -54.49995040893555 -8.907106399536133
vertex -13.72609806060791 -54.49995040893555 -8.582683563232422
vertex -13.399977684020996 -54.49995040893555 -9.5
endloop
endfacet
facet normal 0 1 0
outer loop
vertex -13.649977684020996 -54.49995040893555 -8.199999809265137
vertex -13.399977684020996 -54.49995040893555 -8.199999809265137
vertex -13.399977684020996 -54.49995040893555 -9.5
endloop
endfacet
facet normal 0 1 0
outer loop
vertex -13.72609806060791 -54.49995040893555 -8.582683563232422
vertex -13.649977684020996 -54.49995040893555 -8.199999809265137
vertex -13.399977684020996 -54.49995040893555 -9.5
endloop
endfacet
facet normal 0 1 0
outer loop
vertex -23.0738582611084 -54.49995040893555 -8.582683563232422
vertex -23.399978637695312 -54.49995040893555 -9.5
vertex -23.399978637695312 -54.49995040893555 -8.199999809265137
endloop
endfacet
facet normal 0 1 0
outer loop
vertex -22.857084274291992 -54.49995040893555 -8.907106399536133
vertex -23.399978637695312 -54.49995040893555 -9.5
vertex -23.0738582611084 -54.49995040893555 -8.582683563232422
endloop
endfacet
facet normal 0 1 0
outer loop
vertex -22.53266143798828 -54.49995040893555 -9.123879432678223
vertex -23.399978637695312 -54.49995040893555 -9.5
vertex -22.857084274291992 -54.49995040893555 -8.907106399536133
endloop
endfacet
facet normal 1 0 0
outer loop
vertex -23.399978637695312 -54.49995040893555 -9.5
vertex -23.399978637695312 -45.49995040893555 -9.5
vertex -23.399978637695312 -45.49995040893555 -8.199999809265137
endloop
endfacet
facet normal 0 1 0
outer loop
vertex -20.849977493286133 -33.39994812011719 -10
vertex -24.94997787475586 -33.39994812011719 -8.199999809265137
vertex -20.849977493286133 -33.39994812011719 -8.199999809265137
endloop
endfacet
facet normal 0 1 0
outer loop
vertex -24.94997787475586 -33.39994812011719 -10
vertex -24.94997787475586 -33.39994812011719 -8.199999809265137
vertex -20.849977493286133 -33.39994812011719 -10
endloop
endfacet
facet normal 0 0 1
outer loop
vertex -24.94997787475586 -33.39994812011719 -10
vertex -24.149978637695312 -31.749948501586914 -10
vertex -24.149978637695312 -25.249948501586914 -10
endloop
endfacet
facet normal 0 0 1
outer loop
vertex -21.649978637695312 -25.249948501586914 -10
vertex -21.649978637695312 -31.749948501586914 -10
vertex -20.849977493286133 -23.59994888305664 -10
endloop
endfacet
facet normal 0 0 1
outer loop
vertex -21.649978637695312 -31.749948501586914 -10
vertex -24.94997787475586 -33.39994812011719 -10
vertex -20.849977493286133 -33.39994812011719 -10
endloop
endfacet
facet normal 0 0 1
outer loop
vertex -24.94997787475586 -33.39994812011719 -10
vertex -24.149978637695312 -25.249948501586914 -10
vertex -24.94997787475586 -23.59994888305664 -10
endloop
endfacet
facet normal 0 0 1
outer loop
vertex -20.849977493286133 -23.59994888305664 -10
vertex -24.149978637695312 -25.249948501586914 -10
vertex -21.649978637695312 -25.249948501586914 -10
endloop
endfacet
facet normal 1 0 0
outer loop
vertex -24.94997787475586 -33.39994812011719 -10
vertex -24.94997787475586 -23.59994888305664 -10
vertex -24.94997787475586 -23.59994888305664 -8.199999809265137
endloop
endfacet
facet normal 1 0 0
outer loop
vertex -24.94997787475586 -33.39994812011719 -8.199999809265137
vertex -24.94997787475586 -33.39994812011719 -10
vertex -24.94997787475586 -23.59994888305664 -8.199999809265137
endloop
endfacet
facet normal 0 -1 0
outer loop
vertex -24.94997787475586 -23.59994888305664 -8.199999809265137
vertex -24.94997787475586 -23.59994888305664 -10
vertex -20.849977493286133 -23.59994888305664 -8.199999809265137
endloop
endfacet
facet normal 0 0 1
outer loop
vertex -24.94997787475586 -23.59994888305664 -10
vertex -24.149978637695312 -25.249948501586914 -10
vertex -20.849977493286133 -23.59994888305664 -10
endloop
endfacet
facet normal -1 0 0
outer loop
vertex -20.849977493286133 -23.59994888305664 -10
vertex -20.849977493286133 -33.39994812011719 -10
vertex -20.849977493286133 -33.39994812011719 -8.199999809265137
endloop
endfacet
facet normal -1 0 0
outer loop
vertex -20.849977493286133 -23.59994888305664 -8.199999809265137
vertex -20.849977493286133 -23.59994888305664 -10
vertex -20.849977493286133 -33.39994812011719 -8.199999809265137
endloop
endfacet
facet normal 0 -1 0
outer loop
vertex -24.94997787475586 -23.59994888305664 -10
vertex -20.849977493286133 -23.59994888305664 -10
vertex -20.849977493286133 -23.59994888305664 -8.199999809265137
endloop
endfacet
facet normal 0 0 1
outer loop
vertex -21.649978637695312 -31.749948501586914 -10
vertex -24.149978637695312 -31.749948501586914 -10
vertex -24.94997787475586 -33.39994812011719 -10
endloop
endfacet
facet normal 0 0 1
outer loop
vertex -21.649978637695312 -31.749948501586914 -10
vertex -20.849977493286133 -33.39994812011719 -10
vertex -20.849977493286133 -23.59994888305664 -10
endloop
endfacet
facet normal 0 -1 0
outer loop
vertex -24.149978637695312 -25.249948501586914 -10
vertex -21.649978637695312 -25.249948501586914 -11.699999809265137
vertex -21.649978637695312 -25.249948501586914 -10
endloop
endfacet
facet normal -1 0 0
outer loop
vertex -21.649978637695312 -25.249948501586914 -10
vertex -21.649978637695312 -31.749948501586914 -11.699999809265137
vertex -21.649978637695312 -31.749948501586914 -10
endloop
endfacet
facet normal -1 0 0
outer loop
vertex -21.649978637695312 -25.249948501586914 -11.699999809265137
vertex -21.649978637695312 -31.749948501586914 -11.699999809265137
vertex -21.649978637695312 -25.249948501586914 -10
endloop
endfacet
facet normal 0 -1 0
outer loop
vertex -24.149978637695312 -25.249948501586914 -10
vertex -24.149978637695312 -25.249948501586914 -11.699999809265137
vertex -21.649978637695312 -25.249948501586914 -11.699999809265137
endloop
endfacet
facet normal 1 0 0
outer loop
vertex -24.149978637695312 -31.749948501586914 -10
vertex -24.149978637695312 -25.249948501586914 -11.699999809265137
vertex -24.149978637695312 -25.249948501586914 -10
endloop
endfacet
facet normal 1 0 0
outer loop
vertex -24.149978637695312 -31.749948501586914 -10
vertex -24.149978637695312 -31.749948501586914 -11.699999809265137
vertex -24.149978637695312 -25.249948501586914 -11.699999809265137
endloop
endfacet
facet normal 0 1 0
outer loop
vertex -21.649978637695312 -31.749948501586914 -11.699999809265137
vertex -24.149978637695312 -31.749948501586914 -11.699999809265137
vertex -21.649978637695312 -31.749948501586914 -10
endloop
endfacet
facet normal 0 1 0
outer loop
vertex -24.149978637695312 -31.749948501586914 -10
vertex -21.649978637695312 -31.749948501586914 -10
vertex -24.149978637695312 -31.749948501586914 -11.699999809265137
endloop
endfacet
facet normal 0 0 -1
outer loop
vertex -37.89997863769531 -20.999948501586914 -11.699999809265137
vertex -18.899978637695312 -20.999948501586914 -11.699999809265137
vertex -37.89997863769531 -35.99995040893555 -11.699999809265137
endloop
endfacet
facet normal -0.831469252991977 -0.5555707707654927 0
outer loop
vertex -18.546424865722656 -21.146394729614258 -11.699999809265137
vertex -18.546424865722656 -21.146394729614258 -13.426093101501465
vertex -18.438037872314453 -21.30860710144043 -11.699999809265137
endloop
endfacet
facet normal 0 0 -1
outer loop
vertex -18.899978637695312 -35.99995040893555 -11.699999809265137
vertex -24.149978637695312 -31.749948501586914 -11.699999809265137
vertex -21.649978637695312 -31.749948501586914 -11.699999809265137
endloop
endfacet
facet normal 0 0 -1
outer loop
vertex -18.708635330200195 -35.96188735961914 -11.699999809265137
vertex -18.899978637695312 -35.99995040893555 -11.699999809265137
vertex -18.708635330200195 -21.038009643554688 -11.699999809265137
endloop
endfacet
facet normal 0 0 -1
outer loop
vertex -18.546424865722656 -35.85350036621094 -11.699999809265137
vertex -18.708635330200195 -35.96188735961914 -11.699999809265137
vertex -18.546424865722656 -21.146394729614258 -11.699999809265137
endloop
endfacet
facet normal 0 0 -1
outer loop
vertex -18.438037872314453 -35.69129180908203 -11.699999809265137
vertex -18.546424865722656 -35.85350036621094 -11.699999809265137
vertex -18.438037872314453 -21.30860710144043 -11.699999809265137
endloop
endfacet
facet normal 0 0 -1
outer loop
vertex -18.399978637695312 -35.49995040893555 -11.699999809265137
vertex -18.438037872314453 -35.69129180908203 -11.699999809265137
vertex -18.399978637695312 -21.499948501586914 -11.699999809265137
endloop
endfacet
facet normal 0 1 0
outer loop
vertex -18.899978637695312 -35.99995040893555 -14.751737594604492
vertex -37.89997863769531 -35.99995040893555 -11.699999809265137
vertex -18.899978637695312 -35.99995040893555 -11.699999809265137
endloop
endfacet
facet normal -0.9807861986664705 0.19508570553829574 0
outer loop
vertex -18.438037872314453 -35.69129180908203 -14.724189758300781
vertex -18.438037872314453 -35.69129180908203 -11.699999809265137
vertex -18.399978637695312 -35.49995040893555 -14.707113265991211
endloop
endfacet
facet normal -0.83146321751404 0.5555798033776966 0
outer loop
vertex -18.546424865722656 -35.85350036621094 -14.738667488098145
vertex -18.546424865722656 -35.85350036621094 -11.699999809265137
vertex -18.438037872314453 -35.69129180908203 -14.724189758300781
endloop
endfacet
facet normal -0.5555752870430771 0.8314662352898057 0
outer loop
vertex -18.708635330200195 -35.96188735961914 -14.748340606689453
vertex -18.708635330200195 -35.96188735961914 -11.699999809265137
vertex -18.546424865722656 -35.85350036621094 -14.738667488098145
endloop
endfacet
facet normal -0.1951026439868559 0.9807828293303967 0
outer loop
vertex -18.708635330200195 -35.96188735961914 -14.748340606689453
vertex -18.899978637695312 -35.99995040893555 -14.751737594604492
vertex -18.899978637695312 -35.99995040893555 -11.699999809265137
endloop
endfacet
facet normal 0 1 0
outer loop
vertex -18.899978637695312 -35.99995040893555 -14.751737594604492
vertex -37.89997863769531 -35.99995040893555 -14.751737594604492
vertex -37.89997863769531 -35.99995040893555 -11.699999809265137
endloop
endfacet
facet normal 0.19509511019462947 -0.980784327963159 0
outer loop
vertex -38.0913200378418 -21.038009643554688 -11.699999809265137
vertex -38.0913200378418 -21.038009643554688 -13.416419982910156
vertex -37.89997863769531 -20.999948501586914 -11.699999809265137
endloop
endfacet
facet normal 0.555564011675507 -0.8314737692381023 0
outer loop
vertex -38.25353240966797 -21.146394729614258 -11.699999809265137
vertex -38.25353240966797 -21.146394729614258 -13.426093101501465
vertex -38.0913200378418 -21.038009643554688 -11.699999809265137
endloop
endfacet
facet normal 0.831469252991977 -0.5555707707654927 0
outer loop
vertex -38.36191940307617 -21.30860710144043 -11.699999809265137
vertex -38.36191940307617 -21.30860710144043 -13.440569877624512
vertex -38.25353240966797 -21.146394729614258 -11.699999809265137
endloop
endfacet
facet normal 0.9807861986664705 -0.19508570553829574 0
outer loop
vertex -38.39997863769531 -21.499948501586914 -11.699999809265137
vertex -38.39997863769531 -21.499948501586914 -13.457646369934082
vertex -38.36191940307617 -21.30860710144043 -11.699999809265137
endloop
endfacet
facet normal 0 0 -1
outer loop
vertex -37.89997863769531 -20.999948501586914 -11.699999809265137
vertex -38.0913200378418 -35.96188735961914 -11.699999809265137
vertex -38.0913200378418 -21.038009643554688 -11.699999809265137
endloop
endfacet
facet normal 0 0 -1
outer loop
vertex -38.0913200378418 -21.038009643554688 -11.699999809265137
vertex -38.25353240966797 -35.85350036621094 -11.699999809265137
vertex -38.25353240966797 -21.146394729614258 -11.699999809265137
endloop
endfacet
facet normal 0 0 -1
outer loop
vertex -38.25353240966797 -21.146394729614258 -11.699999809265137
vertex -38.36191940307617 -35.69129180908203 -11.699999809265137
vertex -38.36191940307617 -21.30860710144043 -11.699999809265137
endloop
endfacet
facet normal 0 0 -1
outer loop
vertex -38.36191940307617 -21.30860710144043 -11.699999809265137
vertex -38.39997863769531 -35.49995040893555 -11.699999809265137
vertex -38.39997863769531 -21.499948501586914 -11.699999809265137
endloop
endfacet
facet normal 0.19509511019462944 -0.980784327963159 0
outer loop
vertex -38.0913200378418 -21.038009643554688 -13.416419982910156
vertex -37.89997863769531 -20.999948501586914 -13.413022994995117
vertex -37.89997863769531 -20.999948501586914 -11.699999809265137
endloop
endfacet
facet normal 0.5555640116755071 -0.8314737692381025 0
outer loop
vertex -38.25353240966797 -21.146394729614258 -13.426093101501465
vertex -38.0913200378418 -21.038009643554688 -13.416419982910156
vertex -38.0913200378418 -21.038009643554688 -11.699999809265137
endloop
endfacet
facet normal 0.831469252991977 -0.5555707707654927 0
outer loop
vertex -38.36191940307617 -21.30860710144043 -13.440569877624512
vertex -38.25353240966797 -21.146394729614258 -13.426093101501465
vertex -38.25353240966797 -21.146394729614258 -11.699999809265137
endloop
endfacet
facet normal 0 0 -1
outer loop
vertex -37.89997863769531 -35.99995040893555 -11.699999809265137
vertex -24.149978637695312 -25.249948501586914 -11.699999809265137
vertex -24.149978637695312 -31.749948501586914 -11.699999809265137
endloop
endfacet
facet normal 0.9807861986664705 -0.19508570553829574 0
outer loop
vertex -38.39997863769531 -21.499948501586914 -13.457646369934082
vertex -38.36191940307617 -21.30860710144043 -13.440569877624512
vertex -38.36191940307617 -21.30860710144043 -11.699999809265137
endloop
endfacet
facet normal 1 0 0
outer loop
vertex -38.39997863769531 -21.499948501586914 -11.699999809265137
vertex -38.39997863769531 -35.49995040893555 -14.707113265991211
vertex -38.39997863769531 -21.499948501586914 -13.457646369934082
endloop
endfacet
facet normal 0 0 -1
outer loop
vertex -18.899978637695312 -35.99995040893555 -11.699999809265137
vertex -21.649978637695312 -31.749948501586914 -11.699999809265137
vertex -18.899978637695312 -20.999948501586914 -11.699999809265137
endloop
endfacet
facet normal 0 0 -1
outer loop
vertex -37.89997863769531 -35.99995040893555 -11.699999809265137
vertex -38.0913200378418 -35.96188735961914 -11.699999809265137
vertex -37.89997863769531 -20.999948501586914 -11.699999809265137
endloop
endfacet
facet normal 0 0 -1
outer loop
vertex -38.25353240966797 -35.85350036621094 -11.699999809265137
vertex -38.36191940307617 -35.69129180908203 -11.699999809265137
vertex -38.25353240966797 -21.146394729614258 -11.699999809265137
endloop
endfacet
facet normal 0 0 -1
outer loop
vertex -38.0913200378418 -35.96188735961914 -11.699999809265137
vertex -38.25353240966797 -35.85350036621094 -11.699999809265137
vertex -38.0913200378418 -21.038009643554688 -11.699999809265137
endloop
endfacet
facet normal 0 0 -1
outer loop
vertex -38.36191940307617 -35.69129180908203 -11.699999809265137
vertex -38.39997863769531 -35.49995040893555 -11.699999809265137
vertex -38.36191940307617 -21.30860710144043 -11.699999809265137
endloop
endfacet
facet normal 1 0 0
outer loop
vertex -38.39997863769531 -35.49995040893555 -11.699999809265137
vertex -38.39997863769531 -35.49995040893555 -14.707113265991211
vertex -38.39997863769531 -21.499948501586914 -11.699999809265137
endloop
endfacet
facet normal 0.19510451479714808 0.9807824571768041 0
outer loop
vertex -37.89997863769531 -35.99995040893555 -14.751737594604492
vertex -38.0913200378418 -35.96188735961914 -11.699999809265137
vertex -37.89997863769531 -35.99995040893555 -11.699999809265137
endloop
endfacet
facet normal 0.5555707707654927 0.831469252991977 0
outer loop
vertex -38.0913200378418 -35.96188735961914 -11.699999809265137
vertex -38.0913200378418 -35.96188735961914 -14.748340606689453
vertex -38.25353240966797 -35.85350036621094 -11.699999809265137
endloop
endfacet
facet normal 0.83146321751404 0.5555798033776966 0
outer loop
vertex -38.25353240966797 -35.85350036621094 -11.699999809265137
vertex -38.25353240966797 -35.85350036621094 -14.738667488098145
vertex -38.36191940307617 -35.69129180908203 -11.699999809265137
endloop
endfacet
facet normal 0.9807861986664705 0.19508570553829574 0
outer loop
vertex -38.36191940307617 -35.69129180908203 -11.699999809265137
vertex -38.36191940307617 -35.69129180908203 -14.724189758300781
vertex -38.39997863769531 -35.49995040893555 -11.699999809265137
endloop
endfacet
facet normal 0.1951045147971481 0.9807824571768041 0
outer loop
vertex -37.89997863769531 -35.99995040893555 -14.751737594604492
vertex -38.0913200378418 -35.96188735961914 -14.748340606689453
vertex -38.0913200378418 -35.96188735961914 -11.699999809265137
endloop
endfacet
facet normal -1 0 0
outer loop
vertex -18.399978637695312 -21.499948501586914 -13.457646369934082
vertex -18.399978637695312 -35.49995040893555 -11.699999809265137
vertex -18.399978637695312 -21.499948501586914 -11.699999809265137
endloop
endfacet
facet normal 0 0 -1
outer loop
vertex -18.899978637695312 -20.999948501586914 -11.699999809265137
vertex -21.649978637695312 -31.749948501586914 -11.699999809265137
vertex -21.649978637695312 -25.249948501586914 -11.699999809265137
endloop
endfacet
facet normal -0.831469252991977 -0.5555707707654927 0
outer loop
vertex -18.438037872314453 -21.30860710144043 -13.440569877624512
vertex -18.438037872314453 -21.30860710144043 -11.699999809265137
vertex -18.546424865722656 -21.146394729614258 -13.426093101501465
endloop
endfacet
facet normal -0.19509323946737925 -0.9807847000815845 0
outer loop
vertex -18.899978637695312 -20.999948501586914 -13.413022994995117
vertex -18.708635330200195 -21.038009643554688 -13.416419982910156
vertex -18.708635330200195 -21.038009643554688 -11.699999809265137
endloop
endfacet
facet normal -0.19510264398685592 0.9807828293303968 0
outer loop
vertex -18.708635330200195 -35.96188735961914 -11.699999809265137
vertex -18.708635330200195 -35.96188735961914 -14.748340606689453
vertex -18.899978637695312 -35.99995040893555 -11.699999809265137
endloop
endfacet
facet normal -0.5555685279472081 -0.8314707515929664 0
outer loop
vertex -18.708635330200195 -21.038009643554688 -13.416419982910156
vertex -18.546424865722656 -21.146394729614258 -13.426093101501465
vertex -18.546424865722656 -21.146394729614258 -11.699999809265137
endloop
endfacet
facet normal 0 -1 0
outer loop
vertex -37.89997863769531 -20.999948501586914 -11.699999809265137
vertex -37.89997863769531 -20.999948501586914 -13.413022994995117
vertex -18.899978637695312 -20.999948501586914 -11.699999809265137
endloop
endfacet
facet normal 0.8314632175140401 0.5555798033776967 0
outer loop
vertex -38.25353240966797 -35.85350036621094 -14.738667488098145
vertex -38.36191940307617 -35.69129180908203 -14.724189758300781
vertex -38.36191940307617 -35.69129180908203 -11.699999809265137
endloop
endfacet
facet normal 0.5555707707654927 0.831469252991977 0
outer loop
vertex -38.0913200378418 -35.96188735961914 -14.748340606689453
vertex -38.25353240966797 -35.85350036621094 -14.738667488098145
vertex -38.25353240966797 -35.85350036621094 -11.699999809265137
endloop
endfacet
facet normal 0.9807861986664707 0.19508570553829577 0
outer loop
vertex -38.36191940307617 -35.69129180908203 -14.724189758300781
vertex -38.39997863769531 -35.49995040893555 -14.707113265991211
vertex -38.39997863769531 -35.49995040893555 -11.699999809265137
endloop
endfacet
facet normal -0.5555685279472081 -0.8314707515929664 0
outer loop
vertex -18.708635330200195 -21.038009643554688 -11.699999809265137
vertex -18.708635330200195 -21.038009643554688 -13.416419982910156
vertex -18.546424865722656 -21.146394729614258 -11.699999809265137
endloop
endfacet
facet normal -0.19509323946737925 -0.9807847000815845 0
outer loop
vertex -18.899978637695312 -20.999948501586914 -11.699999809265137
vertex -18.899978637695312 -20.999948501586914 -13.413022994995117
vertex -18.708635330200195 -21.038009643554688 -11.699999809265137
endloop
endfacet
facet normal -0.5555752870430771 0.8314662352898057 0
outer loop
vertex -18.546424865722656 -35.85350036621094 -11.699999809265137
vertex -18.546424865722656 -35.85350036621094 -14.738667488098145
vertex -18.708635330200195 -35.96188735961914 -11.699999809265137
endloop
endfacet
facet normal -0.8314632175140401 0.5555798033776967 0
outer loop
vertex -18.438037872314453 -35.69129180908203 -11.699999809265137
vertex -18.438037872314453 -35.69129180908203 -14.724189758300781
vertex -18.546424865722656 -35.85350036621094 -11.699999809265137
endloop
endfacet
facet normal -0.9807861986664707 0.19508570553829577 0
outer loop
vertex -18.399978637695312 -35.49995040893555 -14.707113265991211
vertex -18.438037872314453 -35.69129180908203 -11.699999809265137
vertex -18.399978637695312 -35.49995040893555 -11.699999809265137
endloop
endfacet
facet normal -1 0 0
outer loop
vertex -18.399978637695312 -35.49995040893555 -11.699999809265137
vertex -18.399978637695312 -21.499948501586914 -13.457646369934082
vertex -18.399978637695312 -35.49995040893555 -14.707113265991211
endloop
endfacet
facet normal -0.9807861986664705 -0.19508570553829574 0
outer loop
vertex -18.399978637695312 -21.499948501586914 -13.457646369934082
vertex -18.399978637695312 -21.499948501586914 -11.699999809265137
vertex -18.438037872314453 -21.30860710144043 -13.440569877624512
endloop
endfacet
facet normal 0 -1 0
outer loop
vertex -37.89997863769531 -20.999948501586914 -13.413022994995117
vertex -18.899978637695312 -20.999948501586914 -13.413022994995117
vertex -18.899978637695312 -20.999948501586914 -11.699999809265137
endloop
endfacet
facet normal 0 0 -1
outer loop
vertex -24.149978637695312 -25.249948501586914 -11.699999809265137
vertex -37.89997863769531 -35.99995040893555 -11.699999809265137
vertex -18.899978637695312 -20.999948501586914 -11.699999809265137
endloop
endfacet
facet normal 0 0 -1
outer loop
vertex -18.899978637695312 -20.999948501586914 -11.699999809265137
vertex -21.649978637695312 -25.249948501586914 -11.699999809265137
vertex -24.149978637695312 -25.249948501586914 -11.699999809265137
endloop
endfacet
facet normal 0 0 -1
outer loop
vertex -18.546424865722656 -21.146394729614258 -11.699999809265137
vertex -18.708635330200195 -35.96188735961914 -11.699999809265137
vertex -18.708635330200195 -21.038009643554688 -11.699999809265137
endloop
endfacet
facet normal 0 0 -1
outer loop
vertex -18.708635330200195 -21.038009643554688 -11.699999809265137
vertex -18.899978637695312 -35.99995040893555 -11.699999809265137
vertex -18.899978637695312 -20.999948501586914 -11.699999809265137
endloop
endfacet
facet normal 0 0 -1
outer loop
vertex -18.438037872314453 -21.30860710144043 -11.699999809265137
vertex -18.546424865722656 -35.85350036621094 -11.699999809265137
vertex -18.546424865722656 -21.146394729614258 -11.699999809265137
endloop
endfacet
facet normal 0 0 -1
outer loop
vertex -18.399978637695312 -21.499948501586914 -11.699999809265137
vertex -18.438037872314453 -35.69129180908203 -11.699999809265137
vertex -18.438037872314453 -21.30860710144043 -11.699999809265137
endloop
endfacet
facet normal -0.9807861986664705 -0.19508570553829574 0
outer loop
vertex -18.438037872314453 -21.30860710144043 -11.699999809265137
vertex -18.438037872314453 -21.30860710144043 -13.440569877624512
vertex -18.399978637695312 -21.499948501586914 -11.699999809265137
endloop
endfacet
facet normal 0 0 -1
outer loop
vertex -18.899978637695312 -35.99995040893555 -11.699999809265137
vertex -37.89997863769531 -35.99995040893555 -11.699999809265137
vertex -24.149978637695312 -31.749948501586914 -11.699999809265137
endloop
endfacet
facet normal 0.11384609955409762 -0.697880436769845 0.7071081682389541
outer loop
vertex 49.7806396484375 -56.68631362915039 -0.5
vertex 49.836997985839844 -57.18373107910156 -1
vertex 50.349159240722656 -57.100181579589844 -1
endloop
endfacet
facet normal 0.11384602054291044 -0.6978804932863996 0.7071081251809194
outer loop
vertex 50.349159240722656 -57.100181579589844 -1
vertex 50.22966384887695 -56.61306381225586 -0.5
vertex 49.7806396484375 -56.68631362915039 -0.5
endloop
endfacet
facet normal 0.22203863906681118 -0.6713408582454143 0.707106989649847
outer loop
vertex 50.22966384887695 -56.61306381225586 -0.5
vertex 50.969364166259766 -56.89505386352539 -1
vertex 50.769309997558594 -56.4345817565918 -0.5
endloop
endfacet
facet normal 0.22203998200962782 -0.6713392668266848 0.707108078871804
outer loop
vertex 50.969364166259766 -56.89505386352539 -1
vertex 50.22966384887695 -56.61306381225586 -0.5
vertex 50.349159240722656 -57.100181579589844 -1
endloop
endfacet
facet normal 0.33918408686300994 -0.6204466171200942 0.7071068876224706
outer loop
vertex 51.5648078918457 -56.56953811645508 -1
vertex 51.285484313964844 -56.152400970458984 -0.5
vertex 50.769309997558594 -56.4345817565918 -0.5
endloop
endfacet
facet normal 0.3391841779499123 -0.6204464527323595 0.707106988171008
outer loop
vertex 50.769309997558594 -56.4345817565918 -0.5
vertex 50.969364166259766 -56.89505386352539 -1
vertex 51.5648078918457 -56.56953811645508 -1
endloop
endfacet
facet normal 0.44451652081202153 -0.5499122295443366 0.7071079143403447
outer loop
vertex 52.0649528503418 -56.165252685546875 -1
vertex 51.7166748046875 -55.80385208129883 -0.5
vertex 51.285484313964844 -56.152400970458984 -0.5
endloop
endfacet
facet normal 0.4445157749115726 -0.54991426056233 0.7071068037326116
outer loop
vertex 51.285484313964844 -56.152400970458984 -0.5
vertex 51.5648078918457 -56.56953811645508 -1
vertex 52.0649528503418 -56.165252685546875 -1
endloop
endfacet
facet normal 0.5330990626894803 -0.4645464862740461 0.707108161068754
outer loop
vertex 51.7166748046875 -55.80385208129883 -0.5
vertex 52.0649528503418 -56.165252685546875 -1
vertex 52.08736801147461 -55.378456115722656 -0.5
endloop
endfacet
facet normal 0.5331027317321578 -0.4645453198972249 0.7071061611818242
outer loop
vertex 52.08736801147461 -55.378456115722656 -0.5
vertex 52.0649528503418 -56.165252685546875 -1
vertex 52.49411392211914 -55.67275619506836 -1
endloop
endfacet
facet normal 0.6079681575526572 -0.3610754973058595 0.7071062187870741
outer loop
vertex 52.08736801147461 -55.378456115722656 -0.5
vertex 52.49411392211914 -55.67275619506836 -1
vertex 52.84063720703125 -55.089290618896484 -1
endloop
endfacet
facet normal 0.6079681726662595 -0.3610760256361195 0.7071059360065319
outer loop
vertex 52.84063720703125 -55.089290618896484 -1
vertex 52.38665008544922 -54.874534606933594 -0.5
vertex 52.08736801147461 -55.378456115722656 -0.5
endloop
endfacet
facet normal 0.6647733790118376 -0.2409922019492647 0.707106154093449
outer loop
vertex 52.38665008544922 -54.874534606933594 -0.5
vertex 52.84063720703125 -55.089290618896484 -1
vertex 53.258522033691406 -53.936561584472656 -1
endloop
endfacet
facet normal 0.6647988786303969 -0.2410367849572162 0.7070669835802372
outer loop
vertex 52.38665008544922 -54.874534606933594 -0.5
vertex 53.258522033691406 -53.936561584472656 -1
vertex 52.788509368896484 -53.76617431640625 -0.5
endloop
endfacet
facet normal 0.6425233134691546 -0.29853320978011627 0.7057207055960593
outer loop
vertex 52.788509368896484 -53.76617431640625 -0.5
vertex 53.258522033691406 -53.936561584472656 -1
vertex 52.823081970214844 -53.69176483154297 -0.5
endloop
endfacet
facet normal 0.616666927876965 -0.346682616515649 0.7067765300776827
outer loop
vertex 52.823081970214844 -53.69176483154297 -0.5
vertex 53.48605728149414 -53.531829833984375 -1
vertex 53.05061721801758 -53.28703308105469 -0.5
endloop
endfacet
facet normal 0.616666927876965 -0.346682616515649 0.7067765300776827
outer loop
vertex 53.48605728149414 -53.531829833984375 -1
vertex 52.823081970214844 -53.69176483154297 -0.5
vertex 53.258522033691406 -53.936561584472656 -1
endloop
endfacet
facet normal 0.5857528348623247 -0.3990047536400889 0.7054706393772615
outer loop
vertex 53.05061721801758 -53.28703308105469 -0.5
vertex 53.48605728149414 -53.531829833984375 -1
vertex 53.0941162109375 -53.223175048828125 -0.5
endloop
endfacet
facet normal 0.5561486125991689 -0.43796761402124795 0.7063165648436647
outer loop
vertex 53.0941162109375 -53.223175048828125 -0.5
vertex 53.773319244384766 -53.16705322265625 -1
vertex 53.381378173828125 -52.8583984375 -0.5
endloop
endfacet
facet normal 0.5561486125991689 -0.43796761402124795 0.7063165648436647
outer loop
vertex 53.773319244384766 -53.16705322265625 -1
vertex 53.0941162109375 -53.223175048828125 -0.5
vertex 53.48605728149414 -53.531829833984375 -1
endloop
endfacet
facet normal 0.5186607102143455 -0.48357628185074497 0.7050851347967559
outer loop
vertex 53.381378173828125 -52.8583984375 -0.5
vertex 53.773319244384766 -53.16705322265625 -1
vertex 53.43400955200195 -52.80194854736328 -0.5
endloop
endfacet
facet normal 0.48212424190500847 -0.518776111365527 0.7059940238018897
outer loop
vertex 53.43400955200195 -52.80194854736328 -0.5
vertex 53.773319244384766 -53.16705322265625 -1
vertex 54.113426208496094 -52.850975036621094 -1
endloop
endfacet
facet normal 0.48311859210000163 -0.5163315429301569 0.7071054827553495
outer loop
vertex 54.113426208496094 -52.850975036621094 -1
vertex 53.773048400878906 -52.484718322753906 -0.5
vertex 53.43400955200195 -52.80194854736328 -0.5
endloop
endfacet
facet normal 0.42771906958687594 -0.5653452055619657 0.7052951127434784
outer loop
vertex 53.773048400878906 -52.484718322753906 -0.5
vertex 54.113426208496094 -52.850975036621094 -1
vertex 53.83466339111328 -52.43810272216797 -0.5
endloop
endfacet
facet normal 0.39640557376229274 -0.5871090788775534 0.7058084376016897
outer loop
vertex 53.83466339111328 -52.43810272216797 -0.5
vertex 54.113426208496094 -52.850975036621094 -1
vertex 54.498233795166016 -52.59115982055664 -1
endloop
endfacet
facet normal 0.39799121245015456 -0.584470257342465 0.7071050226766096
outer loop
vertex 53.83466339111328 -52.43810272216797 -0.5
vertex 54.498233795166016 -52.59115982055664 -1
vertex 54.21844482421875 -52.1767692565918 -0.5
endloop
endfacet
facet normal 0.3348041038800733 -0.6249093221715577 0.7052620442701744
outer loop
vertex 54.21844482421875 -52.1767692565918 -0.5
vertex 54.498233795166016 -52.59115982055664 -1
vertex 54.28654861450195 -52.140281677246094 -0.5
endloop
endfacet
facet normal 0.3031345149546041 -0.6388371529248947 0.7071043472402441
outer loop
vertex 54.91852569580078 -52.39383316040039 -1
vertex 54.70602798461914 -51.94123458862305 -0.5
vertex 54.28654861450195 -52.140281677246094 -0.5
endloop
endfacet
facet normal 0.30108519577332016 -0.6412902802102748 0.7057580898537179
outer loop
vertex 54.28654861450195 -52.140281677246094 -0.5
vertex 54.498233795166016 -52.59115982055664 -1
vertex 54.91852569580078 -52.39383316040039 -1
endloop
endfacet
facet normal 0.23539502168740037 -0.6686674523281998 0.705317674499727
outer loop
vertex 54.70602798461914 -51.94123458862305 -0.5
vertex 54.91852569580078 -52.39383316040039 -1
vertex 54.77891159057617 -51.91557693481445 -0.5
endloop
endfacet
facet normal 0.1985045595149606 -0.6799834562158135 0.7058459032427462
outer loop
vertex 54.77891159057617 -51.91557693481445 -0.5
vertex 55.364227294921875 -52.26372528076172 -1
vertex 55.224613189697266 -51.785465240478516 -0.5
endloop
endfacet
facet normal 0.1984999235125742 -0.6799875117530755 0.7058433000499214
outer loop
vertex 54.77891159057617 -51.91557693481445 -0.5
vertex 54.91852569580078 -52.39383316040039 -1
vertex 55.364227294921875 -52.26372528076172 -1
endloop
endfacet
facet normal 0.1482775891735149 -0.6936458595498187 0.7048894793357917
outer loop
vertex 55.224613189697266 -51.785465240478516 -0.5
vertex 55.364227294921875 -52.26372528076172 -1
vertex 55.300045013427734 -51.76934051513672 -0.5
endloop
endfacet
facet normal 0.09116897423032658 -0.7022512780822513 0.7060675325842668
outer loop
vertex 55.824668884277344 -52.203948974609375 -1
vertex 55.7604866027832 -51.709564208984375 -0.5
vertex 55.300045013427734 -51.76934051513672 -0.5
endloop
endfacet
facet normal 0.09116897423032658 -0.7022512780822513 0.7060675325842668
outer loop
vertex 55.300045013427734 -51.76934051513672 -0.5
vertex 55.364227294921875 -52.26372528076172 -1
vertex 55.824668884277344 -52.203948974609375 -1
endloop
endfacet
facet normal 0.061757879070454304 -0.7057562529195786 0.7057578025340101
outer loop
vertex 55.7604866027832 -51.709564208984375 -0.5
vertex 55.824668884277344 -52.203948974609375 -1
vertex 55.82448196411133 -51.70396423339844 -0.5
endloop
endfacet
facet normal 0.0002663064999077815 -0.7071067898772864 0.707106722348393
outer loop
vertex 66.4901123046875 -52.199947357177734 -1
vertex 66.48011016845703 -51.699951171875 -0.5
vertex 55.82448196411133 -51.70396423339844 -0.5
endloop
endfacet
facet normal 0.0002653067095491107 -0.7071174963847346 0.7070960160536436
outer loop
vertex 55.82448196411133 -51.70396423339844 -0.5
vertex 55.824668884277344 -52.203948974609375 -1
vertex 66.4901123046875 -52.199947357177734 -1
endloop
endfacet
facet normal 0.028011327800976944 -0.7065539949761105 0.7071045309557313
outer loop
vertex 66.93948364257812 -52.18212890625 -1
vertex 66.88972473144531 -51.683712005615234 -0.5
vertex 66.48011016845703 -51.699951171875 -0.5
endloop
endfacet
facet normal 0.028016152056718046 -0.7065516403942166 0.707106692572045
outer loop
vertex 66.48011016845703 -51.699951171875 -0.5
vertex 66.4901123046875 -52.199947357177734 -1
vertex 66.93948364257812 -52.18212890625 -1
endloop
endfacet
facet normal 0.11222213664518803 -0.6981480275712664 0.707103615918586
outer loop
vertex 66.88972473144531 -51.683712005615234 -0.5
vertex 67.52764129638672 -52.08758544921875 -1
vertex 67.869140625 -52.032691955566406 -1
endloop
endfacet
facet normal 0.11222609644781234 -0.6981430521351046 0.7071078998509117
outer loop
vertex 67.869140625 -52.032691955566406 -1
vertex 67.7503662109375 -51.54536437988281 -0.5
vertex 66.88972473144531 -51.683712005615234 -0.5
endloop
endfacet
facet normal 0.11222367262949881 -0.6981468000872089 0.7071045840818301
outer loop
vertex 66.88972473144531 -51.683712005615234 -0.5
vertex 66.93948364257812 -52.18212890625 -1
vertex 67.52764129638672 -52.08758544921875 -1
endloop
endfacet
facet normal 0.22158813851988032 -0.6714887028028275 0.707107925903444
outer loop
vertex 67.7503662109375 -51.54536437988281 -0.5
vertex 67.869140625 -52.032691955566406 -1
vertex 68.68663024902344 -51.76292419433594 -1
endloop
endfacet
facet normal 0.2215869311575751 -0.6714906086887062 0.7071064943719856
outer loop
vertex 68.68663024902344 -51.76292419433594 -1
vertex 68.49258422851562 -51.300437927246094 -0.5
vertex 67.7503662109375 -51.54536437988281 -0.5
endloop
endfacet
facet normal 0.32388137472192247 -0.628570795574477 0.7071065054566437
outer loop
vertex 68.49258422851562 -51.300437927246094 -0.5
vertex 68.68663024902344 -51.76292419433594 -1
vertex 68.93125915527344 -51.63687515258789 -1
endloop
endfacet
facet normal 0.32387636029885114 -0.6285750830187129 0.7071049909649816
outer loop
vertex 68.49258422851562 -51.300437927246094 -0.5
vertex 68.93125915527344 -51.63687515258789 -1
vertex 69.52191162109375 -51.33253860473633 -1
endloop
endfacet
facet normal 0.32387818246911015 -0.628570271717644 0.7071084332924569
outer loop
vertex 69.52191162109375 -51.33253860473633 -1
vertex 69.25743865966797 -50.90633773803711 -0.5
vertex 68.49258422851562 -51.300437927246094 -0.5
endloop
endfacet
facet normal 0.4194318138156282 -0.5692756678425163 0.7071083138825262
outer loop
vertex 69.25743865966797 -50.90633773803711 -0.5
vertex 69.52191162109375 -51.33253860473633 -1
vertex 70.21495819091797 -50.82191467285156 -1
endloop
endfacet
facet normal 0.4194305005163482 -0.5692808452103606 0.7071049246845783
outer loop
vertex 70.21495819091797 -50.82191467285156 -1
vertex 69.88671112060547 -50.44270706176758 -0.5
vertex 69.25743865966797 -50.90633773803711 -0.5
endloop
endfacet
facet normal 0.5033006593810403 -0.4966809263093186 0.7071043089298262
outer loop
vertex 69.88671112060547 -50.44270706176758 -0.5
vertex 70.21495819091797 -50.82191467285156 -1
vertex 70.8749771118164 -50.153099060058594 -1
endloop
endfacet
facet normal 0.5033008566883594 -0.4966766207504331 0.7071071927626631
outer loop
vertex 70.8749771118164 -50.153099060058594 -1
vertex 70.49107360839844 -49.830284118652344 -0.5
vertex 69.88671112060547 -50.44270706176758 -0.5
endloop
endfacet
facet normal 0.5756754528292463 -0.4106051445796689 0.7071076214088994
outer loop
vertex 70.49107360839844 -49.830284118652344 -0.5
vertex 71.3748550415039 -49.45226287841797 -1
vertex 70.9449462890625 -49.193946838378906 -0.5
endloop
endfacet
facet normal 0.5756755049621095 -0.4106059120957698 0.7071071332822356
outer loop
vertex 70.49107360839844 -49.830284118652344 -0.5
vertex 70.8749771118164 -50.153099060058594 -1
vertex 71.3748550415039 -49.45226287841797 -1
endloop
endfacet
facet normal 0.632805496496441 -0.315523385832169 0.707108334413403
outer loop
vertex 71.79414367675781 -48.611351013183594 -1
vertex 71.3288803100586 -48.4239387512207 -0.5
vertex 70.9449462890625 -49.193946838378906 -0.5
endloop
endfacet
facet normal 0.6328058003016743 -0.31552448164742436 0.707107573559838
outer loop
vertex 70.9449462890625 -49.193946838378906 -0.5
vertex 71.3748550415039 -49.45226287841797 -1
vertex 71.79414367675781 -48.611351013183594 -1
endloop
endfacet
facet normal 0.6748253967350704 -0.2112159594862192 0.7071057222082641
outer loop
vertex 72.05127716064453 -47.7898063659668 -1
vertex 71.5623550415039 -47.67799758911133 -0.5
vertex 71.3288803100586 -48.4239387512207 -0.5
endloop
endfacet
facet normal 0.6748261472270185 -0.2112178165567283 0.7071044512572005
outer loop
vertex 71.3288803100586 -48.4239387512207 -0.5
vertex 71.82389831542969 -48.516265869140625 -1
vertex 72.05127716064453 -47.7898063659668 -1
endloop
endfacet
facet normal 0.6748369855197788 -0.21117421515904175 0.7071071303745567
outer loop
vertex 71.3288803100586 -48.4239387512207 -0.5
vertex 71.79414367675781 -48.611351013183594 -1
vertex 71.82389831542969 -48.516265869140625 -1
endloop
endfacet
facet normal 0.6995546742554869 -0.1030873015173319 0.7071041408400704
outer loop
vertex 72.07774353027344 -47.61018753051758 -1
vertex 71.57235717773438 -47.61012268066406 -0.5
vertex 71.5623550415039 -47.67799758911133 -0.5
endloop
endfacet
facet normal 0.6995547231816357 -0.10307757442624535 0.7071055104612513
outer loop
vertex 72.05127716064453 -47.7898063659668 -1
vertex 72.07774353027344 -47.61018753051758 -1
vertex 71.5623550415039 -47.67799758911133 -0.5
endloop
endfacet
facet normal 0.7071067730112629 -0.00008718663551926055 0.7071067839867533
outer loop
vertex 72.19068908691406 -27.110198974609375 -1
vertex 72.19129943847656 -22.160085678100586 -1
vertex 71.69129943847656 -22.160022735595703 -0.5
endloop
endfacet
facet normal 0.7071067731775622 -0.00008718660194553507 0.707106783820458
outer loop
vertex 71.69068908691406 -27.110137939453125 -0.5
vertex 72.19068908691406 -27.110198974609375 -1
vertex 71.69129943847656 -22.160022735595703 -0.5
endloop
endfacet
facet normal 0.7071067731152 -0.00008718661453567909 0.7071067838828187
outer loop
vertex 72.19383239746094 -1.6600849628448486 -1
vertex 72.19444274902344 3.290029525756836 -1
vertex 71.69383239746094 -1.6600232124328613 -0.5
endloop
endfacet
facet normal 0.7071067731152 -0.00008718661453567909 0.7071067838828187
outer loop
vertex 72.19444274902344 3.290029525756836 -1
vertex 71.69444274902344 3.2900912761688232 -0.5
vertex 71.69383239746094 -1.6600232124328613 -0.5
endloop
endfacet
facet normal 0.7071067731775622 -0.00008718660194553507 0.707106783820458
outer loop
vertex 72.19758605957031 28.740144729614258 -1
vertex 71.69758605957031 28.740205764770508 -0.5
vertex 71.69697570800781 23.790090560913086 -0.5
endloop
endfacet
facet normal 0.7071067731775622 -0.00008718660194553507 0.707106783820458
outer loop
vertex 72.19697570800781 23.790029525756836 -1
vertex 72.19758605957031 28.740144729614258 -1
vertex 71.69697570800781 23.790090560913086 -0.5
endloop
endfacet
facet normal 0.698149117031998 0.11222295121132556 0.7071024109765587
outer loop
vertex 72.03276062011719 49.869171142578125 -1
vertex 71.54544067382812 49.750396728515625 -0.5
vertex 71.62744903564453 49.24021530151367 -0.5
endloop
endfacet
facet normal 0.6981421384056493 0.1122318083426744 0.707107895429347
outer loop
vertex 72.13388061523438 49.240150451660156 -1
vertex 72.03276062011719 49.869171142578125 -1
vertex 71.62744903564453 49.24021530151367 -0.5
endloop
endfacet
facet normal 0.671490229369391 0.2215879448564819 0.707106536920515
outer loop
vertex 71.76300048828125 50.6866569519043 -1
vertex 71.3005142211914 50.492610931396484 -0.5
vertex 71.54544067382812 49.750396728515625 -0.5
endloop
endfacet
facet normal 0.6714949366722381 0.22158496279363876 0.7071030011867357
outer loop
vertex 71.54544067382812 49.750396728515625 -0.5
vertex 72.03276062011719 49.869171142578125 -1
vertex 71.76300048828125 50.6866569519043 -1
endloop
endfacet
facet normal 0.6285710695013562 0.32387927853629367 0.7071072220821474
outer loop
vertex 70.90641021728516 51.257469177246094 -0.5
vertex 71.76300048828125 50.6866569519043 -1
vertex 71.33261108398438 51.52193832397461 -1
endloop
endfacet
facet normal 0.628571323092734 0.32388024384351627 0.7071065545116338
outer loop
vertex 71.3005142211914 50.492610931396484 -0.5
vertex 71.76300048828125 50.6866569519043 -1
vertex 70.90641021728516 51.257469177246094 -0.5
endloop
endfacet
facet normal 0.5692804569027723 0.4194275915850808 0.7071069627755828
outer loop
vertex 70.90641021728516 51.257469177246094 -0.5
vertex 71.33261108398438 51.52193832397461 -1
vertex 70.82199096679688 52.21499252319336 -1
endloop
endfacet
facet normal 0.5692752415757636 0.41942891452200337 0.7071103768095544
outer loop
vertex 70.82199096679688 52.21499252319336 -1
vertex 70.44277954101562 51.88673782348633 -0.5
vertex 70.90641021728516 51.257469177246094 -0.5
endloop
endfacet
facet normal 0.49667824980360553 0.5032993724671492 0.7071071049326269
outer loop
vertex 70.1531753540039 52.875003814697266 -1
vertex 69.83036041259766 52.4911003112793 -0.5
vertex 70.44277954101562 51.88673782348633 -0.5
endloop
endfacet
facet normal 0.49667410257607736 0.5032995625209709 0.7071098826889972
outer loop
vertex 70.44277954101562 51.88673782348633 -0.5
vertex 70.82199096679688 52.21499252319336 -1
vertex 70.1531753540039 52.875003814697266 -1
endloop
endfacet
facet normal 0.41060766409047456 0.575674146815544 0.7071072216279223
outer loop
vertex 70.1531753540039 52.875003814697266 -1
vertex 69.19402313232422 52.944976806640625 -0.5
vertex 69.83036041259766 52.4911003112793 -0.5
endloop
endfacet
facet normal 0.41060655065577956 0.5756782739721242 0.7071045081422113
outer loop
vertex 69.19402313232422 52.944976806640625 -0.5
vertex 70.1531753540039 52.875003814697266 -1
vertex 69.45233154296875 53.37488555908203 -1
endloop
endfacet
facet normal 0.31552264911569167 0.6328071539315901 0.7071071798730493
outer loop
vertex 68.6114273071289 53.79417037963867 -1
vertex 68.42401123046875 53.32891082763672 -0.5
vertex 69.19402313232422 52.944976806640625 -0.5
endloop
endfacet
facet normal 0.31552554955822104 0.6328079580533251 0.7071051660116502
outer loop
vertex 69.19402313232422 52.944976806640625 -0.5
vertex 69.45233154296875 53.37488555908203 -1
vertex 68.6114273071289 53.79417037963867 -1
endloop
endfacet
facet normal 0.21121258133334217 0.674825629532001 0.7071065091011713
outer loop
vertex 67.67807006835938 53.562381744384766 -0.5
vertex 68.42401123046875 53.32891082763672 -0.5
vertex 68.5163345336914 53.82393264770508 -1
endloop
endfacet
facet normal 0.21120820183751657 0.6748267182011809 0.7071067782721269
outer loop
vertex 68.42401123046875 53.32891082763672 -0.5
vertex 68.6114273071289 53.79417037963867 -1
vertex 68.5163345336914 53.82393264770508 -1
endloop
endfacet
facet normal 0.21121444163077627 0.6748231424611779 0.7071083269523984
outer loop
vertex 67.78987884521484 54.051307678222656 -1
vertex 67.67807006835938 53.562381744384766 -0.5
vertex 68.5163345336914 53.82393264770508 -1
endloop
endfacet
facet normal 0.1030753921860254 0.6995534858360261 0.7071070527016132
outer loop
vertex 66.86027526855469 54.18827819824219 -1
vertex 66.8236083984375 53.68828201293945 -0.5
vertex 67.67807006835938 53.562381744384766 -0.5
endloop
endfacet
facet normal 0.10307414180671624 0.699552654622589 0.7071080573019215
outer loop
vertex 66.86027526855469 54.18827819824219 -1
vertex 67.67807006835938 53.562381744384766 -0.5
vertex 67.78987884521484 54.051307678222656 -1
endloop
endfacet
facet normal 0.0000624233716217236 0.7071073970318738 0.7071061625853158
outer loop
vertex -66.49007415771484 54.200050354003906 -1
vertex -66.48018646240234 53.700050354003906 -0.5
vertex 66.86027526855469 54.18827819824219 -1
endloop
endfacet
facet normal 0.00006242491873181745 0.7071071882821482 0.7071063713352074
outer loop
vertex -66.48018646240234 53.700050354003906 -0.5
vertex 66.8236083984375 53.68828201293945 -0.5
vertex 66.86027526855469 54.18827819824219 -1
endloop
endfacet
facet normal -0.028016172299537696 0.7065521509067738 0.7071061816578145
outer loop
vertex -66.48018646240234 53.700050354003906 -0.5
vertex -66.49007415771484 54.200050354003906 -1
vertex -66.93944549560547 54.18223190307617 -1
endloop
endfacet
facet normal -0.0280130826544084 0.7065536585103676 0.7071047976402168
outer loop
vertex -66.93944549560547 54.18223190307617 -1
vertex -66.88967895507812 53.683815002441406 -0.5
vertex -66.48018646240234 53.700050354003906 -0.5
endloop
endfacet
facet normal -0.11222609644781234 0.6981430521351046 0.7071078998509117
outer loop
vertex -67.86909484863281 54.03279495239258 -1
vertex -67.75032043457031 53.545467376708984 -0.5
vertex -66.88967895507812 53.683815002441406 -0.5
endloop
endfacet
facet normal -0.11222381519769463 0.698145918499734 0.7071054318732366
outer loop
vertex -66.88967895507812 53.683815002441406 -0.5
vertex -66.93944549560547 54.18223190307617 -1
vertex -67.86909484863281 54.03279495239258 -1
endloop
endfacet
facet normal -0.22158813851988032 0.6714887028028275 0.707107925903444
outer loop
vertex -67.75032043457031 53.545467376708984 -0.5
vertex -67.86909484863281 54.03279495239258 -1
vertex -68.68658447265625 53.76302719116211 -1
endloop
endfacet
facet normal -0.2215869311575751 0.6714906086887062 0.7071064943719856
outer loop
vertex -68.68658447265625 53.76302719116211 -1
vertex -68.49253845214844 53.300540924072266 -0.5
vertex -67.75032043457031 53.545467376708984 -0.5
endloop
endfacet
facet normal -0.32387725654099875 0.6285727165670408 0.7071066840887636
outer loop
vertex -68.49253845214844 53.300540924072266 -0.5
vertex -68.68658447265625 53.76302719116211 -1
vertex -69.52186584472656 53.3326416015625 -1
endloop
endfacet
facet normal -0.32387818246911015 0.628570271717644 0.7071084332924569
outer loop
vertex -69.52186584472656 53.3326416015625 -1
vertex -69.25739288330078 52.90644073486328 -0.5
vertex -68.49253845214844 53.300540924072266 -0.5
endloop
endfacet
facet normal -0.4194286023994044 0.5692782689513218 0.7071081246804259
outer loop
vertex -70.21492004394531 52.822017669677734 -1
vertex -69.88666534423828 52.44281005859375 -0.5
vertex -69.25739288330078 52.90644073486328 -0.5
endloop
endfacet
facet normal -0.41942873316524837 0.5692777534343539 0.7071084621471657
outer loop
vertex -69.25739288330078 52.90644073486328 -0.5
vertex -69.52186584472656 53.3326416015625 -1
vertex -70.21492004394531 52.822017669677734 -1
endloop
endfacet
facet normal -0.5033008566883594 0.4966766207504331 0.7071071927626631
outer loop
vertex -70.87493133544922 52.153202056884766 -1
vertex -70.49102783203125 51.830387115478516 -0.5
vertex -69.88666534423828 52.44281005859375 -0.5
endloop
endfacet
facet normal -0.5033009110976069 0.4966754333999849 0.7071079880366621
outer loop
vertex -69.88666534423828 52.44281005859375 -0.5
vertex -70.21492004394531 52.822017669677734 -1
vertex -70.87493133544922 52.153202056884766 -1
endloop
endfacet
facet normal -0.5756766206212753 0.41060447290299923 0.7071070607073008
outer loop
vertex -70.49102783203125 51.830387115478516 -0.5
vertex -70.87493133544922 52.153202056884766 -1
vertex -71.37480926513672 51.452362060546875 -1
endloop
endfacet
facet normal -0.575677220713186 0.4106133076451113 0.707101441899734
outer loop
vertex -70.49102783203125 51.830387115478516 -0.5
vertex -71.37480926513672 51.452362060546875 -1
vertex -70.94490814208984 51.19404983520508 -0.5
endloop
endfacet
facet normal -0.6328077999834534 0.31551826438811753 0.7071085582268196
outer loop
vertex -71.79409790039062 50.611454010009766 -1
vertex -71.3288345336914 50.424041748046875 -0.5
vertex -70.94490814208984 51.19404983520508 -0.5
endloop
endfacet
facet normal -0.6328105814211286 0.3155282969271405 0.707101592332892
outer loop
vertex -70.94490814208984 51.19404983520508 -0.5
vertex -71.37480926513672 51.452362060546875 -1
vertex -71.79409790039062 50.611454010009766 -1
endloop
endfacet
facet normal -0.6748253967350704 0.2112159594862192 0.7071057222082641
outer loop
vertex -72.05123138427734 49.78990936279297 -1
vertex -71.56230926513672 49.6781005859375 -0.5
vertex -71.3288345336914 50.424041748046875 -0.5
endloop
endfacet
facet normal -0.6748236309105187 0.21121159003707426 0.7071087125744915
outer loop
vertex -71.3288345336914 50.424041748046875 -0.5
vertex -71.79409790039062 50.611454010009766 -1
vertex -72.05123138427734 49.78990936279297 -1
endloop
endfacet
facet normal -0.6995516941042025 0.10309370502597395 0.7071061555805872
outer loop
vertex -72.05123138427734 49.78990936279297 -1
vertex -72.07770538330078 49.610267639160156 -1
vertex -71.56230926513672 49.6781005859375 -0.5
endloop
endfacet
facet normal -0.6995518109756468 0.10307036164630244 0.7071094429512262
outer loop
vertex -72.07770538330078 49.610267639160156 -1
vertex -71.57232666015625 49.610111236572266 -0.5
vertex -71.56230926513672 49.6781005859375 -0.5
endloop
endfacet
facet normal -0.7071067309392832 0.00021723803766114094 0.7071067980637685
outer loop
vertex -72.19426727294922 29.11030387878418 -1
vertex -72.19998168945312 10.50995922088623 -1
vertex -71.69426727294922 29.110149383544922 -0.5
endloop
endfacet
facet normal -0.7071035037939206 0.00021706354450473712 0.7071100252476827
outer loop
vertex -72.19998168945312 10.50995922088623 -1
vertex -71.6999740600586 10.519790649414062 -0.5
vertex -71.69426727294922 29.110149383544922 -0.5
endloop
endfacet
facet normal -0.7065508896504373 -0.02801636576218182 0.7071074342585115
outer loop
vertex -72.18215942382812 10.060586929321289 -1
vertex -71.6837387084961 10.110347747802734 -0.5
vertex -71.6999740600586 10.519790649414062 -0.5
endloop
endfacet
facet normal -0.7065481638287895 -0.02802195259694359 0.7071099365465181
outer loop
vertex -71.6999740600586 10.519790649414062 -0.5
vertex -72.19998168945312 10.50995922088623 -1
vertex -72.18215942382812 10.060586929321289 -1
endloop
endfacet
facet normal -0.6981438931244316 -0.11222301283751497 0.7071075589206588
outer loop
vertex -72.03272247314453 9.130932807922363 -1
vertex -71.54539489746094 9.24970531463623 -0.5
vertex -71.6837387084961 10.110347747802734 -0.5
endloop
endfacet
facet normal -0.6981439964313572 -0.11222293061829083 0.7071074699720654
outer loop
vertex -71.6837387084961 10.110347747802734 -0.5
vertex -72.18215942382812 10.060586929321289 -1
vertex -72.03272247314453 9.130932807922363 -1
endloop
endfacet
facet normal -0.6714889012989449 -0.22158897953240053 0.7071074738553716
outer loop
vertex -71.54539489746094 9.24970531463623 -0.5
vertex -72.03272247314453 9.130932807922363 -1
vertex -71.76295471191406 8.313446044921875 -1
endloop
endfacet
facet normal -0.671490430047882 -0.2215880110792391 0.7071063255975424
outer loop
vertex -71.76295471191406 8.313446044921875 -1
vertex -71.30046844482422 8.507491111755371 -0.5
vertex -71.54539489746094 9.24970531463623 -0.5
endloop
endfacet
facet normal -0.6285691472177829 -0.3238806365967245 0.7071083088209398
outer loop
vertex -71.30046844482422 8.507491111755371 -0.5
vertex -71.63690948486328 8.068818092346191 -1
vertex -71.33256530761719 7.478164196014404 -1
endloop
endfacet
facet normal -0.6285742815348434 -0.3238746316606195 0.7071064952039782
outer loop
vertex -71.30046844482422 8.507491111755371 -0.5
vertex -71.76295471191406 8.313446044921875 -1
vertex -71.63690948486328 8.068818092346191 -1
endloop
endfacet
facet normal -0.6285767248571651 -0.3238777667595894 0.707102887256629
outer loop
vertex -71.33256530761719 7.478164196014404 -1
vertex -70.9063720703125 7.742635250091553 -0.5
vertex -71.30046844482422 8.507491111755371 -0.5
endloop
endfacet
facet normal -0.5692827881438596 -0.4194304634798338 0.7071033824188973
outer loop
vertex -70.9063720703125 7.742635250091553 -0.5
vertex -71.33256530761719 7.478164196014404 -1
vertex -70.82194519042969 6.785111904144287 -1
endloop
endfacet
facet normal -0.5692790591334919 -0.41943140938075624 0.7071058235207504
outer loop
vertex -70.82194519042969 6.785111904144287 -1
vertex -70.44274139404297 7.11336612701416 -0.5
vertex -70.9063720703125 7.742635250091553 -0.5
endloop
endfacet
facet normal -0.4966766031035437 -0.5033027824913962 0.7071058344165626
outer loop
vertex -69.83031463623047 6.509002208709717 -0.5
vertex -70.44274139404297 7.11336612701416 -0.5
vertex -70.82194519042969 6.785111904144287 -1
endloop
endfacet
facet normal -0.4966767026783014 -0.5033011064505482 0.7071069574415629
outer loop
vertex -70.15312957763672 6.125099182128906 -1
vertex -69.83031463623047 6.509002208709717 -0.5
vertex -70.82194519042969 6.785111904144287 -1
endloop
endfacet
facet normal -0.4106082434086033 -0.5756737494309055 0.7071072087463569
outer loop
vertex -69.83031463623047 6.509002208709717 -0.5
vertex -69.4522933959961 5.625216484069824 -1
vertex -69.19397735595703 6.055124759674072 -0.5
endloop
endfacet
facet normal -0.4106085937049179 -0.5756737732238324 0.7071069859631605
outer loop
vertex -69.4522933959961 5.625216484069824 -1
vertex -69.83031463623047 6.509002208709717 -0.5
vertex -70.15312957763672 6.125099182128906 -1
endloop
endfacet
facet normal -0.31552203210079605 -0.6328074883209085 0.7071071559417055
outer loop
vertex -69.19397735595703 6.055124759674072 -0.5
vertex -69.4522933959961 5.625216484069824 -1
vertex -68.42396545410156 5.671191692352295 -0.5
endloop
endfacet
facet normal -0.31552205935775873 -0.6328074191929228 0.707107205643551
outer loop
vertex -68.42396545410156 5.671191692352295 -0.5
vertex -69.4522933959961 5.625216484069824 -1
vertex -68.61138153076172 5.205932140350342 -1
endloop
endfacet
facet normal -0.211212297098284 -0.6748247213990629 0.7071074606756338
outer loop
vertex -67.78983306884766 4.948796272277832 -1
vertex -67.67802429199219 5.437720775604248 -0.5
vertex -68.42396545410156 5.671191692352295 -0.5
endloop
endfacet
facet normal -0.21121431274232683 -0.6748245345572542 0.7071070369133455
outer loop
vertex -68.42396545410156 5.671191692352295 -0.5
vertex -68.61138153076172 5.205932140350342 -1
vertex -68.51629638671875 5.17617130279541 -1
endloop
endfacet
facet normal -0.21121277851876366 -0.6748249159559822 0.7071071312010544
outer loop
vertex -68.42396545410156 5.671191692352295 -0.5
vertex -68.51629638671875 5.17617130279541 -1
vertex -67.78983306884766 4.948796272277832 -1
endloop
endfacet
facet normal -0.1030764496424761 -0.6995532386862539 0.7071071430643839
outer loop
vertex -67.32343292236328 4.8800740242004395 -1
vertex -67.67802429199219 5.437720775604248 -0.5
vertex -67.78983306884766 4.948796272277832 -1
endloop
endfacet
facet normal -0.10307721905028731 -0.6995538072190942 0.7071064684459686
outer loop
vertex -66.8602294921875 4.811822891235352 -1
vertex -66.82331848144531 5.311782360076904 -0.5
vertex -67.67802429199219 5.437720775604248 -0.5
endloop
endfacet
facet normal -0.1030763059464804 -0.6995532002183887 0.7071072020681438
outer loop
vertex -67.67802429199219 5.437720775604248 -0.5
vertex -67.32343292236328 4.8800740242004395 -1
vertex -66.8602294921875 4.811822891235352 -1
endloop
endfacet
facet normal -0.0007808286197725286 -0.7071064042954903 0.7071067269592116
outer loop
vertex -66.8602294921875 4.811822891235352 -1
vertex -56.19997787475586 4.800051212310791 -1
vertex -66.82331848144531 5.311782360076904 -0.5
endloop
endfacet
facet normal -0.0009615844363031628 -0.7090017422132205 0.7052060726440107
outer loop
vertex -56.19997787475586 4.800051212310791 -1
vertex -56.16889572143555 5.297332286834717 -0.5
vertex -66.82331848144531 5.311782360076904 -0.5
endloop
endfacet
facet normal -0.044186647406995794 -0.706964700160128 0.7058671637910565
outer loop
vertex -56.16889572143555 5.297332286834717 -0.5
vertex -56.19997787475586 4.800051212310791 -1
vertex -55.82642364501953 4.776703357696533 -1
endloop
endfacet
facet normal -0.04418756735565088 -0.7069649804230961 0.7058668255036222
outer loop
vertex -55.82642364501953 4.776703357696533 -1
vertex -55.79534149169922 5.273983955383301 -0.5
vertex -56.16889572143555 5.297332286834717 -0.5
endloop
endfacet
facet normal -0.061741142948812354 -0.7057579520179876 0.7057575677460004
outer loop
vertex -55.79534149169922 5.273983955383301 -0.5
vertex -55.82642364501953 4.776703357696533 -1
vertex -55.73959732055664 5.269107341766357 -0.5
endloop
endfacet
facet normal -0.14342154973465357 -0.6931462791050086 0.7063840986563837
outer loop
vertex -55.73959732055664 5.269107341766357 -0.5
vertex -55.371585845947266 4.683411598205566 -1
vertex -55.27132797241211 5.172215938568115 -0.5
endloop
endfacet
facet normal -0.1421041498738485 -0.6928193778349202 0.7069708058223232
outer loop
vertex -55.73959732055664 5.269107341766357 -0.5
vertex -55.82642364501953 4.776703357696533 -1
vertex -55.371585845947266 4.683411598205566 -1
endloop
endfacet
facet normal -0.18336457791225103 -0.6843126568818391 0.7057574790240486
outer loop
vertex -55.27132797241211 5.172215938568115 -0.5
vertex -55.371585845947266 4.683411598205566 -1
vertex -55.20057678222656 5.153257846832275 -0.5
endloop
endfacet
facet normal -0.24723637006951008 -0.6624759036933249 0.7071066781897656
outer loop
vertex -54.93659210205078 4.521053791046143 -1
vertex -54.76175308227539 4.98948860168457 -0.5
vertex -55.20057678222656 5.153257846832275 -0.5
endloop
endfacet
facet normal -0.24726448663032835 -0.6624781810852738 0.7070947130599885
outer loop
vertex -55.20057678222656 5.153257846832275 -0.5
vertex -55.371585845947266 4.683411598205566 -1
vertex -54.93659210205078 4.521053791046143 -1
endloop
endfacet
facet normal -0.3021564965712111 -0.6406601516940964 0.7058725250433744
outer loop
vertex -54.76175308227539 4.98948860168457 -0.5
vertex -54.93659210205078 4.521053791046143 -1
vertex -54.69179153442383 4.9564924240112305 -0.5
endloop
endfacet
facet normal -0.34668240072516193 -0.6166665440363847 0.7067769708286059
outer loop
vertex -54.69179153442383 4.9564924240112305 -0.5
vertex -54.93659210205078 4.521053791046143 -1
vertex -54.5318603515625 4.293518543243408 -1
endloop
endfacet
facet normal -0.34668240072516193 -0.6166665440363847 0.7067769708286059
outer loop
vertex -54.69179153442383 4.9564924240112305 -0.5
vertex -54.5318603515625 4.293518543243408 -1
vertex -54.28705978393555 4.728957176208496 -0.5
endloop
endfacet
facet normal -0.3989920692365115 -0.5857598981819077 0.7054719486756991
outer loop
vertex -54.28705978393555 4.728957176208496 -0.5
vertex -54.5318603515625 4.293518543243408 -1
vertex -54.223201751708984 4.685460090637207 -0.5
endloop
endfacet
facet normal -0.4379664163018027 -0.5561470916876073 0.7063185050663562
outer loop
vertex -54.167083740234375 4.006256580352783 -1
vertex -54.223201751708984 4.685460090637207 -0.5
vertex -54.5318603515625 4.293518543243408 -1
endloop
endfacet
facet normal -0.4379702769112646 -0.5561461780129323 0.706316830624811
outer loop
vertex -54.223201751708984 4.685460090637207 -0.5
vertex -54.167083740234375 4.006256580352783 -1
vertex -53.858428955078125 4.398198127746582 -0.5
endloop
endfacet
facet normal -0.48357124413807967 -0.5186647051483358 0.7050856511631333
outer loop
vertex -53.858428955078125 4.398198127746582 -0.5
vertex -54.167083740234375 4.006256580352783 -1
vertex -53.801979064941406 4.34556770324707 -0.5
endloop
endfacet
facet normal -0.5187733787707496 -0.48212616911766054 0.7059947156535303
outer loop
vertex -53.85100173950195 3.6661486625671387 -1
vertex -53.801979064941406 4.34556770324707 -0.5
vertex -54.167083740234375 4.006256580352783 -1
endloop
endfacet
facet normal -0.5163331532771714 -0.4831187399084645 0.7071042058820682
outer loop
vertex -53.85100173950195 3.6661486625671387 -1
vertex -53.48474884033203 4.006527900695801 -0.5
vertex -53.801979064941406 4.34556770324707 -0.5
endloop
endfacet
facet normal -0.5653310216183043 -0.42773837383928937 0.7052947749284157
outer loop
vertex -53.85100173950195 3.6661486625671387 -1
vertex -53.43812942504883 3.9449121952056885 -0.5
vertex -53.48474884033203 4.006527900695801 -0.5
endloop
endfacet
facet normal -0.5871114291849975 -0.39640158606226455 0.7058087221674658
outer loop
vertex -53.43812942504883 3.9449121952056885 -0.5
vertex -53.85100173950195 3.6661486625671387 -1
vertex -53.591190338134766 3.281341314315796 -1
endloop
endfacet
facet normal -0.5844739541085207 -0.397986436745766 0.707104655008832
outer loop
vertex -53.591190338134766 3.281341314315796 -1
vertex -53.17679977416992 3.561129331588745 -0.5
vertex -53.43812942504883 3.9449121952056885 -0.5
endloop
endfacet
facet normal -0.6249037262584467 -0.33481399911983634 0.7052623050338721
outer loop
vertex -53.17679977416992 3.561129331588745 -0.5
vertex -53.591190338134766 3.281341314315796 -1
vertex -53.14031219482422 3.493028163909912 -0.5
endloop
endfacet
facet normal -0.641289102597937 -0.3010865216530648 0.7057585942572652
outer loop
vertex -53.393863677978516 2.8610520362854004 -1
vertex -52.94298553466797 3.0727388858795166 -0.5
vertex -53.14031219482422 3.493028163909912 -0.5
endloop
endfacet
facet normal -0.641289102597937 -0.3010865216530648 0.7057585942572652
outer loop
vertex -53.393863677978516 2.8610520362854004 -1
vertex -53.14031219482422 3.493028163909912 -0.5
vertex -53.591190338134766 3.281341314315796 -1
endloop
endfacet
facet normal -0.6567719621197604 -0.2669372159636142 0.7052624422914883
outer loop
vertex -53.393863677978516 2.8610520362854004 -1
vertex -52.91389465332031 3.0011637210845947 -0.5
vertex -52.94298553466797 3.0727388858795166 -0.5
endloop
endfacet
facet normal -0.6787753688645186 -0.1981502129525548 0.7071071288918631
outer loop
vertex -53.393863677978516 2.8610520362854004 -1
vertex -53.3482780456543 2.7048957347869873 -1
vertex -52.82741928100586 2.7049334049224854 -0.5
endloop
endfacet
facet normal -0.6787753300933688 -0.19814767829356225 0.7071078763834476
outer loop
vertex -52.91389465332031 3.0011637210845947 -0.5
vertex -53.393863677978516 2.8610520362854004 -1
vertex -52.82741928100586 2.7049334049224854 -0.5
endloop
endfacet
facet normal -0.6978820470850234 -0.11385171339396685 0.7071056750682144
outer loop
vertex -53.120906829833984 -54.22220993041992 -1
vertex -53.1002082824707 -54.34908676147461 -1
vertex -52.613094329833984 -54.229591369628906 -0.5
endloop
endfacet
facet normal -0.6713402674890132 -0.22204318930861652 0.7071061216885611
outer loop
vertex -52.613094329833984 -54.229591369628906 -0.5
vertex -52.939414978027344 -54.835243225097656 -1
vertex -52.434608459472656 -54.76923751831055 -0.5
endloop
endfacet
facet normal -0.6713413274540675 -0.22204207601450374 0.7071054649282381
outer loop
vertex -52.613094329833984 -54.229591369628906 -0.5
vertex -53.1002082824707 -54.34908676147461 -1
vertex -52.939414978027344 -54.835243225097656 -1
endloop
endfacet
facet normal -0.6713419611220527 -0.22203575048834653 0.7071068495933788
outer loop
vertex -52.89508056640625 -54.96929168701172 -1
vertex -52.434608459472656 -54.76923751831055 -0.5
vertex -52.939414978027344 -54.835243225097656 -1
endloop
endfacet
facet normal -0.6204485054635328 -0.33918304053360765 0.7071057326047113
outer loop
vertex -52.56956481933594 -55.564735412597656 -1
vertex -52.15243148803711 -55.28540802001953 -0.5
vertex -52.434608459472656 -54.76923751831055 -0.5
endloop
endfacet
facet normal -0.6204464527323595 -0.3391841779499123 0.707106988171008
outer loop
vertex -52.434608459472656 -54.76923751831055 -0.5
vertex -52.89508056640625 -54.96929168701172 -1
vertex -52.56956481933594 -55.564735412597656 -1
endloop
endfacet
facet normal -0.5499130678069151 -0.44451813083191605 0.7071062503025177
outer loop
vertex -52.165279388427734 -56.064876556396484 -1
vertex -51.80387878417969 -55.71660232543945 -0.5
vertex -52.15243148803711 -55.28540802001953 -0.5
endloop
endfacet
facet normal -0.5499130079616529 -0.44451815281013457 0.7071062830274053
outer loop
vertex -52.15243148803711 -55.28540802001953 -0.5
vertex -52.56956481933594 -55.564735412597656 -1
vertex -52.165279388427734 -56.064876556396484 -1
endloop
endfacet
facet normal -0.46455035949710977 -0.5330987269252452 0.7071058696134469
outer loop
vertex -51.672786712646484 -56.494041442871094 -1
vertex -51.37848663330078 -56.08729553222656 -0.5
vertex -51.80387878417969 -55.71660232543945 -0.5
endloop
endfacet
facet normal -0.46454966153075505 -0.5330988462731359 0.707106238180595
outer loop
vertex -51.80387878417969 -55.71660232543945 -0.5
vertex -52.165279388427734 -56.064876556396484 -1
vertex -51.672786712646484 -56.494041442871094 -1
endloop
endfacet
facet normal -0.3610705673350424 -0.6079713961968456 0.7071059516160282
outer loop
vertex -51.37848663330078 -56.08729553222656 -0.5
vertex -51.672786712646484 -56.494041442871094 -1
vertex -50.8726921081543 -56.3876838684082 -0.5
endloop
endfacet
facet normal -0.3610737272348819 -0.6079651771599165 0.7071096851702863
outer loop
vertex -51.672786712646484 -56.494041442871094 -1
vertex -51.08932113647461 -56.8405647277832 -1
vertex -50.8726921081543 -56.3876838684082 -0.5
endloop
endfacet
facet normal -0.24671223677887968 -0.6626682039646646 0.7071095556402893
outer loop
vertex -50.8726921081543 -56.3876838684082 -0.5
vertex -51.08932113647461 -56.8405647277832 -1
vertex -50.48662567138672 -57.06494903564453 -1
endloop
endfacet
facet normal -0.24671795575600866 -0.6626692601391646 0.7071065704504438
outer loop
vertex -50.48662567138672 -57.06494903564453 -1
vertex -50.353084564208984 -56.581138610839844 -0.5
vertex -50.8726921081543 -56.3876838684082 -0.5
endloop
endfacet
facet normal -0.12812977930853403 -0.6954010834825234 0.7071068467676429
outer loop
vertex -50.353084564208984 -56.581138610839844 -0.5
vertex -49.940738677978516 -57.165531158447266 -1
vertex -49.79847717285156 -56.683326721191406 -0.5
endloop
endfacet
facet normal -0.12813082073605367 -0.6954013948553122 0.7071063518388104
outer loop
vertex -50.353084564208984 -56.581138610839844 -0.5
vertex -50.48662567138672 -57.06494903564453 -1
vertex -49.940738677978516 -57.165531158447266 -1
endloop
endfacet
facet normal -0.1281180683024361 -0.695403883494458 0.7071062150732934
outer loop
vertex -49.84418869018555 -57.183319091796875 -1
vertex -49.79847717285156 -56.683326721191406 -0.5
vertex -49.940738677978516 -57.165531158447266 -1
endloop
endfacet
facet normal -0.00009761724418814034 -0.7071067778174926 0.7071067778174926
outer loop
vertex -35.95988082885742 -56.68523406982422 -0.5
vertex -35.95988082885742 -57.18523406982422 -1
vertex -27.75305938720703 -56.68636703491211 -0.5
endloop
endfacet
facet normal -0.00009765180444475845 -0.7071064938634846 0.7071070617666145
outer loop
vertex 35.9722900390625 -56.695167541503906 -0.5
vertex -27.75305938720703 -56.68636703491211 -0.5
vertex -35.95988082885742 -57.18523406982422 -1
endloop
endfacet
facet normal -0.00009764789616653536 -0.7071067778153765 0.7071067778153765
outer loop
vertex 35.9722900390625 -56.695167541503906 -0.5
vertex -35.95988082885742 -57.18523406982422 -1
vertex 35.9722900390625 -57.195167541503906 -1
endloop
endfacet
facet normal -0.00009765076014956089 -0.7071083356422855 0.7071052199846397
outer loop
vertex 44.9722900390625 -56.6964111328125 -0.5
vertex 49.628902435302734 -57.197052001953125 -1
vertex 49.61294937133789 -56.697052001953125 -0.5
endloop
endfacet
facet normal -0.00009731600452921525 -0.7071067778382538 0.7071067778382538
outer loop
vertex 49.628902435302734 -57.197052001953125 -1
vertex 44.9722900390625 -56.6964111328125 -0.5
vertex 44.9722900390625 -57.1964111328125 -1
endloop
endfacet
facet normal -0.0000979258462786757 -0.7071067777961574 0.7071067777961574
outer loop
vertex -47.3563232421875 -56.68366241455078 -0.5
vertex -44.95988082885742 -57.18399429321289 -1
vertex -44.95988082885742 -56.68399429321289 -0.5
endloop
endfacet
facet normal -0.00009719754607183078 -0.707107729602293 0.7071058260892267
outer loop
vertex -49.79847717285156 -56.683326721191406 -0.5
vertex -49.84418869018555 -57.183319091796875 -1
vertex -47.3563232421875 -56.68366241455078 -0.5
endloop
endfacet
facet normal -0.00009774961491851329 -0.7071063556200285 0.7071071999964181
outer loop
vertex -44.95988082885742 -57.18399429321289 -1
vertex -47.3563232421875 -56.68366241455078 -0.5
vertex -49.84418869018555 -57.183319091796875 -1
endloop
endfacet
facet normal 0.04518829392211891 -0.7056597557806128 0.7071084267381165
outer loop
vertex 49.836997985839844 -57.18373107910156 -1
vertex 49.7806396484375 -56.68631362915039 -0.5
vertex 49.61294937133789 -56.697052001953125 -0.5
endloop
endfacet
facet normal 0.04517201573955076 -0.7056639835647862 0.7071052476778141
outer loop
vertex 49.61294937133789 -56.697052001953125 -0.5
vertex 49.628902435302734 -57.197052001953125 -1
vertex 49.836997985839844 -57.18373107910156 -1
endloop
endfacet
facet normal 0.2838326232687374 -0.582214875730991 -0.7618824584185765
outer loop
vertex 51.5648078918457 -56.56953811645508 -15.444121360778809
vertex 50.14175033569336 -55.85095977783203 -16.523391723632812
vertex 51.62800598144531 -56.51845169067383 -15.459616661071777
endloop
endfacet
facet normal 0.28382678373878373 -0.5822217814523288 -0.7618793566142702
outer loop
vertex 50.969364166259766 -56.89505386352539 -15.41718864440918
vertex 50.14175033569336 -55.85095977783203 -16.523391723632812
vertex 51.5648078918457 -56.56953811645508 -15.444121360778809
endloop
endfacet
facet normal 0.2838274735301515 -0.582221424345903 -0.7618793725401148
outer loop
vertex 50.14175033569336 -55.85095977783203 -16.523391723632812
vertex 51.5648078918457 -56.39219284057617 -15.579646110534668
vertex 51.62800598144531 -56.51845169067383 -15.459616661071777
endloop
endfacet
facet normal 0.28382553353876117 -0.5822226017396623 -0.7618791954994808
outer loop
vertex 50.969364166259766 -56.89505386352539 -15.41718864440918
vertex 50.349159240722656 -56.92283630371094 -15.627004623413086
vertex 50.14175033569336 -55.85095977783203 -16.523391723632812
endloop
endfacet
facet normal 0.2838272981908117 -0.5822216708247775 -0.761879249503298
outer loop
vertex 50.14175033569336 -55.85095977783203 -16.523391723632812
vertex 51.0051155090332 -55.474090576171875 -16.489757537841797
vertex 51.5648078918457 -56.39219284057617 -15.579646110534668
endloop
endfacet
facet normal 0.280406818612743 -0.5997424717546265 -0.749453790202659
outer loop
vertex 50.36567687988281 -57.09471893310547 -15.483277320861816
vertex 50.349159240722656 -56.92283630371094 -15.627004623413086
vertex 50.969364166259766 -56.89505386352539 -15.41718864440918
endloop
endfacet
facet normal 0.49202172898032354 -0.44298421218821826 -0.7494528710754244
outer loop
vertex 51.5648078918457 -56.39219284057617 -15.579646110534668
vertex 51.0051155090332 -55.474090576171875 -16.489757537841797
vertex 52.0649528503418 -56.165252685546875 -15.385436058044434
endloop
endfacet
facet normal 0.4920250771035951 -0.44297976553286533 -0.7494533013001204
outer loop
vertex 52.0649528503418 -56.165252685546875 -15.385436058044434
vertex 51.0051155090332 -55.474090576171875 -16.489757537841797
vertex 52.49411392211914 -55.67275619506836 -15.394786834716797
endloop
endfacet
facet normal 0.49202374908407165 -0.4429810467344371 -0.7494534158780763
outer loop
vertex 51.0051155090332 -55.474090576171875 -16.489757537841797
vertex 52.49411392211914 -55.49541473388672 -15.499610900878906
vertex 52.56047439575195 -55.5610237121582 -15.417264938354492
endloop
endfacet
facet normal 0.49201958106310884 -0.4429941108689063 -0.7494484302378316
outer loop
vertex 52.49411392211914 -55.67275619506836 -15.394786834716797
vertex 51.0051155090332 -55.474090576171875 -16.489757537841797
vertex 52.56047439575195 -55.5610237121582 -15.417264938354492
endloop
endfacet
facet normal 0.49202328539275136 -0.44298268190966583 -0.7494527537873504
outer loop
vertex 51.0051155090332 -55.474090576171875 -16.489757537841797
vertex 51.688087463378906 -54.81502151489258 -16.430938720703125
vertex 52.49411392211914 -55.49541473388672 -15.499610900878906
endloop
endfacet
facet normal 0.49430885265066143 -0.45609158226500607 -0.7400265041052178
outer loop
vertex 51.5648078918457 -56.39219284057617 -15.579646110534668
vertex 52.0649528503418 -56.165252685546875 -15.385436058044434
vertex 51.62800598144531 -56.51845169067383 -15.459616661071777
endloop
endfacet
facet normal 0.6254901336675633 -0.26938667589200804 -0.7322519453961103
outer loop
vertex 53.258522033691406 -53.936561584472656 -15.387506484985352
vertex 52.6331672668457 -52.994056701660156 -16.268421173095703
vertex 53.49690246582031 -53.51805877685547 -15.337843894958496
endloop
endfacet
facet normal 0.6302978535915115 -0.25637984141484293 -0.7327987395417881
outer loop
vertex 52.49411392211914 -55.49541473388672 -15.499610900878906
vertex 51.688087463378906 -54.81502151489258 -16.430938720703125
vertex 52.84063720703125 -55.089290618896484 -15.343646049499512
endloop
endfacet
facet normal 0.6366043636174885 -0.2650596916514922 -0.7242087020222752
outer loop
vertex 52.56047439575195 -55.5610237121582 -15.417264938354492
vertex 52.49411392211914 -55.49541473388672 -15.499610900878906
vertex 52.84063720703125 -55.089290618896484 -15.343646049499512
endloop
endfacet
facet normal 0.6315986341849543 -0.26269890156724884 -0.7294329663588432
outer loop
vertex 51.688087463378906 -54.81502151489258 -16.430938720703125
vertex 52.6331672668457 -52.994056701660156 -16.268421173095703
vertex 53.258522033691406 -53.936561584472656 -15.387506484985352
endloop
endfacet
facet normal 0.6302987563341351 -0.2563769625550497 -0.7327989702740371
outer loop
vertex 52.84063720703125 -55.089290618896484 -15.343646049499512
vertex 51.688087463378906 -54.81502151489258 -16.430938720703125
vertex 53.258522033691406 -53.936561584472656 -15.387506484985352
endloop
endfacet
facet normal 0.35244852699898555 -0.5533726337364754 -0.7546911713063843
outer loop
vertex 53.81116485595703 -51.76271057128906 -16.158525466918945
vertex 54.427555084228516 -51.412723541259766 -16.127290725708008
vertex 54.91852569580078 -52.39383316040039 -15.178609848022461
endloop
endfacet
facet normal 0.3745934513271348 -0.5368189509245742 -0.7559796029993567
outer loop
vertex 54.307701110839844 -52.71980285644531 -15.23285961151123
vertex 53.81116485595703 -51.76271057128906 -16.158525466918945
vertex 54.498233795166016 -52.59115982055664 -15.229798316955566
endloop
endfacet
facet normal 0.3519645352969655 -0.5539335717332474 -0.7545055095889217
outer loop
vertex 54.498233795166016 -52.59115982055664 -15.229798316955566
vertex 53.81116485595703 -51.76271057128906 -16.158525466918945
vertex 54.91852569580078 -52.39383316040039 -15.178609848022461
endloop
endfacet
facet normal 0.33413014033753685 -0.5599361010179585 -0.7581745261447556
outer loop
vertex 54.191436767578125 -52.798301696777344 -15.226123809814453
vertex 53.62432861328125 -51.8621826171875 -16.167404174804688
vertex 54.307701110839844 -52.71980285644531 -15.23285961151123
endloop
endfacet
facet normal 0.5479193385388348 -0.38517853533037505 -0.7425778709171938
outer loop
vertex 52.79990768432617 -52.68334197998047 -16.240690231323242
vertex 53.1715202331543 -52.232322692871094 -16.200437545776367
vertex 53.773319244384766 -53.16705322265625 -15.271544456481934
endloop
endfacet
facet normal 0.4496653029672727 -0.48304373966173497 -0.7513120928621853
outer loop
vertex 53.1715202331543 -52.232322692871094 -16.200437545776367
vertex 53.62432861328125 -51.8621826171875 -16.167404174804688
vertex 54.191436767578125 -52.798301696777344 -15.226123809814453
endloop
endfacet
facet normal 0.3341378585822126 -0.5599306395608113 -0.7581751580888904
outer loop
vertex 53.81116485595703 -51.76271057128906 -16.158525466918945
vertex 54.307701110839844 -52.71980285644531 -15.23285961151123
vertex 53.62432861328125 -51.8621826171875 -16.167404174804688
endloop
endfacet
facet normal 0.6251163879607312 -0.2701017354956356 -0.7323076907865806
outer loop
vertex 53.49690246582031 -53.51805877685547 -15.337843894958496
vertex 52.6331672668457 -52.994056701660156 -16.268421173095703
vertex 52.79990768432617 -52.68334197998047 -16.240690231323242
endloop
endfacet
facet normal 0.6251167777385466 -0.27010124559009907 -0.7323075387570809
outer loop
vertex 53.49690246582031 -53.51805877685547 -15.337843894958496
vertex 52.79990768432617 -52.68334197998047 -16.240690231323242
vertex 53.641998291015625 -53.33380889892578 -15.281944274902344
endloop
endfacet
facet normal 0.4496734771050474 -0.48303275031511356 -0.7513142658776509
outer loop
vertex 54.113426208496094 -52.850975036621094 -15.2389497756958
vertex 53.1715202331543 -52.232322692871094 -16.200437545776367
vertex 54.191436767578125 -52.798301696777344 -15.226123809814453
endloop
endfacet
facet normal 0.4496646133331175 -0.4830436246746905 -0.7513125795413748
outer loop
vertex 53.8999137878418 -53.04940414428711 -15.239161491394043
vertex 53.1715202331543 -52.232322692871094 -16.200437545776367
vertex 54.113426208496094 -52.850975036621094 -15.2389497756958
endloop
endfacet
facet normal 0.5479159289899624 -0.3851816335118649 -0.7425787796349945
outer loop
vertex 53.773319244384766 -53.16705322265625 -15.271544456481934
vertex 53.1715202331543 -52.232322692871094 -16.200437545776367
vertex 53.8999137878418 -53.04940414428711 -15.239161491394043
endloop
endfacet
facet normal 0.5479195607356224 -0.3851781549811749 -0.7425779042555607
outer loop
vertex 53.641998291015625 -53.33380889892578 -15.281944274902344
vertex 52.79990768432617 -52.68334197998047 -16.240690231323242
vertex 53.773319244384766 -53.16705322265625 -15.271544456481934
endloop
endfacet
facet normal 0.00513386694906361 -0.6414224217913032 -0.7671707243068709
outer loop
vertex 55.879695892333984 -51.012672424316406 -16.09158706665039
vertex 66.8187026977539 -50.933563232421875 -16.08452606201172
vertex 66.93948364257812 -52.00478744506836 -15.188079833984375
endloop
endfacet
facet normal 0.005087654701433379 -0.6416886526411174 -0.766948361261217
outer loop
vertex 55.88746643066406 -52.20392608642578 -15.094840049743652
vertex 55.879695892333984 -51.012672424316406 -16.09158706665039
vertex 66.4901123046875 -52.199947357177734 -15.02783489227295
endloop
endfacet
facet normal 0.005036612310441657 -0.6419495014123624 -0.7667303764511054
outer loop
vertex 66.4901123046875 -52.199947357177734 -15.02783489227295
vertex 55.879695892333984 -51.012672424316406 -16.09158706665039
vertex 66.93948364257812 -52.18212890625 -15.039801597595215
endloop
endfacet
facet normal 0.005131804833883219 -0.6414354795889746 -0.7671598204439601
outer loop
vertex 66.93948364257812 -52.18212890625 -15.039801597595215
vertex 55.879695892333984 -51.012672424316406 -16.09158706665039
vertex 66.93948364257812 -52.00478744506836 -15.188079833984375
endloop
endfacet
facet normal 0.33547206989338185 -0.5626884870880783 -0.7555396460940876
outer loop
vertex 54.91852569580078 -52.39383316040039 -15.178609848022461
vertex 54.427555084228516 -51.412723541259766 -16.127290725708008
vertex 54.75732421875 -51.23715591430664 -16.111621856689453
endloop
endfacet
facet normal 0.3137412201048398 -0.5692642766400463 -0.7599372540865537
outer loop
vertex 54.91852569580078 -52.39383316040039 -15.178609848022461
vertex 54.75732421875 -51.23715591430664 -16.111621856689453
vertex 55.16831588745117 -52.32091522216797 -15.130105972290039
endloop
endfacet
facet normal 0.20575517921629194 -0.6129000008905082 -0.7629013010436452
outer loop
vertex 55.16831588745117 -52.32091522216797 -15.130105972290039
vertex 54.75732421875 -51.23715591430664 -16.111621856689453
vertex 55.364227294921875 -52.26372528076172 -15.123213768005371
endloop
endfacet
facet normal 0.20575444414194685 -0.6128992502005055 -0.7629021023824071
outer loop
vertex 55.364227294921875 -52.26372528076172 -15.123213768005371
vertex 55.317874908447266 -51.067787170410156 -16.096506118774414
vertex 55.532779693603516 -52.241844177246094 -15.09533405303955
endloop
endfacet
facet normal 0.06947638836741889 -0.6398990899698116 -0.7653118227985417
outer loop
vertex 55.532779693603516 -52.241844177246094 -15.09533405303955
vertex 55.317874908447266 -51.067787170410156 -16.096506118774414
vertex 55.824668884277344 -52.203948974609375 -15.100521087646484
endloop
endfacet
facet normal 0.0694678955705452 -0.6398996370051504 -0.7653121363507028
outer loop
vertex 55.879695892333984 -51.012672424316406 -16.09158706665039
vertex 55.88746643066406 -52.20392608642578 -15.094840049743652
vertex 55.824668884277344 -52.203948974609375 -15.100521087646484
endloop
endfacet
facet normal 0.20575785363998647 -0.6128987177929341 -0.7629016105588212
outer loop
vertex 55.317874908447266 -51.067787170410156 -16.096506118774414
vertex 55.364227294921875 -52.26372528076172 -15.123213768005371
vertex 54.75732421875 -51.23715591430664 -16.111621856689453
endloop
endfacet
facet normal 0.06947498937034657 -0.6398995143089213 -0.7653115949985319
outer loop
vertex 55.879695892333984 -51.012672424316406 -16.09158706665039
vertex 55.824668884277344 -52.203948974609375 -15.100521087646484
vertex 55.317874908447266 -51.067787170410156 -16.096506118774414
endloop
endfacet
facet normal 0.1655570662072447 -0.6217492483356595 -0.7655186020097045
outer loop
vertex 67.869140625 -52.032691955566406 -14.964277267456055
vertex 68.7326889038086 -51.73918914794922 -15.015900611877441
vertex 68.68663024902344 -51.76292419433594 -15.006584167480469
endloop
endfacet
facet normal 0.16791667220107376 -0.6323361871855783 -0.7562770243584837
outer loop
vertex 66.93948364257812 -52.00478744506836 -15.188079833984375
vertex 68.68663024902344 -51.58557891845703 -15.150667190551758
vertex 66.93948364257812 -52.18212890625 -15.039801597595215
endloop
endfacet
facet normal 0.16392664029632123 -0.6223433595691467 -0.7653866992581909
outer loop
vertex 66.93948364257812 -52.18212890625 -15.039801597595215
vertex 68.68663024902344 -51.58557891845703 -15.150667190551758
vertex 68.7326889038086 -51.73918914794922 -15.015900611877441
endloop
endfacet
facet normal 0.16559937718821455 -0.6218625958238702 -0.76541737515559
outer loop
vertex 66.93948364257812 -52.00478744506836 -15.188079833984375
vertex 66.8187026977539 -50.933563232421875 -16.08452606201172
vertex 68.68663024902344 -51.58557891845703 -15.150667190551758
endloop
endfacet
facet normal 0.16559824458569852 -0.6218642576954804 -0.7654162700067096
outer loop
vertex 66.8187026977539 -50.933563232421875 -16.08452606201172
vertex 68.30152893066406 -50.57777786254883 -16.05277442932129
vertex 68.68663024902344 -51.58557891845703 -15.150667190551758
endloop
endfacet
facet normal 0.16112845357303518 -0.6104707088045144 -0.7754760699988597
outer loop
vertex 66.93948364257812 -52.18212890625 -15.039801597595215
vertex 68.7326889038086 -51.73918914794922 -15.015900611877441
vertex 67.869140625 -52.032691955566406 -14.964277267456055
endloop
endfacet
facet normal 0.37272802028625507 -0.5463079656074977 -0.7500809487030624
outer loop
vertex 68.7326889038086 -51.73918914794922 -15.015900611877441
vertex 68.68663024902344 -51.58557891845703 -15.150667190551758
vertex 69.52191162109375 -51.33253860473633 -14.919898986816406
endloop
endfacet
facet normal 0.37181179081655924 -0.5362004903473206 -0.7577895660149168
outer loop
vertex 68.30152893066406 -50.57777786254883 -16.05277442932129
vertex 70.21495819091797 -50.644569396972656 -15.066683769226074
vertex 70.2853012084961 -50.750640869140625 -14.957115173339844
endloop
endfacet
facet normal 0.3717900014666924 -0.5362584308090748 -0.7577592560936394
outer loop
vertex 70.21495819091797 -50.82191467285156 -14.94118881225586
vertex 68.30152893066406 -50.57777786254883 -16.05277442932129
vertex 70.2853012084961 -50.750640869140625 -14.957115173339844
endloop
endfacet
facet normal 0.37180344817136973 -0.5362263544538346 -0.757775357686584
outer loop
vertex 69.52191162109375 -51.33253860473633 -14.919898986816406
vertex 68.30152893066406 -50.57777786254883 -16.05277442932129
vertex 70.21495819091797 -50.82191467285156 -14.94118881225586
endloop
endfacet
facet normal 0.3718004496188263 -0.5362297764742979 -0.7577744073835981
outer loop
vertex 68.68663024902344 -51.58557891845703 -15.150667190551758
vertex 68.30152893066406 -50.57777786254883 -16.05277442932129
vertex 69.52191162109375 -51.33253860473633 -14.919898986816406
endloop
endfacet
facet normal 0.371802373725 -0.5362300173334636 -0.7577732928805349
outer loop
vertex 68.30152893066406 -50.57777786254883 -16.05277442932129
vertex 69.5613021850586 -49.8021240234375 -15.983548164367676
vertex 70.21495819091797 -50.644569396972656 -15.066683769226074
endloop
endfacet
facet normal 0.5405026907316368 -0.3912517686972075 -0.7448348104131327
outer loop
vertex 69.5613021850586 -49.8021240234375 -15.983548164367676
vertex 70.51815032958984 -48.672237396240234 -15.882708549499512
vertex 71.3748550415039 -49.27491760253906 -14.944445610046387
endloop
endfacet
facet normal 0.5405028655153853 -0.3912276396008488 -0.7448473577733935
outer loop
vertex 69.5613021850586 -49.8021240234375 -15.983548164367676
vertex 71.3748550415039 -49.27491760253906 -14.944445610046387
vertex 71.43756103515625 -49.326507568359375 -14.871845245361328
endloop
endfacet
facet normal 0.5376539047758867 -0.3902621202055425 -0.7474113701382368
outer loop
vertex 70.2853012084961 -50.750640869140625 -14.957115173339844
vertex 71.43756103515625 -49.326507568359375 -14.871845245361328
vertex 71.3748550415039 -49.45226287841797 -14.851289749145508
endloop
endfacet
facet normal 0.5332558636910698 -0.3861417100458193 -0.7526837075438673
outer loop
vertex 70.2853012084961 -50.750640869140625 -14.957115173339844
vertex 71.3748550415039 -49.45226287841797 -14.851289749145508
vertex 70.8749771118164 -50.153099060058594 -14.84589672088623
endloop
endfacet
facet normal 0.5405018118799666 -0.39125373591749046 -0.7448344148098152
outer loop
vertex 70.21495819091797 -50.644569396972656 -15.066683769226074
vertex 69.5613021850586 -49.8021240234375 -15.983548164367676
vertex 71.43756103515625 -49.326507568359375 -14.871845245361328
endloop
endfacet
facet normal 0.5467242912470625 -0.39825198457303396 -0.7365377832426775
outer loop
vertex 70.21495819091797 -50.644569396972656 -15.066683769226074
vertex 71.43756103515625 -49.326507568359375 -14.871845245361328
vertex 70.2853012084961 -50.750640869140625 -14.957115173339844
endloop
endfacet
facet normal 0.6552865904888949 -0.20168750822504497 -0.7279571645031125
outer loop
vertex 72.05127716064453 -47.7898063659668 -14.746940612792969
vertex 72.05127716064453 -47.61246109008789 -14.796075820922852
vertex 72.07599639892578 -47.622066497802734 -14.771162986755371
endloop
endfacet
facet normal 0.6621005383784268 -0.20830041331926677 -0.7198845844231004
outer loop
vertex 71.43756103515625 -49.326507568359375 -14.871845245361328
vertex 71.3748550415039 -49.27491760253906 -14.944445610046387
vertex 71.79414367675781 -48.611351013183594 -14.75081729888916
endloop
endfacet
facet normal 0.6553344079254239 -0.20167682178217616 -0.727917078618763
outer loop
vertex 71.79414367675781 -48.611351013183594 -14.75081729888916
vertex 70.51815032958984 -48.672237396240234 -15.882708549499512
vertex 72.05127716064453 -47.7898063659668 -14.746940612792969
endloop
endfacet
facet normal 0.6553339327248113 -0.2016811372264894 -0.7279163107847372
outer loop
vertex 71.3748550415039 -49.27491760253906 -14.944445610046387
vertex 70.51815032958984 -48.672237396240234 -15.882708549499512
vertex 71.79414367675781 -48.611351013183594 -14.75081729888916
endloop
endfacet
facet normal 0.6553357124320781 -0.20167612977850702 -0.7279160959126425
outer loop
vertex 72.05127716064453 -47.7898063659668 -14.746940612792969
vertex 71.06341552734375 -47.33212661743164 -15.763107299804688
vertex 72.05127716064453 -47.61246109008789 -14.796075820922852
endloop
endfacet
facet normal 0.6553347846906481 -0.2016785177262478 -0.7279162695408075
outer loop
vertex 72.05127716064453 -47.7898063659668 -14.746940612792969
vertex 70.51815032958984 -48.672237396240234 -15.882708549499512
vertex 71.06341552734375 -47.33212661743164 -15.763107299804688
endloop
endfacet
facet normal 0.707107009903706 0.06190817337284769 -0.7043912652884602
outer loop
vertex 72.20001983642578 48.490142822265625 -6.200407028198242
vertex 71.06341552734375 -47.33212661743164 -15.763107299804688
vertex 71.19392395019531 49.090267181396484 -7.157637596130371
endloop
endfacet
facet normal 0.7195100052362866 0.05635069464664223 -0.6921921348713229
outer loop
vertex 72.07599639892578 -47.622066497802734 -14.771162986755371
vertex 72.05127716064453 -47.61246109008789 -14.796075820922852
vertex 72.18824768066406 -46.860198974609375 -14.592458724975586
endloop
endfacet
facet normal 0.707107793358122 0.06190808635574175 -0.7043904864604416
outer loop
vertex 72.18824768066406 -46.860198974609375 -14.592458724975586
vertex 71.06341552734375 -47.33212661743164 -15.763107299804688
vertex 72.20001983642578 48.490142822265625 -6.200407028198242
endloop
endfacet
facet normal 0.707106197195955 0.06192213915726642 -0.7043908535530989
outer loop
vertex 71.19392395019531 49.090267181396484 -7.157637596130371
vertex 72.15367889404297 49.1169548034668 -6.191836833953857
vertex 72.18220520019531 48.93951416015625 -6.178799152374268
endloop
endfacet
facet normal 0.7071070944792273 0.06191088275653368 -0.704390942256821
outer loop
vertex 72.05127716064453 -47.61246109008789 -14.796075820922852
vertex 71.06341552734375 -47.33212661743164 -15.763107299804688
vertex 72.18824768066406 -46.860198974609375 -14.592458724975586
endloop
endfacet
facet normal 0.7071055566928323 0.06190263365081208 -0.7043932109562197
outer loop
vertex 72.20001983642578 48.490142822265625 -6.200407028198242
vertex 71.19392395019531 49.090267181396484 -7.157637596130371
vertex 72.18220520019531 48.93951416015625 -6.178799152374268
endloop
endfacet
facet normal 0.6877427972486823 0.2265647747407167 -0.689694314663566
outer loop
vertex 72.03276062011719 49.869171142578125 -6.065304279327393
vertex 71.19392395019531 49.090267181396484 -7.157637596130371
vertex 71.76300048828125 50.6866569519043 -6.065756797790527
endloop
endfacet
facet normal 0.6877400134762435 0.22656949227613596 -0.6896955408246673
outer loop
vertex 72.15367889404297 49.1169548034668 -6.191836833953857
vertex 71.19392395019531 49.090267181396484 -7.157637596130371
vertex 72.03276062011719 49.869171142578125 -6.065304279327393
endloop
endfacet
facet normal 0.6877393950996663 0.22656932412812014 -0.6896962126850286
outer loop
vertex 71.19392395019531 49.090267181396484 -7.157637596130371
vertex 70.8384780883789 50.5716667175293 -7.025426387786865
vertex 71.6840591430664 50.8398551940918 -6.094142913818359
endloop
endfacet
facet normal 0.6877241556797489 0.22658058215229726 -0.6897077101831636
outer loop
vertex 71.19392395019531 49.090267181396484 -7.157637596130371
vertex 71.6840591430664 50.8398551940918 -6.094142913818359
vertex 71.76300048828125 50.6866569519043 -6.065756797790527
endloop
endfacet
facet normal 0.6027835726056899 0.4310605058989019 -0.6714453103946023
outer loop
vertex 70.8384780883789 50.5716667175293 -7.025426387786865
vertex 70.82199096679688 52.21499252319336 -5.985230445861816
vertex 71.33261108398438 51.52193832397461 -5.97175931930542
endloop
endfacet
facet normal 0.6027814870084844 0.43106235217455385 -0.6714459974246487
outer loop
vertex 71.6840591430664 50.8398551940918 -6.094142913818359
vertex 70.8384780883789 50.5716667175293 -7.025426387786865
vertex 71.33261108398438 51.52193832397461 -5.97175931930542
endloop
endfacet
facet normal 0.6027610566759581 0.43109347227222305 -0.6714443586174215
outer loop
vertex 70.82199096679688 52.21499252319336 -5.985230445861816
vertex 70.06197357177734 51.83282470703125 -6.91287088394165
vertex 70.71861267089844 52.31700134277344 -6.012540340423584
endloop
endfacet
facet normal 0.6027805587126798 0.4310617021802317 -0.6714472480779938
outer loop
vertex 70.82199096679688 52.21499252319336 -5.985230445861816
vertex 70.8384780883789 50.5716667175293 -7.025426387786865
vertex 70.06197357177734 51.83282470703125 -6.91287088394165
endloop
endfacet
facet normal 0.4580275775974785 0.5994398647154938 -0.656416473551705
outer loop
vertex 69.45233154296875 53.37488555908203 -5.930049896240234
vertex 70.06197357177734 51.83282470703125 -6.91287088394165
vertex 69.36177062988281 53.420040130615234 -5.952005386352539
endloop
endfacet
facet normal 0.45802223509896933 0.5994400314458301 -0.6564200490959784
outer loop
vertex 70.06197357177734 51.83282470703125 -6.91287088394165
vertex 69.45233154296875 53.37488555908203 -5.930049896240234
vertex 70.1531753540039 52.875003814697266 -5.897520542144775
endloop
endfacet
facet normal 0.4580286692641587 0.5994374188372578 -0.6564179453898483
outer loop
vertex 70.71861267089844 52.31700134277344 -6.012540340423584
vertex 70.06197357177734 51.83282470703125 -6.91287088394165
vertex 70.1531753540039 52.875003814697266 -5.897520542144775
endloop
endfacet
facet normal 0.4580275258979729 0.5994398640916607 -0.6564165101957393
outer loop
vertex 70.06197357177734 51.83282470703125 -6.91287088394165
vertex 68.93254089355469 52.78929138183594 -6.827508926391602
vertex 69.36177062988281 53.420040130615234 -5.952005386352539
endloop
endfacet
facet normal 0.26739938688167525 0.7148627229561986 -0.646118298164472
outer loop
vertex 68.93254089355469 52.78929138183594 -6.827508926391602
vertex 67.59537506103516 53.33335494995117 -6.778952121734619
vertex 67.78987884521484 54.051307678222656 -5.904115676879883
endloop
endfacet
facet normal 0.2674239159505497 0.7148546248530335 -0.6461171058747031
outer loop
vertex 67.78987884521484 54.051307678222656 -5.904115676879883
vertex 67.59537506103516 53.33335494995117 -6.778952121734619
vertex 67.75239562988281 54.05683135986328 -5.91351842880249
endloop
endfacet
facet normal 0.26740203213955394 0.714863603885739 -0.6461162287445892
outer loop
vertex 68.6114273071289 53.79417037963867 -5.848606109619141
vertex 68.93254089355469 52.78929138183594 -6.827508926391602
vertex 67.78987884521484 54.051307678222656 -5.904115676879883
endloop
endfacet
facet normal 0.26740315711961166 0.7148635586175983 -0.6461158132432976
outer loop
vertex 69.36177062988281 53.420040130615234 -5.952005386352539
vertex 68.93254089355469 52.78929138183594 -6.827508926391602
vertex 68.6114273071289 53.79417037963867 -5.848606109619141
endloop
endfacet
facet normal 0.0006897451846712941 0.7671663737450891 -0.6414477993152604
outer loop
vertex -41.291351318359375 53.64218521118164 -6.526706218719482
vertex -66.82257843017578 53.4639778137207 -6.767294406890869
vertex -41.38376235961914 53.81507110595703 -6.320035457611084
endloop
endfacet
facet normal 0.0006899255153617643 0.76717347945316 -0.6414393006563561
outer loop
vertex 67.75239562988281 54.05683135986328 -5.91351842880249
vertex 41.4722785949707 54.190521240234375 -5.78188943862915
vertex 66.86027526855469 54.18827819824219 -5.757265090942383
endloop
endfacet
facet normal 0.0006897093741369093 0.7671674019417363 -0.6414465696368994
outer loop
vertex -41.38376235961914 53.81507110595703 -6.320035457611084
vertex -66.82257843017578 53.4639778137207 -6.767294406890869
vertex -41.44066619873047 54.002662658691406 -6.095737934112549
endloop
endfacet
facet normal 0.0006898614265771358 0.7671643841822187 -0.6414501786838391
outer loop
vertex -41.44066619873047 54.002662658691406 -6.095737934112549
vertex -66.49007415771484 54.200050354003906 -5.886605262756348
vertex -41.45987319946289 54.19784164428711 -5.862327575683594
endloop
endfacet
facet normal 0.0006898578166515944 0.7671627595023621 -0.6414521217744265
outer loop
vertex -39.45988845825195 54.19766616821289 -5.860387802124023
vertex 39.76518249511719 53.48350143432617 -6.62930965423584
vertex -39.479095458984375 54.002662658691406 -6.093628406524658
endloop
endfacet
facet normal 0.0006899315564556571 0.7671669458681599 -0.6414471148596486
outer loop
vertex 39.91535949707031 53.360252380371094 -6.776551723480225
vertex -39.53600311279297 53.81507110595703 -6.318048000335693
vertex -39.479095458984375 54.002662658691406 -6.093628406524658
endloop
endfacet
facet normal 0.0006899258927141971 0.7671664973081204 -0.6414476513405069
outer loop
vertex 39.91535949707031 53.360252380371094 -6.776551723480225
vertex -39.62841033935547 53.64218521118164 -6.5249176025390625
vertex -39.53600311279297 53.81507110595703 -6.318048000335693
endloop
endfacet
facet normal 0.0006898624493880295 0.7671599482311997 -0.6414554839735209
outer loop
vertex -41.166988372802734 53.49064636230469 -6.707808017730713
vertex -66.82257843017578 53.4639778137207 -6.767294406890869
vertex -41.291351318359375 53.64218521118164 -6.526706218719482
endloop
endfacet
facet normal 0.0006898779891314626 0.7671599601063106 -0.6414554697545606
outer loop
vertex 39.91535949707031 53.360252380371094 -6.776551723480225
vertex -39.75277328491211 53.49064636230469 -6.706286907196045
vertex -39.62841033935547 53.64218521118164 -6.5249176025390625
endloop
endfacet
facet normal 0.0006898102362395244 0.7671736432448999 -0.6414391048822836
outer loop
vertex -41.104042053222656 53.438987731933594 -6.769525051116943
vertex -66.82257843017578 53.4639778137207 -6.767294406890869
vertex -41.166988372802734 53.49064636230469 -6.707808017730713
endloop
endfacet
facet normal 0.0006898633164458476 0.7671644899674964 -0.6414500521642474
outer loop
vertex -66.82257843017578 53.4639778137207 -6.767294406890869
vertex -66.49007415771484 54.200050354003906 -5.886605262756348
vertex -41.44066619873047 54.002662658691406 -6.095737934112549
endloop
endfacet
facet normal 0.0006899036756152214 0.7671695035244779 -0.6414440559354528
outer loop
vertex -39.81724548339844 53.43773651123047 -6.769636631011963
vertex -39.75277328491211 53.49064636230469 -6.706286907196045
vertex 39.91535949707031 53.360252380371094 -6.776551723480225
endloop
endfacet
facet normal 0.0006898990008270542 0.7671643856838106 -0.6414501768475477
outer loop
vertex 39.49150466918945 53.99551773071289 -6.017239570617676
vertex -39.45988845825195 54.19766616821289 -5.860387802124023
vertex 39.47229766845703 54.190696716308594 -5.783829212188721
endloop
endfacet
facet normal 0.0006898703358490301 0.767163614861908 -0.6414510987681991
outer loop
vertex 39.91535949707031 53.360252380371094 -6.776551723480225
vertex -39.479095458984375 54.002662658691406 -6.093628406524658
vertex 39.76518249511719 53.48350143432617 -6.62930965423584
endloop
endfacet
facet normal 0.0006897994036623432 0.7671599269662712 -0.6414555094734848
outer loop
vertex 39.76518249511719 53.48350143432617 -6.62930965423584
vertex -39.45988845825195 54.19766616821289 -5.860387802124023
vertex 39.64081954956055 53.635040283203125 -6.448207855224609
endloop
endfacet
facet normal 0.0006899031104015522 0.7671664084041747 -0.641447757693436
outer loop
vertex 39.64081954956055 53.635040283203125 -6.448207855224609
vertex -39.45988845825195 54.19766616821289 -5.860387802124023
vertex 39.54840850830078 53.807926177978516 -6.241537094116211
endloop
endfacet
facet normal 0.0006898910162197383 0.7671665333112894 -0.6414476083185002
outer loop
vertex 67.59537506103516 53.33335494995117 -6.778952121734619
vertex 41.02790069580078 53.35917282104492 -6.776648044586182
vertex 41.17939376831055 53.48350143432617 -6.62778902053833
endloop
endfacet
facet normal 0.0006898193162722121 0.7671608100905206 -0.6414544532627137
outer loop
vertex 67.59537506103516 53.33335494995117 -6.778952121734619
vertex 41.17939376831055 53.48350143432617 -6.62778902053833
vertex 41.30375671386719 53.635040283203125 -6.4464192390441895
endloop
endfacet
facet normal 0.0006899509328095274 0.7671657577938311 -0.6414485357659858
outer loop
vertex 67.59537506103516 53.33335494995117 -6.778952121734619
vertex 41.30375671386719 53.635040283203125 -6.4464192390441895
vertex 41.39616775512695 53.807926177978516 -6.2395501136779785
endloop
endfacet
facet normal 0.0006900300957872599 0.7671676100539028 -0.6414463203906074
outer loop
vertex 67.59537506103516 53.33335494995117 -6.778952121734619
vertex 41.39616775512695 53.807926177978516 -6.2395501136779785
vertex 41.45307159423828 53.99551773071289 -6.015130043029785
endloop
endfacet
facet normal 0.0006897380240124992 0.7671627644203557 -0.6414521160214346
outer loop
vertex 67.59537506103516 53.33335494995117 -6.778952121734619
vertex 41.45307159423828 53.99551773071289 -6.015130043029785
vertex 41.4722785949707 54.190521240234375 -5.78188943862915
endloop
endfacet
facet normal 0.0006899140161120298 0.7671674273789212 -0.6414465389940599
outer loop
vertex 39.54840850830078 53.807926177978516 -6.241537094116211
vertex -39.45988845825195 54.19766616821289 -5.860387802124023
vertex 39.49150466918945 53.99551773071289 -6.017239570617676
endloop
endfacet
facet normal 0.0006898181279856242 0.767163785323826 -0.6414508949549986
outer loop
vertex 67.59537506103516 53.33335494995117 -6.778952121734619
vertex 41.4722785949707 54.190521240234375 -5.78188943862915
vertex 67.75239562988281 54.05683135986328 -5.91351842880249
endloop
endfacet
facet normal -0.008016952233575457 0.7687554975131172 -0.6394925437565666
outer loop
vertex -66.82257843017578 53.4639778137207 -6.767294406890869
vertex -66.93944549560547 54.18223190307617 -5.9023919105529785
vertex -66.49007415771484 54.200050354003906 -5.886605262756348
endloop
endfacet
facet normal -0.16559813527691927 0.747578069102831 -0.6431984827324222
outer loop
vertex -66.82257843017578 53.4639778137207 -6.767294406890869
vertex -67.86909484863281 54.03279495239258 -5.836731910705566
vertex -66.93944549560547 54.18223190307617 -5.9023919105529785
endloop
endfacet
facet normal -0.16559810853215437 0.7475791383379842 -0.6431972468632075
outer loop
vertex -66.82257843017578 53.4639778137207 -6.767294406890869
vertex -68.30148315429688 53.109134674072266 -6.79896354675293
vertex -68.61502838134766 53.78664016723633 -5.930782794952393
endloop
endfacet
facet normal -0.16559946785855617 0.7475770306624133 -0.6431993466033156
outer loop
vertex -66.82257843017578 53.4639778137207 -6.767294406890869
vertex -68.61502838134766 53.78664016723633 -5.930782794952393
vertex -67.86909484863281 54.03279495239258 -5.836731910705566
endloop
endfacet
facet normal -0.37180437555578977 0.6619434131461497 -0.6508397837486541
outer loop
vertex -69.52186584472656 53.3326416015625 -5.874484539031982
vertex -69.5612564086914 52.33348083496094 -6.868188858032227
vertex -70.11346435546875 52.89676284790039 -5.979837894439697
endloop
endfacet
facet normal -0.37180054615317676 0.661944622222726 -0.650840741649301
outer loop
vertex -68.61502838134766 53.78664016723633 -5.930782794952393
vertex -68.30148315429688 53.109134674072266 -6.79896354675293
vertex -68.68658447265625 53.76302719116211 -5.913921356201172
endloop
endfacet
facet normal -0.37180095625628873 0.6619443871726882 -0.6508407464330145
outer loop
vertex -68.68658447265625 53.76302719116211 -5.913921356201172
vertex -68.30148315429688 53.109134674072266 -6.79896354675293
vertex -69.52186584472656 53.3326416015625 -5.874484539031982
endloop
endfacet
facet normal -0.37180101697457885 0.6619442959457127 -0.6508408045302658
outer loop
vertex -68.30148315429688 53.109134674072266 -6.79896354675293
vertex -69.5612564086914 52.33348083496094 -6.868188858032227
vertex -69.52186584472656 53.3326416015625 -5.874484539031982
endloop
endfacet
facet normal -0.5405020794726034 0.5169666154452202 -0.6637793463199237
outer loop
vertex -69.5612564086914 52.33348083496094 -6.868188858032227
vertex -70.51810455322266 51.20359420776367 -6.969028472900391
vertex -70.87493133544922 52.153202056884766 -5.938895225524902
endloop
endfacet
facet normal -0.5405018272050686 0.5169667876137586 -0.6637794176473787
outer loop
vertex -70.87493133544922 52.153202056884766 -5.938895225524902
vertex -70.51810455322266 51.20359420776367 -6.969028472900391
vertex -71.2810287475586 51.5838508605957 -6.051642417907715
endloop
endfacet
facet normal -0.5404853544854069 0.5169847934804599 -0.6637788072067007
outer loop
vertex -69.5612564086914 52.33348083496094 -6.868188858032227
vertex -70.21492004394531 52.822017669677734 -5.955442428588867
vertex -70.11346435546875 52.89676284790039 -5.979837894439697
endloop
endfacet
facet normal -0.5405025711732732 0.5169647422995375 -0.6637804047832789
outer loop
vertex -70.21492004394531 52.822017669677734 -5.955442428588867
vertex -69.5612564086914 52.33348083496094 -6.868188858032227
vertex -70.87493133544922 52.153202056884766 -5.938895225524902
endloop
endfacet
facet normal -0.6553346588403006 0.3273967743276225 -0.680696582246844
outer loop
vertex -71.79409790039062 50.611454010009766 -6.025380611419678
vertex -71.37480926513672 51.452362060546875 -6.024592876434326
vertex -70.51810455322266 51.20359420776367 -6.969028472900391
endloop
endfacet
facet normal -0.655335385559101 0.3273944781920358 -0.6806969869798669
outer loop
vertex -70.51810455322266 51.20359420776367 -6.969028472900391
vertex -71.0637435913086 49.86256790161133 -7.088711738586426
vertex -71.99725341796875 49.96236801147461 -6.141982078552246
endloop
endfacet
facet normal -0.6553343339152176 0.32739164114917413 -0.6806993639614692
outer loop
vertex -70.51810455322266 51.20359420776367 -6.969028472900391
vertex -71.99725341796875 49.96236801147461 -6.141982078552246
vertex -71.79409790039062 50.611454010009766 -6.025380611419678
endloop
endfacet
facet normal -0.6553440395387388 0.3273732096990376 -0.6806988845388231
outer loop
vertex -70.51810455322266 51.20359420776367 -6.969028472900391
vertex -71.37480926513672 51.452362060546875 -6.024592876434326
vertex -71.2810287475586 51.5838508605957 -6.051642417907715
endloop
endfacet
facet normal -0.7071039996022914 0.06517305861883084 -0.7040997132343606
outer loop
vertex -72.1882095336914 48.86030197143555 -6.052219867706299
vertex -72.05123138427734 49.78990936279297 -6.10373592376709
vertex -71.0637435913086 49.86256790161133 -7.088711738586426
endloop
endfacet
facet normal -0.7071025445186625 0.06516958216878517 -0.7041014963023292
outer loop
vertex -71.0637435913086 49.86256790161133 -7.088711738586426
vertex -72.19998168945312 10.50995922088623 -9.589993476867676
vertex -72.1882095336914 48.86030197143555 -6.052219867706299
endloop
endfacet
facet normal -0.7071040397748091 0.0651687686371699 -0.7041000699676576
outer loop
vertex -71.99725341796875 49.96236801147461 -6.141982078552246
vertex -71.0637435913086 49.86256790161133 -7.088711738586426
vertex -72.05123138427734 49.78990936279297 -6.10373592376709
endloop
endfacet
facet normal -0.7071034019753931 0.0651600972492417 -0.7041015130230123
outer loop
vertex -71.19365692138672 10.440150260925293 -10.60706901550293
vertex -72.18215942382812 10.237931251525879 -9.633066177368164
vertex -72.19998168945312 10.50995922088623 -9.589993476867676
endloop
endfacet
facet normal -0.7071026353880772 0.06516957901071294 -0.7041014053378976
outer loop
vertex -71.0637435913086 49.86256790161133 -7.088711738586426
vertex -71.19365692138672 10.440150260925293 -10.60706901550293
vertex -72.19998168945312 10.50995922088623 -9.589993476867676
endloop
endfacet
facet normal -0.6877410644966943 -0.10085122075408016 -0.7189167263858628
outer loop
vertex -71.19365692138672 10.440150260925293 -10.60706901550293
vertex -72.03272247314453 9.130932807922363 -9.620729446411133
vertex -72.18215942382812 10.060586929321289 -9.608186721801758
endloop
endfacet
facet normal -0.6877385091827997 -0.10085436749667655 -0.7189187294429501
outer loop
vertex -71.76295471191406 8.490789413452148 -9.788993835449219
vertex -72.03272247314453 9.130932807922363 -9.620729446411133
vertex -71.19365692138672 10.440150260925293 -10.60706901550293
endloop
endfacet
facet normal -0.6877397386095653 -0.10085618063998894 -0.718917298973923
outer loop
vertex -71.19365692138672 10.440150260925293 -10.60706901550293
vertex -72.18215942382812 10.060586929321289 -9.608186721801758
vertex -72.18215942382812 10.237931251525879 -9.633066177368164
endloop
endfacet
facet normal -0.6877280952864712 -0.10084709205170012 -0.7189297121265461
outer loop
vertex -71.76295471191406 8.490789413452148 -9.788993835449219
vertex -71.81441497802734 8.469381332397461 -9.736763954162598
vertex -72.03272247314453 9.130932807922363 -9.620729446411133
endloop
endfacet
facet normal -0.6877374316457961 -0.10085507322531306 -0.7189196612403645
outer loop
vertex -70.83843231201172 8.959689140319824 -10.73919677734375
vertex -71.76295471191406 8.490789413452148 -9.788993835449219
vertex -71.19365692138672 10.440150260925293 -10.60706901550293
endloop
endfacet
facet normal -0.6027794603728069 -0.30534839298023736 -0.7371697776340631
outer loop
vertex -71.76295471191406 8.490789413452148 -9.788993835449219
vertex -70.83843231201172 8.959689140319824 -10.73919677734375
vertex -71.76295471191406 8.313446044921875 -9.715535163879395
endloop
endfacet
facet normal -0.6142923904845887 -0.30196952045854575 -0.7290125291836661
outer loop
vertex -71.76295471191406 8.490789413452148 -9.788993835449219
vertex -71.76295471191406 8.313446044921875 -9.715535163879395
vertex -71.81441497802734 8.469381332397461 -9.736763954162598
endloop
endfacet
facet normal -0.60278163272337 -0.30534644453099496 -0.7371688083903362
outer loop
vertex -70.83843231201172 8.959689140319824 -10.73919677734375
vertex -70.06192779541016 7.698530673980713 -10.851752281188965
vertex -70.82194519042969 6.962455749511719 -9.925394058227539
endloop
endfacet
facet normal -0.6027970380303825 -0.3053421616605928 -0.737157985274686
outer loop
vertex -70.82194519042969 6.962455749511719 -9.925394058227539
vertex -70.9028549194336 6.894932746887207 -9.831262588500977
vertex -70.83843231201172 8.959689140319824 -10.73919677734375
endloop
endfacet
facet normal -0.6027809212675187 -0.3053474892842907 -0.7371689573928499
outer loop
vertex -70.83843231201172 8.959689140319824 -10.73919677734375
vertex -70.9028549194336 6.894932746887207 -9.831262588500977
vertex -71.33256530761719 7.478164196014404 -9.721473693847656
endloop
endfacet
facet normal -0.6027793397713739 -0.3053485914805182 -0.7371697940268919
outer loop
vertex -71.76295471191406 8.313446044921875 -9.715535163879395
vertex -70.83843231201172 8.959689140319824 -10.73919677734375
vertex -71.33256530761719 7.478164196014404 -9.721473693847656
endloop
endfacet
facet normal -0.4580232517927565 -0.4737246737661878 -0.7521965396638756
outer loop
vertex -70.15312957763672 6.125099182128906 -9.805289268493652
vertex -70.06192779541016 7.698530673980713 -10.851752281188965
vertex -69.53131866455078 5.681587219238281 -9.904600143432617
endloop
endfacet
facet normal -0.4580239230836691 -0.47372445473902985 -0.7521962688456078
outer loop
vertex -70.06192779541016 7.698530673980713 -10.851752281188965
vertex -70.15312957763672 6.125099182128906 -9.805289268493652
vertex -70.82194519042969 6.785111904144287 -9.813705444335938
endloop
endfacet
facet normal -0.474953084034812 -0.46896481035331866 -0.7446419103274383
outer loop
vertex -70.82194519042969 6.962455749511719 -9.925394058227539
vertex -70.82194519042969 6.785111904144287 -9.813705444335938
vertex -70.9028549194336 6.894932746887207 -9.831262588500977
endloop
endfacet
facet normal -0.4580244103673118 -0.4737234596763388 -0.7521965988090856
outer loop
vertex -70.06192779541016 7.698530673980713 -10.851752281188965
vertex -68.9324951171875 6.742067337036133 -10.937113761901855
vertex -69.4522933959961 5.802560806274414 -10.028911590576172
endloop
endfacet
facet normal -0.45802627697169385 -0.4737223637995253 -0.7521961523696059
outer loop
vertex -70.82194519042969 6.785111904144287 -9.813705444335938
vertex -70.82194519042969 6.962455749511719 -9.925394058227539
vertex -70.06192779541016 7.698530673980713 -10.851752281188965
endloop
endfacet
facet normal -0.4580434684790574 -0.4737243168234269 -0.752184453863447
outer loop
vertex -69.4522933959961 5.802560806274414 -10.028911590576172
vertex -69.53131866455078 5.681587219238281 -9.904600143432617
vertex -70.06192779541016 7.698530673980713 -10.851752281188965
endloop
endfacet
facet normal -0.2674003512112493 -0.5891471662202239 -0.7624976516073871
outer loop
vertex -68.61138153076172 5.205932140350342 -9.862823486328125
vertex -68.9324951171875 6.742067337036133 -10.937113761901855
vertex -67.83528137207031 4.9630208015441895 -9.947307586669922
endloop
endfacet
facet normal -0.2674005192799464 -0.5891471622689048 -0.7624975957203484
outer loop
vertex -69.4522933959961 5.625216484069824 -9.891885757446289
vertex -68.9324951171875 6.742067337036133 -10.937113761901855
vertex -68.61138153076172 5.205932140350342 -9.862823486328125
endloop
endfacet
facet normal -0.26740195533469224 -0.5891476392277902 -0.7624967235834555
outer loop
vertex -68.9324951171875 6.742067337036133 -10.937113761901855
vertex -67.78983306884766 5.126140117645264 -10.08928108215332
vertex -67.83528137207031 4.9630208015441895 -9.947307586669922
endloop
endfacet
facet normal -0.2674011715119809 -0.5891473474668588 -0.7624972238944773
outer loop
vertex -68.9324951171875 6.742067337036133 -10.937113761901855
vertex -67.58894348144531 6.195403099060059 -10.985902786254883
vertex -67.78983306884766 5.126140117645264 -10.08928108215332
endloop
endfacet
facet normal -0.2950706690883794 -0.5841884652173331 -0.7560801130506957
outer loop
vertex -69.4522933959961 5.802560806274414 -10.028911590576172
vertex -69.4522933959961 5.625216484069824 -9.891885757446289
vertex -69.53131866455078 5.681587219238281 -9.904600143432617
endloop
endfacet
facet normal -0.26740095451153456 -0.589146961813023 -0.7624975979718261
outer loop
vertex -69.4522933959961 5.802560806274414 -10.028911590576172
vertex -68.9324951171875 6.742067337036133 -10.937113761901855
vertex -69.4522933959961 5.625216484069824 -9.891885757446289
endloop
endfacet
facet normal -0.01021087243563806 -0.6413761780007345 -0.7671586122682018
outer loop
vertex -67.78983306884766 5.126140117645264 -10.08928108215332
vertex -67.58894348144531 6.195403099060059 -10.985902786254883
vertex -66.8602294921875 4.811822891235352 -9.838871955871582
endloop
endfacet
facet normal 0.082923226095208 -0.16953020712428518 -0.9820301662608741
outer loop
vertex -67.78983306884766 4.948796272277832 -9.941014289855957
vertex -67.83528137207031 4.9630208015441895 -9.947307586669922
vertex -66.8602294921875 4.811822891235352 -9.838871955871582
endloop
endfacet
facet normal -0.01722755619305608 -0.6536897758786525 -0.756566512753064
outer loop
vertex -67.83528137207031 4.9630208015441895 -9.947307586669922
vertex -67.78983306884766 5.126140117645264 -10.08928108215332
vertex -66.8602294921875 4.811822891235352 -9.838871955871582
endloop
endfacet
facet normal -0.010211043688177879 -0.6413762301575037 -0.7671585663836042
outer loop
vertex -67.58894348144531 6.195403099060059 -10.985902786254883
vertex -56.19997787475586 4.800051212310791 -9.97092056274414
vertex -66.8602294921875 4.811822891235352 -9.838871955871582
endloop
endfacet
facet normal -0.010470573759320997 -0.6426910181196777 -0.766053929115596
outer loop
vertex -67.58894348144531 6.195403099060059 -10.985902786254883
vertex -56.08014678955078 6.0259318351745605 -11.00102710723877
vertex -56.19997787475586 4.800051212310791 -9.97092056274414
endloop
endfacet
facet normal -0.026887190856721335 -0.6415520107546776 -0.7666081766224936
outer loop
vertex -56.19997787475586 4.800051212310791 -9.97092056274414
vertex -56.08014678955078 6.0259318351745605 -11.00102710723877
vertex -56.09654998779297 4.793586730957031 -9.969138145446777
endloop
endfacet
facet normal -0.2057530558178556 -0.6128999174808074 -0.7629019407326434
outer loop
vertex -55.521488189697266 5.059902191162109 -10.274944305419922
vertex -55.29831314086914 5.9024810791015625 -11.012044906616211
vertex -55.42810821533203 4.695005416870117 -10.006978034973145
endloop
endfacet
facet normal -0.19643087268678994 -0.615609003454171 -0.7631778738417857
outer loop
vertex -55.56370162963867 4.900747299194336 -10.13803768157959
vertex -55.42810821533203 4.695005416870117 -10.006978034973145
vertex -55.608402252197266 4.731985092163086 -9.990402221679688
endloop
endfacet
facet normal -0.20575885497502538 -0.6128987637557524 -0.7629013035681856
outer loop
vertex -55.12236785888672 5.8493194580078125 -11.016789436340332
vertex -55.42810821533203 4.695005416870117 -10.006978034973145
vertex -55.29831314086914 5.9024810791015625 -11.012044906616211
endloop
endfacet
facet normal -0.1856376033365834 -0.6120349978616889 -0.7687339212106435
outer loop
vertex -55.42810821533203 4.695005416870117 -10.006978034973145
vertex -55.56370162963867 4.900747299194336 -10.13803768157959
vertex -55.521488189697266 5.059902191162109 -10.274944305419922
endloop
endfacet
facet normal -0.06947542623772882 -0.6398995258590784 -0.7653115456821572
outer loop
vertex -56.09654998779297 4.793586730957031 -9.969138145446777
vertex -55.540287017822266 5.972970485687256 -11.005753517150879
vertex -55.82642364501953 4.776703357696533 -9.979543685913086
endloop
endfacet
facet normal -0.20608236375343958 -0.614049313720968 -0.7618881149280408
outer loop
vertex -55.540287017822266 5.972970485687256 -11.005753517150879
vertex -55.376495361328125 5.923480987548828 -11.010170936584473
vertex -55.521488189697266 5.059902191162109 -10.274944305419922
endloop
endfacet
facet normal -0.06947566145908866 -0.6398994510933043 -0.7653115868424506
outer loop
vertex -56.08014678955078 6.0259318351745605 -11.00102710723877
vertex -55.540287017822266 5.972970485687256 -11.005753517150879
vertex -56.09654998779297 4.793586730957031 -9.969138145446777
endloop
endfacet
facet normal -0.1609327287373273 -0.6187522960560755 -0.7689253884132663
outer loop
vertex -55.56370162963867 4.900747299194336 -10.13803768157959
vertex -55.540287017822266 5.972970485687256 -11.005753517150879
vertex -55.521488189697266 5.059902191162109 -10.274944305419922
endloop
endfacet
facet normal -0.16521819841783666 -0.619087146582972 -0.7677460855304428
outer loop
vertex -55.82642364501953 4.776703357696533 -9.979543685913086
vertex -55.540287017822266 5.972970485687256 -11.005753517150879
vertex -55.608402252197266 4.731985092163086 -9.990402221679688
endloop
endfacet
facet normal -0.20575105628461524 -0.6128996231634565 -0.7629027164480789
outer loop
vertex -55.540287017822266 5.972970485687256 -11.005753517150879
vertex -55.56370162963867 4.900747299194336 -10.13803768157959
vertex -55.608402252197266 4.731985092163086 -9.990402221679688
endloop
endfacet
facet normal -0.48092054765276376 -0.4550347745946222 -0.7494389773390406
outer loop
vertex -53.92362594604492 5.181201934814453 -11.076416969299316
vertex -53.2733154296875 4.5819783210754395 -11.129897117614746
vertex -53.946449279785156 3.768847942352295 -10.204236030578613
endloop
endfacet
facet normal -0.48200763719556555 -0.4570770944940492 -0.7474952624425296
outer loop
vertex -54.5318603515625 4.293518543243408 -10.141409873962402
vertex -53.92362594604492 5.181201934814453 -11.076416969299316
vertex -54.167083740234375 4.006256580352783 -10.200974464416504
endloop
endfacet
facet normal -0.44818018160455225 -0.48433488723040596 -0.7513682464866481
outer loop
vertex -53.92362594604492 5.181201934814453 -11.076416969299316
vertex -54.5318603515625 4.293518543243408 -10.141409873962402
vertex -54.618263244628906 4.342093467712402 -10.121183395385742
endloop
endfacet
facet normal -0.49573207187074136 -0.45050547431672205 -0.7424921080586698
outer loop
vertex -54.167083740234375 4.006256580352783 -10.200974464416504
vertex -53.92362594604492 5.181201934814453 -11.076416969299316
vertex -53.946449279785156 3.768847942352295 -10.204236030578613
endloop
endfacet
facet normal -0.20576801672391232 -0.6128960691771619 -0.7629009972995784
outer loop
vertex -55.42810821533203 4.695005416870117 -10.006978034973145
vertex -55.12236785888672 5.8493194580078125 -11.016789436340332
vertex -55.371585845947266 4.683411598205566 -10.012908935546875
endloop
endfacet
facet normal -0.3341304143635974 -0.5599355048453594 -0.758174845672674
outer loop
vertex -54.28648376464844 5.477812767028809 -11.049945831298828
vertex -54.93659210205078 4.521053791046143 -10.056844711303711
vertex -54.80309295654297 5.752851963043213 -11.025399208068848
endloop
endfacet
facet normal -0.44966640146506676 -0.483042387256786 -0.7513123049083665
outer loop
vertex -54.28648376464844 5.477812767028809 -11.049945831298828
vertex -54.618263244628906 4.342093467712402 -10.121183395385742
vertex -54.88400650024414 4.491491317749023 -10.058186531066895
endloop
endfacet
facet normal -0.4496639617270855 -0.48304363700804226 -0.7513129616011858
outer loop
vertex -54.28648376464844 5.477812767028809 -11.049945831298828
vertex -53.92362594604492 5.181201934814453 -11.076416969299316
vertex -54.618263244628906 4.342093467712402 -10.121183395385742
endloop
endfacet
facet normal -0.18455545588279992 -0.61897047576469 -0.7634231027651216
outer loop
vertex -55.376495361328125 5.923480987548828 -11.010170936584473
vertex -55.29831314086914 5.9024810791015625 -11.012044906616211
vertex -55.521488189697266 5.059902191162109 -10.274944305419922
endloop
endfacet
facet normal -0.3341299040683044 -0.5599358332598717 -0.7581748280171788
outer loop
vertex -54.93659210205078 4.521053791046143 -10.056844711303711
vertex -54.28648376464844 5.477812767028809 -11.049945831298828
vertex -54.88400650024414 4.491491317749023 -10.058186531066895
endloop
endfacet
facet normal -0.20575759603703214 -0.6128989756617365 -0.7629014728691089
outer loop
vertex -55.22885513305664 4.630138397216797 -10.008605003356934
vertex -55.12236785888672 5.8493194580078125 -11.016789436340332
vertex -54.80309295654297 5.752851963043213 -11.025399208068848
endloop
endfacet
facet normal -0.33413193679775743 -0.5599350667132283 -0.7581744983027535
outer loop
vertex -54.80309295654297 5.752851963043213 -11.025399208068848
vertex -54.93659210205078 4.521053791046143 -10.056844711303711
vertex -55.22885513305664 4.630138397216797 -10.008605003356934
endloop
endfacet
facet normal -0.20575553059352505 -0.6128993608298222 -0.7629017204886697
outer loop
vertex -55.371585845947266 4.683411598205566 -10.012908935546875
vertex -55.12236785888672 5.8493194580078125 -11.016789436340332
vertex -55.22885513305664 4.630138397216797 -10.008605003356934
endloop
endfacet
facet normal -0.6600147275072481 -0.1845740678857455 -0.7282259079005919
outer loop
vertex -52.499900817871094 3.45285964012146 -11.230668067932129
vertex -52.46685028076172 3.3654534816741943 -11.238469123840332
vertex -53.42042922973633 2.9176390171051025 -10.26070785522461
endloop
endfacet
facet normal 0.35267351804080543 -0.9320638511624426 -0.08293592122209566
outer loop
vertex -52.59885787963867 3.4064743518829346 -11.13017463684082
vertex -52.499900817871094 3.45285964012146 -11.230668067932129
vertex -53.459842681884766 3.0015852451324463 -10.241103172302246
endloop
endfacet
facet normal -0.6751921911069757 -0.14825580035791183 -0.7225895949488866
outer loop
vertex -53.459842681884766 3.0015852451324463 -10.241103172302246
vertex -52.499900817871094 3.45285964012146 -11.230668067932129
vertex -53.42042922973633 2.9176390171051025 -10.26070785522461
endloop
endfacet
facet normal -0.6251158857563515 -0.27010104406823215 -0.7323083745037353
outer loop
vertex -52.81175231933594 4.057431697845459 -11.176711082458496
vertex -52.535621643066406 3.542869806289673 -11.222634315490723
vertex -53.591190338134766 3.281341314315796 -10.225114822387695
endloop
endfacet
facet normal -0.6251136159908348 -0.27010424960611334 -0.7323091297038306
outer loop
vertex -53.66841125488281 3.3957114219665527 -10.20138168334961
vertex -52.81175231933594 4.057431697845459 -11.176711082458496
vertex -53.591190338134766 3.281341314315796 -10.225114822387695
endloop
endfacet
facet normal -0.44966773711693186 -0.4830401223803477 -0.7513129616657206
outer loop
vertex -53.2733154296875 4.5819783210754395 -11.129897117614746
vertex -53.18336486816406 4.508449077606201 -11.136459350585938
vertex -53.946449279785156 3.768847942352295 -10.204236030578613
endloop
endfacet
facet normal -0.5479169631673197 -0.3851796735229291 -0.7425790332202168
outer loop
vertex -53.18336486816406 4.508449077606201 -11.136459350585938
vertex -52.81175231933594 4.057431697845459 -11.176711082458496
vertex -53.66841125488281 3.3957114219665527 -10.20138168334961
endloop
endfacet
facet normal -0.6251134452887418 -0.27010843802011336 -0.7323077305542894
outer loop
vertex -53.591190338134766 3.281341314315796 -10.225114822387695
vertex -52.535621643066406 3.542869806289673 -11.222634315490723
vertex -53.48676681518555 3.0589332580566406 -10.232218742370605
endloop
endfacet
facet normal -0.44965765504676947 -0.4830500693861996 -0.7513126005357744
outer loop
vertex -53.946449279785156 3.768847942352295 -10.204236030578613
vertex -53.18336486816406 4.508449077606201 -11.136459350585938
vertex -53.893489837646484 3.7118630409240723 -10.199294090270996
endloop
endfacet
facet normal -0.5479032885573178 -0.3851954005178548 -0.7425809651532725
outer loop
vertex -53.893489837646484 3.7118630409240723 -10.199294090270996
vertex -53.18336486816406 4.508449077606201 -11.136459350585938
vertex -53.85100173950195 3.6661486625671387 -10.206930160522461
endloop
endfacet
facet normal -0.5479230802417029 -0.38517517499558973 -0.7425768530634127
outer loop
vertex -53.85100173950195 3.6661486625671387 -10.206930160522461
vertex -53.18336486816406 4.508449077606201 -11.136459350585938
vertex -53.66841125488281 3.3957114219665527 -10.20138168334961
endloop
endfacet
facet normal -0.6528535899493838 -0.1937271627450171 -0.7322922753279372
outer loop
vertex -52.535621643066406 3.542869806289673 -11.222634315490723
vertex -52.499900817871094 3.45285964012146 -11.230668067932129
vertex -52.59885787963867 3.4064743518829346 -11.13017463684082
endloop
endfacet
facet normal -0.6625824350386146 -0.1848324004650331 -0.7258247037106369
outer loop
vertex -52.535621643066406 3.542869806289673 -11.222634315490723
vertex -52.59885787963867 3.4064743518829346 -11.13017463684082
vertex -53.459842681884766 3.0015852451324463 -10.241103172302246
endloop
endfacet
facet normal -0.6576411863868625 -0.19606893529527353 -0.7273685740942193
outer loop
vertex -53.459842681884766 3.0015852451324463 -10.241103172302246
vertex -53.48676681518555 3.0589332580566406 -10.232218742370605
vertex -52.535621643066406 3.542869806289673 -11.222634315490723
endloop
endfacet
facet normal -0.7071546141022409 0.06114630883897487 -0.7044100231181265
outer loop
vertex -53.24015426635742 2.2335782051086426 -10.370892524719238
vertex -52.27553176879883 2.3207006454467773 -11.331710815429688
vertex -53.203975677490234 1.9549061059951782 -10.431402206420898
endloop
endfacet
facet normal -0.7071057604467424 0.06185493827575914 -0.7043971962990313
outer loop
vertex -52.19580841064453 -53.44805145263672 -16.30893898010254
vertex -53.19997787475586 -53.47221374511719 -15.303030014038086
vertex -52.27553176879883 2.3207006454467773 -11.331710815429688
endloop
endfacet
facet normal -0.7072643171809174 0.06184628756128084 -0.7042387538026419
outer loop
vertex -52.27553176879883 2.3207006454467773 -11.331710815429688
vertex -53.19997787475586 -53.47221374511719 -15.303030014038086
vertex -53.203975677490234 1.9549061059951782 -10.431402206420898
endloop
endfacet
facet normal -0.7071054344638295 0.061865168064293756 -0.7043966251566626
outer loop
vertex -52.19580841064453 -53.44805145263672 -16.30893898010254
vertex -53.191593170166016 -53.66077423095703 -15.328007698059082
vertex -53.19997787475586 -53.47221374511719 -15.303030014038086
endloop
endfacet
facet normal -0.6810475779562197 -0.13103675084824437 -0.7204190214639685
outer loop
vertex -52.46685028076172 3.3654534816741943 -11.238469123840332
vertex -52.3325309753418 2.8971314430236816 -11.280264854431152
vertex -53.321067810058594 2.6116809844970703 -10.293831825256348
endloop
endfacet
facet normal -0.6758904986222823 -0.1404428606500683 -0.723496950072734
outer loop
vertex -52.46685028076172 3.3654534816741943 -11.238469123840332
vertex -53.393863677978516 2.8610520362854004 -10.274540901184082
vertex -53.42042922973633 2.9176390171051025 -10.26070785522461
endloop
endfacet
facet normal -0.6755892463747211 -0.1412382873260487 -0.723623463118797
outer loop
vertex -53.321067810058594 2.6116809844970703 -10.293831825256348
vertex -53.393863677978516 2.8610520362854004 -10.274540901184082
vertex -52.46685028076172 3.3654534816741943 -11.238469123840332
endloop
endfacet
facet normal -0.7053989749742688 -0.006493886815420636 -0.7087807245822075
outer loop
vertex -52.3325309753418 2.8971314430236816 -11.280264854431152
vertex -52.27553176879883 2.3207006454467773 -11.331710815429688
vertex -53.24015426635742 2.2335782051086426 -10.370892524719238
endloop
endfacet
facet normal -0.7053943815238977 -0.006506279151638086 -0.7087851824397284
outer loop
vertex -53.24015426635742 2.2335782051086426 -10.370892524719238
vertex -53.263755798339844 2.4153482913970947 -10.349072456359863
vertex -52.3325309753418 2.8971314430236816 -11.280264854431152
endloop
endfacet
facet normal -0.705398554427747 -0.006490466803221508 -0.7087811744480246
outer loop
vertex -53.321067810058594 2.6116809844970703 -10.293831825256348
vertex -52.3325309753418 2.8971314430236816 -11.280264854431152
vertex -53.263755798339844 2.4153482913970947 -10.349072456359863
endloop
endfacet
facet normal -0.6853498940378565 -0.11047567289090539 -0.719785140470127
outer loop
vertex -53.1002082824707 -54.34908676147461 -15.30948543548584
vertex -52.89508056640625 -54.79194641113281 -15.436827659606934
vertex -52.946311950683594 -54.814395904541016 -15.384601593017578
endloop
endfacet
facet normal -0.6854886387374234 -0.11000820147953537 -0.7197246152308202
outer loop
vertex -52.19580841064453 -53.44805145263672 -16.30893898010254
vertex -53.18375778198242 -53.8369255065918 -15.30854606628418
vertex -53.191593170166016 -53.66077423095703 -15.328007698059082
endloop
endfacet
facet normal -0.6853560570233049 -0.11048281681174708 -0.719778175753343
outer loop
vertex -52.19580841064453 -53.44805145263672 -16.30893898010254
vertex -53.1002082824707 -54.34908676147461 -15.30948543548584
vertex -53.18375778198242 -53.8369255065918 -15.30854606628418
endloop
endfacet
facet normal -0.6853570020984209 -0.11048115327119863 -0.7197775312181751
outer loop
vertex -53.1002082824707 -54.34908676147461 -15.30948543548584
vertex -52.19580841064453 -53.44805145263672 -16.30893898010254
vertex -52.89508056640625 -54.79194641113281 -15.436827659606934
endloop
endfacet
facet normal -0.6853565166383435 -0.11048165578725701 -0.7197779163296565
outer loop
vertex -51.978736877441406 -54.299537658691406 -16.384931564331055
vertex -52.89508056640625 -54.79194641113281 -15.436827659606934
vertex -52.19580841064453 -53.44805145263672 -16.30893898010254
endloop
endfacet
facet normal -0.5892129949226543 -0.32652875292975125 -0.7390581980631956
outer loop
vertex -51.978736877441406 -54.299537658691406 -16.384931564331055
vertex -51.44089126586914 -55.106964111328125 -16.456993103027344
vertex -52.165279388427734 -55.887535095214844 -15.534605979919434
endloop
endfacet
facet normal -0.6027400955802531 -0.3224700296298447 -0.7298749599557683
outer loop
vertex -52.946311950683594 -54.814395904541016 -15.384601593017578
vertex -52.89508056640625 -54.79194641113281 -15.436827659606934
vertex -52.89508056640625 -54.96929168701172 -15.358473777770996
endloop
endfacet
facet normal -0.5892053063533563 -0.3265321376014934 -0.739062832294012
outer loop
vertex -51.978736877441406 -54.299537658691406 -16.384931564331055
vertex -52.165279388427734 -55.887535095214844 -15.534605979919434
vertex -52.247825622558594 -55.96276092529297 -15.435561180114746
endloop
endfacet
facet normal -0.5892112233499436 -0.3265292227773096 -0.7390594028567048
outer loop
vertex -51.978736877441406 -54.299537658691406 -16.384931564331055
vertex -52.247825622558594 -55.96276092529297 -15.435561180114746
vertex -52.56956481933594 -55.564735412597656 -15.354910850524902
endloop
endfacet
facet normal -0.5892100304108073 -0.3265302019419075 -0.7390599213075166
outer loop
vertex -52.56956481933594 -55.564735412597656 -15.354910850524902
vertex -52.89508056640625 -54.96929168701172 -15.358473777770996
vertex -51.978736877441406 -54.299537658691406 -16.384931564331055
endloop
endfacet
facet normal -0.5892114461902753 -0.3265280155164044 -0.7390597585860584
outer loop
vertex -52.89508056640625 -54.79194641113281 -15.436827659606934
vertex -51.978736877441406 -54.299537658691406 -16.384931564331055
vertex -52.89508056640625 -54.96929168701172 -15.358473777770996
endloop
endfacet
facet normal -0.4145954745765644 -0.5076850422772727 -0.7552261186615286
outer loop
vertex -52.165279388427734 -56.064876556396484 -15.415390014648438
vertex -51.44089126586914 -55.106964111328125 -16.456993103027344
vertex -51.672786712646484 -56.494041442871094 -15.397255897521973
endloop
endfacet
facet normal -0.41460883713371655 -0.5076841917556837 -0.755219354632815
outer loop
vertex -51.44089126586914 -55.106964111328125 -16.456993103027344
vertex -51.08932113647461 -56.6632194519043 -15.60383415222168
vertex -51.16203689575195 -56.7973747253418 -15.473730087280273
endloop
endfacet
facet normal -0.414593188355369 -0.5076859283119495 -0.755226778102686
outer loop
vertex -51.44089126586914 -55.106964111328125 -16.456993103027344
vertex -51.16203689575195 -56.7973747253418 -15.473730087280273
vertex -51.672786712646484 -56.494041442871094 -15.397255897521973
endloop
endfacet
facet normal -0.41459309193032207 -0.5076850552109619 -0.7552274179603771
outer loop
vertex -51.44089126586914 -55.106964111328125 -16.456993103027344
vertex -50.65432357788086 -55.67401885986328 -16.507600784301758
vertex -51.08932113647461 -56.6632194519043 -15.60383415222168
endloop
endfacet
facet normal -0.41458514209786224 -0.507693119429649 -0.7552263610570593
outer loop
vertex -52.165279388427734 -55.887535095214844 -15.534605979919434
vertex -51.44089126586914 -55.106964111328125 -16.456993103027344
vertex -52.165279388427734 -56.064876556396484 -15.415390014648438
endloop
endfacet
facet normal -0.4381017902310273 -0.5015087316640048 -0.7460266841481811
outer loop
vertex -52.165279388427734 -55.887535095214844 -15.534605979919434
vertex -52.165279388427734 -56.064876556396484 -15.415390014648438
vertex -52.247825622558594 -55.96276092529297 -15.435561180114746
endloop
endfacet
facet normal -0.18837488915151668 -0.615996022731878 -0.7648946339958603
outer loop
vertex -50.65432357788086 -55.67401885986328 -16.507600784301758
vertex -51.08932113647461 -56.8405647277832 -15.46101188659668
vertex -51.08932113647461 -56.6632194519043 -15.60383415222168
endloop
endfacet
facet normal -0.1883659848709112 -0.6160023573172299 -0.7648917253593658
outer loop
vertex -50.65432357788086 -55.67401885986328 -16.507600784301758
vertex -49.84418869018555 -57.00597381591797 -15.634424209594727
vertex -49.876495361328125 -57.177364349365234 -15.488439559936523
endloop
endfacet
facet normal -0.22998837298467775 -0.6104113240284262 -0.7579600014444854
outer loop
vertex -51.16203689575195 -56.7973747253418 -15.473730087280273
vertex -51.08932113647461 -56.6632194519043 -15.60383415222168
vertex -51.08932113647461 -56.8405647277832 -15.46101188659668
endloop
endfacet
facet normal -0.18836296174150668 -0.6160014733208494 -0.7648931817649511
outer loop
vertex -50.65432357788086 -55.67401885986328 -16.507600784301758
vertex -49.71056365966797 -55.933815002441406 -16.530786514282227
vertex -49.84418869018555 -57.00597381591797 -15.634424209594727
endloop
endfacet
facet normal -0.18835945998368467 -0.6160008782057957 -0.7648945233719112
outer loop
vertex -50.48662567138672 -57.06494903564453 -15.42872428894043
vertex -50.65432357788086 -55.67401885986328 -16.507600784301758
vertex -49.876495361328125 -57.177364349365234 -15.488439559936523
endloop
endfacet
facet normal -0.188360998520708 -0.6160008114963167 -0.7648941982210095
outer loop
vertex -51.08932113647461 -56.8405647277832 -15.46101188659668
vertex -50.65432357788086 -55.67401885986328 -16.507600784301758
vertex -50.48662567138672 -57.06494903564453 -15.42872428894043
endloop
endfacet
facet normal 0.0005890747813335762 -0.6414496669722753 -0.7671648960504246
outer loop
vertex 49.628902435302734 -57.197052001953125 -15.398277282714844
vertex -49.71056365966797 -55.933815002441406 -16.530786514282227
vertex 50.14175033569336 -55.85095977783203 -16.523391723632812
endloop
endfacet
facet normal 0.0005880245204318603 -0.6414490463117491 -0.7671654158086839
outer loop
vertex 49.836997985839844 -57.18373107910156 -15.409256935119629
vertex 50.14175033569336 -55.85095977783203 -16.523391723632812
vertex 50.36567687988281 -57.09471893310547 -15.483277320861816
endloop
endfacet
facet normal 0.0005672809932902262 -0.6424286895363638 -0.7663452596923038
outer loop
vertex -49.876495361328125 -57.177364349365234 -15.488439559936523
vertex -49.71056365966797 -55.933815002441406 -16.530786514282227
vertex 49.628902435302734 -57.197052001953125 -15.398277282714844
endloop
endfacet
facet normal 0.18840426263109364 0.6159933148652534 0.7648895801772637
outer loop
vertex -49.876495361328125 -57.177364349365234 -15.488439559936523
vertex -49.84418869018555 -57.00597381591797 -15.634424209594727
vertex -49.71056365966797 -55.933815002441406 -16.530786514282227
endloop
endfacet
facet normal 0.0005837252970425974 -0.6414484693022006 -0.76716590154584
outer loop
vertex 49.628902435302734 -57.197052001953125 -15.398277282714844
vertex 50.14175033569336 -55.85095977783203 -16.523391723632812
vertex 49.836997985839844 -57.18373107910156 -15.409256935119629
endloop
endfacet
facet normal 0.0006605033571191001 -0.641441337820168 -0.7671718020566112
outer loop
vertex 50.36567687988281 -57.09471893310547 -15.483277320861816
vertex 50.14175033569336 -55.85095977783203 -16.523391723632812
vertex 50.349159240722656 -56.92283630371094 -15.627004623413086
endloop
endfacet
facet normal 1 0 0
outer loop
vertex -25.899978637695312 -57.18662643432617 -4.949999809265137
vertex -25.899978637695312 -55.699947357177734 -9.949999809265137
vertex -25.899978637695312 -55.699947357177734 -4.949999809265137
endloop
endfacet
facet normal 0.9807850135586839 0 -0.19509166352946058
outer loop
vertex -25.785797119140625 -57.186641693115234 -4.375974655151367
vertex -25.899978637695312 -55.699947357177734 -4.949999809265137
vertex -25.785797119140625 -55.699947357177734 -4.375974655151367
endloop
endfacet
facet normal 0 0 -1
outer loop
vertex -12.399977684020996 -57.1884880065918 -3.450000047683716
vertex -24.399978637695312 -55.699947357177734 -3.450000047683716
vertex -12.399977684020996 -55.699947357177734 -3.450000047683716
endloop
endfacet
facet normal -0.1950900960897925 0 -0.9807853253427457
outer loop
vertex -12.399977684020996 -55.699947357177734 -3.450000047683716
vertex -11.825952529907227 -55.699947357177734 -3.564180612564087
vertex -11.825952529907227 -57.188568115234375 -3.564180612564087
endloop
endfacet
facet normal -0.5555703047945764 0 -0.8314695643440364
outer loop
vertex -11.825952529907227 -55.699947357177734 -3.564180612564087
vertex -11.339317321777344 -57.188636779785156 -3.8893399238586426
vertex -11.825952529907227 -57.188568115234375 -3.564180612564087
endloop
endfacet
facet normal -0.5555703047945764 0 -0.8314695643440363
outer loop
vertex -11.825952529907227 -55.699947357177734 -3.564180612564087
vertex -11.339317321777344 -55.699947357177734 -3.8893399238586426
vertex -11.339317321777344 -57.188636779785156 -3.8893399238586426
endloop
endfacet
facet normal -0.8314695010489662 0 -0.5555703995223135
outer loop
vertex -11.339317321777344 -55.699947357177734 -3.8893399238586426
vertex -11.014158248901367 -57.18867874145508 -4.375974655151367
vertex -11.339317321777344 -57.188636779785156 -3.8893399238586426
endloop
endfacet
facet normal 0 -1 0
outer loop
vertex -11.825952529907227 -55.699947357177734 -11.335819244384766
vertex -11.339317321777344 -55.699947357177734 -11.010660171508789
vertex -11.825952529907227 -55.699947357177734 -3.564180612564087
endloop
endfacet
facet normal 0 -1 0
outer loop
vertex -12.399977684020996 -55.699947357177734 -11.449999809265137
vertex -11.825952529907227 -55.699947357177734 -11.335819244384766
vertex -12.399977684020996 -55.699947357177734 -3.450000047683716
endloop
endfacet
facet normal 0 -1 0
outer loop
vertex -13.649977684020996 -55.699947357177734 -8.199999809265137
vertex -12.399977684020996 -55.699947357177734 -11.449999809265137
vertex -13.649977684020996 -55.699947357177734 -6.699999809265137
endloop
endfacet
facet normal -0.8314695010489662 0 -0.5555703995223135
outer loop
vertex -11.339317321777344 -55.699947357177734 -3.8893399238586426
vertex -11.014158248901367 -55.699947357177734 -4.375974655151367
vertex -11.014158248901367 -57.18867874145508 -4.375974655151367
endloop
endfacet
facet normal 0 -1 0
outer loop
vertex -25.899978637695312 -55.699947357177734 -4.949999809265137
vertex -25.785797119140625 -55.699947357177734 -10.524024963378906
vertex -25.785797119140625 -55.699947357177734 -4.375974655151367
endloop
endfacet
facet normal 0 -1 0
outer loop
vertex -13.72609806060791 -55.699947357177734 -8.582683563232422
vertex -12.399977684020996 -55.699947357177734 -11.449999809265137
vertex -13.649977684020996 -55.699947357177734 -8.199999809265137
endloop
endfacet
facet normal 0 0 -1
outer loop
vertex -24.399978637695312 -57.186832427978516 -3.450000047683716
vertex -24.399978637695312 -55.699947357177734 -3.450000047683716
vertex -12.399977684020996 -57.1884880065918 -3.450000047683716
endloop
endfacet
facet normal 0.19509040787318935 0 -0.9807852633251952
outer loop
vertex -24.399978637695312 -57.186832427978516 -3.450000047683716
vertex -24.974002838134766 -55.699947357177734 -3.564180612564087
vertex -24.399978637695312 -55.699947357177734 -3.450000047683716
endloop
endfacet
facet normal 0.5555700231666056 0 0.8314697525217963
outer loop
vertex -25.46063804626465 -57.186683654785156 -11.010660171508789
vertex -24.974002838134766 -57.18675231933594 -11.335819244384766
vertex -24.974002838134766 -55.699947357177734 -11.335819244384766
endloop
endfacet
facet normal 0 -1 0
outer loop
vertex -24.399978637695312 -55.699947357177734 -3.450000047683716
vertex -22.149978637695312 -55.699947357177734 -5.699999809265137
vertex -12.399977684020996 -55.699947357177734 -3.450000047683716
endloop
endfacet
facet normal 0.19509040787318935 0 -0.9807852633251952
outer loop
vertex -24.399978637695312 -57.186832427978516 -3.450000047683716
vertex -24.974002838134766 -57.18675231933594 -3.564180612564087
vertex -24.974002838134766 -55.699947357177734 -3.564180612564087
endloop
endfacet
facet normal 0.5555700231666056 0 0.8314697525217963
outer loop
vertex -25.46063804626465 -57.186683654785156 -11.010660171508789
vertex -24.974002838134766 -55.699947357177734 -11.335819244384766
vertex -25.46063804626465 -55.699947357177734 -11.010660171508789
endloop
endfacet
facet normal 0.5555703047945764 0 -0.8314695643440364
outer loop
vertex -24.974002838134766 -57.18675231933594 -3.564180612564087
vertex -25.46063804626465 -55.699947357177734 -3.8893399238586426
vertex -24.974002838134766 -55.699947357177734 -3.564180612564087
endloop
endfacet
facet normal 0.19509040787318935 0 0.9807852633251952
outer loop
vertex -24.974002838134766 -57.18675231933594 -11.335819244384766
vertex -24.399978637695312 -57.186832427978516 -11.449999809265137
vertex -24.399978637695312 -55.699947357177734 -11.449999809265137
endloop
endfacet
facet normal 0.5555703047945764 0 -0.8314695643440363
outer loop
vertex -24.974002838134766 -57.18675231933594 -3.564180612564087
vertex -25.46063804626465 -57.186683654785156 -3.8893399238586426
vertex -25.46063804626465 -55.699947357177734 -3.8893399238586426
endloop
endfacet
facet normal 0.8314695010489662 0 -0.5555703995223135
outer loop
vertex -25.46063804626465 -57.186683654785156 -3.8893399238586426
vertex -25.785797119140625 -55.699947357177734 -4.375974655151367
vertex -25.46063804626465 -55.699947357177734 -3.8893399238586426
endloop
endfacet
facet normal 0.8314695010489663 0 -0.5555703995223136
outer loop
vertex -25.785797119140625 -55.699947357177734 -4.375974655151367
vertex -25.46063804626465 -57.186683654785156 -3.8893399238586426
vertex -25.785797119140625 -57.186641693115234 -4.375974655151367
endloop
endfacet
facet normal 1 0 0
outer loop
vertex -25.899978637695312 -57.18662643432617 -4.949999809265137
vertex -25.899978637695312 -57.18662643432617 -9.949999809265137
vertex -25.899978637695312 -55.699947357177734 -9.949999809265137
endloop
endfacet
facet normal 0 -1 0
outer loop
vertex -25.899978637695312 -55.699947357177734 -9.949999809265137
vertex -25.785797119140625 -55.699947357177734 -10.524024963378906
vertex -25.899978637695312 -55.699947357177734 -4.949999809265137
endloop
endfacet
facet normal 0 -1 0
outer loop
vertex -25.785797119140625 -55.699947357177734 -4.375974655151367
vertex -25.46063804626465 -55.699947357177734 -11.010660171508789
vertex -25.46063804626465 -55.699947357177734 -3.8893399238586426
endloop
endfacet
facet normal 0 -1 0
outer loop
vertex -24.399978637695312 -55.699947357177734 -11.449999809265137
vertex -23.149978637695312 -55.699947357177734 -8.199999809265137
vertex -24.399978637695312 -55.699947357177734 -3.450000047683716
endloop
endfacet
facet normal 0.19509040787318935 0 0.9807852633251952
outer loop
vertex -24.974002838134766 -57.18675231933594 -11.335819244384766
vertex -24.399978637695312 -55.699947357177734 -11.449999809265137
vertex -24.974002838134766 -55.699947357177734 -11.335819244384766
endloop
endfacet
facet normal -0.9807853253427458 0 -0.19509009608979253
outer loop
vertex -11.014158248901367 -55.699947357177734 -4.375974655151367
vertex -10.899977684020996 -57.18869400024414 -4.949999809265137
vertex -11.014158248901367 -57.18867874145508 -4.375974655151367
endloop
endfacet
facet normal 0.8314697525217963 0 0.5555700231666056
outer loop
vertex -25.785797119140625 -57.186641693115234 -10.524024963378906
vertex -25.46063804626465 -57.186683654785156 -11.010660171508789
vertex -25.46063804626465 -55.699947357177734 -11.010660171508789
endloop
endfacet
facet normal 0.8314697525217962 0 0.5555700231666056
outer loop
vertex -25.785797119140625 -57.186641693115234 -10.524024963378906
vertex -25.46063804626465 -55.699947357177734 -11.010660171508789
vertex -25.785797119140625 -55.699947357177734 -10.524024963378906
endloop
endfacet
facet normal 0 0 1
outer loop
vertex -24.399978637695312 -55.699947357177734 -11.449999809265137
vertex -24.399978637695312 -57.186832427978516 -11.449999809265137
vertex -12.399977684020996 -55.699947357177734 -11.449999809265137
endloop
endfacet
facet normal -0.9807853253427457 0 -0.1950900960897925
outer loop
vertex -10.899977684020996 -55.699947357177734 -4.949999809265137
vertex -10.899977684020996 -57.18869400024414 -4.949999809265137
vertex -11.014158248901367 -55.699947357177734 -4.375974655151367
endloop
endfacet
facet normal 0 -1 0
outer loop
vertex -14.267294883728027 -55.699947357177734 -5.776120662689209
vertex -13.94287109375 -55.699947357177734 -5.992893218994141
vertex -12.399977684020996 -55.699947357177734 -3.450000047683716
endloop
endfacet
facet normal 0 -1 0
outer loop
vertex -13.94287109375 -55.699947357177734 -5.992893218994141
vertex -13.72609806060791 -55.699947357177734 -6.31731653213501
vertex -12.399977684020996 -55.699947357177734 -3.450000047683716
endloop
endfacet
facet normal 0 -1 0
outer loop
vertex -13.649977684020996 -55.699947357177734 -6.699999809265137
vertex -12.399977684020996 -55.699947357177734 -3.450000047683716
vertex -13.72609806060791 -55.699947357177734 -6.31731653213501
endloop
endfacet
facet normal 0 -1 0
outer loop
vertex -14.649977684020996 -55.699947357177734 -5.699999809265137
vertex -14.267294883728027 -55.699947357177734 -5.776120662689209
vertex -12.399977684020996 -55.699947357177734 -3.450000047683716
endloop
endfacet
facet normal 0 -1 0
outer loop
vertex -12.399977684020996 -55.699947357177734 -3.450000047683716
vertex -22.149978637695312 -55.699947357177734 -5.699999809265137
vertex -14.649977684020996 -55.699947357177734 -5.699999809265137
endloop
endfacet
facet normal 0 -1 0
outer loop
vertex -11.339317321777344 -55.699947357177734 -3.8893399238586426
vertex -11.014158248901367 -55.699947357177734 -10.524024963378906
vertex -11.014158248901367 -55.699947357177734 -4.375974655151367
endloop
endfacet
facet normal 0 -1 0
outer loop
vertex -11.014158248901367 -55.699947357177734 -4.375974655151367
vertex -10.899977684020996 -55.699947357177734 -9.949999809265137
vertex -10.899977684020996 -55.699947357177734 -4.949999809265137
endloop
endfacet
facet normal 0.9807850135586839 0 0.19509166352946058
outer loop
vertex -25.899978637695312 -57.18662643432617 -9.949999809265137
vertex -25.785797119140625 -57.186641693115234 -10.524024963378906
vertex -25.785797119140625 -55.699947357177734 -10.524024963378906
endloop
endfacet
facet normal 0 -1 0
outer loop
vertex -12.399977684020996 -55.699947357177734 -3.450000047683716
vertex -11.825952529907227 -55.699947357177734 -11.335819244384766
vertex -11.825952529907227 -55.699947357177734 -3.564180612564087
endloop
endfacet
facet normal 0 -1 0
outer loop
vertex -11.825952529907227 -55.699947357177734 -3.564180612564087
vertex -11.339317321777344 -55.699947357177734 -11.010660171508789
vertex -11.339317321777344 -55.699947357177734 -3.8893399238586426
endloop
endfacet
facet normal 0.9807850135586839 0 0.1950916635294606
outer loop
vertex -25.899978637695312 -57.18662643432617 -9.949999809265137
vertex -25.785797119140625 -55.699947357177734 -10.524024963378906
vertex -25.899978637695312 -55.699947357177734 -9.949999809265137
endloop
endfacet
facet normal 0 -1 0
outer loop
vertex -22.53266143798828 -55.699947357177734 -9.123879432678223
vertex -24.399978637695312 -55.699947357177734 -11.449999809265137
vertex -22.149978637695312 -55.699947357177734 -9.199999809265137
endloop
endfacet
facet normal 0 -1 0
outer loop
vertex -24.399978637695312 -55.699947357177734 -11.449999809265137
vertex -22.53266143798828 -55.699947357177734 -9.123879432678223
vertex -22.857084274291992 -55.699947357177734 -8.907106399536133
endloop
endfacet
facet normal 0 -1 0
outer loop
vertex -24.399978637695312 -55.699947357177734 -11.449999809265137
vertex -22.857084274291992 -55.699947357177734 -8.907106399536133
vertex -23.0738582611084 -55.699947357177734 -8.582683563232422
endloop
endfacet
facet normal 0 -1 0
outer loop
vertex -22.149978637695312 -55.699947357177734 -9.199999809265137
vertex -24.399978637695312 -55.699947357177734 -11.449999809265137
vertex -14.649977684020996 -55.699947357177734 -9.199999809265137
endloop
endfacet
facet normal 0 -1 0
outer loop
vertex -24.399978637695312 -55.699947357177734 -11.449999809265137
vertex -23.0738582611084 -55.699947357177734 -8.582683563232422
vertex -23.149978637695312 -55.699947357177734 -8.199999809265137
endloop
endfacet
facet normal 0 -1 0
outer loop
vertex -25.46063804626465 -55.699947357177734 -11.010660171508789
vertex -24.974002838134766 -55.699947357177734 -11.335819244384766
vertex -25.46063804626465 -55.699947357177734 -3.8893399238586426
endloop
endfacet
facet normal 0 -1 0
outer loop
vertex -25.785797119140625 -55.699947357177734 -10.524024963378906
vertex -25.46063804626465 -55.699947357177734 -11.010660171508789
vertex -25.785797119140625 -55.699947357177734 -4.375974655151367
endloop
endfacet
facet normal 0 -1 0
outer loop
vertex -13.94287109375 -55.699947357177734 -8.907106399536133
vertex -12.399977684020996 -55.699947357177734 -11.449999809265137
vertex -13.72609806060791 -55.699947357177734 -8.582683563232422
endloop
endfacet
facet normal 0 -1 0
outer loop
vertex -24.974002838134766 -55.699947357177734 -11.335819244384766
vertex -24.399978637695312 -55.699947357177734 -11.449999809265137
vertex -24.974002838134766 -55.699947357177734 -3.564180612564087
endloop
endfacet
facet normal 0 -1 0
outer loop
vertex -14.267294883728027 -55.699947357177734 -9.123879432678223
vertex -12.399977684020996 -55.699947357177734 -11.449999809265137
vertex -13.94287109375 -55.699947357177734 -8.907106399536133
endloop
endfacet
facet normal -0.9807853253427457 0 0.1950900960897925
outer loop
vertex -10.899977684020996 -55.699947357177734 -9.949999809265137
vertex -11.014158248901367 -57.18867874145508 -10.524024963378906
vertex -10.899977684020996 -57.18869400024414 -9.949999809265137
endloop
endfacet
facet normal 0 -1 0
outer loop
vertex -25.46063804626465 -55.699947357177734 -3.8893399238586426
vertex -24.974002838134766 -55.699947357177734 -11.335819244384766
vertex -24.974002838134766 -55.699947357177734 -3.564180612564087
endloop
endfacet
facet normal 0 -1 0
outer loop
vertex -24.974002838134766 -55.699947357177734 -3.564180612564087
vertex -24.399978637695312 -55.699947357177734 -11.449999809265137
vertex -24.399978637695312 -55.699947357177734 -3.450000047683716
endloop
endfacet
facet normal -0.9807853253427458 0 0.19509009608979253
outer loop
vertex -11.014158248901367 -55.699947357177734 -10.524024963378906
vertex -11.014158248901367 -57.18867874145508 -10.524024963378906
vertex -10.899977684020996 -55.699947357177734 -9.949999809265137
endloop
endfacet
facet normal -1 0 0
outer loop
vertex -10.899977684020996 -55.699947357177734 -4.949999809265137
vertex -10.899977684020996 -57.18869400024414 -9.949999809265137
vertex -10.899977684020996 -57.18869400024414 -4.949999809265137
endloop
endfacet
facet normal 0 -1 0
outer loop
vertex -14.649977684020996 -55.699947357177734 -9.199999809265137
vertex -12.399977684020996 -55.699947357177734 -11.449999809265137
vertex -14.267294883728027 -55.699947357177734 -9.123879432678223
endloop
endfacet
facet normal 0 -1 0
outer loop
vertex -13.649977684020996 -55.699947357177734 -6.699999809265137
vertex -12.399977684020996 -55.699947357177734 -11.449999809265137
vertex -12.399977684020996 -55.699947357177734 -3.450000047683716
endloop
endfacet
facet normal -0.8314697525217963 0 0.5555700231666056
outer loop
vertex -11.014158248901367 -55.699947357177734 -10.524024963378906
vertex -11.339317321777344 -57.188636779785156 -11.010660171508789
vertex -11.014158248901367 -57.18867874145508 -10.524024963378906
endloop
endfacet
facet normal -0.8314697525217963 0 0.5555700231666058
outer loop
vertex -11.339317321777344 -55.699947357177734 -11.010660171508789
vertex -11.339317321777344 -57.188636779785156 -11.010660171508789
vertex -11.014158248901367 -55.699947357177734 -10.524024963378906
endloop
endfacet
facet normal -0.5555700231666058 0 0.8314697525217963
outer loop
vertex -11.825952529907227 -57.188568115234375 -11.335819244384766
vertex -11.339317321777344 -57.188636779785156 -11.010660171508789
vertex -11.339317321777344 -55.699947357177734 -11.010660171508789
endloop
endfacet
facet normal -0.5555700231666056 0 0.8314697525217962
outer loop
vertex -11.825952529907227 -55.699947357177734 -11.335819244384766
vertex -11.825952529907227 -57.188568115234375 -11.335819244384766
vertex -11.339317321777344 -55.699947357177734 -11.010660171508789
endloop
endfacet
facet normal -0.1950900960897925 0 0.9807853253427457
outer loop
vertex -12.399977684020996 -57.1884880065918 -11.449999809265137
vertex -11.825952529907227 -57.188568115234375 -11.335819244384766
vertex -11.825952529907227 -55.699947357177734 -11.335819244384766
endloop
endfacet
facet normal -0.1950900960897925 0 0.9807853253427457
outer loop
vertex -12.399977684020996 -55.699947357177734 -11.449999809265137
vertex -12.399977684020996 -57.1884880065918 -11.449999809265137
vertex -11.825952529907227 -55.699947357177734 -11.335819244384766
endloop
endfacet
facet normal 0 -1 0
outer loop
vertex -14.649977684020996 -55.699947357177734 -9.199999809265137
vertex -24.399978637695312 -55.699947357177734 -11.449999809265137
vertex -12.399977684020996 -55.699947357177734 -11.449999809265137
endloop
endfacet
facet normal 0 0 1
outer loop
vertex -12.399977684020996 -55.699947357177734 -11.449999809265137
vertex -24.399978637695312 -57.186832427978516 -11.449999809265137
vertex -12.399977684020996 -57.1884880065918 -11.449999809265137
endloop
endfacet
facet normal 0 -1 0
outer loop
vertex -24.399978637695312 -55.699947357177734 -3.450000047683716
vertex -23.149978637695312 -55.699947357177734 -8.199999809265137
vertex -23.149978637695312 -55.699947357177734 -6.699999809265137
endloop
endfacet
facet normal -0.1950900960897925 0 -0.9807853253427457
outer loop
vertex -11.825952529907227 -57.188568115234375 -3.564180612564087
vertex -12.399977684020996 -57.1884880065918 -3.450000047683716
vertex -12.399977684020996 -55.699947357177734 -3.450000047683716
endloop
endfacet
facet normal 0 -1 0
outer loop
vertex -11.014158248901367 -55.699947357177734 -10.524024963378906
vertex -10.899977684020996 -55.699947357177734 -9.949999809265137
vertex -11.014158248901367 -55.699947357177734 -4.375974655151367
endloop
endfacet
facet normal 0 -1 0
outer loop
vertex -11.339317321777344 -55.699947357177734 -11.010660171508789
vertex -11.014158248901367 -55.699947357177734 -10.524024963378906
vertex -11.339317321777344 -55.699947357177734 -3.8893399238586426
endloop
endfacet
facet normal -1 0 0
outer loop
vertex -10.899977684020996 -55.699947357177734 -9.949999809265137
vertex -10.899977684020996 -57.18869400024414 -9.949999809265137
vertex -10.899977684020996 -55.699947357177734 -4.949999809265137
endloop
endfacet
facet normal 0 -1 0
outer loop
vertex -24.399978637695312 -55.699947357177734 -3.450000047683716
vertex -23.149978637695312 -55.699947357177734 -6.699999809265137
vertex -23.0738582611084 -55.699947357177734 -6.31731653213501
endloop
endfacet
facet normal 0 -1 0
outer loop
vertex -24.399978637695312 -55.699947357177734 -3.450000047683716
vertex -23.0738582611084 -55.699947357177734 -6.31731653213501
vertex -22.857084274291992 -55.699947357177734 -5.992893218994141
endloop
endfacet
facet normal 0 -1 0
outer loop
vertex -24.399978637695312 -55.699947357177734 -3.450000047683716
vertex -22.857084274291992 -55.699947357177734 -5.992893218994141
vertex -22.53266143798828 -55.699947357177734 -5.776120662689209
endloop
endfacet
facet normal 0 -1 0
outer loop
vertex -24.399978637695312 -55.699947357177734 -3.450000047683716
vertex -22.53266143798828 -55.699947357177734 -5.776120662689209
vertex -22.149978637695312 -55.699947357177734 -5.699999809265137
endloop
endfacet
facet normal 0.9807850135586839 0 -0.1950916635294606
outer loop
vertex -25.899978637695312 -55.699947357177734 -4.949999809265137
vertex -25.785797119140625 -57.186641693115234 -4.375974655151367
vertex -25.899978637695312 -57.18662643432617 -4.949999809265137
endloop
endfacet
facet normal 0 0 -1
outer loop
vertex -22.149978637695312 -55.699947357177734 -5.699999809265137
vertex -22.149978637695312 -54.49995040893555 -5.699999809265137
vertex -14.649977684020996 -55.699947357177734 -5.699999809265137
endloop
endfacet
facet normal 0.9807853563514094 0 0.19508994019846038
outer loop
vertex -23.149978637695312 -55.699947357177734 -8.199999809265137
vertex -23.0738582611084 -54.49995040893555 -8.582683563232422
vertex -23.149978637695312 -54.49995040893555 -8.199999809265137
endloop
endfacet
facet normal -0.9807853563514094 0 0.19508994019846038
outer loop
vertex -13.72609806060791 -54.49995040893555 -8.582683563232422
vertex -13.72609806060791 -55.699947357177734 -8.582683563232422
vertex -13.649977684020996 -54.49995040893555 -8.199999809265137
endloop
endfacet
facet normal -1 0 0
outer loop
vertex -13.649977684020996 -54.49995040893555 -8.199999809265137
vertex -13.649977684020996 -55.699947357177734 -8.199999809265137
vertex -13.649977684020996 -54.49995040893555 -6.699999809265137
endloop
endfacet
facet normal 0.19509158345481065 0 -0.9807850294866325
outer loop
vertex -22.149978637695312 -54.49995040893555 -5.699999809265137
vertex -22.149978637695312 -55.699947357177734 -5.699999809265137
vertex -22.53266143798828 -54.49995040893555 -5.776120662689209
endloop
endfacet
facet normal -1 0 0
outer loop
vertex -13.649977684020996 -54.49995040893555 -6.699999809265137
vertex -13.649977684020996 -55.699947357177734 -8.199999809265137
vertex -13.649977684020996 -55.699947357177734 -6.699999809265137
endloop
endfacet
facet normal 0.19509158345481065 0 -0.9807850294866325
outer loop
vertex -22.53266143798828 -55.699947357177734 -5.776120662689209
vertex -22.53266143798828 -54.49995040893555 -5.776120662689209
vertex -22.149978637695312 -55.699947357177734 -5.699999809265137
endloop
endfacet
facet normal 0.5555704942502148 0 -0.831469437753771
outer loop
vertex -22.53266143798828 -55.699947357177734 -5.776120662689209
vertex -22.857084274291992 -54.49995040893555 -5.992893218994141
vertex -22.53266143798828 -54.49995040893555 -5.776120662689209
endloop
endfacet
facet normal 0.8314681213622869 0 -0.5555724643629031
outer loop
vertex -22.857084274291992 -55.699947357177734 -5.992893218994141
vertex -23.0738582611084 -54.49995040893555 -6.31731653213501
vertex -22.857084274291992 -54.49995040893555 -5.992893218994141
endloop
endfacet
facet normal 0.9807853098383859 0 -0.19509017403555012
outer loop
vertex -23.0738582611084 -54.49995040893555 -6.31731653213501
vertex -23.0738582611084 -55.699947357177734 -6.31731653213501
vertex -23.149978637695312 -54.49995040893555 -6.699999809265137
endloop
endfacet
facet normal 0 0 1
outer loop
vertex -14.649977684020996 -54.49995040893555 -9.199999809265137
vertex -22.149978637695312 -54.49995040893555 -9.199999809265137
vertex -22.149978637695312 -55.699947357177734 -9.199999809265137
endloop
endfacet
facet normal 0.5555704942502148 0 -0.831469437753771
outer loop
vertex -22.857084274291992 -55.699947357177734 -5.992893218994141
vertex -22.857084274291992 -54.49995040893555 -5.992893218994141
vertex -22.53266143798828 -55.699947357177734 -5.776120662689209
endloop
endfacet
facet normal 0.19509040787318935 0 0.9807852633251953
outer loop
vertex -22.53266143798828 -54.49995040893555 -9.123879432678223
vertex -22.53266143798828 -55.699947357177734 -9.123879432678223
vertex -22.149978637695312 -54.49995040893555 -9.199999809265137
endloop
endfacet
facet normal 0.19509040787318935 0 0.9807852633251953
outer loop
vertex -22.53266143798828 -55.699947357177734 -9.123879432678223
vertex -22.149978637695312 -55.699947357177734 -9.199999809265137
vertex -22.149978637695312 -54.49995040893555 -9.199999809265137
endloop
endfacet
facet normal 0.8314677441500905 0 0.5555730288971555
outer loop
vertex -23.0738582611084 -54.49995040893555 -8.582683563232422
vertex -23.0738582611084 -55.699947357177734 -8.582683563232422
vertex -22.857084274291992 -54.49995040893555 -8.907106399536133
endloop
endfacet
facet normal -0.9807853098383859 0 -0.19509017403555012
outer loop
vertex -13.649977684020996 -54.49995040893555 -6.699999809265137
vertex -13.649977684020996 -55.699947357177734 -6.699999809265137
vertex -13.72609806060791 -54.49995040893555 -6.31731653213501
endloop
endfacet
facet normal 0.8314681213622869 0 -0.5555724643629031
outer loop
vertex -23.0738582611084 -55.699947357177734 -6.31731653213501
vertex -23.0738582611084 -54.49995040893555 -6.31731653213501
vertex -22.857084274291992 -55.699947357177734 -5.992893218994141
endloop
endfacet
facet normal 0.5555713391342493 0 0.8314688732193027
outer loop
vertex -22.857084274291992 -54.49995040893555 -8.907106399536133
vertex -22.857084274291992 -55.699947357177734 -8.907106399536133
vertex -22.53266143798828 -54.49995040893555 -9.123879432678223
endloop
endfacet
facet normal -0.9807853098383859 0 -0.19509017403555012
outer loop
vertex -13.649977684020996 -55.699947357177734 -6.699999809265137
vertex -13.72609806060791 -55.699947357177734 -6.31731653213501
vertex -13.72609806060791 -54.49995040893555 -6.31731653213501
endloop
endfacet
facet normal -0.8314692504297169 0 -0.5555707746001806
outer loop
vertex -13.94287109375 -54.49995040893555 -5.992893218994141
vertex -13.72609806060791 -55.699947357177734 -6.31731653213501
vertex -13.94287109375 -55.699947357177734 -5.992893218994141
endloop
endfacet
facet normal 0.8314677441500905 0 0.5555730288971555
outer loop
vertex -23.0738582611084 -55.699947357177734 -8.582683563232422
vertex -22.857084274291992 -55.699947357177734 -8.907106399536133
vertex -22.857084274291992 -54.49995040893555 -8.907106399536133
endloop
endfacet
facet normal -0.5555693651831525 0 -0.8314701921716671
outer loop
vertex -14.267294883728027 -55.699947357177734 -5.776120662689209
vertex -14.267294883728027 -54.49995040893555 -5.776120662689209
vertex -13.94287109375 -55.699947357177734 -5.992893218994141
endloop
endfacet
facet normal -0.19509158345481065 0 -0.9807850294866325
outer loop
vertex -14.649977684020996 -55.699947357177734 -5.699999809265137
vertex -14.649977684020996 -54.49995040893555 -5.699999809265137
vertex -14.267294883728027 -55.699947357177734 -5.776120662689209
endloop
endfacet
facet normal -0.8314692504297169 0 -0.5555707746001806
outer loop
vertex -13.72609806060791 -54.49995040893555 -6.31731653213501
vertex -13.72609806060791 -55.699947357177734 -6.31731653213501
vertex -13.94287109375 -54.49995040893555 -5.992893218994141
endloop
endfacet
facet normal 0.5555713391342493 0 0.8314688732193027
outer loop
vertex -22.53266143798828 -55.699947357177734 -9.123879432678223
vertex -22.53266143798828 -54.49995040893555 -9.123879432678223
vertex -22.857084274291992 -55.699947357177734 -8.907106399536133
endloop
endfacet
facet normal -0.8314688732193027 0 0.5555713391342493
outer loop
vertex -13.94287109375 -54.49995040893555 -8.907106399536133
vertex -13.94287109375 -55.699947357177734 -8.907106399536133
vertex -13.72609806060791 -54.49995040893555 -8.582683563232422
endloop
endfacet
facet normal -0.5555702100670032 0 0.8314696276389812
outer loop
vertex -14.267294883728027 -54.49995040893555 -9.123879432678223
vertex -14.267294883728027 -55.699947357177734 -9.123879432678223
vertex -13.94287109375 -54.49995040893555 -8.907106399536133
endloop
endfacet
facet normal -0.9807853563514094 0 0.19508994019846038
outer loop
vertex -13.72609806060791 -55.699947357177734 -8.582683563232422
vertex -13.649977684020996 -55.699947357177734 -8.199999809265137
vertex -13.649977684020996 -54.49995040893555 -8.199999809265137
endloop
endfacet
facet normal 0 0 -1
outer loop
vertex -14.649977684020996 -55.699947357177734 -5.699999809265137
vertex -22.149978637695312 -54.49995040893555 -5.699999809265137
vertex -14.649977684020996 -54.49995040893555 -5.699999809265137
endloop
endfacet
facet normal -0.5555693651831525 0 -0.8314701921716671
outer loop
vertex -13.94287109375 -54.49995040893555 -5.992893218994141
vertex -13.94287109375 -55.699947357177734 -5.992893218994141
vertex -14.267294883728027 -54.49995040893555 -5.776120662689209
endloop
endfacet
facet normal -0.19509158345481065 0 -0.9807850294866325
outer loop
vertex -14.267294883728027 -54.49995040893555 -5.776120662689209
vertex -14.267294883728027 -55.699947357177734 -5.776120662689209
vertex -14.649977684020996 -54.49995040893555 -5.699999809265137
endloop
endfacet
facet normal 0 0 1
outer loop
vertex -14.649977684020996 -54.49995040893555 -9.199999809265137
vertex -22.149978637695312 -55.699947357177734 -9.199999809265137
vertex -14.649977684020996 -55.699947357177734 -9.199999809265137
endloop
endfacet
facet normal -0.19509040787318935 0 0.9807852633251953
outer loop
vertex -14.649977684020996 -55.699947357177734 -9.199999809265137
vertex -14.267294883728027 -55.699947357177734 -9.123879432678223
vertex -14.267294883728027 -54.49995040893555 -9.123879432678223
endloop
endfacet
facet normal -0.5555702100670032 0 0.8314696276389812
outer loop
vertex -14.267294883728027 -55.699947357177734 -9.123879432678223
vertex -13.94287109375 -55.699947357177734 -8.907106399536133
vertex -13.94287109375 -54.49995040893555 -8.907106399536133
endloop
endfacet
facet normal -0.8314688732193027 0 0.5555713391342493
outer loop
vertex -13.94287109375 -55.699947357177734 -8.907106399536133
vertex -13.72609806060791 -55.699947357177734 -8.582683563232422
vertex -13.72609806060791 -54.49995040893555 -8.582683563232422
endloop
endfacet
facet normal 1 0 0
outer loop
vertex -23.149978637695312 -55.699947357177734 -8.199999809265137
vertex -23.149978637695312 -54.49995040893555 -8.199999809265137
vertex -23.149978637695312 -55.699947357177734 -6.699999809265137
endloop
endfacet
facet normal 0.9807853563514094 0 0.19508994019846038
outer loop
vertex -23.0738582611084 -55.699947357177734 -8.582683563232422
vertex -23.0738582611084 -54.49995040893555 -8.582683563232422
vertex -23.149978637695312 -55.699947357177734 -8.199999809265137
endloop
endfacet
facet normal 1 0 0
outer loop
vertex -23.149978637695312 -55.699947357177734 -6.699999809265137
vertex -23.149978637695312 -54.49995040893555 -8.199999809265137
vertex -23.149978637695312 -54.49995040893555 -6.699999809265137
endloop
endfacet
facet normal 0.9807853098383859 0 -0.19509017403555012
outer loop
vertex -23.149978637695312 -55.699947357177734 -6.699999809265137
vertex -23.149978637695312 -54.49995040893555 -6.699999809265137
vertex -23.0738582611084 -55.699947357177734 -6.31731653213501
endloop
endfacet
facet normal -0.19509040787318935 0 0.9807852633251953
outer loop
vertex -14.649977684020996 -54.49995040893555 -9.199999809265137
vertex -14.649977684020996 -55.699947357177734 -9.199999809265137
vertex -14.267294883728027 -54.49995040893555 -9.123879432678223
endloop
endfacet
facet normal 0.25881803504136525 -0.9659260969335732 0
outer loop
vertex 41.861473083496094 -58.57841110229492 -0.5
vertex 41.861473083496094 -58.57841110229492 -1.5
vertex 43.20845031738281 -58.217491149902344 -0.5
endloop
endfacet
facet normal 0.03073808729870106 -0.11471658335900925 -0.9929225929001984
outer loop
vertex 41.861473083496094 -58.57841110229492 -1.5
vertex 41.72317123413086 -57.7940673828125 -1.5949000120162964
vertex 43.20845031738281 -58.217491149902344 -1.5
endloop
endfacet
facet normal 0.5735739099356075 -0.8191538132983204 0
outer loop
vertex 44.4722900390625 -57.628150939941406 -0.5
vertex 44.4722900390625 -57.628150939941406 -1.5
vertex 44.9722900390625 -57.27804946899414 -0.5
endloop
endfacet
facet normal 1 0 0
outer loop
vertex 44.9722900390625 -57.27804946899414 -0.5
vertex 44.9722900390625 -57.27804946899414 -1.5
vertex 44.9722900390625 -57.1964111328125 -1
endloop
endfacet
facet normal 0.42261948047228126 -0.9063072187317825 0
outer loop
vertex 43.20845031738281 -58.217491149902344 -0.5
vertex 43.20845031738281 -58.217491149902344 -1.5
vertex 44.4722900390625 -57.628150939941406 -0.5
endloop
endfacet
facet normal -1 0 0
outer loop
vertex 35.9722900390625 -57.195167541503906 -1
vertex 35.9722900390625 -57.195167541503906 -1.5081205368041992
vertex 35.9722900390625 -57.27804946899414 -1.5
endloop
endfacet
facet normal 0.08715346341544244 -0.9961948975048472 0
outer loop
vertex 40.87228775024414 -58.66495132446289 -0.5
vertex 40.87228775024414 -58.66495132446289 -1.5
vertex 41.861473083496094 -58.57841110229492 -0.5
endloop
endfacet
facet normal 0.5735739099356075 -0.8191538132983204 0
outer loop
vertex 44.4722900390625 -57.628150939941406 -1.5
vertex 44.9722900390625 -57.27804946899414 -1.5
vertex 44.9722900390625 -57.27804946899414 -0.5
endloop
endfacet
facet normal 0.42261948047228126 -0.9063072187317825 0
outer loop
vertex 43.20845031738281 -58.217491149902344 -1.5
vertex 44.4722900390625 -57.628150939941406 -1.5
vertex 44.4722900390625 -57.628150939941406 -0.5
endloop
endfacet
facet normal 1 0 0
outer loop
vertex 44.9722900390625 -57.27804946899414 -1.5
vertex 44.9722900390625 -57.1964111328125 -1.5079988241195679
vertex 44.9722900390625 -57.1964111328125 -1
endloop
endfacet
facet normal 0.25881803504136525 -0.9659260969335732 0
outer loop
vertex 41.861473083496094 -58.57841110229492 -1.5
vertex 43.20845031738281 -58.217491149902344 -1.5
vertex 43.20845031738281 -58.217491149902344 -0.5
endloop
endfacet
facet normal 0.08715346341544244 -0.9961948975048472 0
outer loop
vertex 41.861473083496094 -58.57841110229492 -1.5
vertex 41.861473083496094 -58.57841110229492 -0.5
vertex 40.87228775024414 -58.66495132446289 -1.5
endloop
endfacet
facet normal -0.08715346341544244 -0.9961948975048472 0
outer loop
vertex 39.08310317993164 -58.57841110229492 -0.5
vertex 39.08310317993164 -58.57841110229492 -1.5
vertex 40.072288513183594 -58.66495132446289 -0.5
endloop
endfacet
facet normal -1 0 0
outer loop
vertex 35.9722900390625 -57.195167541503906 -1
vertex 35.9722900390625 -57.27804946899414 -1.5
vertex 35.9722900390625 -57.27804946899414 -0.5
endloop
endfacet
facet normal -0.25881803504136525 -0.9659260969335732 0
outer loop
vertex 37.73612594604492 -58.217491149902344 -0.5
vertex 37.73612594604492 -58.217491149902344 -1.5
vertex 39.08310317993164 -58.57841110229492 -0.5
endloop
endfacet
facet normal -0.5735739099356075 -0.8191538132983204 0
outer loop
vertex 35.9722900390625 -57.27804946899414 -0.5
vertex 35.9722900390625 -57.27804946899414 -1.5
vertex 36.4722900390625 -57.628150939941406 -0.5
endloop
endfacet
facet normal -0.42262052825064694 -0.9063067301422538 0
outer loop
vertex 36.4722900390625 -57.628150939941406 -0.5
vertex 36.4722900390625 -57.628150939941406 -1.5
vertex 37.73612594604492 -58.217491149902344 -0.5
endloop
endfacet
facet normal -0.08715346341544244 -0.9961948975048472 0
outer loop
vertex 39.08310317993164 -58.57841110229492 -1.5
vertex 40.072288513183594 -58.66495132446289 -1.5
vertex 40.072288513183594 -58.66495132446289 -0.5
endloop
endfacet
facet normal -0.25881803504136525 -0.9659260969335732 0
outer loop
vertex 37.73612594604492 -58.217491149902344 -1.5
vertex 39.08310317993164 -58.57841110229492 -1.5
vertex 39.08310317993164 -58.57841110229492 -0.5
endloop
endfacet
facet normal -0.42262052825064694 -0.9063067301422538 0
outer loop
vertex 37.73612594604492 -58.217491149902344 -1.5
vertex 37.73612594604492 -58.217491149902344 -0.5
vertex 36.4722900390625 -57.628150939941406 -1.5
endloop
endfacet
facet normal -0.5735739099356075 -0.8191538132983204 0
outer loop
vertex 36.4722900390625 -57.628150939941406 -1.5
vertex 36.4722900390625 -57.628150939941406 -0.5
vertex 35.9722900390625 -57.27804946899414 -1.5
endloop
endfacet
facet normal 0.06811948115912818 -0.09728533983992992 -0.992922604707356
outer loop
vertex 44.4722900390625 -57.628150939941406 -1.5
vertex 44.9722900390625 -57.1964111328125 -1.5079988241195679
vertex 44.9722900390625 -57.27804946899414 -1.5
endloop
endfacet
facet normal 0.06811982856725739 -0.09728574100521009 -0.992922541567586
outer loop
vertex 44.4722900390625 -57.628150939941406 -1.5
vertex 44.22296142578125 -57.19630813598633 -1.5594168901443481
vertex 44.9722900390625 -57.1964111328125 -1.5079988241195679
endloop
endfacet
facet normal 0.05019138384425526 -0.10763689821218493 -0.9929225161768961
outer loop
vertex 44.4722900390625 -57.628150939941406 -1.5
vertex 43.52122116088867 -57.19620895385742 -1.5949000120162964
vertex 44.22296142578125 -57.19630813598633 -1.5594168901443481
endloop
endfacet
facet normal -0.06811838233174518 -0.09728377054149191 -0.9929228338485002
outer loop
vertex 35.9722900390625 -57.27804946899414 -1.5
vertex 35.9722900390625 -57.195167541503906 -1.5081205368041992
vertex 36.4722900390625 -57.628150939941406 -1.5
endloop
endfacet
facet normal -0.0681199599631159 -0.09728558698884293 -0.9929225476435006
outer loop
vertex 36.4722900390625 -57.628150939941406 -1.5
vertex 35.9722900390625 -57.195167541503906 -1.5081205368041992
vertex 36.72221374511719 -57.19527053833008 -1.5595593452453613
endloop
endfacet
facet normal -0.050191968712681424 -0.10763632148132166 -0.9929225491319625
outer loop
vertex 36.4722900390625 -57.628150939941406 -1.5
vertex 36.72221374511719 -57.19527053833008 -1.5595593452453613
vertex 37.73612594604492 -58.217491149902344 -1.5
endloop
endfacet
facet normal -0.030738062168052558 -0.11471648956975991 -0.9929226045140398
outer loop
vertex 37.73612594604492 -58.217491149902344 -1.5
vertex 38.00852584838867 -57.469078063964844 -1.5949000120162964
vertex 39.08310317993164 -58.57841110229492 -1.5
endloop
endfacet
facet normal -0.050191619616925316 -0.10763597841794131 -0.9929226039678231
outer loop
vertex 36.72221374511719 -57.19527053833008 -1.5595593452453613
vertex 38.00852584838867 -57.469078063964844 -1.5949000120162964
vertex 37.73612594604492 -58.217491149902344 -1.5
endloop
endfacet
facet normal -0.05019155684885405 -0.10763567894200678 -0.9929226396048091
outer loop
vertex 38.00852584838867 -57.469078063964844 -1.5949000120162964
vertex 36.72221374511719 -57.19527053833008 -1.5595593452453613
vertex 37.42155075073242 -57.19536590576172 -1.5949000120162964
endloop
endfacet
facet normal -0.04492983770969136 -0.09635193427452377 -0.9943327483518475
outer loop
vertex 38.00852584838867 -57.469078063964844 -1.5949000120162964
vertex 37.42155075073242 -57.19536590576172 -1.5949000120162964
vertex 38.108116149902344 -57.19546127319336 -1.6259138584136963
endloop
endfacet
facet normal 0.05019160096527011 -0.10763642891154142 -0.9929225560756053
outer loop
vertex 42.93605041503906 -57.469078063964844 -1.5949000120162964
vertex 43.52122116088867 -57.19620895385742 -1.5949000120162964
vertex 44.4722900390625 -57.628150939941406 -1.5
endloop
endfacet
facet normal -0.030738148798137778 -0.11471657243725038 -0.9929225922581844
outer loop
vertex 39.221405029296875 -57.7940673828125 -1.5949000120162964
vertex 39.08310317993164 -58.57841110229492 -1.5
vertex 38.00852584838867 -57.469078063964844 -1.5949000120162964
endloop
endfacet
facet normal -0.010350638992505296 -0.11831146286289146 -0.992922586120232
outer loop
vertex 39.08310317993164 -58.57841110229492 -1.5
vertex 39.221405029296875 -57.7940673828125 -1.5949000120162964
vertex 40.072288513183594 -58.66495132446289 -1.5
endloop
endfacet
facet normal -0.02751575118094022 -0.10269039571130316 -0.99433272402431
outer loop
vertex 39.221405029296875 -57.7940673828125 -1.5949000120162964
vertex 38.00852584838867 -57.469078063964844 -1.5949000120162964
vertex 39.32692337036133 -57.19562911987305 -1.6596240997314453
endloop
endfacet
facet normal -0.027515781163954197 -0.1026902544099143 -0.9943327377875901
outer loop
vertex 39.32692337036133 -57.19562911987305 -1.6596240997314453
vertex 38.00852584838867 -57.469078063964844 -1.5949000120162964
vertex 38.108116149902344 -57.19546127319336 -1.6259138584136963
endloop
endfacet
facet normal -0.010351112756509179 -0.1183119192821111 -0.9929225267967715
outer loop
vertex 39.221405029296875 -57.7940673828125 -1.5949000120162964
vertex 40.072288513183594 -57.86851119995117 -1.5949000120162964
vertex 40.072288513183594 -58.66495132446289 -1.5
endloop
endfacet
facet normal -0.009265911702219546 -0.10590826038580298 -0.9943327326717046
outer loop
vertex 39.221405029296875 -57.7940673828125 -1.5949000120162964
vertex 39.32692337036133 -57.19562911987305 -1.6596240997314453
vertex 40.072288513183594 -57.19573211669922 -1.6665589809417725
endloop
endfacet
facet normal -0.00926591582474658 -0.10590825459251978 -0.9943327332503415
outer loop
vertex 40.072288513183594 -57.86851119995117 -1.5949000120162964
vertex 39.221405029296875 -57.7940673828125 -1.5949000120162964
vertex 40.072288513183594 -57.19573211669922 -1.6665589809417725
endloop
endfacet
facet normal -1 0 0
outer loop
vertex 35.9722900390625 -56.695167541503906 -0.5
vertex 35.9722900390625 -57.195167541503906 -1
vertex 35.9722900390625 -57.27804946899414 -0.5
endloop
endfacet
facet normal 0.03073812088894997 -0.11471646827852612 -0.9929226051560707
outer loop
vertex 41.72317123413086 -57.7940673828125 -1.5949000120162964
vertex 42.93605041503906 -57.469078063964844 -1.5949000120162964
vertex 43.20845031738281 -58.217491149902344 -1.5
endloop
endfacet
facet normal 0.05019165176549849 -0.10763596667221456 -0.9929226036160064
outer loop
vertex 43.20845031738281 -58.217491149902344 -1.5
vertex 42.93605041503906 -57.469078063964844 -1.5949000120162964
vertex 44.4722900390625 -57.628150939941406 -1.5
endloop
endfacet
facet normal 0.044929661727337325 -0.09635214353653407 -0.9943327360260157
outer loop
vertex 42.93605041503906 -57.469078063964844 -1.5949000120162964
vertex 42.836700439453125 -57.19611358642578 -1.6258398294448853
vertex 43.52122116088867 -57.19620895385742 -1.5949000120162964
endloop
endfacet
facet normal 0.027515710081716892 -0.10269024232659348 -0.99433274100253
outer loop
vertex 42.93605041503906 -57.469078063964844 -1.5949000120162964
vertex 41.72317123413086 -57.7940673828125 -1.5949000120162964
vertex 42.836700439453125 -57.19611358642578 -1.6258398294448853
endloop
endfacet
facet normal 0.02751576007319039 -0.10269033485631969 -0.9943327300630768
outer loop
vertex 41.72317123413086 -57.7940673828125 -1.5949000120162964
vertex 41.617706298828125 -57.195945739746094 -1.6595898866653442
vertex 42.836700439453125 -57.19611358642578 -1.6258398294448853
endloop
endfacet
facet normal 0.010350678969440938 -0.11831191981339857 -0.9929225312555555
outer loop
vertex 40.87228775024414 -57.86851119995117 -1.5949000120162964
vertex 41.861473083496094 -58.57841110229492 -1.5
vertex 40.87228775024414 -58.66495132446289 -1.5
endloop
endfacet
facet normal 0.010351066279839425 -0.11831138805961072 -0.9929225905790836
outer loop
vertex 40.87228775024414 -57.86851119995117 -1.5949000120162964
vertex 41.72317123413086 -57.7940673828125 -1.5949000120162964
vertex 41.861473083496094 -58.57841110229492 -1.5
endloop
endfacet
facet normal 0.009265875532281533 -0.1059082805143091 -0.9943327308648361
outer loop
vertex 40.87228775024414 -57.19584274291992 -1.666547179222107
vertex 41.617706298828125 -57.195945739746094 -1.6595898866653442
vertex 41.72317123413086 -57.7940673828125 -1.5949000120162964
endloop
endfacet
facet normal 0.009265913432096293 -0.10590822724482739 -0.9943327361854918
outer loop
vertex 41.72317123413086 -57.7940673828125 -1.5949000120162964
vertex 40.87228775024414 -57.86851119995117 -1.5949000120162964
vertex 40.87228775024414 -57.19584274291992 -1.666547179222107
endloop
endfacet
facet normal 1 0 0
outer loop
vertex 44.9722900390625 -57.1964111328125 -1
vertex 44.9722900390625 -56.6964111328125 -0.5
vertex 44.9722900390625 -57.27804946899414 -0.5
endloop
endfacet
facet normal 0.06812008461245238 -0.09728535478697575 -0.9929225618427474
outer loop
vertex -36.45988082885742 -57.628150939941406 -1.5
vertex -36.715660095214844 -57.18513107299805 -1.5609544515609741
vertex -35.95988082885742 -57.18523406982422 -1.5090936422348022
endloop
endfacet
facet normal -0.009265928626708374 -0.10590840091733589 -0.9943327175457005
outer loop
vertex -40.85988235473633 -57.86851119995117 -1.5949000120162964
vertex -41.71076583862305 -57.7940673828125 -1.5949000120162964
vertex -40.85988235473633 -57.1845588684082 -1.6677491664886475
endloop
endfacet
facet normal -0.010350638992505296 -0.11831146286289146 -0.992922586120232
outer loop
vertex -41.84906768798828 -58.57841110229492 -1.5
vertex -41.71076583862305 -57.7940673828125 -1.5949000120162964
vertex -40.85988235473633 -58.66495132446289 -1.5
endloop
endfacet
facet normal 1 0 0
outer loop
vertex -35.95988082885742 -57.27804946899414 -1.5
vertex -35.95988082885742 -57.18523406982422 -1.5090936422348022
vertex -35.95988082885742 -57.18523406982422 -1
endloop
endfacet
facet normal -0.010351112756509179 -0.1183119192821111 -0.9929225267967715
outer loop
vertex -41.71076583862305 -57.7940673828125 -1.5949000120162964
vertex -40.85988235473633 -57.86851119995117 -1.5949000120162964
vertex -40.85988235473633 -58.66495132446289 -1.5
endloop
endfacet
facet normal -0.027515768947784774 -0.10269046201820811 -0.994332716684762
outer loop
vertex -41.71076583862305 -57.7940673828125 -1.5949000120162964
vertex -42.92364501953125 -57.469078063964844 -1.5949000120162964
vertex -41.603275299072266 -57.18445587158203 -1.6608326435089111
endloop
endfacet
facet normal 1 0 0
outer loop
vertex -35.95988082885742 -57.27804946899414 -0.5
vertex -35.95988082885742 -57.27804946899414 -1.5
vertex -35.95988082885742 -57.18523406982422 -1
endloop
endfacet
facet normal -0.06811990601580196 -0.09728475223033657 -0.9929226331330554
outer loop
vertex -44.95988082885742 -57.18399429321289 -1.5092153549194336
vertex -44.20350646972656 -57.18409729003906 -1.5610966682434082
vertex -44.95988082885742 -57.27804946899414 -1.5
endloop
endfacet
facet normal -0.027515795765825274 -0.10269034034753301 -0.99433272850826
outer loop
vertex -42.92364501953125 -57.469078063964844 -1.5949000120162964
vertex -42.81998825073242 -57.184288024902344 -1.6271803379058838
vertex -41.603275299072266 -57.18445587158203 -1.6608326435089111
endloop
endfacet
facet normal -0.030738148798137778 -0.11471657243725038 -0.9929225922581844
outer loop
vertex -41.71076583862305 -57.7940673828125 -1.5949000120162964
vertex -41.84906768798828 -58.57841110229492 -1.5
vertex -42.92364501953125 -57.469078063964844 -1.5949000120162964
endloop
endfacet
facet normal -0.030738179222037084 -0.11471660153975158 -0.9929225879540073
outer loop
vertex -43.196041107177734 -58.217491149902344 -1.5
vertex -42.92364501953125 -57.469078063964844 -1.5949000120162964
vertex -41.84906768798828 -58.57841110229492 -1.5
endloop
endfacet
facet normal 0.5735739099356075 -0.8191538132983204 0
outer loop
vertex -36.45988082885742 -57.628150939941406 -0.5
vertex -36.45988082885742 -57.628150939941406 -1.5
vertex -35.95988082885742 -57.27804946899414 -0.5
endloop
endfacet
facet normal 0.42261948047228126 -0.9063072187317825 0
outer loop
vertex -37.72372055053711 -58.217491149902344 -0.5
vertex -37.72372055053711 -58.217491149902344 -1.5
vertex -36.45988082885742 -57.628150939941406 -0.5
endloop
endfacet
facet normal -0.04492997301062271 -0.0963519968334576 -0.9943327361761103
outer loop
vertex -42.92364501953125 -57.469078063964844 -1.5949000120162964
vertex -43.53458786010742 -57.18418884277344 -1.5949000120162964
vertex -42.81998825073242 -57.184288024902344 -1.6271803379058838
endloop
endfacet
facet normal 0.25881803504136525 -0.9659260969335732 0
outer loop
vertex -39.07069778442383 -58.57841110229492 -0.5
vertex -39.07069778442383 -58.57841110229492 -1.5
vertex -37.72372055053711 -58.217491149902344 -0.5
endloop
endfacet
facet normal 0.08715346341544244 -0.9961948975048472 0
outer loop
vertex -40.05988311767578 -58.66495132446289 -0.5
vertex -40.05988311767578 -58.66495132446289 -1.5
vertex -39.07069778442383 -58.57841110229492 -0.5
endloop
endfacet
facet normal 0.5735739099356075 -0.8191538132983204 0
outer loop
vertex -36.45988082885742 -57.628150939941406 -1.5
vertex -35.95988082885742 -57.27804946899414 -1.5
vertex -35.95988082885742 -57.27804946899414 -0.5
endloop
endfacet
facet normal 0.42261948047228126 -0.9063072187317825 0
outer loop
vertex -37.72372055053711 -58.217491149902344 -1.5
vertex -36.45988082885742 -57.628150939941406 -1.5
vertex -36.45988082885742 -57.628150939941406 -0.5
endloop
endfacet
facet normal 0.25881803504136525 -0.9659260969335732 0
outer loop
vertex -39.07069778442383 -58.57841110229492 -1.5
vertex -37.72372055053711 -58.217491149902344 -1.5
vertex -37.72372055053711 -58.217491149902344 -0.5
endloop
endfacet
facet normal 0.05019184611215697 -0.1076362934714793 -0.9929225583657444
outer loop
vertex -36.45988082885742 -57.628150939941406 -1.5
vertex -37.386993408203125 -57.18503952026367 -1.5949000120162964
vertex -36.715660095214844 -57.18513107299805 -1.5609544515609741
endloop
endfacet
facet normal 0.08715346341544244 -0.9961948975048472 0
outer loop
vertex -39.07069778442383 -58.57841110229492 -1.5
vertex -39.07069778442383 -58.57841110229492 -0.5
vertex -40.05988311767578 -58.66495132446289 -1.5
endloop
endfacet
facet normal -0.08715346341544244 -0.9961948975048472 0
outer loop
vertex -41.84906768798828 -58.57841110229492 -0.5
vertex -41.84906768798828 -58.57841110229492 -1.5
vertex -40.85988235473633 -58.66495132446289 -0.5
endloop
endfacet
facet normal -0.050191887154028836 -0.10763613303277213 -0.9929225736831995
outer loop
vertex -43.53458786010742 -57.18418884277344 -1.5949000120162964
vertex -42.92364501953125 -57.469078063964844 -1.5949000120162964
vertex -43.196041107177734 -58.217491149902344 -1.5
endloop
endfacet
facet normal -0.2588187189266581 -0.9659259136875683 0
outer loop
vertex -43.196041107177734 -58.217491149902344 -0.5
vertex -43.196041107177734 -58.217491149902344 -1.5
vertex -41.84906768798828 -58.57841110229492 -0.5
endloop
endfacet
facet normal -1 0 0
outer loop
vertex -44.95988082885742 -56.68399429321289 -0.5
vertex -44.95988082885742 -57.18399429321289 -1
vertex -44.95988082885742 -57.27804946899414 -0.5
endloop
endfacet
facet normal -0.5735739099356075 -0.8191538132983204 0
outer loop
vertex -44.95988082885742 -57.27804946899414 -0.5
vertex -44.95988082885742 -57.27804946899414 -1.5
vertex -44.45988082885742 -57.628150939941406 -0.5
endloop
endfacet
facet normal -1 0 0
outer loop
vertex -44.95988082885742 -57.18399429321289 -1
vertex -44.95988082885742 -57.27804946899414 -1.5
vertex -44.95988082885742 -57.27804946899414 -0.5
endloop
endfacet
facet normal -0.42261948047228126 -0.9063072187317825 0
outer loop
vertex -44.45988082885742 -57.628150939941406 -0.5
vertex -44.45988082885742 -57.628150939941406 -1.5
vertex -43.196041107177734 -58.217491149902344 -0.5
endloop
endfacet
facet normal -0.050191701681447466 -0.10763607371693679 -0.9929225894887893
outer loop
vertex -44.45988082885742 -57.628150939941406 -1.5
vertex -43.53458786010742 -57.18418884277344 -1.5949000120162964
vertex -43.196041107177734 -58.217491149902344 -1.5
endloop
endfacet
facet normal -0.05019139218304258 -0.10763670742448703 -0.9929225364375328
outer loop
vertex -44.20350646972656 -57.18409729003906 -1.5610966682434082
vertex -43.53458786010742 -57.18418884277344 -1.5949000120162964
vertex -44.45988082885742 -57.628150939941406 -1.5
endloop
endfacet
facet normal -0.06811977387322429 -0.09728575788172694 -0.9929225436663419
outer loop
vertex -44.95988082885742 -57.27804946899414 -1.5
vertex -44.20350646972656 -57.18409729003906 -1.5610966682434082
vertex -44.45988082885742 -57.628150939941406 -1.5
endloop
endfacet
facet normal -0.08715346341544244 -0.9961948975048472 0
outer loop
vertex -41.84906768798828 -58.57841110229492 -1.5
vertex -40.85988235473633 -58.66495132446289 -1.5
vertex -40.85988235473633 -58.66495132446289 -0.5
endloop
endfacet
facet normal -0.2588187189266581 -0.9659259136875683 0
outer loop
vertex -43.196041107177734 -58.217491149902344 -1.5
vertex -41.84906768798828 -58.57841110229492 -1.5
vertex -41.84906768798828 -58.57841110229492 -0.5
endloop
endfacet
facet normal -0.42261948047228126 -0.9063072187317825 0
outer loop
vertex -43.196041107177734 -58.217491149902344 -1.5
vertex -43.196041107177734 -58.217491149902344 -0.5
vertex -44.45988082885742 -57.628150939941406 -1.5
endloop
endfacet
facet normal -0.5735739099356075 -0.8191538132983204 0
outer loop
vertex -44.45988082885742 -57.628150939941406 -1.5
vertex -44.45988082885742 -57.628150939941406 -0.5
vertex -44.95988082885742 -57.27804946899414 -1.5
endloop
endfacet
facet normal -1 0 0
outer loop
vertex -44.95988082885742 -57.18399429321289 -1
vertex -44.95988082885742 -57.18399429321289 -1.5092153549194336
vertex -44.95988082885742 -57.27804946899414 -1.5
endloop
endfacet
facet normal 0.06811728916421968 -0.09728220932622118 -0.9929230618056605
outer loop
vertex -36.45988082885742 -57.628150939941406 -1.5
vertex -35.95988082885742 -57.18523406982422 -1.5090936422348022
vertex -35.95988082885742 -57.27804946899414 -1.5
endloop
endfacet
facet normal 0.0501915486592833 -0.10763690485187416 -0.992922507125854
outer loop
vertex -37.99612045288086 -57.469078063964844 -1.5949000120162964
vertex -37.386993408203125 -57.18503952026367 -1.5949000120162964
vertex -36.45988082885742 -57.628150939941406 -1.5
endloop
endfacet
facet normal 0.05019165176549849 -0.10763596667221456 -0.9929226036160064
outer loop
vertex -37.72372055053711 -58.217491149902344 -1.5
vertex -37.99612045288086 -57.469078063964844 -1.5949000120162964
vertex -36.45988082885742 -57.628150939941406 -1.5
endloop
endfacet
facet normal 0.04492965881528368 -0.09635266374737349 -0.9943326857483503
outer loop
vertex -37.99612045288086 -57.469078063964844 -1.5949000120162964
vertex -38.09953689575195 -57.184940338134766 -1.6271064281463623
vertex -37.386993408203125 -57.18503952026367 -1.5949000120162964
endloop
endfacet
facet normal 0.030738209004710124 -0.11471643632919659 -0.9929226061194862
outer loop
vertex -39.2089958190918 -57.7940673828125 -1.5949000120162964
vertex -37.99612045288086 -57.469078063964844 -1.5949000120162964
vertex -37.72372055053711 -58.217491149902344 -1.5
endloop
endfacet
facet normal 0.027515912346635175 -0.10269067421165765 -0.9943326908020712
outer loop
vertex -39.2089958190918 -57.7940673828125 -1.5949000120162964
vertex -38.09953689575195 -57.184940338134766 -1.6271064281463623
vertex -37.99612045288086 -57.469078063964844 -1.5949000120162964
endloop
endfacet
facet normal 0.027515860325716006 -0.10269058005146606 -0.9943327019661121
outer loop
vertex -39.2089958190918 -57.7940673828125 -1.5949000120162964
vertex -39.31643295288086 -57.18477249145508 -1.6607985496520996
vertex -38.09953689575195 -57.184940338134766 -1.6271064281463623
endloop
endfacet
facet normal 0.030738125009298393 -0.11471672409746315 -0.9929225754726594
outer loop
vertex -39.07069778442383 -58.57841110229492 -1.5
vertex -39.2089958190918 -57.7940673828125 -1.5949000120162964
vertex -37.72372055053711 -58.217491149902344 -1.5
endloop
endfacet
facet normal 0.01035102485037157 -0.11831144493977097 -0.9929225842334389
outer loop
vertex -40.05988311767578 -57.86851119995117 -1.5949000120162964
vertex -39.2089958190918 -57.7940673828125 -1.5949000120162964
vertex -39.07069778442383 -58.57841110229492 -1.5
endloop
endfacet
facet normal 0.009265884737795773 -0.10590837408091397 -0.9943327208130902
outer loop
vertex -40.05988311767578 -57.86851119995117 -1.5949000120162964
vertex -40.05988311767578 -57.184669494628906 -1.667737364768982
vertex -39.2089958190918 -57.7940673828125 -1.5949000120162964
endloop
endfacet
facet normal -0.009265938532336223 -0.10590838725185818 -0.99433271890893
outer loop
vertex -41.71076583862305 -57.7940673828125 -1.5949000120162964
vertex -41.603275299072266 -57.18445587158203 -1.6608326435089111
vertex -40.85988235473633 -57.1845588684082 -1.6677491664886475
endloop
endfacet
facet normal 0.009265695006891282 -0.10590863587600001 -0.994332694696762
outer loop
vertex -39.2089958190918 -57.7940673828125 -1.5949000120162964
vertex -40.05988311767578 -57.184669494628906 -1.667737364768982
vertex -39.31643295288086 -57.18477249145508 -1.6607985496520996
endloop
endfacet
facet normal 0.010350678969440938 -0.11831191981339857 -0.9929225312555555
outer loop
vertex -40.05988311767578 -57.86851119995117 -1.5949000120162964
vertex -39.07069778442383 -58.57841110229492 -1.5
vertex -40.05988311767578 -58.66495132446289 -1.5
endloop
endfacet
facet normal 1 0 0
outer loop
vertex -35.95988082885742 -57.18523406982422 -1
vertex -35.95988082885742 -56.68523406982422 -0.5
vertex -35.95988082885742 -57.27804946899414 -0.5
endloop
endfacet
facet normal 0.5555798033776967 0.8314632175140401 0
outer loop
vertex 34.78094482421875 -55.96188735961914 -0.5
vertex 34.78094482421875 -55.96188735961914 -4
vertex 34.618736267089844 -55.85350036621094 -4
endloop
endfacet
facet normal -0.5555798033776967 0.8314632175140401 0
outer loop
vertex 46.32583999633789 -55.85350036621094 -0.5
vertex 46.32583999633789 -55.85350036621094 -4
vertex 46.163631439208984 -55.96188735961914 -4
endloop
endfacet
facet normal -0.8314632175140401 0.5555798033776967 0
outer loop
vertex 46.32583999633789 -55.85350036621094 -4
vertex 46.32583999633789 -55.85350036621094 -0.5
vertex 46.434226989746094 -55.69129180908203 -0.5
endloop
endfacet
facet normal -0.5555798033776967 0.8314632175140401 0
outer loop
vertex 46.163631439208984 -55.96188735961914 -4
vertex 46.163631439208984 -55.96188735961914 -0.5
vertex 46.32583999633789 -55.85350036621094 -0.5
endloop
endfacet
facet normal 1 0 0
outer loop
vertex 40.072288513183594 -57.19573211669922 -1.6665589809417725
vertex 40.072288513183594 -57.19573211669922 -4
vertex 40.072288513183594 -55.99995040893555 -4
endloop
endfacet
facet normal 0.007193270138980207 0.999974128097676 0
outer loop
vertex 34.78094482421875 -55.96188735961914 -4
vertex 40.072288513183594 -55.99995040893555 -0.5
vertex 40.072288513183594 -55.99995040893555 -4
endloop
endfacet
facet normal -1 0 0
outer loop
vertex 40.87228775024414 -57.19584274291992 -4
vertex 40.87228775024414 -55.99995040893555 -0.5
vertex 40.87228775024414 -55.99995040893555 -4
endloop
endfacet
facet normal -0.007193270138980207 0.999974128097676 0
outer loop
vertex 46.163631439208984 -55.96188735961914 -0.5
vertex 46.163631439208984 -55.96188735961914 -4
vertex 40.87228775024414 -55.99995040893555 -4
endloop
endfacet
facet normal 0 0 -1
outer loop
vertex 46.4722900390625 -57.196617126464844 -4
vertex 40.87228775024414 -55.99995040893555 -4
vertex 46.163631439208984 -55.96188735961914 -4
endloop
endfacet
facet normal 0.5555798033776967 0.8314632175140401 0
outer loop
vertex 34.618736267089844 -55.85350036621094 -4
vertex 34.618736267089844 -55.85350036621094 -0.5
vertex 34.78094482421875 -55.96188735961914 -0.5
endloop
endfacet
facet normal 0.8314632175140401 0.5555798033776967 0
outer loop
vertex 34.51034927368164 -55.69129180908203 -4
vertex 34.51034927368164 -55.69129180908203 -0.5
vertex 34.618736267089844 -55.85350036621094 -0.5
endloop
endfacet
facet normal 0.9807861986664705 0.19508570553829574 0
outer loop
vertex 34.4722900390625 -55.49995040893555 -4
vertex 34.4722900390625 -55.49995040893555 -0.5
vertex 34.51034927368164 -55.69129180908203 -0.5
endloop
endfacet
facet normal 1 0 0
outer loop
vertex 34.4722900390625 -55.49995040893555 -4
vertex 34.4722900390625 -54.49995040893555 -0.5
vertex 34.4722900390625 -55.49995040893555 -0.5
endloop
endfacet
facet normal 0 0 1
outer loop
vertex 34.4722900390625 -54.49995040893555 -5
vertex 34.4722900390625 -57.19496154785156 -5
vertex 46.4722900390625 -54.49995040893555 -5
endloop
endfacet
facet normal 0 0 1
outer loop
vertex 46.4722900390625 -54.49995040893555 -5
vertex 34.4722900390625 -57.19496154785156 -5
vertex 46.4722900390625 -57.196617126464844 -5
endloop
endfacet
facet normal 0.8314632175140401 0.5555798033776967 0
outer loop
vertex 34.618736267089844 -55.85350036621094 -0.5
vertex 34.618736267089844 -55.85350036621094 -4
vertex 34.51034927368164 -55.69129180908203 -4
endloop
endfacet
facet normal 0 0 -1
outer loop
vertex 34.51034927368164 -55.69129180908203 -4
vertex 34.4722900390625 -57.19496154785156 -4
vertex 34.4722900390625 -55.49995040893555 -4
endloop
endfacet
facet normal 0 0 -1
outer loop
vertex 34.4722900390625 -57.19496154785156 -4
vertex 34.618736267089844 -55.85350036621094 -4
vertex 34.78094482421875 -55.96188735961914 -4
endloop
endfacet
facet normal 0 0 -1
outer loop
vertex 34.4722900390625 -57.19496154785156 -4
vertex 34.51034927368164 -55.69129180908203 -4
vertex 34.618736267089844 -55.85350036621094 -4
endloop
endfacet
facet normal 1 0 0
outer loop
vertex 34.4722900390625 -57.19496154785156 -4
vertex 34.4722900390625 -57.19496154785156 -5
vertex 34.4722900390625 -55.49995040893555 -4
endloop
endfacet
facet normal -1 0 0
outer loop
vertex 46.4722900390625 -55.49995040893555 -4
vertex 46.4722900390625 -55.49995040893555 -0.5
vertex 46.4722900390625 -54.49995040893555 -0.5
endloop
endfacet
facet normal -1 0 0
outer loop
vertex 46.4722900390625 -54.49995040893555 -5
vertex 46.4722900390625 -57.196617126464844 -5
vertex 46.4722900390625 -55.49995040893555 -4
endloop
endfacet
facet normal 1 0 0
outer loop
vertex 34.4722900390625 -57.19496154785156 -5
vertex 34.4722900390625 -54.49995040893555 -5
vertex 34.4722900390625 -55.49995040893555 -4
endloop
endfacet
facet normal -0.007193270138980207 0.999974128097676 0
outer loop
vertex 46.163631439208984 -55.96188735961914 -0.5
vertex 40.87228775024414 -55.99995040893555 -4
vertex 40.87228775024414 -55.99995040893555 -0.5
endloop
endfacet
facet normal -1 0 0
outer loop
vertex 46.4722900390625 -55.49995040893555 -4
vertex 46.4722900390625 -57.196617126464844 -5
vertex 46.4722900390625 -57.196617126464844 -4
endloop
endfacet
facet normal -1 0 0
outer loop
vertex 40.87228775024414 -55.99995040893555 -0.5
vertex 40.87228775024414 -57.19584274291992 -1.666547179222107
vertex 40.87228775024414 -58.66495132446289 -0.5
endloop
endfacet
facet normal 0 0 -1
outer loop
vertex 46.4722900390625 -57.196617126464844 -4
vertex 46.163631439208984 -55.96188735961914 -4
vertex 46.32583999633789 -55.85350036621094 -4
endloop
endfacet
facet normal -1 0 0
outer loop
vertex 40.87228775024414 -55.99995040893555 -0.5
vertex 40.87228775024414 -57.19584274291992 -4
vertex 40.87228775024414 -57.19584274291992 -1.666547179222107
endloop
endfacet
facet normal 0 0 -1
outer loop
vertex 46.4722900390625 -57.196617126464844 -4
vertex 46.32583999633789 -55.85350036621094 -4
vertex 46.434226989746094 -55.69129180908203 -4
endloop
endfacet
facet normal 0 0 -1
outer loop
vertex 46.4722900390625 -55.49995040893555 -4
vertex 46.4722900390625 -57.196617126464844 -4
vertex 46.434226989746094 -55.69129180908203 -4
endloop
endfacet
facet normal 0.007193270138980207 0.999974128097676 0
outer loop
vertex 34.78094482421875 -55.96188735961914 -4
vertex 34.78094482421875 -55.96188735961914 -0.5
vertex 40.072288513183594 -55.99995040893555 -0.5
endloop
endfacet
facet normal -1 0 0
outer loop
vertex 40.87228775024414 -58.66495132446289 -1.5
vertex 40.87228775024414 -58.66495132446289 -0.5
vertex 40.87228775024414 -57.86851119995117 -1.5949000120162964
endloop
endfacet
facet normal 1 0 0
outer loop
vertex 40.072288513183594 -55.99995040893555 -4
vertex 40.072288513183594 -55.99995040893555 -0.5
vertex 40.072288513183594 -57.19573211669922 -1.6665589809417725
endloop
endfacet
facet normal 0 0 -1
outer loop
vertex 34.4722900390625 -57.19496154785156 -4
vertex 34.78094482421875 -55.96188735961914 -4
vertex 40.072288513183594 -57.19573211669922 -4
endloop
endfacet
facet normal 0 0 -1
outer loop
vertex 40.072288513183594 -57.19573211669922 -4
vertex 34.78094482421875 -55.96188735961914 -4
vertex 40.072288513183594 -55.99995040893555 -4
endloop
endfacet
facet normal 0 0 -1
outer loop
vertex 40.87228775024414 -55.99995040893555 -4
vertex 46.4722900390625 -57.196617126464844 -4
vertex 40.87228775024414 -57.19584274291992 -4
endloop
endfacet
facet normal -1 0 0
outer loop
vertex 40.87228775024414 -58.66495132446289 -0.5
vertex 40.87228775024414 -57.19584274291992 -1.666547179222107
vertex 40.87228775024414 -57.86851119995117 -1.5949000120162964
endloop
endfacet
facet normal -0.980782457176804 0.19510451479714808 0
outer loop
vertex 46.434226989746094 -55.69129180908203 -4
vertex 46.434226989746094 -55.69129180908203 -0.5
vertex 46.4722900390625 -55.49995040893555 -0.5
endloop
endfacet
facet normal 1 0 0
outer loop
vertex 34.4722900390625 -55.49995040893555 -4
vertex 34.4722900390625 -54.49995040893555 -5
vertex 34.4722900390625 -54.49995040893555 -0.5
endloop
endfacet
facet normal 1 0 0
outer loop
vertex 40.072288513183594 -57.19573211669922 -1.6665589809417725
vertex 40.072288513183594 -58.66495132446289 -0.5
vertex 40.072288513183594 -57.86851119995117 -1.5949000120162964
endloop
endfacet
facet normal -1 0 0
outer loop
vertex 46.4722900390625 -54.49995040893555 -0.5
vertex 46.4722900390625 -54.49995040893555 -5
vertex 46.4722900390625 -55.49995040893555 -4
endloop
endfacet
facet normal 1 0 0
outer loop
vertex 40.072288513183594 -58.66495132446289 -0.5
vertex 40.072288513183594 -58.66495132446289 -1.5
vertex 40.072288513183594 -57.86851119995117 -1.5949000120162964
endloop
endfacet
facet normal -0.980782457176804 0.19510451479714808 0
outer loop
vertex 46.4722900390625 -55.49995040893555 -0.5
vertex 46.4722900390625 -55.49995040893555 -4
vertex 46.434226989746094 -55.69129180908203 -4
endloop
endfacet
facet normal -0.8314632175140401 0.5555798033776967 0
outer loop
vertex 46.434226989746094 -55.69129180908203 -0.5
vertex 46.434226989746094 -55.69129180908203 -4
vertex 46.32583999633789 -55.85350036621094 -4
endloop
endfacet
facet normal 1 0 0
outer loop
vertex 40.072288513183594 -58.66495132446289 -0.5
vertex 40.072288513183594 -57.19573211669922 -1.6665589809417725
vertex 40.072288513183594 -55.99995040893555 -0.5
endloop
endfacet
facet normal 0.9807861986664705 0.19508570553829574 0
outer loop
vertex 34.51034927368164 -55.69129180908203 -0.5
vertex 34.51034927368164 -55.69129180908203 -4
vertex 34.4722900390625 -55.49995040893555 -4
endloop
endfacet
facet normal 1 0 0
outer loop
vertex -40.85988235473633 -58.66495132446289 -0.5
vertex -40.85988235473633 -57.1845588684082 -1.6677491664886475
vertex -40.85988235473633 -55.99995040893555 -0.5
endloop
endfacet
facet normal -0.8314632175140401 0.5555798033776967 0
outer loop
vertex -34.606327056884766 -55.85350036621094 -4
vertex -34.606327056884766 -55.85350036621094 -0.5
vertex -34.49794006347656 -55.69129180908203 -0.5
endloop
endfacet
facet normal -0.5555707707654927 0.831469252991977 0
outer loop
vertex -34.76853942871094 -55.96188735961914 -4
vertex -34.76853942871094 -55.96188735961914 -0.5
vertex -34.606327056884766 -55.85350036621094 -0.5
endloop
endfacet
facet normal 0 0 1
outer loop
vertex -46.45988082885742 -54.49995040893555 -5
vertex -46.45988082885742 -57.18378448486328 -5
vertex -34.45988082885742 -54.49995040893555 -5
endloop
endfacet
facet normal 0 0 1
outer loop
vertex -34.45988082885742 -54.49995040893555 -5
vertex -46.45988082885742 -57.18378448486328 -5
vertex -34.45988082885742 -57.18544387817383 -5
endloop
endfacet
facet normal 0.5555707707654927 0.831469252991977 0
outer loop
vertex -46.31343460083008 -55.85350036621094 -4
vertex -46.31343460083008 -55.85350036621094 -0.5
vertex -46.151222229003906 -55.96188735961914 -0.5
endloop
endfacet
facet normal -1 0 0
outer loop
vertex -40.05988311767578 -55.99995040893555 -0.5
vertex -40.05988311767578 -55.99995040893555 -4
vertex -40.05988311767578 -57.184669494628906 -1.667737364768982
endloop
endfacet
facet normal 1 0 0
outer loop
vertex -46.45988082885742 -57.18378448486328 -5
vertex -46.45988082885742 -54.49995040893555 -5
vertex -46.45988082885742 -55.49995040893555 -4
endloop
endfacet
facet normal -0.007193270138980207 0.999974128097676 0
outer loop
vertex -34.76853942871094 -55.96188735961914 -0.5
vertex -40.05988311767578 -55.99995040893555 -4
vertex -40.05988311767578 -55.99995040893555 -0.5
endloop
endfacet
facet normal 1 0 0
outer loop
vertex -46.45988082885742 -55.49995040893555 -4
vertex -46.45988082885742 -54.49995040893555 -0.5
vertex -46.45988082885742 -55.49995040893555 -0.5
endloop
endfacet
facet normal 0.8314632175140401 0.5555798033776967 0
outer loop
vertex -46.42182159423828 -55.69129180908203 -4
vertex -46.42182159423828 -55.69129180908203 -0.5
vertex -46.31343460083008 -55.85350036621094 -0.5
endloop
endfacet
facet normal -1 0 0
outer loop
vertex -40.05988311767578 -55.99995040893555 -0.5
vertex -40.05988311767578 -57.184669494628906 -1.667737364768982
vertex -40.05988311767578 -57.86851119995117 -1.5949000120162964
endloop
endfacet
facet normal -1 0 0
outer loop
vertex -40.05988311767578 -58.66495132446289 -1.5
vertex -40.05988311767578 -55.99995040893555 -0.5
vertex -40.05988311767578 -57.86851119995117 -1.5949000120162964
endloop
endfacet
facet normal -1 0 0
outer loop
vertex -34.45988082885742 -54.49995040893555 -5
vertex -34.45988082885742 -57.18544387817383 -5
vertex -34.45988082885742 -55.49995040893555 -4
endloop
endfacet
facet normal -1 0 0
outer loop
vertex -34.45988082885742 -55.49995040893555 -4
vertex -34.45988082885742 -57.18544387817383 -5
vertex -34.45988082885742 -57.18544387817383 -4
endloop
endfacet
facet normal -0.9807861986664705 0.19508570553829574 0
outer loop
vertex -34.45988082885742 -55.49995040893555 -0.5
vertex -34.45988082885742 -55.49995040893555 -4
vertex -34.49794006347656 -55.69129180908203 -0.5
endloop
endfacet
facet normal -1 0 0
outer loop
vertex -34.45988082885742 -55.49995040893555 -4
vertex -34.45988082885742 -55.49995040893555 -0.5
vertex -34.45988082885742 -54.49995040893555 -0.5
endloop
endfacet
facet normal 0.8314632175140401 0.5555798033776967 0
outer loop
vertex -46.31343460083008 -55.85350036621094 -0.5
vertex -46.31343460083008 -55.85350036621094 -4
vertex -46.42182159423828 -55.69129180908203 -4
endloop
endfacet
facet normal -1 0 0
outer loop
vertex -40.05988311767578 -55.99995040893555 -0.5
vertex -40.05988311767578 -58.66495132446289 -1.5
vertex -40.05988311767578 -58.66495132446289 -0.5
endloop
endfacet
facet normal 0.9807861986664705 0.19508570553829574 0
outer loop
vertex -46.42182159423828 -55.69129180908203 -0.5
vertex -46.42182159423828 -55.69129180908203 -4
vertex -46.45988082885742 -55.49995040893555 -4
endloop
endfacet
facet normal 0.9807861986664705 0.19508570553829574 0
outer loop
vertex -46.45988082885742 -55.49995040893555 -4
vertex -46.45988082885742 -55.49995040893555 -0.5
vertex -46.42182159423828 -55.69129180908203 -0.5
endloop
endfacet
facet normal 0.5555707707654927 0.831469252991977 0
outer loop
vertex -46.151222229003906 -55.96188735961914 -0.5
vertex -46.151222229003906 -55.96188735961914 -4
vertex -46.31343460083008 -55.85350036621094 -4
endloop
endfacet
facet normal 1 0 0
outer loop
vertex -46.45988082885742 -55.49995040893555 -4
vertex -46.45988082885742 -54.49995040893555 -5
vertex -46.45988082885742 -54.49995040893555 -0.5
endloop
endfacet
facet normal 0.0071932753245719 0.9999741280603738 0
outer loop
vertex -46.151222229003906 -55.96188735961914 -4
vertex -46.151222229003906 -55.96188735961914 -0.5
vertex -40.85988235473633 -55.99995040893555 -0.5
endloop
endfacet
facet normal 0 0 -1
outer loop
vertex -40.85988235473633 -57.1845588684082 -4
vertex -46.45988082885742 -57.18378448486328 -4
vertex -46.151222229003906 -55.96188735961914 -4
endloop
endfacet
facet normal 0 0 -1
outer loop
vertex -40.85988235473633 -57.1845588684082 -4
vertex -46.151222229003906 -55.96188735961914 -4
vertex -40.85988235473633 -55.99995040893555 -4
endloop
endfacet
facet normal 0 0 -1
outer loop
vertex -40.05988311767578 -55.99995040893555 -4
vertex -34.45988082885742 -57.18544387817383 -4
vertex -40.05988311767578 -57.184669494628906 -4
endloop
endfacet
facet normal 0 0 -1
outer loop
vertex -34.45988082885742 -57.18544387817383 -4
vertex -40.05988311767578 -55.99995040893555 -4
vertex -34.76853942871094 -55.96188735961914 -4
endloop
endfacet
facet normal 0.0071932753245719 0.9999741280603738 0
outer loop
vertex -46.151222229003906 -55.96188735961914 -4
vertex -40.85988235473633 -55.99995040893555 -0.5
vertex -40.85988235473633 -55.99995040893555 -4
endloop
endfacet
facet normal 1 0 0
outer loop
vertex -40.85988235473633 -55.99995040893555 -0.5
vertex -40.85988235473633 -57.1845588684082 -4
vertex -40.85988235473633 -55.99995040893555 -4
endloop
endfacet
facet normal -1 0 0
outer loop
vertex -40.05988311767578 -55.99995040893555 -4
vertex -40.05988311767578 -57.184669494628906 -4
vertex -40.05988311767578 -57.184669494628906 -1.667737364768982
endloop
endfacet
facet normal -0.007193270138980207 0.999974128097676 0
outer loop
vertex -34.76853942871094 -55.96188735961914 -0.5
vertex -34.76853942871094 -55.96188735961914 -4
vertex -40.05988311767578 -55.99995040893555 -4
endloop
endfacet
facet normal 0 0 -1
outer loop
vertex -46.42182159423828 -55.69129180908203 -4
vertex -46.45988082885742 -57.18378448486328 -4
vertex -46.45988082885742 -55.49995040893555 -4
endloop
endfacet
facet normal 0 0 -1
outer loop
vertex -34.45988082885742 -57.18544387817383 -4
vertex -34.76853942871094 -55.96188735961914 -4
vertex -34.606327056884766 -55.85350036621094 -4
endloop
endfacet
facet normal 0 0 -1
outer loop
vertex -46.45988082885742 -57.18378448486328 -4
vertex -46.31343460083008 -55.85350036621094 -4
vertex -46.151222229003906 -55.96188735961914 -4
endloop
endfacet
facet normal 0 0 -1
outer loop
vertex -34.45988082885742 -57.18544387817383 -4
vertex -34.606327056884766 -55.85350036621094 -4
vertex -34.49794006347656 -55.69129180908203 -4
endloop
endfacet
facet normal 1 0 0
outer loop
vertex -40.85988235473633 -58.66495132446289 -0.5
vertex -40.85988235473633 -58.66495132446289 -1.5
vertex -40.85988235473633 -57.86851119995117 -1.5949000120162964
endloop
endfacet
facet normal 1 0 0
outer loop
vertex -40.85988235473633 -58.66495132446289 -0.5
vertex -40.85988235473633 -57.86851119995117 -1.5949000120162964
vertex -40.85988235473633 -57.1845588684082 -1.6677491664886475
endloop
endfacet
facet normal 0 0 -1
outer loop
vertex -46.45988082885742 -57.18378448486328 -4
vertex -46.42182159423828 -55.69129180908203 -4
vertex -46.31343460083008 -55.85350036621094 -4
endloop
endfacet
facet normal 0 0 -1
outer loop
vertex -34.45988082885742 -55.49995040893555 -4
vertex -34.45988082885742 -57.18544387817383 -4
vertex -34.49794006347656 -55.69129180908203 -4
endloop
endfacet
facet normal 1 0 0
outer loop
vertex -46.45988082885742 -57.18378448486328 -4
vertex -46.45988082885742 -57.18378448486328 -5
vertex -46.45988082885742 -55.49995040893555 -4
endloop
endfacet
facet normal -1 0 0
outer loop
vertex -34.45988082885742 -54.49995040893555 -0.5
vertex -34.45988082885742 -54.49995040893555 -5
vertex -34.45988082885742 -55.49995040893555 -4
endloop
endfacet
facet normal -0.9807861986664705 0.19508570553829574 0
outer loop
vertex -34.49794006347656 -55.69129180908203 -0.5
vertex -34.45988082885742 -55.49995040893555 -4
vertex -34.49794006347656 -55.69129180908203 -4
endloop
endfacet
facet normal 1 0 0
outer loop
vertex -40.85988235473633 -57.1845588684082 -4
vertex -40.85988235473633 -55.99995040893555 -0.5
vertex -40.85988235473633 -57.1845588684082 -1.6677491664886475
endloop
endfacet
facet normal -0.8314632175140401 0.5555798033776967 0
outer loop
vertex -34.49794006347656 -55.69129180908203 -0.5
vertex -34.49794006347656 -55.69129180908203 -4
vertex -34.606327056884766 -55.85350036621094 -4
endloop
endfacet
facet normal -0.5555707707654927 0.831469252991977 0
outer loop
vertex -34.606327056884766 -55.85350036621094 -0.5
vertex -34.606327056884766 -55.85350036621094 -4
vertex -34.76853942871094 -55.96188735961914 -4
endloop
endfacet
facet normal -0.773014890337251 0.634387877656003 0
outer loop
vertex -39.75277328491211 53.49064636230469 -6.706286907196045
vertex -39.75277328491211 53.49064636230469 -3.5
vertex -39.62841033935547 53.64218521118164 -6.5249176025390625
endloop
endfacet
facet normal -0.4714031058222316 0.881917860019375 0
outer loop
vertex -39.90431213378906 53.36628341674805 -3.5
vertex -39.90431213378906 53.36628341674805 -6.776013374328613
vertex -40.07719802856445 53.27387237548828 -3.5
endloop
endfacet
facet normal -0.9951843127710382 0.09802134264759046 0
outer loop
vertex -39.479095458984375 54.002662658691406 -6.093628406524658
vertex -39.479095458984375 54.002662658691406 -3.5
vertex -39.45988845825195 54.19766616821289 -5.860387802124023
endloop
endfacet
facet normal -0.6343897886250693 0.7730133220638825 0
outer loop
vertex -39.90431213378906 53.36628341674805 -6.776013374328613
vertex -39.90431213378906 53.36628341674805 -3.5
vertex -39.81724548339844 53.43773651123047 -6.769636631011963
endloop
endfacet
facet normal -0.9569369653840532 0.2902957875711588 0
outer loop
vertex -39.479095458984375 54.002662658691406 -3.5
vertex -39.479095458984375 54.002662658691406 -6.093628406524658
vertex -39.53600311279297 53.81507110595703 -3.5
endloop
endfacet
facet normal 0.09801622777686082 0.9951848165503705 0
outer loop
vertex -40.45988082885742 53.19775390625 -3.5
vertex -40.45988082885742 53.19775390625 -6.7910542488098145
vertex -40.654972076416016 53.21696853637695 -3.5
endloop
endfacet
facet normal 0.8819178600193749 0.4714031058222316 0
outer loop
vertex -41.291351318359375 53.64218521118164 -6.526706218719482
vertex -41.38376235961914 53.81507110595703 -6.320035457611084
vertex -41.38376235961914 53.81507110595703 -3.5
endloop
endfacet
facet normal 0.9569423709767577 0.290277967867665 0
outer loop
vertex -41.38376235961914 53.81507110595703 -6.320035457611084
vertex -41.44066619873047 54.002662658691406 -6.095737934112549
vertex -41.44066619873047 54.002662658691406 -3.5
endloop
endfacet
facet normal 0.9951937041453197 0.09792594744285223 0.000006851105655814492
outer loop
vertex -41.44066619873047 54.002662658691406 -6.095737934112549
vertex -41.45987319946289 54.19784164428711 -5.862327575683594
vertex -41.45988082885742 54.19775390625 -3.5
endloop
endfacet
facet normal -0.4714031058222316 0.881917860019375 0
outer loop
vertex -40.07719802856445 53.27387237548828 -6.7842607498168945
vertex -40.07719802856445 53.27387237548828 -3.5
vertex -39.90431213378906 53.36628341674805 -6.776013374328613
endloop
endfacet
facet normal -0.290277967867665 0.9569423709767577 0
outer loop
vertex -40.26478958129883 53.21696853637695 -6.789339542388916
vertex -40.26478958129883 53.21696853637695 -3.5
vertex -40.07719802856445 53.27387237548828 -6.7842607498168945
endloop
endfacet
facet normal -0.8819259499769285 0.47138797052671205 0
outer loop
vertex -39.53600311279297 53.81507110595703 -3.5
vertex -39.53600311279297 53.81507110595703 -6.318048000335693
vertex -39.62841033935547 53.64218521118164 -3.5
endloop
endfacet
facet normal -0.09801622777686082 0.9951848165503705 0
outer loop
vertex -40.45988082885742 53.19775390625 -6.7910542488098145
vertex -40.45988082885742 53.19775390625 -3.5
vertex -40.26478958129883 53.21696853637695 -6.789339542388916
endloop
endfacet
facet normal 0 0 -1
outer loop
vertex -40.07719802856445 53.27387237548828 -3.5
vertex -40.26478958129883 53.21696853637695 -3.5
vertex -41.45988082885742 54.19775390625 -3.5
endloop
endfacet
facet normal 0 0 -1
outer loop
vertex -39.90431213378906 53.36628341674805 -3.5
vertex -40.07719802856445 53.27387237548828 -3.5
vertex -41.45988082885742 54.19775390625 -3.5
endloop
endfacet
facet normal -0.9951843127710381 0.09802134264759046 0
outer loop
vertex -39.45988845825195 54.19766616821289 -5.860387802124023
vertex -39.479095458984375 54.002662658691406 -3.5
vertex -39.45988845825195 54.19766616821289 -3.5
endloop
endfacet
facet normal 0 0 -1
outer loop
vertex -39.75277328491211 53.49064636230469 -3.5
vertex -39.90431213378906 53.36628341674805 -3.5
vertex -41.45988082885742 54.19775390625 -3.5
endloop
endfacet
facet normal 0 0 -1
outer loop
vertex -40.26478958129883 53.21696853637695 -3.5
vertex -40.45988082885742 53.19775390625 -3.5
vertex -41.45988082885742 54.19775390625 -3.5
endloop
endfacet
facet normal 0 0 -1
outer loop
vertex -40.45988082885742 53.19775390625 -3.5
vertex -40.654972076416016 53.21696853637695 -3.5
vertex -41.45988082885742 54.19775390625 -3.5
endloop
endfacet
facet normal 0 0 -1
outer loop
vertex -40.654972076416016 53.21696853637695 -3.5
vertex -40.84256362915039 53.27387237548828 -3.5
vertex -41.45988082885742 54.19775390625 -3.5
endloop
endfacet
facet normal 0.773014890337251 0.634387877656003 0
outer loop
vertex -41.166988372802734 53.49064636230469 -3.5
vertex -41.166988372802734 53.49064636230469 -6.707808017730713
vertex -41.291351318359375 53.64218521118164 -3.5
endloop
endfacet
facet normal 0 0 -1
outer loop
vertex -40.84256362915039 53.27387237548828 -3.5
vertex -41.01545333862305 53.36628341674805 -3.5
vertex -41.45988082885742 54.19775390625 -3.5
endloop
endfacet
facet normal 0 0 -1
outer loop
vertex -41.291351318359375 53.64218521118164 -3.5
vertex -41.44066619873047 54.002662658691406 -3.5
vertex -41.45988082885742 54.19775390625 -3.5
endloop
endfacet
facet normal 0 0 -1
outer loop
vertex -39.62841033935547 53.64218521118164 -3.5
vertex -39.75277328491211 53.49064636230469 -3.5
vertex -41.45988082885742 54.19775390625 -3.5
endloop
endfacet
facet normal 0.09801622777686082 0.9951848165503705 0
outer loop
vertex -40.45988082885742 53.19775390625 -6.7910542488098145
vertex -40.654972076416016 53.21696853637695 -6.789339542388916
vertex -40.654972076416016 53.21696853637695 -3.5
endloop
endfacet
facet normal 0.773014890337251 0.634387877656003 0
outer loop
vertex -41.166988372802734 53.49064636230469 -6.707808017730713
vertex -41.291351318359375 53.64218521118164 -6.526706218719482
vertex -41.291351318359375 53.64218521118164 -3.5
endloop
endfacet
facet normal -0.09801622777686082 0.9951848165503705 0
outer loop
vertex -40.26478958129883 53.21696853637695 -3.5
vertex -40.26478958129883 53.21696853637695 -6.789339542388916
vertex -40.45988082885742 53.19775390625 -3.5
endloop
endfacet
facet normal -0.2902779678676651 0.9569423709767579 0
outer loop
vertex -40.07719802856445 53.27387237548828 -3.5
vertex -40.07719802856445 53.27387237548828 -6.7842607498168945
vertex -40.26478958129883 53.21696853637695 -3.5
endloop
endfacet
facet normal 0 0 -1
outer loop
vertex -39.53600311279297 53.81507110595703 -3.5
vertex -39.62841033935547 53.64218521118164 -3.5
vertex -41.45988082885742 54.19775390625 -3.5
endloop
endfacet
facet normal -0.6343878776560007 0.7730148903372481 8.515920642051104e-8
outer loop
vertex -39.75277328491211 53.49064636230469 -3.5
vertex -39.81724548339844 53.43773651123047 -6.769636631011963
vertex -39.90431213378906 53.36628341674805 -3.5
endloop
endfacet
facet normal -0.9569369653840533 0.2902957875711588 0
outer loop
vertex -39.53600311279297 53.81507110595703 -6.318048000335693
vertex -39.53600311279297 53.81507110595703 -3.5
vertex -39.479095458984375 54.002662658691406 -6.093628406524658
endloop
endfacet
facet normal 0 0 -1
outer loop
vertex -39.479095458984375 54.002662658691406 -3.5
vertex -39.53600311279297 53.81507110595703 -3.5
vertex -41.45988082885742 54.19775390625 -3.5
endloop
endfacet
facet normal -0.773014890337251 0.634387877656003 0
outer loop
vertex -39.62841033935547 53.64218521118164 -3.5
vertex -39.62841033935547 53.64218521118164 -6.5249176025390625
vertex -39.75277328491211 53.49064636230469 -3.5
endloop
endfacet
facet normal 0.9951848165503704 0.09801622777686081 0
outer loop
vertex -41.44066619873047 54.002662658691406 -3.5
vertex -41.44066619873047 54.002662658691406 -6.095737934112549
vertex -41.45988082885742 54.19775390625 -3.5
endloop
endfacet
facet normal -0.8819259499769285 0.47138797052671205 0
outer loop
vertex -39.62841033935547 53.64218521118164 -6.5249176025390625
vertex -39.62841033935547 53.64218521118164 -3.5
vertex -39.53600311279297 53.81507110595703 -6.318048000335693
endloop
endfacet
facet normal 0.290277967867665 0.9569423709767577 0
outer loop
vertex -40.654972076416016 53.21696853637695 -3.5
vertex -40.654972076416016 53.21696853637695 -6.789339542388916
vertex -40.84256362915039 53.27387237548828 -3.5
endloop
endfacet
facet normal 0 0 -1
outer loop
vertex -39.45988845825195 54.19766616821289 -3.5
vertex -39.479095458984375 54.002662658691406 -3.5
vertex -41.45988082885742 54.19775390625 -3.5
endloop
endfacet
facet normal 0 0 -1
outer loop
vertex -41.291351318359375 53.64218521118164 -3.5
vertex -41.38376235961914 53.81507110595703 -3.5
vertex -41.44066619873047 54.002662658691406 -3.5
endloop
endfacet
facet normal 0 0 -1
outer loop
vertex -41.01545333862305 53.36628341674805 -3.5
vertex -41.166988372802734 53.49064636230469 -3.5
vertex -41.45988082885742 54.19775390625 -3.5
endloop
endfacet
facet normal 0.9569423709767577 0.290277967867665 0
outer loop
vertex -41.38376235961914 53.81507110595703 -3.5
vertex -41.38376235961914 53.81507110595703 -6.320035457611084
vertex -41.44066619873047 54.002662658691406 -3.5
endloop
endfacet
facet normal 0.47139501592801797 0.8819221841853304 0
outer loop
vertex -40.84256362915039 53.27387237548828 -3.5
vertex -40.84256362915039 53.27387237548828 -6.7842607498168945
vertex -41.01545333862305 53.36628341674805 -3.5
endloop
endfacet
facet normal 0.6343974203505327 0.773007058863365 0
outer loop
vertex -41.01545333862305 53.36628341674805 -3.5
vertex -41.01545333862305 53.36628341674805 -6.776013374328613
vertex -41.166988372802734 53.49064636230469 -3.5
endloop
endfacet
facet normal 0 0 -1
outer loop
vertex -41.166988372802734 53.49064636230469 -3.5
vertex -41.291351318359375 53.64218521118164 -3.5
vertex -41.45988082885742 54.19775390625 -3.5
endloop
endfacet
facet normal 0.2902779678676651 0.9569423709767579 0
outer loop
vertex -40.654972076416016 53.21696853637695 -6.789339542388916
vertex -40.84256362915039 53.27387237548828 -6.7842607498168945
vertex -40.84256362915039 53.27387237548828 -3.5
endloop
endfacet
facet normal 0.6343927039440374 0.773010929536299 0
outer loop
vertex -41.166988372802734 53.49064636230469 -3.5
vertex -41.104042053222656 53.438987731933594 -6.769525051116943
vertex -41.166988372802734 53.49064636230469 -6.707808017730713
endloop
endfacet
facet normal 0.4713950159280179 0.8819221841853303 0
outer loop
vertex -40.84256362915039 53.27387237548828 -6.7842607498168945
vertex -41.01545333862305 53.36628341674805 -6.776013374328613
vertex -41.01545333862305 53.36628341674805 -3.5
endloop
endfacet
facet normal 0.8819178600193749 0.4714031058222316 0
outer loop
vertex -41.291351318359375 53.64218521118164 -3.5
vertex -41.291351318359375 53.64218521118164 -6.526706218719482
vertex -41.38376235961914 53.81507110595703 -3.5
endloop
endfacet
facet normal 0.6344007829209959 0.7730042992307091 2.6029908256330346e-7
outer loop
vertex -41.01545333862305 53.36628341674805 -6.776013374328613
vertex -41.104042053222656 53.438987731933594 -6.769525051116943
vertex -41.166988372802734 53.49064636230469 -3.5
endloop
endfacet
facet normal -0.634385296964331 0.773017008218757 0
outer loop
vertex -39.81724548339844 53.43773651123047 -6.769636631011963
vertex -39.75277328491211 53.49064636230469 -3.5
vertex -39.75277328491211 53.49064636230469 -6.706286907196045
endloop
endfacet
facet normal 0 0 -1
outer loop
vertex 41.4722785949707 54.190521240234375 -3.5
vertex 41.45307159423828 53.99551773071289 -3.5
vertex 39.4722900390625 54.190608978271484 -3.5
endloop
endfacet
facet normal 0.8819178600193749 0.47140310582223155 0
outer loop
vertex 39.64081954956055 53.635040283203125 -3.5
vertex 39.64081954956055 53.635040283203125 -6.448207855224609
vertex 39.54840850830078 53.807926177978516 -3.5
endloop
endfacet
facet normal 0.9569423709767578 0.290277967867665 0
outer loop
vertex 39.54840850830078 53.807926177978516 -3.5
vertex 39.54840850830078 53.807926177978516 -6.241537094116211
vertex 39.49150466918945 53.99551773071289 -3.5
endloop
endfacet
facet normal 0.9951848165503705 0.09801622777686082 0
outer loop
vertex 39.49150466918945 53.99551773071289 -3.5
vertex 39.49150466918945 53.99551773071289 -6.017239570617676
vertex 39.4722900390625 54.190608978271484 -3.5
endloop
endfacet
facet normal -0.7730148903372509 0.634387877656003 0
outer loop
vertex 41.30375671386719 53.635040283203125 -3.5
vertex 41.30375671386719 53.635040283203125 -6.4464192390441895
vertex 41.17939376831055 53.48350143432617 -3.5
endloop
endfacet
facet normal -0.881917860019375 0.47140310582223166 0
outer loop
vertex 41.39616775512695 53.807926177978516 -3.5
vertex 41.39616775512695 53.807926177978516 -6.2395501136779785
vertex 41.30375671386719 53.635040283203125 -3.5
endloop
endfacet
facet normal -0.9569423709767578 0.2902779678676651 0
outer loop
vertex 41.45307159423828 53.99551773071289 -3.5
vertex 41.45307159423828 53.99551773071289 -6.015130043029785
vertex 41.39616775512695 53.807926177978516 -3.5
endloop
endfacet
facet normal -0.9951843127710382 0.09802134264759048 0
outer loop
vertex 41.45307159423828 53.99551773071289 -3.5
vertex 41.4722785949707 54.190521240234375 -3.5
vertex 41.4722785949707 54.190521240234375 -5.78188943862915
endloop
endfacet
facet normal 0 0 -1
outer loop
vertex 40.089603424072266 53.26673126220703 -3.5
vertex 39.916717529296875 53.35913848876953 -3.5
vertex 39.4722900390625 54.190608978271484 -3.5
endloop
endfacet
facet normal 0 0 -1
outer loop
vertex 40.089603424072266 53.26673126220703 -3.5
vertex 39.4722900390625 54.190608978271484 -3.5
vertex 40.277198791503906 53.20982360839844 -3.5
endloop
endfacet
facet normal 0 0 -1
outer loop
vertex 39.49150466918945 53.99551773071289 -3.5
vertex 39.64081954956055 53.635040283203125 -3.5
vertex 39.54840850830078 53.807926177978516 -3.5
endloop
endfacet
facet normal 0 0 -1
outer loop
vertex 39.916717529296875 53.35913848876953 -3.5
vertex 39.76518249511719 53.48350143432617 -3.5
vertex 39.4722900390625 54.190608978271484 -3.5
endloop
endfacet
facet normal 0 0 -1
outer loop
vertex 39.64081954956055 53.635040283203125 -3.5
vertex 39.4722900390625 54.190608978271484 -3.5
vertex 39.76518249511719 53.48350143432617 -3.5
endloop
endfacet
facet normal 0 0 -1
outer loop
vertex 39.4722900390625 54.190608978271484 -3.5
vertex 39.64081954956055 53.635040283203125 -3.5
vertex 39.49150466918945 53.99551773071289 -3.5
endloop
endfacet
facet normal 0 0 -1
outer loop
vertex 40.4722900390625 53.190608978271484 -3.5
vertex 40.277198791503906 53.20982360839844 -3.5
vertex 39.4722900390625 54.190608978271484 -3.5
endloop
endfacet
facet normal 0 0 -1
outer loop
vertex 40.66737747192383 53.20982360839844 -3.5
vertex 40.4722900390625 53.190608978271484 -3.5
vertex 39.4722900390625 54.190608978271484 -3.5
endloop
endfacet
facet normal 0 0 -1
outer loop
vertex 40.85497283935547 53.26673126220703 -3.5
vertex 40.66737747192383 53.20982360839844 -3.5
vertex 39.4722900390625 54.190608978271484 -3.5
endloop
endfacet
facet normal -0.6343974203505327 0.773007058863365 0
outer loop
vertex 41.17939376831055 53.48350143432617 -3.5
vertex 41.17939376831055 53.48350143432617 -6.62778902053833
vertex 41.02785873413086 53.35913848876953 -3.5
endloop
endfacet
facet normal -0.4713879705242925 0.8819259499724017 0.0000032039749223765117
outer loop
vertex 41.02785873413086 53.35913848876953 -3.5
vertex 41.02790069580078 53.35917282104492 -6.776648044586182
vertex 40.85497283935547 53.26673126220703 -3.5
endloop
endfacet
facet normal -0.29029038193910456 0.956938605216473 0
outer loop
vertex 40.85497283935547 53.26673126220703 -3.5
vertex 40.85497283935547 53.26673126220703 -6.784898281097412
vertex 40.66737747192383 53.20982360839844 -3.5
endloop
endfacet
facet normal -0.9951843127710382 0.09802134264759048 0
outer loop
vertex 41.45307159423828 53.99551773071289 -6.015130043029785
vertex 41.45307159423828 53.99551773071289 -3.5
vertex 41.4722785949707 54.190521240234375 -5.78188943862915
endloop
endfacet
facet normal -0.9569423709767578 0.290277967867665 0
outer loop
vertex 41.45307159423828 53.99551773071289 -6.015130043029785
vertex 41.39616775512695 53.807926177978516 -6.2395501136779785
vertex 41.39616775512695 53.807926177978516 -3.5
endloop
endfacet
facet normal -0.8819178600193751 0.47140310582223166 0
outer loop
vertex 41.39616775512695 53.807926177978516 -6.2395501136779785
vertex 41.30375671386719 53.635040283203125 -6.4464192390441895
vertex 41.30375671386719 53.635040283203125 -3.5
endloop
endfacet
facet normal 0.2902903819391045 0.9569386052164729 0
outer loop
vertex 40.277198791503906 53.20982360839844 -3.5
vertex 40.277198791503906 53.20982360839844 -6.789977073669434
vertex 40.089603424072266 53.26673126220703 -3.5
endloop
endfacet
facet normal 0.773014890337251 0.634387877656003 0
outer loop
vertex 39.76518249511719 53.48350143432617 -3.5
vertex 39.76518249511719 53.48350143432617 -6.62930965423584
vertex 39.64081954956055 53.635040283203125 -3.5
endloop
endfacet
facet normal 0.471387970526712 0.8819259499769284 0
outer loop
vertex 40.089603424072266 53.26673126220703 -3.5
vertex 40.089603424072266 53.26673126220703 -6.784898281097412
vertex 39.916717529296875 53.35913848876953 -3.5
endloop
endfacet
facet normal 0.6343974203505256 0.7730070588633563 -1.4834817476727582e-7
outer loop
vertex 39.916717529296875 53.35913848876953 -3.5
vertex 39.91535949707031 53.360252380371094 -6.776551723480225
vertex 39.76518249511719 53.48350143432617 -3.5
endloop
endfacet
facet normal -0.09801812595133512 0.9951846295964323 0
outer loop
vertex 40.66737747192383 53.20982360839844 -3.5
vertex 40.66737747192383 53.20982360839844 -6.789977073669434
vertex 40.4722900390625 53.190608978271484 -3.5
endloop
endfacet
facet normal 0.09801622777686081 0.9951848165503704 0
outer loop
vertex 40.4722900390625 53.190608978271484 -3.5
vertex 40.4722900390625 53.190608978271484 -6.791691780090332
vertex 40.277198791503906 53.20982360839844 -3.5
endloop
endfacet
facet normal 0.9569423709767578 0.290277967867665 0
outer loop
vertex 39.54840850830078 53.807926177978516 -6.241537094116211
vertex 39.49150466918945 53.99551773071289 -6.017239570617676
vertex 39.49150466918945 53.99551773071289 -3.5
endloop
endfacet
facet normal 0.9951937315865583 0.09792566854814698 0.000007086576994445179
outer loop
vertex 39.49150466918945 53.99551773071289 -6.017239570617676
vertex 39.47229766845703 54.190696716308594 -5.783829212188721
vertex 39.4722900390625 54.190608978271484 -3.5
endloop
endfacet
facet normal 0 0 -1
outer loop
vertex 41.02785873413086 53.35913848876953 -3.5
vertex 40.85497283935547 53.26673126220703 -3.5
vertex 39.4722900390625 54.190608978271484 -3.5
endloop
endfacet
facet normal 0.8819178600193751 0.47140310582223166 0
outer loop
vertex 39.64081954956055 53.635040283203125 -6.448207855224609
vertex 39.54840850830078 53.807926177978516 -6.241537094116211
vertex 39.54840850830078 53.807926177978516 -3.5
endloop
endfacet
facet normal -0.7730148903372509 0.6343878776560029 0
outer loop
vertex 41.30375671386719 53.635040283203125 -6.4464192390441895
vertex 41.17939376831055 53.48350143432617 -6.62778902053833
vertex 41.17939376831055 53.48350143432617 -3.5
endloop
endfacet
facet normal -0.6343977263923755 0.773006807698473 -2.4813587613503363e-8
outer loop
vertex 41.17939376831055 53.48350143432617 -6.62778902053833
vertex 41.02790069580078 53.35917282104492 -6.776648044586182
vertex 41.02785873413086 53.35913848876953 -3.5
endloop
endfacet
facet normal -0.47143518765228604 0.881900710875807 0
outer loop
vertex 41.02790069580078 53.35917282104492 -6.776648044586182
vertex 40.85497283935547 53.26673126220703 -6.784898281097412
vertex 40.85497283935547 53.26673126220703 -3.5
endloop
endfacet
facet normal -0.2902903819391045 0.9569386052164729 0
outer loop
vertex 40.85497283935547 53.26673126220703 -6.784898281097412
vertex 40.66737747192383 53.20982360839844 -6.789977073669434
vertex 40.66737747192383 53.20982360839844 -3.5
endloop
endfacet
facet normal 0.773014890337251 0.634387877656003 0
outer loop
vertex 39.76518249511719 53.48350143432617 -6.62930965423584
vertex 39.64081954956055 53.635040283203125 -6.448207855224609
vertex 39.64081954956055 53.635040283203125 -3.5
endloop
endfacet
facet normal 0.29029038193910456 0.956938605216473 0
outer loop
vertex 40.277198791503906 53.20982360839844 -6.789977073669434
vertex 40.089603424072266 53.26673126220703 -6.784898281097412
vertex 40.089603424072266 53.26673126220703 -3.5
endloop
endfacet
facet normal 0.6343993543724312 0.7730054716312443 0
outer loop
vertex 39.76518249511719 53.48350143432617 -3.5
vertex 39.91535949707031 53.360252380371094 -6.776551723480225
vertex 39.76518249511719 53.48350143432617 -6.62930965423584
endloop
endfacet
facet normal 0.47291726003514045 0.8811068348630848 0.00010352976312781699
outer loop
vertex 40.089603424072266 53.26673126220703 -6.784898281097412
vertex 39.91535949707031 53.360252380371094 -6.776551723480225
vertex 39.916717529296875 53.35913848876953 -3.5
endloop
endfacet
facet normal -0.09801812595133512 0.9951846295964322 0
outer loop
vertex 40.66737747192383 53.20982360839844 -6.789977073669434
vertex 40.4722900390625 53.190608978271484 -6.791691780090332
vertex 40.4722900390625 53.190608978271484 -3.5
endloop
endfacet
facet normal 0.09801622777686082 0.9951848165503705 0
outer loop
vertex 40.4722900390625 53.190608978271484 -6.791691780090332
vertex 40.277198791503906 53.20982360839844 -6.789977073669434
vertex 40.277198791503906 53.20982360839844 -3.5
endloop
endfacet
facet normal 0 0 -1
outer loop
vertex 41.17939376831055 53.48350143432617 -3.5
vertex 41.02785873413086 53.35913848876953 -3.5
vertex 39.4722900390625 54.190608978271484 -3.5
endloop
endfacet
facet normal 0 0 -1
outer loop
vertex 41.30375671386719 53.635040283203125 -3.5
vertex 41.17939376831055 53.48350143432617 -3.5
vertex 39.4722900390625 54.190608978271484 -3.5
endloop
endfacet
facet normal 0 0 -1
outer loop
vertex 41.39616775512695 53.807926177978516 -3.5
vertex 41.30375671386719 53.635040283203125 -3.5
vertex 39.4722900390625 54.190608978271484 -3.5
endloop
endfacet
facet normal 0 0 -1
outer loop
vertex 41.45307159423828 53.99551773071289 -3.5
vertex 41.39616775512695 53.807926177978516 -3.5
vertex 39.4722900390625 54.190608978271484 -3.5
endloop
endfacet
facet normal 0.0000108825564017419 0.12403464632079256 0.9922778876875399
outer loop
vertex -39.45981216430664 54.99766540527344 -1.2000000476837158
vertex -41.45981216430664 54.997840881347656 -1.2000000476837158
vertex -39.25988006591797 54.19764709472656 -1.100000023841858
endloop
endfacet
facet normal 0.000011040305600198522 0.12403507334183035 0.9922778343081128
outer loop
vertex -41.45981216430664 54.997840881347656 -1.2000000476837158
vertex -41.659881591796875 54.19786071777344 -1.100000023841858
vertex -39.25988006591797 54.19764709472656 -1.100000023841858
endloop
endfacet
facet normal 0.9701631775267232 0.24245290052142424 0
outer loop
vertex -39.25988006591797 54.19764709472656 -2.5
vertex -39.45981216430664 54.99766540527344 -1.2000000476837158
vertex -39.25988006591797 54.19764709472656 -1.100000023841858
endloop
endfacet
facet normal 0.00008773803677167291 0.9999999961510185 0
outer loop
vertex -39.45981216430664 54.99766540527344 -2.4000000953674316
vertex -41.45981216430664 54.997840881347656 -2.4000000953674316
vertex -39.45981216430664 54.99766540527344 -1.2000000476837158
endloop
endfacet
facet normal 0.9701631775267232 0.24245290052142424 0
outer loop
vertex -39.25988006591797 54.19764709472656 -2.5
vertex -39.45981216430664 54.99766540527344 -2.4000000953674316
vertex -39.45981216430664 54.99766540527344 -1.2000000476837158
endloop
endfacet
facet normal 0.000011040258086965356 0.12403453954253403 -0.9922779010330646
outer loop
vertex -39.25988006591797 54.19764709472656 -2.5
vertex -41.659881591796875 54.19786071777344 -2.5
vertex -39.45981216430664 54.99766540527344 -2.4000000953674316
endloop
endfacet
facet normal 0.00008773803677167291 0.9999999961510185 0
outer loop
vertex -41.45981216430664 54.997840881347656 -2.4000000953674316
vertex -41.45981216430664 54.997840881347656 -1.2000000476837158
vertex -39.45981216430664 54.99766540527344 -1.2000000476837158
endloop
endfacet
facet normal -0.9701212711923488 0.24262052505948745 0
outer loop
vertex -41.45981216430664 54.997840881347656 -2.4000000953674316
vertex -41.659881591796875 54.19786071777344 -1.100000023841858
vertex -41.45981216430664 54.997840881347656 -1.2000000476837158
endloop
endfacet
facet normal -0.9701212711923487 0.24262052505948745 0
outer loop
vertex -41.45981216430664 54.997840881347656 -2.4000000953674316
vertex -41.659881591796875 54.19786071777344 -2.5
vertex -41.659881591796875 54.19786071777344 -1.100000023841858
endloop
endfacet
facet normal 0.000010882584501571833 0.12403496659043681 -0.9922778476538104
outer loop
vertex -41.659881591796875 54.19786071777344 -2.5
vertex -41.45981216430664 54.997840881347656 -2.4000000953674316
vertex -39.45981216430664 54.99766540527344 -2.4000000953674316
endloop
endfacet
facet normal 0.000010882584501571833 0.12403496659043681 -0.9922778476538104
outer loop
vertex 39.27228927612305 54.19071578979492 -2.5
vertex 39.47235870361328 54.99069595336914 -2.4000000953674316
vertex 41.47235870361328 54.99052047729492 -2.4000000953674316
endloop
endfacet
facet normal -0.9701212711923487 0.24262052505948745 0
outer loop
vertex 39.47235870361328 54.99069595336914 -2.4000000953674316
vertex 39.27228927612305 54.19071578979492 -2.5
vertex 39.27228927612305 54.19071578979492 -1.100000023841858
endloop
endfacet
facet normal -0.9701212711923488 0.24262052505948745 0
outer loop
vertex 39.47235870361328 54.99069595336914 -2.4000000953674316
vertex 39.27228927612305 54.19071578979492 -1.100000023841858
vertex 39.47235870361328 54.99069595336914 -1.2000000476837158
endloop
endfacet
facet normal 0.00008773803677167291 0.9999999961510185 0
outer loop
vertex 39.47235870361328 54.99069595336914 -2.4000000953674316
vertex 39.47235870361328 54.99069595336914 -1.2000000476837158
vertex 41.47235870361328 54.99052047729492 -1.2000000476837158
endloop
endfacet
facet normal 0.9701642656389653 0.24244854645307157 0
outer loop
vertex 41.47235870361328 54.99052047729492 -1.2000000476837158
vertex 41.67228698730469 54.19050216674805 -1.100000023841858
vertex 41.67228698730469 54.19050216674805 -2.5
endloop
endfacet
facet normal 0.0000110403231479238 0.12403507333750928 0.9922778343086527
outer loop
vertex 39.47235870361328 54.99069595336914 -1.2000000476837158
vertex 39.27228927612305 54.19071578979492 -1.100000023841858
vertex 41.67228698730469 54.19050216674805 -1.100000023841858
endloop
endfacet
facet normal 0.00001088255639725904 0.12403464626969886 0.9922778876939264
outer loop
vertex 41.47235870361328 54.99052047729492 -1.2000000476837158
vertex 39.47235870361328 54.99069595336914 -1.2000000476837158
vertex 41.67228698730469 54.19050216674805 -1.100000023841858
endloop
endfacet
facet normal 0.000011040275630770331 0.12403453949501786 -0.9922779010390038
outer loop
vertex 41.67228698730469 54.19050216674805 -2.5
vertex 39.27228927612305 54.19071578979492 -2.5
vertex 41.47235870361328 54.99052047729492 -2.4000000953674316
endloop
endfacet
facet normal 0.00008773803677167291 0.9999999961510185 0
outer loop
vertex 41.47235870361328 54.99052047729492 -2.4000000953674316
vertex 39.47235870361328 54.99069595336914 -2.4000000953674316
vertex 41.47235870361328 54.99052047729492 -1.2000000476837158
endloop
endfacet
facet normal 0.9701642656389653 0.2424485464530716 0
outer loop
vertex 41.67228698730469 54.19050216674805 -2.5
vertex 41.47235870361328 54.99052047729492 -2.4000000953674316
vertex 41.47235870361328 54.99052047729492 -1.2000000476837158
endloop
endfacet
facet normal 0 0 1
outer loop
vertex -69.25739288330078 52.90644073486328 -0.5
vertex -68.6643295288086 50.11379623413086 -0.5
vertex -68.32112121582031 50.49304962158203 -0.5
endloop
endfacet
facet normal 0 0 1
outer loop
vertex -40.85988235473633 -55.99995040893555 -0.5
vertex -44.95988082885742 -56.68399429321289 -0.5
vertex -44.95988082885742 -57.27804946899414 -0.5
endloop
endfacet
facet normal 0 0 1
outer loop
vertex -53.17679977416992 3.561129331588745 -0.5
vertex -53.14031219482422 3.493028163909912 -0.5
vertex -50.19997787475586 7.800051212310791 -0.5
endloop
endfacet
facet normal 0 0 1
outer loop
vertex -71.30046844482422 8.507491111755371 -0.5
vertex -71.6837387084961 10.110347747802734 -0.5
vertex -71.54539489746094 9.24970531463623 -0.5
endloop
endfacet
facet normal 0 0 1
outer loop
vertex 70.19068908691406 -27.109952926635742 -0.5
vertex 71.69068908691406 -27.110137939453125 -0.5
vertex 70.19129943847656 -22.15983772277832 -0.5
endloop
endfacet
facet normal 0 0 1
outer loop
vertex -51.20403289794922 2.705050468444824 -0.5
vertex -50.19997787475586 7.800051212310791 -0.5
vertex -53.14031219482422 3.493028163909912 -0.5
endloop
endfacet
facet normal 0 0 1
outer loop
vertex -50.19997787475586 7.800051212310791 -0.5
vertex -56.16889572143555 5.297332286834717 -0.5
vertex -55.79534149169922 5.273983955383301 -0.5
endloop
endfacet
facet normal 0 0 1
outer loop
vertex -50.19997787475586 7.800051212310791 -0.5
vertex -55.79534149169922 5.273983955383301 -0.5
vertex -55.73959732055664 5.269107341766357 -0.5
endloop
endfacet
facet normal 0 0 1
outer loop
vertex 71.69129943847656 -22.160022735595703 -0.5
vertex 70.19129943847656 -22.15983772277832 -0.5
vertex 71.69068908691406 -27.110137939453125 -0.5
endloop
endfacet
facet normal 0 0 1
outer loop
vertex 35.9722900390625 -56.695167541503906 -0.5
vertex 35.9722900390625 -57.27804946899414 -0.5
vertex 36.4722900390625 -57.628150939941406 -0.5
endloop
endfacet
facet normal 0 0 1
outer loop
vertex -70.18797302246094 49.60968780517578 -0.5
vertex -69.108154296875 49.197208404541016 -0.5
vertex -68.92985534667969 49.67662048339844 -0.5
endloop
endfacet
facet normal 0 0 1
outer loop
vertex -55.27132797241211 5.172215938568115 -0.5
vertex -50.19997787475586 7.800051212310791 -0.5
vertex -55.73959732055664 5.269107341766357 -0.5
endloop
endfacet
facet normal 0 0 1
outer loop
vertex 34.4722900390625 -54.49995040893555 -0.5
vertex -10.899977684020996 -54.49995040893555 -0.5
vertex -27.75305938720703 -56.68636703491211 -0.5
endloop
endfacet
facet normal 0 0 1
outer loop
vertex 70.18815612792969 -47.60995101928711 -0.5
vertex 69.16032409667969 48.9598274230957 -0.5
vertex 69.19287872314453 -46.69267272949219 -0.5
endloop
endfacet
facet normal 0 0 1
outer loop
vertex -70.18797302246094 49.60968780517578 -0.5
vertex -69.19283294677734 48.69277572631836 -0.5
vertex -69.108154296875 49.197208404541016 -0.5
endloop
endfacet
facet normal 0 0 1
outer loop
vertex -69.25739288330078 52.90644073486328 -0.5
vertex -68.92985534667969 49.67662048339844 -0.5
vertex -68.6643295288086 50.11379623413086 -0.5
endloop
endfacet
facet normal 0 0 1
outer loop
vertex -69.88666534423828 52.44281005859375 -0.5
vertex -70.49102783203125 51.830387115478516 -0.5
vertex -70.18797302246094 49.60968780517578 -0.5
endloop
endfacet
facet normal 0 0 1
outer loop
vertex 70.18815612792969 -47.60995101928711 -0.5
vertex 70.19068908691406 -27.109952926635742 -0.5
vertex 69.16032409667969 48.9598274230957 -0.5
endloop
endfacet
facet normal 0 0 1
outer loop
vertex 36.4722900390625 -57.628150939941406 -0.5
vertex 37.73612594604492 -58.217491149902344 -0.5
vertex 40.072288513183594 -55.99995040893555 -0.5
endloop
endfacet
facet normal 0 0 1
outer loop
vertex -70.49102783203125 51.830387115478516 -0.5
vertex -70.94490814208984 51.19404983520508 -0.5
vertex -70.18797302246094 49.60968780517578 -0.5
endloop
endfacet
facet normal 0 0 1
outer loop
vertex -70.18797302246094 49.60968780517578 -0.5
vertex -69.25739288330078 52.90644073486328 -0.5
vertex -69.88666534423828 52.44281005859375 -0.5
endloop
endfacet
facet normal 0 0 1
outer loop
vertex -70.94490814208984 51.19404983520508 -0.5
vertex -71.3288345336914 50.424041748046875 -0.5
vertex -70.18797302246094 49.60968780517578 -0.5
endloop
endfacet
facet normal 0 0 1
outer loop
vertex -71.3288345336914 50.424041748046875 -0.5
vertex -71.56230926513672 49.6781005859375 -0.5
vertex -70.18797302246094 49.60968780517578 -0.5
endloop
endfacet
facet normal 0 0 1
outer loop
vertex -55.27132797241211 5.172215938568115 -0.5
vertex -55.20057678222656 5.153257846832275 -0.5
vertex -50.19997787475586 7.800051212310791 -0.5
endloop
endfacet
facet normal 0 0 1
outer loop
vertex -55.20057678222656 5.153257846832275 -0.5
vertex -54.76175308227539 4.98948860168457 -0.5
vertex -50.19997787475586 7.800051212310791 -0.5
endloop
endfacet
facet normal 0 0 1
outer loop
vertex -50.19997787475586 7.800051212310791 -0.5
vertex -54.76175308227539 4.98948860168457 -0.5
vertex -54.69179153442383 4.9564924240112305 -0.5
endloop
endfacet
facet normal 0 0 1
outer loop
vertex -50.19997787475586 7.800051212310791 -0.5
vertex -54.69179153442383 4.9564924240112305 -0.5
vertex -54.28705978393555 4.728957176208496 -0.5
endloop
endfacet
facet normal 0 0 1
outer loop
vertex -50.19997787475586 7.800051212310791 -0.5
vertex -54.223201751708984 4.685460090637207 -0.5
vertex -53.858428955078125 4.398198127746582 -0.5
endloop
endfacet
facet normal 0 0 1
outer loop
vertex -50.19997787475586 7.800051212310791 -0.5
vertex -53.801979064941406 4.34556770324707 -0.5
vertex -53.48474884033203 4.006527900695801 -0.5
endloop
endfacet
facet normal 0 0 1
outer loop
vertex -10.899977684020996 -54.49995040893555 -0.5
vertex -34.45988082885742 -54.49995040893555 -0.5
vertex -27.75305938720703 -56.68636703491211 -0.5
endloop
endfacet
facet normal 0 0 1
outer loop
vertex -34.45988082885742 -54.49995040893555 -0.5
vertex -34.45988082885742 -55.49995040893555 -0.5
vertex -27.75305938720703 -56.68636703491211 -0.5
endloop
endfacet
facet normal 0 0 1
outer loop
vertex -50.19997787475586 7.800051212310791 -0.5
vertex -53.858428955078125 4.398198127746582 -0.5
vertex -53.801979064941406 4.34556770324707 -0.5
endloop
endfacet
facet normal 0 0 1
outer loop
vertex -50.19997787475586 7.800051212310791 -0.5
vertex -54.28705978393555 4.728957176208496 -0.5
vertex -54.223201751708984 4.685460090637207 -0.5
endloop
endfacet
facet normal 0 0 1
outer loop
vertex -68.49253845214844 53.300540924072266 -0.5
vertex -69.25739288330078 52.90644073486328 -0.5
vertex -68.32112121582031 50.49304962158203 -0.5
endloop
endfacet
facet normal 0 0 1
outer loop
vertex -52.613094329833984 -54.229591369628906 -0.5
vertex -52.434608459472656 -54.76923751831055 -0.5
vertex -51.19992446899414 -54.222068786621094 -0.5
endloop
endfacet
facet normal 0 0 1
outer loop
vertex -52.434608459472656 -54.76923751831055 -0.5
vertex -52.15243148803711 -55.28540802001953 -0.5
vertex -51.19992446899414 -54.222068786621094 -0.5
endloop
endfacet
facet normal 0 0 1
outer loop
vertex -34.45988082885742 -55.49995040893555 -0.5
vertex -34.49794006347656 -55.69129180908203 -0.5
vertex -27.75305938720703 -56.68636703491211 -0.5
endloop
endfacet
facet normal 0 0 1
outer loop
vertex -27.75305938720703 -56.68636703491211 -0.5
vertex -34.49794006347656 -55.69129180908203 -0.5
vertex -34.606327056884766 -55.85350036621094 -0.5
endloop
endfacet
facet normal 0 0 1
outer loop
vertex -34.606327056884766 -55.85350036621094 -0.5
vertex -34.76853942871094 -55.96188735961914 -0.5
vertex -27.75305938720703 -56.68636703491211 -0.5
endloop
endfacet
facet normal 0 0 1
outer loop
vertex -34.76853942871094 -55.96188735961914 -0.5
vertex -35.95988082885742 -56.68523406982422 -0.5
vertex -27.75305938720703 -56.68636703491211 -0.5
endloop
endfacet
facet normal 0 0 1
outer loop
vertex -68.32112121582031 50.49304962158203 -0.5
vertex -67.91254425048828 50.80076217651367 -0.5
vertex -68.49253845214844 53.300540924072266 -0.5
endloop
endfacet
facet normal 0 0 1
outer loop
vertex -53.17679977416992 3.561129331588745 -0.5
vertex -50.19997787475586 7.800051212310791 -0.5
vertex -53.43812942504883 3.9449121952056885 -0.5
endloop
endfacet
facet normal 0 0 1
outer loop
vertex -67.91254425048828 50.80076217651367 -0.5
vertex -67.45325469970703 51.0258903503418 -0.5
vertex -68.49253845214844 53.300540924072266 -0.5
endloop
endfacet
facet normal 0 0 1
outer loop
vertex -67.45325469970703 51.0258903503418 -0.5
vertex -67.75032043457031 53.545467376708984 -0.5
vertex -68.49253845214844 53.300540924072266 -0.5
endloop
endfacet
facet normal 0 0 1
outer loop
vertex -71.56230926513672 49.6781005859375 -0.5
vertex -71.57232666015625 49.610111236572266 -0.5
vertex -70.18797302246094 49.60968780517578 -0.5
endloop
endfacet
facet normal 0 0 1
outer loop
vertex 70.44277954101562 51.88673782348633 -0.5
vertex 69.83036041259766 52.4911003112793 -0.5
vertex 68.11376953125 50.664405822753906 -0.5
endloop
endfacet
facet normal 0 0 1
outer loop
vertex 69.83036041259766 52.4911003112793 -0.5
vertex 67.19718170166016 51.10822677612305 -0.5
vertex 67.67658996582031 50.92992401123047 -0.5
endloop
endfacet
facet normal 0 0 1
outer loop
vertex 69.83036041259766 52.4911003112793 -0.5
vertex 66.69274139404297 51.19290542602539 -0.5
vertex 67.19718170166016 51.10822677612305 -0.5
endloop
endfacet
facet normal 0 0 1
outer loop
vertex -50.19997787475586 7.800051212310791 -0.5
vertex -53.48474884033203 4.006527900695801 -0.5
vertex -53.43812942504883 3.9449121952056885 -0.5
endloop
endfacet
facet normal 0 0 1
outer loop
vertex 67.67807006835938 53.562381744384766 -0.5
vertex 66.8236083984375 53.68828201293945 -0.5
vertex -66.95975494384766 51.16035461425781 -0.5
endloop
endfacet
facet normal 0 0 1
outer loop
vertex -51.20403289794922 2.705050468444824 -0.5
vertex -53.14031219482422 3.493028163909912 -0.5
vertex -52.94298553466797 3.0727388858795166 -0.5
endloop
endfacet
facet normal 0 0 1
outer loop
vertex 70.90641021728516 51.257469177246094 -0.5
vertex 71.54544067382812 49.750396728515625 -0.5
vertex 71.3005142211914 50.492610931396484 -0.5
endloop
endfacet
facet normal 0 0 1
outer loop
vertex 69.83036041259766 52.4911003112793 -0.5
vertex -66.95975494384766 51.16035461425781 -0.5
vertex 66.69274139404297 51.19290542602539 -0.5
endloop
endfacet
facet normal 0 0 1
outer loop
vertex -66.95975494384766 51.16035461425781 -0.5
vertex 68.42401123046875 53.32891082763672 -0.5
vertex 67.67807006835938 53.562381744384766 -0.5
endloop
endfacet
facet normal 0 0 1
outer loop
vertex -66.95975494384766 51.16035461425781 -0.5
vertex 69.19402313232422 52.944976806640625 -0.5
vertex 68.42401123046875 53.32891082763672 -0.5
endloop
endfacet
facet normal 0 0 1
outer loop
vertex -66.95975494384766 51.16035461425781 -0.5
vertex 69.83036041259766 52.4911003112793 -0.5
vertex 69.19402313232422 52.944976806640625 -0.5
endloop
endfacet
facet normal 0 0 1
outer loop
vertex -52.91389465332031 3.0011637210845947 -0.5
vertex -51.20403289794922 2.705050468444824 -0.5
vertex -52.94298553466797 3.0727388858795166 -0.5
endloop
endfacet
facet normal 0 0 1
outer loop
vertex 70.19068908691406 -27.109952926635742 -0.5
vertex 70.19129943847656 -22.15983772277832 -0.5
vertex 69.16032409667969 48.9598274230957 -0.5
endloop
endfacet
facet normal 0 0 1
outer loop
vertex 70.90641021728516 51.257469177246094 -0.5
vertex 70.44277954101562 51.88673782348633 -0.5
vertex 68.4930191040039 50.32119369506836 -0.5
endloop
endfacet
facet normal 0 0 1
outer loop
vertex 70.90641021728516 51.257469177246094 -0.5
vertex 70.20011138916016 49.24039077758789 -0.5
vertex 71.54544067382812 49.750396728515625 -0.5
endloop
endfacet
facet normal 0 0 1
outer loop
vertex -52.91389465332031 3.0011637210845947 -0.5
vertex -52.82741928100586 2.7049334049224854 -0.5
vertex -51.20403289794922 2.705050468444824 -0.5
endloop
endfacet
facet normal 0 0 1
outer loop
vertex 70.18815612792969 -47.60995101928711 -0.5
vertex 71.5623550415039 -47.67799758911133 -0.5
vertex 71.57235717773438 -47.61012268066406 -0.5
endloop
endfacet
facet normal 0 0 1
outer loop
vertex 70.19383239746094 -1.659838080406189 -0.5
vertex 71.69383239746094 -1.6600232124328613 -0.5
vertex 70.19444274902344 3.290276527404785 -0.5
endloop
endfacet
facet normal 0 0 1
outer loop
vertex 69.02586364746094 49.453330993652344 -0.5
vertex 70.20011138916016 49.24039077758789 -0.5
vertex 70.90641021728516 51.257469177246094 -0.5
endloop
endfacet
facet normal 0 0 1
outer loop
vertex 71.69444274902344 3.2900912761688232 -0.5
vertex 70.19444274902344 3.290276527404785 -0.5
vertex 71.69383239746094 -1.6600232124328613 -0.5
endloop
endfacet
facet normal 0 0 1
outer loop
vertex -67.45325469970703 51.0258903503418 -0.5
vertex -66.95975494384766 51.16035461425781 -0.5
vertex -67.75032043457031 53.545467376708984 -0.5
endloop
endfacet
facet normal 0 0 1
outer loop
vertex -66.95975494384766 51.16035461425781 -0.5
vertex -66.88967895507812 53.683815002441406 -0.5
vertex -67.75032043457031 53.545467376708984 -0.5
endloop
endfacet
facet normal 0 0 1
outer loop
vertex 70.19129943847656 -22.15983772277832 -0.5
vertex 70.19383239746094 -1.659838080406189 -0.5
vertex 69.16032409667969 48.9598274230957 -0.5
endloop
endfacet
facet normal 0 0 1
outer loop
vertex -66.95975494384766 51.16035461425781 -0.5
vertex -66.48018646240234 53.700050354003906 -0.5
vertex -66.88967895507812 53.683815002441406 -0.5
endloop
endfacet
facet normal 0 0 1
outer loop
vertex 70.20011138916016 49.24039077758789 -0.5
vertex 71.62744903564453 49.24021530151367 -0.5
vertex 71.54544067382812 49.750396728515625 -0.5
endloop
endfacet
facet normal 0 0 1
outer loop
vertex -51.80387878417969 -55.71660232543945 -0.5
vertex -51.37848663330078 -56.08729553222656 -0.5
vertex -51.19992446899414 -54.222068786621094 -0.5
endloop
endfacet
facet normal 0 0 1
outer loop
vertex -51.37848663330078 -56.08729553222656 -0.5
vertex -50.8726921081543 -56.3876838684082 -0.5
vertex -51.19992446899414 -54.222068786621094 -0.5
endloop
endfacet
facet normal 0 0 1
outer loop
vertex -48.89997863769531 -54.49995040893555 -0.5
vertex -50.8726921081543 -56.3876838684082 -0.5
vertex -50.353084564208984 -56.581138610839844 -0.5
endloop
endfacet
facet normal 0 0 1
outer loop
vertex 70.44277954101562 51.88673782348633 -0.5
vertex 68.11376953125 50.664405822753906 -0.5
vertex 68.4930191040039 50.32119369506836 -0.5
endloop
endfacet
facet normal 0 0 1
outer loop
vertex 70.19383239746094 -1.659838080406189 -0.5
vertex 70.19444274902344 3.290276527404785 -0.5
vertex 69.16032409667969 48.9598274230957 -0.5
endloop
endfacet
facet normal 0 0 1
outer loop
vertex 68.4930191040039 50.32119369506836 -0.5
vertex 68.80073547363281 49.91261291503906 -0.5
vertex 70.90641021728516 51.257469177246094 -0.5
endloop
endfacet
facet normal 0 0 1
outer loop
vertex 68.80073547363281 49.91261291503906 -0.5
vertex 69.02586364746094 49.453330993652344 -0.5
vertex 70.90641021728516 51.257469177246094 -0.5
endloop
endfacet
facet normal 0 0 1
outer loop
vertex 69.83036041259766 52.4911003112793 -0.5
vertex 67.67658996582031 50.92992401123047 -0.5
vertex 68.11376953125 50.664405822753906 -0.5
endloop
endfacet
facet normal 0 0 1
outer loop
vertex 70.19444274902344 3.290276527404785 -0.5
vertex 70.19697570800781 23.79027557373047 -0.5
vertex 69.16032409667969 48.9598274230957 -0.5
endloop
endfacet
facet normal 0 0 1
outer loop
vertex 69.02586364746094 49.453330993652344 -0.5
vertex 69.16032409667969 48.9598274230957 -0.5
vertex 70.20011138916016 49.24039077758789 -0.5
endloop
endfacet
facet normal 0 0 1
outer loop
vertex -48.89997863769531 -54.49995040893555 -0.5
vertex -50.353084564208984 -56.581138610839844 -0.5
vertex -49.79847717285156 -56.683326721191406 -0.5
endloop
endfacet
facet normal 0 0 1
outer loop
vertex -70.18797302246094 49.60968780517578 -0.5
vertex -69.19998168945312 10.500051498413086 -0.5
vertex -69.19283294677734 48.69277572631836 -0.5
endloop
endfacet
facet normal 0 0 1
outer loop
vertex 35.9722900390625 -56.695167541503906 -0.5
vertex 36.4722900390625 -57.628150939941406 -0.5
vertex 40.072288513183594 -55.99995040893555 -0.5
endloop
endfacet
facet normal 0 0 1
outer loop
vertex 70.19697570800781 23.79027557373047 -0.5
vertex 71.69697570800781 23.790090560913086 -0.5
vertex 70.19758605957031 28.74039077758789 -0.5
endloop
endfacet
facet normal 0 0 1
outer loop
vertex 37.73612594604492 -58.217491149902344 -0.5
vertex 39.08310317993164 -58.57841110229492 -0.5
vertex 40.072288513183594 -55.99995040893555 -0.5
endloop
endfacet
facet normal 0 0 1
outer loop
vertex 39.08310317993164 -58.57841110229492 -0.5
vertex 40.072288513183594 -58.66495132446289 -0.5
vertex 40.072288513183594 -55.99995040893555 -0.5
endloop
endfacet
facet normal 0 0 1
outer loop
vertex 70.18815612792969 -47.60995101928711 -0.5
vertex 69.19287872314453 -46.69267272949219 -0.5
vertex 69.10819244384766 -47.197105407714844 -0.5
endloop
endfacet
facet normal 0 0 1
outer loop
vertex 70.18815612792969 -47.60995101928711 -0.5
vertex 69.10819244384766 -47.197105407714844 -0.5
vertex 68.92989349365234 -47.676517486572266 -0.5
endloop
endfacet
facet normal 0 0 1
outer loop
vertex 70.9449462890625 -49.193946838378906 -0.5
vertex 71.3288803100586 -48.4239387512207 -0.5
vertex 71.5623550415039 -47.67799758911133 -0.5
endloop
endfacet
facet normal 0 0 1
outer loop
vertex -52.15243148803711 -55.28540802001953 -0.5
vertex -51.80387878417969 -55.71660232543945 -0.5
vertex -51.19992446899414 -54.222068786621094 -0.5
endloop
endfacet
facet normal 0 0 1
outer loop
vertex 70.9449462890625 -49.193946838378906 -0.5
vertex 71.5623550415039 -47.67799758911133 -0.5
vertex 70.18815612792969 -47.60995101928711 -0.5
endloop
endfacet
facet normal 0 0 1
outer loop
vertex 70.9449462890625 -49.193946838378906 -0.5
vertex 70.18815612792969 -47.60995101928711 -0.5
vertex 68.92989349365234 -47.676517486572266 -0.5
endloop
endfacet
facet normal 0 0 1
outer loop
vertex 70.49107360839844 -49.830284118652344 -0.5
vertex 70.9449462890625 -49.193946838378906 -0.5
vertex 68.92989349365234 -47.676517486572266 -0.5
endloop
endfacet
facet normal 0 0 1
outer loop
vertex -48.89997863769531 -54.49995040893555 -0.5
vertex -51.19992446899414 -54.222068786621094 -0.5
vertex -50.8726921081543 -56.3876838684082 -0.5
endloop
endfacet
facet normal 0 0 1
outer loop
vertex -51.19992446899414 -54.222068786621094 -0.5
vertex -48.89997863769531 -54.49995040893555 -0.5
vertex -48.89997863769531 -54.199947357177734 -0.5
endloop
endfacet
facet normal 0 0 1
outer loop
vertex -49.91885757446289 -54.060787200927734 -0.5
vertex -50.07431411743164 -53.90011978149414 -0.5
vertex -51.19992446899414 -54.222068786621094 -0.5
endloop
endfacet
facet normal 0 0 1
outer loop
vertex -49.91885757446289 -54.060787200927734 -0.5
vertex -51.19992446899414 -54.222068786621094 -0.5
vertex -49.720672607421875 -54.164249420166016 -0.5
endloop
endfacet
facet normal 0 0 1
outer loop
vertex -50.07431411743164 -53.90011978149414 -0.5
vertex -50.17118835449219 -53.698631286621094 -0.5
vertex -51.19992446899414 -54.222068786621094 -0.5
endloop
endfacet
facet normal 0 0 1
outer loop
vertex -70.44274139404297 7.11336612701416 -0.5
vertex -70.19426727294922 29.109689712524414 -0.5
vertex -71.69426727294922 29.110149383544922 -0.5
endloop
endfacet
facet normal 0 0 1
outer loop
vertex -51.19992446899414 -54.222068786621094 -0.5
vertex -48.89997863769531 -54.199947357177734 -0.5
vertex -49.720672607421875 -54.164249420166016 -0.5
endloop
endfacet
facet normal 0 0 1
outer loop
vertex 40.87228775024414 -55.99995040893555 -0.5
vertex 40.87228775024414 -58.66495132446289 -0.5
vertex 41.861473083496094 -58.57841110229492 -0.5
endloop
endfacet
facet normal 0 0 1
outer loop
vertex -50.19997787475586 7.800051212310791 -0.5
vertex -51.20403289794922 2.705050468444824 -0.5
vertex -50.17118835449219 -53.698631286621094 -0.5
endloop
endfacet
facet normal 0 0 1
outer loop
vertex -71.30046844482422 8.507491111755371 -0.5
vertex -71.69426727294922 29.110149383544922 -0.5
vertex -71.6999740600586 10.519790649414062 -0.5
endloop
endfacet
facet normal 0 0 1
outer loop
vertex -69.19998168945312 10.500051498413086 -0.5
vertex -70.19426727294922 29.109689712524414 -0.5
vertex -70.44274139404297 7.11336612701416 -0.5
endloop
endfacet
facet normal 0 0 1
outer loop
vertex -70.9063720703125 7.742635250091553 -0.5
vertex -70.44274139404297 7.11336612701416 -0.5
vertex -71.69426727294922 29.110149383544922 -0.5
endloop
endfacet
facet normal 0 0 1
outer loop
vertex 70.49107360839844 -49.830284118652344 -0.5
vertex 68.92989349365234 -47.676517486572266 -0.5
vertex 68.66437530517578 -48.11369323730469 -0.5
endloop
endfacet
facet normal 0 0 1
outer loop
vertex 69.88671112060547 -50.44270706176758 -0.5
vertex 70.49107360839844 -49.830284118652344 -0.5
vertex 68.66437530517578 -48.11369323730469 -0.5
endloop
endfacet
facet normal 0 0 1
outer loop
vertex 69.88671112060547 -50.44270706176758 -0.5
vertex 68.66437530517578 -48.11369323730469 -0.5
vertex 68.3211669921875 -48.49294662475586 -0.5
endloop
endfacet
facet normal 0 0 1
outer loop
vertex 68.3211669921875 -48.49294662475586 -0.5
vertex 67.91258239746094 -48.8006591796875 -0.5
vertex 68.49258422851562 -51.300437927246094 -0.5
endloop
endfacet
facet normal 0 0 1
outer loop
vertex 67.91258239746094 -48.8006591796875 -0.5
vertex 67.45330047607422 -49.025787353515625 -0.5
vertex 68.49258422851562 -51.300437927246094 -0.5
endloop
endfacet
facet normal 0 0 1
outer loop
vertex 69.25743865966797 -50.90633773803711 -0.5
vertex 69.88671112060547 -50.44270706176758 -0.5
vertex 68.3211669921875 -48.49294662475586 -0.5
endloop
endfacet
facet normal 0 0 1
outer loop
vertex 34.618736267089844 -55.85350036621094 -0.5
vertex 34.51034927368164 -55.69129180908203 -0.5
vertex -27.75305938720703 -56.68636703491211 -0.5
endloop
endfacet
facet normal 0 0 1
outer loop
vertex 41.861473083496094 -58.57841110229492 -0.5
vertex 43.20845031738281 -58.217491149902344 -0.5
vertex 40.87228775024414 -55.99995040893555 -0.5
endloop
endfacet
facet normal 0 0 1
outer loop
vertex 68.49258422851562 -51.300437927246094 -0.5
vertex 69.25743865966797 -50.90633773803711 -0.5
vertex 68.3211669921875 -48.49294662475586 -0.5
endloop
endfacet
facet normal 0 0 1
outer loop
vertex 67.45330047607422 -49.025787353515625 -0.5
vertex 67.7503662109375 -51.54536437988281 -0.5
vertex 68.49258422851562 -51.300437927246094 -0.5
endloop
endfacet
facet normal 0 0 1
outer loop
vertex 34.618736267089844 -55.85350036621094 -0.5
vertex -27.75305938720703 -56.68636703491211 -0.5
vertex 34.78094482421875 -55.96188735961914 -0.5
endloop
endfacet
facet normal 0 0 1
outer loop
vertex 34.51034927368164 -55.69129180908203 -0.5
vertex 34.4722900390625 -55.49995040893555 -0.5
vertex -27.75305938720703 -56.68636703491211 -0.5
endloop
endfacet
facet normal 0 0 1
outer loop
vertex 34.4722900390625 -55.49995040893555 -0.5
vertex 34.4722900390625 -54.49995040893555 -0.5
vertex -27.75305938720703 -56.68636703491211 -0.5
endloop
endfacet
facet normal 0 0 1
outer loop
vertex -27.75305938720703 -56.68636703491211 -0.5
vertex 40.072288513183594 -55.99995040893555 -0.5
vertex 34.78094482421875 -55.96188735961914 -0.5
endloop
endfacet
facet normal 0 0 1
outer loop
vertex -27.75305938720703 -56.68636703491211 -0.5
vertex 35.9722900390625 -56.695167541503906 -0.5
vertex 40.072288513183594 -55.99995040893555 -0.5
endloop
endfacet
facet normal 0 0 1
outer loop
vertex -71.30046844482422 8.507491111755371 -0.5
vertex -70.9063720703125 7.742635250091553 -0.5
vertex -71.69426727294922 29.110149383544922 -0.5
endloop
endfacet
facet normal 0 0 1
outer loop
vertex 67.45330047607422 -49.025787353515625 -0.5
vertex 66.95980072021484 -49.16025161743164 -0.5
vertex 67.7503662109375 -51.54536437988281 -0.5
endloop
endfacet
facet normal 0 0 1
outer loop
vertex 66.88972473144531 -51.683712005615234 -0.5
vertex 67.7503662109375 -51.54536437988281 -0.5
vertex 66.95980072021484 -49.16025161743164 -0.5
endloop
endfacet
facet normal 0 0 1
outer loop
vertex 66.48011016845703 -51.699951171875 -0.5
vertex 66.88972473144531 -51.683712005615234 -0.5
vertex 66.95980072021484 -49.16025161743164 -0.5
endloop
endfacet
facet normal 0 0 1
outer loop
vertex 40.87228775024414 -55.99995040893555 -0.5
vertex 43.20845031738281 -58.217491149902344 -0.5
vertex 44.4722900390625 -57.628150939941406 -0.5
endloop
endfacet
facet normal 0 0 1
outer loop
vertex -50.17118835449219 -53.698631286621094 -0.5
vertex -51.20403289794922 2.705050468444824 -0.5
vertex -51.20271682739258 -15.508509635925293 -0.5
endloop
endfacet
facet normal 0 0 1
outer loop
vertex -50.19997787475586 7.800051212310791 -0.5
vertex -66.82331848144531 5.311782360076904 -0.5
vertex -56.16889572143555 5.297332286834717 -0.5
endloop
endfacet
facet normal 0 0 1
outer loop
vertex -66.82331848144531 5.311782360076904 -0.5
vertex -50.19997787475586 7.800051212310791 -0.5
vertex -66.69270324707031 7.8071980476379395 -0.5
endloop
endfacet
facet normal 0 0 1
outer loop
vertex -67.67802429199219 5.437720775604248 -0.5
vertex -67.19713592529297 7.8918776512146 -0.5
vertex -67.67654418945312 8.07017707824707 -0.5
endloop
endfacet
facet normal 0 0 1
outer loop
vertex 66.95980072021484 -49.16025161743164 -0.5
vertex 55.82448196411133 -51.70396423339844 -0.5
vertex 66.48011016845703 -51.699951171875 -0.5
endloop
endfacet
facet normal 0 0 1
outer loop
vertex 50.80002212524414 -49.199947357177734 -0.5
vertex 55.82448196411133 -51.70396423339844 -0.5
vertex 66.95980072021484 -49.16025161743164 -0.5
endloop
endfacet
facet normal 0 0 1
outer loop
vertex -67.67802429199219 5.437720775604248 -0.5
vertex -66.82331848144531 5.311782360076904 -0.5
vertex -66.69270324707031 7.8071980476379395 -0.5
endloop
endfacet
facet normal 0 0 1
outer loop
vertex 40.87228775024414 -55.99995040893555 -0.5
vertex 44.4722900390625 -57.628150939941406 -0.5
vertex 44.9722900390625 -57.27804946899414 -0.5
endloop
endfacet
facet normal 0 0 1
outer loop
vertex 69.16032409667969 48.9598274230957 -0.5
vertex 70.19758605957031 28.74039077758789 -0.5
vertex 70.20011138916016 49.24039077758789 -0.5
endloop
endfacet
facet normal 0 0 1
outer loop
vertex 40.87228775024414 -55.99995040893555 -0.5
vertex 44.9722900390625 -57.27804946899414 -0.5
vertex 44.9722900390625 -56.6964111328125 -0.5
endloop
endfacet
facet normal 0 0 1
outer loop
vertex 46.163631439208984 -55.96188735961914 -0.5
vertex 40.87228775024414 -55.99995040893555 -0.5
vertex 44.9722900390625 -56.6964111328125 -0.5
endloop
endfacet
facet normal 0 0 1
outer loop
vertex -67.67802429199219 5.437720775604248 -0.5
vertex -66.69270324707031 7.8071980476379395 -0.5
vertex -67.19713592529297 7.8918776512146 -0.5
endloop
endfacet
facet normal 0 0 1
outer loop
vertex -50.17118835449219 -53.698631286621094 -0.5
vertex -51.20271682739258 -15.508509635925293 -0.5
vertex -51.2014045715332 -33.722068786621094 -0.5
endloop
endfacet
facet normal 0 0 1
outer loop
vertex 46.163631439208984 -55.96188735961914 -0.5
vertex 44.9722900390625 -56.6964111328125 -0.5
vertex 49.61294937133789 -56.697052001953125 -0.5
endloop
endfacet
facet normal 0 0 1
outer loop
vertex 46.32583999633789 -55.85350036621094 -0.5
vertex 46.163631439208984 -55.96188735961914 -0.5
vertex 49.61294937133789 -56.697052001953125 -0.5
endloop
endfacet
facet normal 0 0 1
outer loop
vertex -69.1602783203125 10.040275573730469 -0.5
vertex -69.19998168945312 10.500051498413086 -0.5
vertex -70.44274139404297 7.11336612701416 -0.5
endloop
endfacet
facet normal 0 0 1
outer loop
vertex -71.30046844482422 8.507491111755371 -0.5
vertex -71.6999740600586 10.519790649414062 -0.5
vertex -71.6837387084961 10.110347747802734 -0.5
endloop
endfacet
facet normal 0 0 1
outer loop
vertex 46.434226989746094 -55.69129180908203 -0.5
vertex 46.32583999633789 -55.85350036621094 -0.5
vertex 49.61294937133789 -56.697052001953125 -0.5
endloop
endfacet
facet normal 0 0 1
outer loop
vertex -68.80068969726562 9.087489128112793 -0.5
vertex -69.02581787109375 9.546772956848145 -0.5
vertex -68.42396545410156 5.671191692352295 -0.5
endloop
endfacet
facet normal 0 0 1
outer loop
vertex -67.67654418945312 8.07017707824707 -0.5
vertex -68.11372375488281 8.335698127746582 -0.5
vertex -68.42396545410156 5.671191692352295 -0.5
endloop
endfacet
facet normal 0 0 1
outer loop
vertex -68.11372375488281 8.335698127746582 -0.5
vertex -68.49297332763672 8.678908348083496 -0.5
vertex -68.42396545410156 5.671191692352295 -0.5
endloop
endfacet
facet normal 0 0 1
outer loop
vertex -68.49297332763672 8.678908348083496 -0.5
vertex -68.80068969726562 9.087489128112793 -0.5
vertex -68.42396545410156 5.671191692352295 -0.5
endloop
endfacet
facet normal 0 0 1
outer loop
vertex -69.02581787109375 9.546772956848145 -0.5
vertex -69.1602783203125 10.040275573730469 -0.5
vertex -68.42396545410156 5.671191692352295 -0.5
endloop
endfacet
facet normal 0 0 1
outer loop
vertex -69.19397735595703 6.055124759674072 -0.5
vertex -68.42396545410156 5.671191692352295 -0.5
vertex -69.1602783203125 10.040275573730469 -0.5
endloop
endfacet
facet normal 0 0 1
outer loop
vertex -69.83031463623047 6.509002208709717 -0.5
vertex -69.19397735595703 6.055124759674072 -0.5
vertex -69.1602783203125 10.040275573730469 -0.5
endloop
endfacet
facet normal 0 0 1
outer loop
vertex -70.44274139404297 7.11336612701416 -0.5
vertex -69.83031463623047 6.509002208709717 -0.5
vertex -69.1602783203125 10.040275573730469 -0.5
endloop
endfacet
facet normal 0 0 1
outer loop
vertex -67.67802429199219 5.437720775604248 -0.5
vertex -67.67654418945312 8.07017707824707 -0.5
vertex -68.42396545410156 5.671191692352295 -0.5
endloop
endfacet
facet normal 0 0 1
outer loop
vertex -48.89997863769531 -54.49995040893555 -0.5
vertex -49.79847717285156 -56.683326721191406 -0.5
vertex -47.3563232421875 -56.68366241455078 -0.5
endloop
endfacet
facet normal 0 0 1
outer loop
vertex -46.45988082885742 -55.49995040893555 -0.5
vertex -48.89997863769531 -54.49995040893555 -0.5
vertex -47.3563232421875 -56.68366241455078 -0.5
endloop
endfacet
facet normal 0 0 1
outer loop
vertex -46.31343460083008 -55.85350036621094 -0.5
vertex -46.42182159423828 -55.69129180908203 -0.5
vertex -47.3563232421875 -56.68366241455078 -0.5
endloop
endfacet
facet normal 0 0 1
outer loop
vertex -46.151222229003906 -55.96188735961914 -0.5
vertex -46.31343460083008 -55.85350036621094 -0.5
vertex -47.3563232421875 -56.68366241455078 -0.5
endloop
endfacet
facet normal 0 0 1
outer loop
vertex -46.42182159423828 -55.69129180908203 -0.5
vertex -46.45988082885742 -55.49995040893555 -0.5
vertex -47.3563232421875 -56.68366241455078 -0.5
endloop
endfacet
facet normal 0 0 1
outer loop
vertex -46.151222229003906 -55.96188735961914 -0.5
vertex -47.3563232421875 -56.68366241455078 -0.5
vertex -44.95988082885742 -56.68399429321289 -0.5
endloop
endfacet
facet normal 0 0 1
outer loop
vertex -46.45988082885742 -54.49995040893555 -0.5
vertex -48.89997863769531 -54.49995040893555 -0.5
vertex -46.45988082885742 -55.49995040893555 -0.5
endloop
endfacet
facet normal 0 0 1
outer loop
vertex 46.4722900390625 -55.49995040893555 -0.5
vertex 46.434226989746094 -55.69129180908203 -0.5
vertex 49.61294937133789 -56.697052001953125 -0.5
endloop
endfacet
facet normal 0 0 1
outer loop
vertex 46.4722900390625 -54.49995040893555 -0.5
vertex 46.4722900390625 -55.49995040893555 -0.5
vertex 49.61294937133789 -56.697052001953125 -0.5
endloop
endfacet
facet normal 0 0 1
outer loop
vertex -50.17118835449219 -53.698631286621094 -0.5
vertex -51.2014045715332 -33.722068786621094 -0.5
vertex -51.19992446899414 -54.222068786621094 -0.5
endloop
endfacet
facet normal 0 0 1
outer loop
vertex -34.76853942871094 -55.96188735961914 -0.5
vertex -40.05988311767578 -55.99995040893555 -0.5
vertex -35.95988082885742 -56.68523406982422 -0.5
endloop
endfacet
facet normal 0 0 1
outer loop
vertex -40.05988311767578 -55.99995040893555 -0.5
vertex -36.45988082885742 -57.628150939941406 -0.5
vertex -35.95988082885742 -56.68523406982422 -0.5
endloop
endfacet
facet normal 0 0 1
outer loop
vertex 55.7604866027832 -51.709564208984375 -0.5
vertex 55.82448196411133 -51.70396423339844 -0.5
vertex 50.80002212524414 -49.199947357177734 -0.5
endloop
endfacet
facet normal 0 0 1
outer loop
vertex 55.300045013427734 -51.76934051513672 -0.5
vertex 55.7604866027832 -51.709564208984375 -0.5
vertex 50.80002212524414 -49.199947357177734 -0.5
endloop
endfacet
facet normal 0 0 1
outer loop
vertex 55.224613189697266 -51.785465240478516 -0.5
vertex 55.300045013427734 -51.76934051513672 -0.5
vertex 50.80002212524414 -49.199947357177734 -0.5
endloop
endfacet
facet normal 0 0 1
outer loop
vertex 54.77891159057617 -51.91557693481445 -0.5
vertex 55.224613189697266 -51.785465240478516 -0.5
vertex 50.80002212524414 -49.199947357177734 -0.5
endloop
endfacet
facet normal 0 0 1
outer loop
vertex 54.70602798461914 -51.94123458862305 -0.5
vertex 54.77891159057617 -51.91557693481445 -0.5
vertex 50.80002212524414 -49.199947357177734 -0.5
endloop
endfacet
facet normal 0 0 1
outer loop
vertex 54.28654861450195 -52.140281677246094 -0.5
vertex 54.70602798461914 -51.94123458862305 -0.5
vertex 50.80002212524414 -49.199947357177734 -0.5
endloop
endfacet
facet normal 0 0 1
outer loop
vertex 54.21844482421875 -52.1767692565918 -0.5
vertex 54.28654861450195 -52.140281677246094 -0.5
vertex 50.80002212524414 -49.199947357177734 -0.5
endloop
endfacet
facet normal 0 0 1
outer loop
vertex 53.83466339111328 -52.43810272216797 -0.5
vertex 54.21844482421875 -52.1767692565918 -0.5
vertex 50.80002212524414 -49.199947357177734 -0.5
endloop
endfacet
facet normal 0 0 1
outer loop
vertex 53.773048400878906 -52.484718322753906 -0.5
vertex 53.83466339111328 -52.43810272216797 -0.5
vertex 50.80002212524414 -49.199947357177734 -0.5
endloop
endfacet
facet normal 0 0 1
outer loop
vertex 53.43400955200195 -52.80194854736328 -0.5
vertex 53.773048400878906 -52.484718322753906 -0.5
vertex 50.80002212524414 -49.199947357177734 -0.5
endloop
endfacet
facet normal 0 0 1
outer loop
vertex -36.45988082885742 -57.628150939941406 -0.5
vertex -35.95988082885742 -57.27804946899414 -0.5
vertex -35.95988082885742 -56.68523406982422 -0.5
endloop
endfacet
facet normal 0 0 1
outer loop
vertex 53.381378173828125 -52.8583984375 -0.5
vertex 53.43400955200195 -52.80194854736328 -0.5
vertex 50.80002212524414 -49.199947357177734 -0.5
endloop
endfacet
facet normal 0 0 1
outer loop
vertex 53.0941162109375 -53.223175048828125 -0.5
vertex 53.381378173828125 -52.8583984375 -0.5
vertex 50.80002212524414 -49.199947357177734 -0.5
endloop
endfacet
facet normal 0 0 1
outer loop
vertex 50.80002212524414 -49.199947357177734 -0.5
vertex 53.05061721801758 -53.28703308105469 -0.5
vertex 53.0941162109375 -53.223175048828125 -0.5
endloop
endfacet
facet normal 0 0 1
outer loop
vertex 50.80002212524414 -49.199947357177734 -0.5
vertex 52.823081970214844 -53.69176483154297 -0.5
vertex 53.05061721801758 -53.28703308105469 -0.5
endloop
endfacet
facet normal 0 0 1
outer loop
vertex 50.80002212524414 -49.199947357177734 -0.5
vertex 52.788509368896484 -53.76617431640625 -0.5
vertex 52.823081970214844 -53.69176483154297 -0.5
endloop
endfacet
facet normal 0 0 1
outer loop
vertex -66.48018646240234 53.700050354003906 -0.5
vertex -66.95975494384766 51.16035461425781 -0.5
vertex 66.8236083984375 53.68828201293945 -0.5
endloop
endfacet
facet normal 0 0 1
outer loop
vertex 50.80002212524414 -49.199947357177734 -0.5
vertex 52.38665008544922 -54.874534606933594 -0.5
vertex 52.788509368896484 -53.76617431640625 -0.5
endloop
endfacet
facet normal 0 0 1
outer loop
vertex 71.69758605957031 28.740205764770508 -0.5
vertex 70.19758605957031 28.74039077758789 -0.5
vertex 71.69697570800781 23.790090560913086 -0.5
endloop
endfacet
facet normal 0 0 1
outer loop
vertex 50.10002136230469 -54.49995040893555 -0.5
vertex 46.4722900390625 -54.49995040893555 -0.5
vertex 49.61294937133789 -56.697052001953125 -0.5
endloop
endfacet
facet normal 0 0 1
outer loop
vertex 50.10002136230469 -54.49995040893555 -0.5
vertex 49.61294937133789 -56.697052001953125 -0.5
vertex 49.7806396484375 -56.68631362915039 -0.5
endloop
endfacet
facet normal 0 0 1
outer loop
vertex 70.19697570800781 23.79027557373047 -0.5
vertex 70.19758605957031 28.74039077758789 -0.5
vertex 69.16032409667969 48.9598274230957 -0.5
endloop
endfacet
facet normal 0 0 1
outer loop
vertex 50.22966384887695 -56.61306381225586 -0.5
vertex 50.10002136230469 -54.49995040893555 -0.5
vertex 49.7806396484375 -56.68631362915039 -0.5
endloop
endfacet
facet normal 0 0 1
outer loop
vertex 50.22966384887695 -56.61306381225586 -0.5
vertex 50.769309997558594 -56.4345817565918 -0.5
vertex 50.10002136230469 -54.49995040893555 -0.5
endloop
endfacet
facet normal 0 0 1
outer loop
vertex 50.769309997558594 -56.4345817565918 -0.5
vertex 51.285484313964844 -56.152400970458984 -0.5
vertex 50.10002136230469 -54.49995040893555 -0.5
endloop
endfacet
facet normal 0 0 1
outer loop
vertex -40.05988311767578 -55.99995040893555 -0.5
vertex -37.72372055053711 -58.217491149902344 -0.5
vertex -36.45988082885742 -57.628150939941406 -0.5
endloop
endfacet
facet normal 0 0 1
outer loop
vertex -40.05988311767578 -55.99995040893555 -0.5
vertex -39.07069778442383 -58.57841110229492 -0.5
vertex -37.72372055053711 -58.217491149902344 -0.5
endloop
endfacet
facet normal 0 0 1
outer loop
vertex -40.05988311767578 -55.99995040893555 -0.5
vertex -40.05988311767578 -58.66495132446289 -0.5
vertex -39.07069778442383 -58.57841110229492 -0.5
endloop
endfacet
facet normal 0 0 1
outer loop
vertex 50.80002212524414 -49.199947357177734 -0.5
vertex 50.796024322509766 -53.574649810791016 -0.5
vertex 52.38665008544922 -54.874534606933594 -0.5
endloop
endfacet
facet normal 0 0 1
outer loop
vertex 50.796024322509766 -53.574649810791016 -0.5
vertex 50.736976623535156 -53.79027557373047 -0.5
vertex 52.38665008544922 -54.874534606933594 -0.5
endloop
endfacet
facet normal 0 0 1
outer loop
vertex 51.285484313964844 -56.152400970458984 -0.5
vertex 51.7166748046875 -55.80385208129883 -0.5
vertex 50.10002136230469 -54.49995040893555 -0.5
endloop
endfacet
facet normal 0 0 1
outer loop
vertex 51.7166748046875 -55.80385208129883 -0.5
vertex 52.08736801147461 -55.378456115722656 -0.5
vertex 50.10002136230469 -54.49995040893555 -0.5
endloop
endfacet
facet normal 0 0 1
outer loop
vertex -40.85988235473633 -55.99995040893555 -0.5
vertex -44.95988082885742 -57.27804946899414 -0.5
vertex -44.45988082885742 -57.628150939941406 -0.5
endloop
endfacet
facet normal 0 0 1
outer loop
vertex -69.19998168945312 10.500051498413086 -0.5
vertex -70.18797302246094 49.60968780517578 -0.5
vertex -70.19426727294922 29.109689712524414 -0.5
endloop
endfacet
facet normal 0 0 1
outer loop
vertex 52.08736801147461 -55.378456115722656 -0.5
vertex 52.38665008544922 -54.874534606933594 -0.5
vertex 50.736976623535156 -53.79027557373047 -0.5
endloop
endfacet
facet normal 0 0 1
outer loop
vertex 52.08736801147461 -55.378456115722656 -0.5
vertex 50.736976623535156 -53.79027557373047 -0.5
vertex 50.61295700073242 -53.976287841796875 -0.5
endloop
endfacet
facet normal 0 0 1
outer loop
vertex 52.08736801147461 -55.378456115722656 -0.5
vertex 50.61295700073242 -53.976287841796875 -0.5
vertex 50.43661880493164 -54.113712310791016 -0.5
endloop
endfacet
facet normal 0 0 1
outer loop
vertex 52.08736801147461 -55.378456115722656 -0.5
vertex 50.43661880493164 -54.113712310791016 -0.5
vertex 50.10002136230469 -54.199947357177734 -0.5
endloop
endfacet
facet normal 0 0 1
outer loop
vertex 52.08736801147461 -55.378456115722656 -0.5
vertex 50.10002136230469 -54.199947357177734 -0.5
vertex 50.10002136230469 -54.49995040893555 -0.5
endloop
endfacet
facet normal 0 0 1
outer loop
vertex -40.85988235473633 -58.66495132446289 -0.5
vertex -40.85988235473633 -55.99995040893555 -0.5
vertex -43.196041107177734 -58.217491149902344 -0.5
endloop
endfacet
facet normal 0 0 1
outer loop
vertex -40.85988235473633 -55.99995040893555 -0.5
vertex -44.45988082885742 -57.628150939941406 -0.5
vertex -43.196041107177734 -58.217491149902344 -0.5
endloop
endfacet
facet normal 0 0 1
outer loop
vertex -41.84906768798828 -58.57841110229492 -0.5
vertex -40.85988235473633 -58.66495132446289 -0.5
vertex -43.196041107177734 -58.217491149902344 -0.5
endloop
endfacet
facet normal 0 0 1
outer loop
vertex -40.85988235473633 -55.99995040893555 -0.5
vertex -46.151222229003906 -55.96188735961914 -0.5
vertex -44.95988082885742 -56.68399429321289 -0.5
endloop
endfacet
facet normal 0 0 1
outer loop
vertex -69.25739288330078 52.90644073486328 -0.5
vertex -70.18797302246094 49.60968780517578 -0.5
vertex -68.92985534667969 49.67662048339844 -0.5
endloop
endfacet
facet normal -0.0001230239858854283 -0.9999999924325494 0
outer loop
vertex 70.19068908691406 -27.109952926635742 -1
vertex 72.19068908691406 -27.110198974609375 -1
vertex 70.19068908691406 -27.109952926635742 -0.5
endloop
endfacet
facet normal 0.9999999923665884 -0.00012355898540048504 0
outer loop
vertex 70.18815612792969 -47.60995101928711 -0.5
vertex 70.19068908691406 -27.109952926635742 -1
vertex 70.19068908691406 -27.109952926635742 -0.5
endloop
endfacet
facet normal 0 0 1
outer loop
vertex 70.18815612792969 -47.60995101928711 -1
vertex 72.19068908691406 -27.110198974609375 -1
vertex 70.19068908691406 -27.109952926635742 -1
endloop
endfacet
facet normal 0 0 1
outer loop
vertex 72.18824768066406 -46.860198974609375 -1
vertex 72.19068908691406 -27.110198974609375 -1
vertex 72.07774353027344 -47.61018753051758 -1
endloop
endfacet
facet normal 0 0 1
outer loop
vertex 72.19068908691406 -27.110198974609375 -1
vertex 70.18815612792969 -47.60995101928711 -1
vertex 72.07774353027344 -47.61018753051758 -1
endloop
endfacet
facet normal 0.9999999923665884 -0.00012355898540048504 0
outer loop
vertex 70.18815612792969 -47.60995101928711 -0.5
vertex 70.18815612792969 -47.60995101928711 -1
vertex 70.19068908691406 -27.109952926635742 -1
endloop
endfacet
facet normal -0.00012334187731689514 -0.9999999923925823 -0.0000012715657455350014
outer loop
vertex 70.19068908691406 -27.109952926635742 -0.5
vertex 72.19068908691406 -27.110198974609375 -1
vertex 71.69068908691406 -27.110137939453125 -0.5
endloop
endfacet
facet normal 0.00012401477058357927 0.9999999923101682 0
outer loop
vertex 70.18815612792969 -47.60995101928711 -0.5
vertex 71.57235717773438 -47.61012268066406 -0.5
vertex 70.18815612792969 -47.60995101928711 -1
endloop
endfacet
facet normal 0.00012516554054157631 0.9999999921617191 -0.0000031857940188524368
outer loop
vertex 72.07774353027344 -47.61018753051758 -1
vertex 70.18815612792969 -47.60995101928711 -1
vertex 71.57235717773438 -47.61012268066406 -0.5
endloop
endfacet
facet normal 0.9999999924125051 -0.00012318680832599146 0
outer loop
vertex 70.19758605957031 28.74039077758789 -0.5
vertex 70.19758605957031 28.74039077758789 -1
vertex 70.20011138916016 49.24039077758789 -1
endloop
endfacet
facet normal 0 0 1
outer loop
vertex 72.19758605957031 28.740144729614258 -1
vertex 70.20011138916016 49.24039077758789 -1
vertex 70.19758605957031 28.74039077758789 -1
endloop
endfacet
facet normal 0.00012334187731699486 0.9999999923933907 0
outer loop
vertex 70.19758605957031 28.74039077758789 -0.5
vertex 71.69758605957031 28.740205764770508 -0.5
vertex 70.19758605957031 28.74039077758789 -1
endloop
endfacet
facet normal 0.00012302398588537235 0.9999999924320947 9.536743091889331e-7
outer loop
vertex 72.19758605957031 28.740144729614258 -1
vertex 70.19758605957031 28.74039077758789 -1
vertex 71.69758605957031 28.740205764770508 -0.5
endloop
endfacet
facet normal -0.00012293942734749834 -0.9999999924295382 0.000005178889278434489
outer loop
vertex 70.20011138916016 49.24039077758789 -0.5
vertex 72.13388061523438 49.240150451660156 -1
vertex 71.62744903564453 49.24021530151367 -0.5
endloop
endfacet
facet normal 0 0 1
outer loop
vertex 72.13388061523438 49.240150451660156 -1
vertex 70.20011138916016 49.24039077758789 -1
vertex 72.18220520019531 48.93951416015625 -1
endloop
endfacet
facet normal -0.00012427849333724838 -0.9999999922774281 0
outer loop
vertex 70.20011138916016 49.24039077758789 -1
vertex 72.13388061523438 49.240150451660156 -1
vertex 70.20011138916016 49.24039077758789 -0.5
endloop
endfacet
facet normal 0 0 1
outer loop
vertex 70.20011138916016 49.24039077758789 -1
vertex 72.19758605957031 28.740144729614258 -1
vertex 72.18220520019531 48.93951416015625 -1
endloop
endfacet
facet normal 0.9999999924125051 -0.00012318680832599146 0
outer loop
vertex 70.19758605957031 28.74039077758789 -0.5
vertex 70.20011138916016 49.24039077758789 -1
vertex 70.20011138916016 49.24039077758789 -0.5
endloop
endfacet
facet normal 0.0003064473326149868 0.9999999530417814 0.000002543131390995741
outer loop
vertex -71.69426727294922 29.110149383544922 -0.5
vertex -70.19426727294922 29.109689712524414 -0.5
vertex -72.19426727294922 29.11030387878418 -1
endloop
endfacet
facet normal 0 0 1
outer loop
vertex -70.18797302246094 49.60968780517578 -1
vertex -72.1882095336914 48.86030197143555 -1
vertex -72.19426727294922 29.11030387878418 -1
endloop
endfacet
facet normal 0.0003070831154038365 0.999999952849979 0
outer loop
vertex -70.19426727294922 29.109689712524414 -1
vertex -72.19426727294922 29.11030387878418 -1
vertex -70.19426727294922 29.109689712524414 -0.5
endloop
endfacet
facet normal -0.9999999528642549 0.00030703662327916814 0
outer loop
vertex -70.19426727294922 29.109689712524414 -1
vertex -70.19426727294922 29.109689712524414 -0.5
vertex -70.18797302246094 49.60968780517578 -1
endloop
endfacet
facet normal -0.00030586937119767943 -0.9999999532219628 0
outer loop
vertex -70.18797302246094 49.60968780517578 -0.5
vertex -71.57232666015625 49.610111236572266 -0.5
vertex -70.18797302246094 49.60968780517578 -1
endloop
endfacet
facet normal 0 0 1
outer loop
vertex -70.19426727294922 29.109689712524414 -1
vertex -70.18797302246094 49.60968780517578 -1
vertex -72.19426727294922 29.11030387878418 -1
endloop
endfacet
facet normal -0.0003068339036224216 -0.9999999529229109 -0.0000026705081949896894
outer loop
vertex -72.07770538330078 49.610267639160156 -1
vertex -70.18797302246094 49.60968780517578 -1
vertex -71.57232666015625 49.610111236572266 -0.5
endloop
endfacet
facet normal 0 0 1
outer loop
vertex -72.1882095336914 48.86030197143555 -1
vertex -70.18797302246094 49.60968780517578 -1
vertex -72.07770538330078 49.610267639160156 -1
endloop
endfacet
facet normal -0.9999999528642549 0.00030703662327916814 0
outer loop
vertex -70.19426727294922 29.109689712524414 -0.5
vertex -70.18797302246094 49.60968780517578 -0.5
vertex -70.18797302246094 49.60968780517578 -1
endloop
endfacet
facet normal -0.005322040244458066 0.9997825034079454 0.020164864665501648
outer loop
vertex -52.613094329833984 -54.229591369628906 -0.5
vertex -51.19992446899414 -54.222068786621094 -0.5
vertex -53.120906829833984 -54.22220993041992 -1
endloop
endfacet
facet normal -0.00007347480191615709 0.9999999973007266 0
outer loop
vertex -51.19992446899414 -54.222068786621094 -1
vertex -53.120906829833984 -54.22220993041992 -1
vertex -51.19992446899414 -54.222068786621094 -0.5
endloop
endfacet
facet normal 0 0 1
outer loop
vertex -53.18375778198242 -53.8369255065918 -1
vertex -53.120906829833984 -54.22220993041992 -1
vertex -51.19992446899414 -54.222068786621094 -1
endloop
endfacet
facet normal 0 0 1
outer loop
vertex -53.19997787475586 -53.47221374511719 -1
vertex -53.18375778198242 -53.8369255065918 -1
vertex -51.19992446899414 -54.222068786621094 -1
endloop
endfacet
facet normal -0.999999997393571 -0.00007220012366852282 0
outer loop
vertex -51.19992446899414 -54.222068786621094 -1
vertex -51.19992446899414 -54.222068786621094 -0.5
vertex -51.2014045715332 -33.722068786621094 -0.5
endloop
endfacet
facet normal 0 0 1
outer loop
vertex -53.2014045715332 -33.72221374511719 -1
vertex -53.19997787475586 -53.47221374511719 -1
vertex -51.19992446899414 -54.222068786621094 -1
endloop
endfacet
facet normal -0.999999997393571 -0.00007220012366852282 0
outer loop
vertex -51.19992446899414 -54.222068786621094 -1
vertex -51.2014045715332 -33.722068786621094 -0.5
vertex -51.2014045715332 -33.722068786621094 -1
endloop
endfacet
facet normal 0 0 1
outer loop
vertex -53.2014045715332 -33.72221374511719 -1
vertex -51.19992446899414 -54.222068786621094 -1
vertex -51.2014045715332 -33.722068786621094 -1
endloop
endfacet
facet normal 0.9999999923665898 -0.00012355897605990332 0
outer loop
vertex 70.19129943847656 -22.15983772277832 -0.5
vertex 70.19383239746094 -1.659838080406189 -1
vertex 70.19383239746094 -1.659838080406189 -0.5
endloop
endfacet
facet normal 0.9999999923665898 -0.00012355897605990332 0
outer loop
vertex 70.19129943847656 -22.15983772277832 -0.5
vertex 70.19129943847656 -22.15983772277832 -1
vertex 70.19383239746094 -1.659838080406189 -1
endloop
endfacet
facet normal 0.00012397766017979012 0.9999999923129509 -0.0000019073486181506174
outer loop
vertex 71.69129943847656 -22.160022735595703 -0.5
vertex 72.19129943847656 -22.160085678100586 -1
vertex 70.19129943847656 -22.15983772277832 -1
endloop
endfacet
facet normal 0.00012334187731699486 0.9999999923933907 0
outer loop
vertex 70.19129943847656 -22.15983772277832 -0.5
vertex 71.69129943847656 -22.160022735595703 -0.5
vertex 70.19129943847656 -22.15983772277832 -1
endloop
endfacet
facet normal 0 0 1
outer loop
vertex 72.19129943847656 -22.160085678100586 -1
vertex 70.19383239746094 -1.659838080406189 -1
vertex 70.19129943847656 -22.15983772277832 -1
endloop
endfacet
facet normal 0 0 1
outer loop
vertex 72.19383239746094 -1.6600849628448486 -1
vertex 70.19383239746094 -1.659838080406189 -1
vertex 72.19129943847656 -22.160085678100586 -1
endloop
endfacet
facet normal -0.00012342135017488027 -0.9999999923835821 7.947285909522232e-8
outer loop
vertex 70.19383239746094 -1.659838080406189 -0.5
vertex 72.19383239746094 -1.6600849628448486 -1
vertex 71.69383239746094 -1.6600232124328613 -0.5
endloop
endfacet
facet normal -0.00012344121838935173 -0.9999999923811328 0
outer loop
vertex 72.19383239746094 -1.6600849628448486 -1
vertex 70.19383239746094 -1.659838080406189 -0.5
vertex 70.19383239746094 -1.659838080406189 -1
endloop
endfacet
facet normal 0.9999999923665892 -0.00012355897965243457 0
outer loop
vertex 70.19444274902344 3.290276527404785 -0.5
vertex 70.19444274902344 3.290276527404785 -1
vertex 70.19697570800781 23.79027557373047 -1
endloop
endfacet
facet normal 0.00012350082303276409 0.9999999923737733 0
outer loop
vertex 70.19444274902344 3.290276527404785 -0.5
vertex 71.69444274902344 3.2900912761688232 -0.5
vertex 70.19444274902344 3.290276527404785 -1
endloop
endfacet
facet normal 0 0 1
outer loop
vertex 72.19697570800781 23.790029525756836 -1
vertex 70.19697570800781 23.79027557373047 -1
vertex 72.19444274902344 3.290029525756836 -1
endloop
endfacet
facet normal 0.9999999923665892 -0.00012355897965243457 0
outer loop
vertex 70.19444274902344 3.290276527404785 -0.5
vertex 70.19697570800781 23.79027557373047 -1
vertex 70.19697570800781 23.79027557373047 -0.5
endloop
endfacet
facet normal -0.0001230239858854283 -0.9999999924325494 0
outer loop
vertex 72.19697570800781 23.790029525756836 -1
vertex 70.19697570800781 23.79027557373047 -0.5
vertex 70.19697570800781 23.79027557373047 -1
endloop
endfacet
facet normal -0.00012334187731689514 -0.9999999923925823 -0.0000012715657455350014
outer loop
vertex 70.19697570800781 23.79027557373047 -0.5
vertex 72.19697570800781 23.790029525756836 -1
vertex 71.69697570800781 23.790090560913086 -0.5
endloop
endfacet
facet normal 0 0 1
outer loop
vertex 72.19444274902344 3.290029525756836 -1
vertex 70.19697570800781 23.79027557373047 -1
vertex 70.19444274902344 3.290276527404785 -1
endloop
endfacet
facet normal 0.00012350082303276409 0.9999999923737733 0
outer loop
vertex 72.19444274902344 3.290029525756836 -1
vertex 70.19444274902344 3.290276527404785 -1
vertex 71.69444274902344 3.2900912761688232 -0.5
endloop
endfacet
facet normal 0.00007211069604642632 -0.9999999974000238 0
outer loop
vertex -51.20403289794922 2.705050468444824 -0.5
vertex -52.82741928100586 2.7049334049224854 -0.5
vertex -51.20403289794922 2.705050468444824 -1
endloop
endfacet
facet normal 0 0 1
outer loop
vertex -51.20403289794922 2.705050468444824 -1
vertex -53.3482780456543 2.7048957347869873 -1
vertex -53.263755798339844 2.4153482913970947 -1
endloop
endfacet
facet normal 0 0 1
outer loop
vertex -51.20403289794922 2.705050468444824 -1
vertex -53.263755798339844 2.4153482913970947 -1
vertex -53.203975677490234 1.9549061059951782 -1
endloop
endfacet
facet normal 0 0 1
outer loop
vertex -51.20271682739258 -15.508509635925293 -1
vertex -53.202552795410156 -17.795093536376953 -1
vertex -51.202552795410156 -17.79494857788086 -1
endloop
endfacet
facet normal -0.99999999738941 -0.00007225773246215218 0
outer loop
vertex -51.20403289794922 2.705050468444824 -1
vertex -51.20271682739258 -15.508509635925293 -1
vertex -51.20403289794922 2.705050468444824 -0.5
endloop
endfacet
facet normal 0 0 1
outer loop
vertex -51.20403289794922 2.705050468444824 -1
vertex -53.203975677490234 1.9549061059951782 -1
vertex -53.202552795410156 -17.795093536376953 -1
endloop
endfacet
facet normal -0.99999999738941 -0.00007225773246215218 0
outer loop
vertex -51.20271682739258 -15.508509635925293 -1
vertex -51.20271682739258 -15.508509635925293 -0.5
vertex -51.20403289794922 2.705050468444824 -0.5
endloop
endfacet
facet normal 0.00007216229804676902 -0.9999999973962874 1.6753997026441468e-7
outer loop
vertex -51.20403289794922 2.705050468444824 -1
vertex -52.82741928100586 2.7049334049224854 -0.5
vertex -53.3482780456543 2.7048957347869873 -1
endloop
endfacet
facet normal 0 0 1
outer loop
vertex -51.20403289794922 2.705050468444824 -1
vertex -53.202552795410156 -17.795093536376953 -1
vertex -51.20271682739258 -15.508509635925293 -1
endloop
endfacet
facet normal 0 0 1
outer loop
vertex -53.2014045715332 -33.72221374511719 -1
vertex -51.2014045715332 -33.722068786621094 -1
vertex -53.202552795410156 -17.795093536376953 -1
endloop
endfacet
facet normal -0.9999999974000559 -0.0000720923719366231 0.0000016056492368773421
outer loop
vertex -51.20271682739258 -15.508509635925293 -0.5
vertex -51.202552795410156 -17.79494857788086 -1
vertex -51.2014045715332 -33.722068786621094 -1
endloop
endfacet
facet normal 0 0 1
outer loop
vertex -53.202552795410156 -17.795093536376953 -1
vertex -51.2014045715332 -33.722068786621094 -1
vertex -51.202552795410156 -17.79494857788086 -1
endloop
endfacet
facet normal -0.9999999974045216 -0.00007204829353294944 0
outer loop
vertex -51.2014045715332 -33.722068786621094 -1
vertex -51.2014045715332 -33.722068786621094 -0.5
vertex -51.20271682739258 -15.508509635925293 -0.5
endloop
endfacet
facet normal -0.9999999974265967 -0.00007174124748743991 0
outer loop
vertex -51.202552795410156 -17.79494857788086 -1
vertex -51.20271682739258 -15.508509635925293 -0.5
vertex -51.20271682739258 -15.508509635925293 -1
endloop
endfacet
endsolid auto-kdk-case
